{
  "target_lat": 40.593899999999998, 
  "rotation_deg_cw": 0.0, 
  "anchor_feet": [
    424.64532191816801, 
    -22.321292116224619
  ], 
  "units": "feet", 
  "scale_deg_per_foot": 2.0000000000000002e-05, 
  "target_lon": -98.373900000000006
}