{
  "scale_deg_per_foot": 2.0000000000000002e-05, 
  "target_lon": -98.373900000000006, 
  "target_lat": 40.593899999999998, 
  "anchor_feet": [
    133.85682941892139, 
    -58.516880755182839
  ], 
  "scale_percent": 100.0, 
  "rotation_deg_cw": 270.0, 
  "effective_scale_deg_per_foot": 2.0000000000000002e-05
}