{
  "target_lon": -98.373900000000006, 
  "units": "feet", 
  "rotation_deg_cw": 0.0, 
  "target_lat": 40.593899999999998, 
  "scale_deg_per_foot": 2.0000000000000002e-05, 
  "anchor_feet": [
    -87.376729423596927, 
    27.730254774323129
  ]
}