{"features":[{"properties":{"Name":"VESTIBULE","Seat Count":"","Element":"Room","NCES_Occupancy Status":"","Level":"LEVEL 1","Area_SF":228.92,"NCES_Department":"Veteran Services","occupancyStatus":"Occupied","NCES_Type":"Private Office - Enclosed","Number":"VS-1","Workstations":"1","RevitId":5434704,"Revit_UniqueId":"b81b59ea-47c2-40b2-add7-26eeac47c53e-0052ed50"},"type":"Feature","geometry":{"type":"Polygon","coordinates":[[[21.199692,-0.583333],[0.583333,-0.583333],[0.583333,-12.988111],[13.008396,-12.988111],[21.199692,-12.988111],[21.199692,-0.583333]]]}},{"properties":{"Name":"VETERAN SERVICES OFFICE","Seat Count":"","Element":"Room","NCES_Occupancy Status":"","Level":"LEVEL 1","Area_SF":225.74,"NCES_Department":"Veteran Services","occupancyStatus":"Occupied","NCES_Type":"Private Office - Enclosed","Number":"VS-2","Workstations":"1","RevitId":5434713,"Revit_UniqueId":"b81b59ea-47c2-40b2-add7-26eeac47c53e-0052ed59"},"type":"Feature","geometry":{"type":"Polygon","coordinates":[[[41.208333,-0.583333],[21.199692,-0.583333],[21.199692,-12.988111],[41.208333,-12.988111],[41.208333,-0.583333]]]}},{"properties":{"Name":"VETERAN SERVICES OFFICE","Seat Count":"","Element":"Room","NCES_Occupancy Status":"","Level":"LEVEL 1","Area_SF":226.36,"NCES_Department":"Veteran Services","occupancyStatus":"Occupied","NCES_Type":"Private Office - Enclosed","Number":"VS-3","Workstations":"1","RevitId":5434716,"Revit_UniqueId":"b81b59ea-47c2-40b2-add7-26eeac47c53e-0052ed5c"},"type":"Feature","geometry":{"type":"Polygon","coordinates":[[[61.270165,-0.583333],[41.208333,-0.583333],[41.208333,-12.988111],[61.270165,-12.988111],[61.270165,-0.583333]]]}},{"properties":{"Name":"VETERAN SERVICES OFFICE","Seat Count":"","Element":"Room","NCES_Occupancy Status":"","Level":"LEVEL 1","Area_SF":225.01,"NCES_Department":"Veteran Services","occupancyStatus":"Occupied","NCES_Type":"Private Office - Enclosed","Number":"VS-4","Workstations":"1","RevitId":5434719,"Revit_UniqueId":"b81b59ea-47c2-40b2-add7-26eeac47c53e-0052ed5f"},"type":"Feature","geometry":{"type":"Polygon","coordinates":[[[81.21537,-0.583333],[61.270165,-0.583333],[61.270165,-12.988111],[81.21537,-12.988111],[81.21537,-0.583333]]]}},{"properties":{"Name":"RR","Seat Count":"","Element":"Room","NCES_Occupancy Status":"","Level":"LEVEL 1","Area_SF":72.55,"NCES_Department":"","occupancyStatus":"Occupied","NCES_Type":"Single Stall Restroom","Number":"120","Workstations":"","RevitId":5434954,"Revit_UniqueId":"b81b59ea-47c2-40b2-add7-26eeac47c53e-0052ee4a"},"type":"Feature","geometry":{"type":"Polygon","coordinates":[[[81.21537,-18.412053],[81.21537,-26.412053],[91.3892,-26.412053],[91.3892,-18.412053],[81.21537,-18.412053]]]}},{"properties":{"Name":"OFFICE","Seat Count":"","Element":"Room","NCES_Occupancy Status":"","Level":"LEVEL 1","Area_SF":125.74,"NCES_Department":"Veteran Services","occupancyStatus":"Occupied","NCES_Type":"Private Office - Enclosed","Number":"O-1","Workstations":"1","RevitId":5434957,"Revit_UniqueId":"b81b59ea-47c2-40b2-add7-26eeac47c53e-0052ee4d"},"type":"Feature","geometry":{"type":"Polygon","coordinates":[[[73.151453,-30.411533],[73.151453,-32.495387],[81.21537,-32.495387],[81.21537,-26.412053],[81.21537,-18.412053],[71.151453,-18.412053],[71.151453,-30.411533],[73.151453,-30.411533]]]}},{"properties":{"Name":"OFFICE","Seat Count":"","Element":"Room","NCES_Occupancy Status":"","Level":"LEVEL 1","Area_SF":109.53,"NCES_Department":"Veteran Services","occupancyStatus":"Occupied","NCES_Type":"Private Office - Enclosed","Number":"O-2","Workstations":"1","RevitId":5434960,"Revit_UniqueId":"b81b59ea-47c2-40b2-add7-26eeac47c53e-0052ee50"},"type":"Feature","geometry":{"type":"Polygon","coordinates":[[[71.151453,-18.412053],[61.126241,-18.412053],[61.126241,-30.411533],[71.151453,-30.411533],[71.151453,-18.412053]]]}},{"properties":{"Name":"CONF STORAGE","Seat Count":"","Element":"Room","NCES_Occupancy Status":"","Level":"LEVEL 1","Area_SF":91.74,"NCES_Department":"","occupancyStatus":"Occupied","NCES_Type":"General Storage","Number":"C-1A","Workstations":"","RevitId":5434983,"Revit_UniqueId":"b81b59ea-47c2-40b2-add7-26eeac47c53e-0052ee67"},"type":"Feature","geometry":{"type":"Polygon","coordinates":[[[84.132037,-38.07872],[91.3892,-38.07872],[91.3892,-26.412053],[81.21537,-26.412053],[81.21537,-32.495387],[84.132037,-32.495387],[84.132037,-38.07872]]]}},{"properties":{"Name":"SHWR","Seat Count":"","Element":"Room","NCES_Occupancy Status":"","Level":"LEVEL 1","Area_SF":53.28,"NCES_Department":"","occupancyStatus":"Occupied","NCES_Type":"Shower-Womens","Number":"104A","Workstations":"","RevitId":5434993,"Revit_UniqueId":"b81b59ea-47c2-40b2-add7-26eeac47c53e-0052ee71"},"type":"Feature","geometry":{"type":"Polygon","coordinates":[[[73.151453,-32.495387],[73.151453,-38.07872],[84.132037,-38.07872],[84.132037,-32.495387],[81.21537,-32.495387],[73.151453,-32.495387]]]}},{"properties":{"Name":"OFFICE","Seat Count":"","Element":"Room","NCES_Occupancy Status":"","Level":"LEVEL 1","Area_SF":109.5,"NCES_Department":"Information Systems","occupancyStatus":"Occupied","NCES_Type":"Private Office - Enclosed","Number":"O3","Workstations":"1","RevitId":5435012,"Revit_UniqueId":"b81b59ea-47c2-40b2-add7-26eeac47c53e-0052ee84"},"type":"Feature","geometry":{"type":"Polygon","coordinates":[[[73.151453,-32.495387],[73.151453,-30.411533],[71.151453,-30.411533],[61.126241,-30.411533],[61.126241,-40.412053],[73.151453,-40.412053],[73.151453,-38.07872],[73.151453,-32.495387]]]}},{"properties":{"Name":"OFFICE","Seat Count":"","Element":"Room","NCES_Occupancy Status":"","Level":"LEVEL 1","Area_SF":109.48,"NCES_Department":"Information Systems","occupancyStatus":"Occupied","NCES_Type":"Private Office - Enclosed","Number":"O4","Workstations":"","RevitId":5435021,"Revit_UniqueId":"b81b59ea-47c2-40b2-add7-26eeac47c53e-0052ee8d"},"type":"Feature","geometry":{"type":"Polygon","coordinates":[[[73.151453,-48.932667],[73.151453,-40.412053],[61.126241,-40.412053],[61.126241,-50.411533],[73.151453,-50.411533],[73.151453,-48.932667]]]}},{"properties":{"Name":"OFFICE","Seat Count":"","Element":"Room","NCES_Occupancy Status":"","Level":"LEVEL 1","Area_SF":109.97,"NCES_Department":"Information Systems","occupancyStatus":"Occupied","NCES_Type":"Office/Storage","Number":"O5","Workstations":"1","RevitId":5435024,"Revit_UniqueId":"b81b59ea-47c2-40b2-add7-26eeac47c53e-0052ee90"},"type":"Feature","geometry":{"type":"Polygon","coordinates":[[[73.151453,-50.536533],[73.151453,-50.411533],[61.126241,-50.411533],[61.126241,-60.4532],[73.151453,-60.4532],[73.151453,-50.536533]]]}},{"properties":{"Name":"WOMEN","Seat Count":"","Element":"Room","NCES_Occupancy Status":"","Level":"LEVEL 1","Area_SF":391.77,"NCES_Department":"","occupancyStatus":"Occupied","NCES_Type":"Womens Restroom","Number":"104","Workstations":"","RevitId":5435036,"Revit_UniqueId":"b81b59ea-47c2-40b2-add7-26eeac47c53e-0052ee9c"},"type":"Feature","geometry":{"type":"Polygon","coordinates":[[[73.151453,-38.07872],[73.151453,-40.412053],[73.151453,-48.932667],[83.097976,-48.932667],[87.485074,-48.932667],[91.872171,-48.932667],[96.259269,-48.932667],[100.653564,-48.932667],[100.653564,-46.532332],[110.070231,-46.532332],[110.070231,-48.032332],[115.541667,-48.032332],[115.541667,-38.07872],[91.3892,-38.07872],[84.132037,-38.07872],[73.151453,-38.07872]]]}},{"properties":{"Name":"MEN","Seat Count":"","Element":"Room","NCES_Occupancy Status":"","Level":"LEVEL 1","Area_SF":308.09,"NCES_Department":"","occupancyStatus":"Occupied","NCES_Type":"Mens Restroom","Number":"105","Workstations":"","RevitId":5435045,"Revit_UniqueId":"b81b59ea-47c2-40b2-add7-26eeac47c53e-0052eea5"},"type":"Feature","geometry":{"type":"Polygon","coordinates":[[[117.416667,-60.4532],[117.416667,-52.536533],[115.541667,-52.536533],[111.926677,-52.536533],[102.510011,-52.536533],[93.208333,-52.536533],[93.208333,-50.536533],[78.713953,-50.536533],[78.713953,-60.4532],[81.13062,-60.4532],[117.416667,-60.4532]]]}},{"properties":{"Name":"SHWR","Seat Count":"","Element":"Room","NCES_Occupancy Status":"","Level":"LEVEL 1","Area_SF":47.67,"NCES_Department":"","occupancyStatus":"Occupied","NCES_Type":"Shower-Mens","Number":"105A","Workstations":"","RevitId":5435052,"Revit_UniqueId":"b81b59ea-47c2-40b2-add7-26eeac47c53e-0052eeac"},"type":"Feature","geometry":{"type":"Polygon","coordinates":[[[78.713953,-50.536533],[73.151453,-50.536533],[73.151453,-60.4532],[78.713953,-60.4532],[78.713953,-50.536533]]]}},{"properties":{"Name":"CUST STOR","Seat Count":"","Element":"Room","NCES_Occupancy Status":"","Level":"LEVEL 1","Area_SF":56.25,"NCES_Department":"","occupancyStatus":"Occupied","NCES_Type":"Janitor/Custodial Closet","Number":"107A","Workstations":"","RevitId":5435068,"Revit_UniqueId":"b81b59ea-47c2-40b2-add7-26eeac47c53e-0052eebc"},"type":"Feature","geometry":{"type":"Polygon","coordinates":[[[73.151453,-60.4532],[73.151453,-68.474033],[81.13062,-68.474033],[81.13062,-60.4532],[78.713953,-60.4532],[73.151453,-60.4532]]]}},{"properties":{"Name":"HEALTH","Seat Count":"","Element":"Room","NCES_Occupancy Status":"","Level":"LEVEL 1","Area_SF":70.9,"NCES_Department":"","occupancyStatus":"Occupied","NCES_Type":"Lactation/Wellness Room","Number":"107B","Workstations":"","RevitId":5435075,"Revit_UniqueId":"b81b59ea-47c2-40b2-add7-26eeac47c53e-0052eec3"},"type":"Feature","geometry":{"type":"Polygon","coordinates":[[[73.151453,-68.474033],[73.151453,-70.474033],[73.151453,-78.453455],[81.13062,-78.453455],[81.13062,-68.474033],[73.151453,-68.474033]]]}},{"properties":{"Name":"BREAK ROOM","Seat Count":"","Element":"Room","NCES_Occupancy Status":"","Level":"LEVEL 1","Area_SF":1253.11,"NCES_Department":"","occupancyStatus":"Occupied","NCES_Type":"Break Room","Number":"107","Workstations":"","RevitId":5435085,"Revit_UniqueId":"b81b59ea-47c2-40b2-add7-26eeac47c53e-0052eecd"},"type":"Feature","geometry":{"type":"Polygon","coordinates":[[[117.416667,-93.319462],[117.416667,-83.390565],[114.75,-83.390565],[114.75,-76.473898],[117.416667,-76.473898],[117.416667,-60.4532],[81.13062,-60.4532],[81.13062,-68.474033],[81.13062,-78.453455],[73.151453,-78.453455],[73.151453,-83.402795],[73.151453,-93.319462],[77.526453,-93.319462],[117.416667,-93.319462]]]}},{"properties":{"Name":"OFFICE","Seat Count":"","Element":"Room","NCES_Occupancy Status":"","Level":"LEVEL 1","Area_SF":109.73,"NCES_Department":"Information Systems","occupancyStatus":"Occupied","NCES_Type":"Private Office - Enclosed","Number":"IS-5","Workstations":"1","RevitId":5435092,"Revit_UniqueId":"b81b59ea-47c2-40b2-add7-26eeac47c53e-0052eed4"},"type":"Feature","geometry":{"type":"Polygon","coordinates":[[[73.151453,-68.474033],[73.151453,-60.4532],[61.126241,-60.4532],[61.126241,-70.474033],[73.151453,-70.474033],[73.151453,-68.474033]]]}},{"properties":{"Name":"ELECT","Seat Count":"","Element":"Room","NCES_Occupancy Status":"","Level":"LEVEL 1","Area_SF":86.2,"NCES_Department":"Elections","occupancyStatus":"Occupied","NCES_Type":"Private Office - Enclosed","Number":"117","Workstations":"1","RevitId":5435102,"Revit_UniqueId":"b81b59ea-47c2-40b2-add7-26eeac47c53e-0052eede"},"type":"Feature","geometry":{"type":"Polygon","coordinates":[[[73.151453,-78.453455],[73.151453,-70.474033],[61.126241,-70.474033],[61.126241,-78.453455],[73.151453,-78.453455]]]}},{"properties":{"Name":"OFFICE","Seat Count":"","Element":"Room","NCES_Occupancy Status":"","Level":"LEVEL 1","Area_SF":108.51,"NCES_Department":"Information Systems","occupancyStatus":"Occupied","NCES_Type":"Private Office - Enclosed","Number":"IS-6","Workstations":"1","RevitId":5435112,"Revit_UniqueId":"b81b59ea-47c2-40b2-add7-26eeac47c53e-0052eee8"},"type":"Feature","geometry":{"type":"Polygon","coordinates":[[[73.151453,-93.319462],[73.151453,-83.402795],[61.127784,-83.402795],[61.127784,-93.319462],[73.151453,-93.319462]]]}},{"properties":{"Name":"CONFERENCE","Seat Count":"12","Element":"Room","NCES_Occupancy Status":"","Level":"LEVEL 1","Area_SF":231.91,"NCES_Department":"Information Systems","occupancyStatus":"Occupied","NCES_Type":"Conference Room","Number":"IS-7","Workstations":"","RevitId":5435119,"Revit_UniqueId":"b81b59ea-47c2-40b2-add7-26eeac47c53e-0052eeef"},"type":"Feature","geometry":{"type":"Polygon","coordinates":[[[61.127784,-108.406036],[77.526453,-108.406036],[77.526453,-93.319462],[73.151453,-93.319462],[61.127784,-93.319462],[61.127784,-108.406036]]]}},{"properties":{"Name":"FLEX / EARLY VOTE","Seat Count":"","Element":"Room","NCES_Occupancy Status":"","Level":"LEVEL 1","Area_SF":574.57,"NCES_Department":"Elections","occupancyStatus":"Occupied","NCES_Type":"Election Equipment Storage","Number":"C-4","Workstations":"","RevitId":5435126,"Revit_UniqueId":"b81b59ea-47c2-40b2-add7-26eeac47c53e-0052eef6"},"type":"Feature","geometry":{"type":"Polygon","coordinates":[[[77.526453,-108.406036],[78.61938,-108.406036],[91.1875,-108.406036],[117.416667,-108.406036],[117.416667,-93.319462],[77.526453,-93.319462],[77.526453,-108.406036]]]}},{"properties":{"Name":"ELECTION COUNTER","Seat Count":"","Element":"Room","NCES_Occupancy Status":"","Level":"LEVEL 1","Area_SF":274.97,"NCES_Department":"Elections","occupancyStatus":"Occupied","NCES_Type":"Election Service Counter","Number":"114","Workstations":"","RevitId":5435133,"Revit_UniqueId":"b81b59ea-47c2-40b2-add7-26eeac47c53e-0052eefd"},"type":"Feature","geometry":{"type":"Polygon","coordinates":[[[91.1875,-124.403678],[99.696358,-124.403678],[99.696358,-119.653678],[103.485944,-117.000181],[117.416667,-117.000181],[117.416667,-110.174512],[117.416667,-108.406036],[91.1875,-108.406036],[91.1875,-124.403678]]]}},{"properties":{"Name":"ELECTIONS","Seat Count":"","Element":"Room","NCES_Occupancy Status":"","Level":"LEVEL 1","Area_SF":1456.2,"NCES_Department":"Elections","occupancyStatus":"Occupied","NCES_Type":"Corridor/Hallway","Number":"115","Workstations":"","RevitId":5435140,"Revit_UniqueId":"b81b59ea-47c2-40b2-add7-26eeac47c53e-0052ef04"},"type":"Feature","geometry":{"type":"MultiPolygon","coordinates":[[[[0.583333,-105.98937],[0.583333,-137.666667],[21.172286,-137.666667],[31.172286,-137.666667],[41.172286,-137.666667],[61.25562,-137.666667],[71.25562,-137.666667],[81.25562,-137.666667],[91.1875,-137.666667],[91.1875,-129.778678],[101.279691,-129.778678],[101.279691,-124.403678],[99.696358,-124.403678],[91.1875,-124.403678],[91.1875,-108.406036],[78.11738,-108.406036],[78.11738,-110.773646],[78.11738,-114.960313],[78.11738,-117.033647],[78.11738,-119.10698],[78.117887,-123.293647],[78.117887,-125.36698],[78.11738,-127.43948],[78.11738,-131.61698],[78.11738,-133.690313],[69.789047,-133.690313],[61.455713,-133.690313],[61.455713,-131.609419],[61.460713,-131.609419],[61.460713,-127.43948],[61.460713,-125.36698],[61.460713,-123.293647],[61.460713,-119.114541],[61.460713,-117.033647],[61.460713,-114.960313],[61.460713,-110.773646],[61.460713,-108.406036],[55.80488,-108.406036],[55.80488,-110.773646],[55.80488,-114.960313],[55.80488,-117.033647],[55.80488,-119.10698],[55.805387,-123.293647],[55.805387,-125.36698],[55.80488,-127.43948],[55.80488,-131.61698],[55.80488,-133.690313],[47.476547,-133.690313],[39.143213,-133.690313],[39.143213,-131.609419],[39.148213,-131.609419],[39.148213,-127.43948],[39.148213,-125.36698],[39.148213,-123.293647],[39.148213,-119.114541],[39.148213,-117.033647],[39.148213,-114.960313],[39.148213,-110.773646],[39.148213,-108.406036],[38.524546,-108.406036],[35.498139,-108.406036],[26.049139,-108.406036],[13.005993,-108.406036],[13.005993,-105.98937],[0.583333,-105.98937]]],[[[31.645542,-118.186502],[31.645542,-120.259835],[31.645542,-124.533647],[31.645542,-128.470853],[31.645542,-132.679187],[15.060203,-132.679187],[15.060203,-128.470853],[14.988875,-128.470853],[14.988875,-122.426502],[14.988875,-120.259835],[14.988875,-118.186502],[14.988875,-113.999835],[14.988875,-111.926501],[23.317209,-111.926501],[31.645542,-111.926501],[31.645542,-113.999835],[31.645542,-118.186502]]]]}},{"properties":{"Name":"ELECTION COUNTING MACHINES","Seat Count":"","Element":"Room","NCES_Occupancy Status":"","Level":"LEVEL 1","Area_SF":238.71,"NCES_Department":"Elections","occupancyStatus":"Occupied","NCES_Type":"Election Counting Machines","Number":"EL-1","Workstations":"","RevitId":5435149,"Revit_UniqueId":"b81b59ea-47c2-40b2-add7-26eeac47c53e-0052ef0d"},"type":"Feature","geometry":{"type":"Polygon","coordinates":[[[0.583333,-137.666667],[0.583333,-150.583333],[21.172286,-150.583333],[21.172286,-137.666667],[0.583333,-137.666667]]]}},{"properties":{"Name":"OFFICE","Seat Count":"","Element":"Room","NCES_Occupancy Status":"","Level":"LEVEL 1","Area_SF":114.79,"NCES_Department":"Elections","occupancyStatus":"Occupied","NCES_Type":"Private Office - Enclosed","Number":"EL-2","Workstations":"1","RevitId":5435156,"Revit_UniqueId":"b81b59ea-47c2-40b2-add7-26eeac47c53e-0052ef14"},"type":"Feature","geometry":{"type":"Polygon","coordinates":[[[21.172286,-150.583333],[31.172286,-150.583333],[31.172286,-137.666667],[21.172286,-137.666667],[21.172286,-150.583333]]]}},{"properties":{"Name":"BALLOT STOR","Seat Count":"","Element":"Room","NCES_Occupancy Status":"","Level":"LEVEL 1","Area_SF":114.79,"NCES_Department":"Elections","occupancyStatus":"Occupied","NCES_Type":"Ballot Storage/Secure Vault","Number":"EL-3","Workstations":"","RevitId":5435159,"Revit_UniqueId":"b81b59ea-47c2-40b2-add7-26eeac47c53e-0052ef17"},"type":"Feature","geometry":{"type":"Polygon","coordinates":[[[31.172286,-150.583333],[41.172286,-150.583333],[41.172286,-137.666667],[31.172286,-137.666667],[31.172286,-150.583333]]]}},{"properties":{"Name":"OFFICE","Seat Count":"","Element":"Room","NCES_Occupancy Status":"","Level":"LEVEL 1","Area_SF":236.63,"NCES_Department":"Elections","occupancyStatus":"Occupied","NCES_Type":"Private Office - Enclosed","Number":"EL-4","Workstations":"1","RevitId":5435162,"Revit_UniqueId":"b81b59ea-47c2-40b2-add7-26eeac47c53e-0052ef1a"},"type":"Feature","geometry":{"type":"Polygon","coordinates":[[[41.172286,-150.583333],[61.25562,-150.583333],[61.25562,-137.666667],[41.172286,-137.666667],[41.172286,-150.583333]]]}},{"properties":{"Name":"FLEX","Seat Count":"","Element":"Room","NCES_Occupancy Status":"","Level":"LEVEL 1","Area_SF":114.79,"NCES_Department":"Elections","occupancyStatus":"Occupied","NCES_Type":"Private Office - Enclosed","Number":"EL-5","Workstations":"","RevitId":5435165,"Revit_UniqueId":"b81b59ea-47c2-40b2-add7-26eeac47c53e-0052ef1d"},"type":"Feature","geometry":{"type":"Polygon","coordinates":[[[61.25562,-150.583333],[71.25562,-150.583333],[71.25562,-137.666667],[61.25562,-137.666667],[61.25562,-150.583333]]]}},{"properties":{"Name":"OFFICE","Seat Count":"","Element":"Room","NCES_Occupancy Status":"","Level":"LEVEL 1","Area_SF":114.79,"NCES_Department":"Elections","occupancyStatus":"Occupied","NCES_Type":"Private Office - Enclosed","Number":"EL-6","Workstations":"1","RevitId":5435168,"Revit_UniqueId":"b81b59ea-47c2-40b2-add7-26eeac47c53e-0052ef20"},"type":"Feature","geometry":{"type":"Polygon","coordinates":[[[71.25562,-150.583333],[81.25562,-150.583333],[81.25562,-137.666667],[71.25562,-137.666667],[71.25562,-150.583333]]]}},{"properties":{"Name":"OFFICE","Seat Count":"","Element":"Room","NCES_Occupancy Status":"","Level":"LEVEL 1","Area_SF":113.97,"NCES_Department":"Elections","occupancyStatus":"Occupied","NCES_Type":"Private Office - Enclosed","Number":"EL-7","Workstations":"1","RevitId":5435171,"Revit_UniqueId":"b81b59ea-47c2-40b2-add7-26eeac47c53e-0052ef23"},"type":"Feature","geometry":{"type":"Polygon","coordinates":[[[81.25562,-150.583333],[91.1875,-150.583333],[91.1875,-137.666667],[81.25562,-137.666667],[81.25562,-150.583333]]]}},{"properties":{"Name":"OFFICE","Seat Count":"","Element":"Room","NCES_Occupancy Status":"","Level":"LEVEL 1","Area_SF":111.35,"NCES_Department":"Information Systems","occupancyStatus":"Occupied","NCES_Type":"Private Office - Enclosed","Number":"IS-1","Workstations":"1","RevitId":5435199,"Revit_UniqueId":"b81b59ea-47c2-40b2-add7-26eeac47c53e-0052ef3f"},"type":"Feature","geometry":{"type":"Polygon","coordinates":[[[0.583333,-60.48937],[0.583333,-70.59762],[13.005993,-70.59762],[13.005993,-60.48937],[0.583333,-60.48937]]]}},{"properties":{"Name":"OFFICE","Seat Count":"","Element":"Room","NCES_Occupancy Status":"","Level":"LEVEL 1","Area_SF":110.05,"NCES_Department":"Information Systems","occupancyStatus":"Occupied","NCES_Type":"Private Office - Enclosed","Number":"IS-2","Workstations":"1","RevitId":5435206,"Revit_UniqueId":"b81b59ea-47c2-40b2-add7-26eeac47c53e-0052ef46"},"type":"Feature","geometry":{"type":"Polygon","coordinates":[[[0.583333,-70.59762],[0.583333,-80.593536],[13.005993,-80.593536],[13.005993,-70.59762],[0.583333,-70.59762]]]}},{"properties":{"Name":"OFFICE","Seat Count":"","Element":"Room","NCES_Occupancy Status":"","Level":"LEVEL 1","Area_SF":111.55,"NCES_Department":"Information Systems","occupancyStatus":"Occupied","NCES_Type":"Private Office - Enclosed","Number":"IS-3","Workstations":"1","RevitId":5435209,"Revit_UniqueId":"b81b59ea-47c2-40b2-add7-26eeac47c53e-0052ef49"},"type":"Feature","geometry":{"type":"Polygon","coordinates":[[[0.583333,-80.593536],[0.583333,-90.718536],[13.005993,-90.718536],[13.005993,-80.593536],[0.583333,-80.593536]]]}},{"properties":{"Name":"OFFICE","Seat Count":"","Element":"Room","NCES_Occupancy Status":"","Level":"LEVEL 1","Area_SF":171.18,"NCES_Department":"Information Systems","occupancyStatus":"Occupied","NCES_Type":"Private Office - Enclosed","Number":"IS-4","Workstations":"1","RevitId":5435212,"Revit_UniqueId":"b81b59ea-47c2-40b2-add7-26eeac47c53e-0052ef4c"},"type":"Feature","geometry":{"type":"Polygon","coordinates":[[[0.583333,-90.718536],[0.583333,-105.98937],[13.005993,-105.98937],[13.005993,-90.718536],[0.583333,-90.718536]]]}},{"properties":{"Name":"VETERAN SERVICES OFFICE","Seat Count":"","Element":"Room","NCES_Occupancy Status":"","Level":"LEVEL 1","Area_SF":196.3,"NCES_Department":"Veteran Services","occupancyStatus":"Occupied","NCES_Type":"Private Office - Enclosed","Number":"VS-5","Workstations":"1","RevitId":5435221,"Revit_UniqueId":"b81b59ea-47c2-40b2-add7-26eeac47c53e-0052ef55"},"type":"Feature","geometry":{"type":"Polygon","coordinates":[[[0.583333,-12.988111],[0.583333,-30.422376],[10.137519,-30.422376],[13.008396,-30.422376],[13.008396,-12.988111],[0.583333,-12.988111]]]}},{"properties":{"Name":"INFORMATION SERVICES","Seat Count":"","Element":"Room","NCES_Occupancy Status":"","Level":"LEVEL 1","Area_SF":2629.15,"NCES_Department":"Information Systems","occupancyStatus":"Occupied","NCES_Type":"Corridor/Hallway","Number":"118","Workstations":"","RevitId":5435230,"Revit_UniqueId":"b81b59ea-47c2-40b2-add7-26eeac47c53e-0052ef5e"},"type":"Feature","geometry":{"type":"MultiPolygon","coordinates":[[[[0.583333,-55.839043],[0.583333,-60.48937],[13.005993,-60.48937],[13.005993,-70.59762],[13.005993,-80.593536],[13.005993,-90.718536],[13.005993,-105.98937],[13.005993,-108.406036],[26.551139,-108.406036],[26.551139,-99.778426],[26.551139,-91.445093],[26.551139,-83.111759],[35.046139,-83.111759],[35.046139,-85.185093],[35.046139,-89.37176],[35.046139,-93.518426],[35.046139,-97.705093],[35.046139,-101.85176],[35.046139,-106.038426],[35.046139,-108.406036],[38.976546,-108.406036],[38.976546,-106.038427],[38.976546,-101.85176],[38.976546,-97.697532],[38.976546,-93.518426],[38.976546,-89.372593],[38.976546,-85.202654],[38.976546,-83.12176],[47.476547,-83.12176],[55.971546,-83.12176],[55.971546,-85.195093],[55.971546,-89.372593],[55.971546,-93.518426],[55.971546,-97.705093],[55.971546,-101.85176],[55.971546,-106.038427],[55.971546,-108.406036],[56.30688,-108.406036],[60.958713,-108.406036],[61.127784,-108.406036],[61.127784,-93.319462],[61.127784,-83.402795],[73.151453,-83.402795],[73.151453,-78.453455],[61.126241,-78.453455],[61.126241,-70.474033],[61.126241,-60.4532],[61.126241,-50.411533],[61.126241,-40.412053],[61.126241,-30.411533],[61.126241,-18.412053],[71.151453,-18.412053],[81.21537,-18.412053],[81.21537,-12.988111],[61.270165,-12.988111],[41.208333,-12.988111],[21.199692,-12.988111],[13.008396,-12.988111],[13.008396,-30.422376],[9.635519,-30.422376],[9.635519,-30.839043],[1.307185,-30.839043],[1.307185,-39.172376],[1.307185,-47.50571],[1.307185,-55.839043],[0.583333,-55.839043]]],[[[18.068677,-25.673614],[26.563677,-25.673614],[35.056431,-25.673614],[35.056431,-27.746947],[35.056431,-31.933614],[35.056431,-36.075281],[35.056431,-40.252781],[35.056431,-44.398614],[35.056431,-48.585281],[35.056431,-59.608874],[35.056431,-63.796374],[35.056431,-67.983875],[35.056431,-76.296375],[26.561431,-76.296375],[18.068677,-76.296375],[18.068677,-73.296375],[18.068677,-54.296374],[18.068677,-48.577719],[18.068677,-44.398614],[18.068677,-40.252781],[18.068677,-36.082842],[18.068677,-31.933614],[18.068677,-27.746947],[18.068677,-25.673614]]],[[[39.006177,-25.673614],[47.501177,-25.673614],[55.996177,-25.673614],[55.996177,-27.746947],[55.996177,-31.933614],[55.996177,-36.075281],[55.996177,-40.252781],[55.996177,-44.398614],[55.996177,-48.585281],[55.996177,-59.608874],[55.996177,-63.796374],[55.996177,-67.983875],[55.996177,-76.296375],[47.501177,-76.296375],[47.496684,-76.296375],[39.006177,-76.296375],[39.006177,-67.983875],[39.006177,-63.796374],[39.006177,-59.608874],[39.006177,-48.577719],[39.006177,-44.398614],[39.006177,-40.252781],[39.006177,-36.082842],[39.006177,-31.933614],[39.006177,-27.746947],[39.006177,-25.673614]]]]}},{"properties":{"Name":"HD STORAGE","Seat Count":"","Element":"Room","NCES_Occupancy Status":"","Level":"LEVEL 1","Area_SF":512.6,"NCES_Department":"Elections","occupancyStatus":"Occupied","NCES_Type":"Election Equipment Storage","Number":"EL-9","Workstations":"","RevitId":5435242,"Revit_UniqueId":"b81b59ea-47c2-40b2-add7-26eeac47c53e-0052ef6a"},"type":"Feature","geometry":{"type":"Polygon","coordinates":[[[91.1875,-150.583333],[117.416667,-150.583333],[117.416667,-146.25],[117.416667,-138.416667],[117.416667,-129.778678],[101.279691,-129.778678],[91.1875,-129.778678],[91.1875,-137.666667],[91.1875,-150.583333]]]}},{"properties":{"Name":"LOBBY","Seat Count":"","Element":"Room","NCES_Occupancy Status":"","Level":"LEVEL 1","Area_SF":755.21,"NCES_Department":"","occupancyStatus":"Occupied","NCES_Type":"Lobby/Reception","Number":"109","Workstations":"","RevitId":5441263,"Revit_UniqueId":"b81b59ea-47c2-40b2-add7-26eeac47c53e-005306ef"},"type":"Feature","geometry":{"type":"Polygon","coordinates":[[[143.005028,-109.924512],[125.333676,-109.924512],[125.333676,-110.174512],[124.831676,-110.174512],[117.416667,-110.174512],[117.416667,-117.000181],[103.485944,-117.000181],[99.696358,-119.653678],[99.696358,-124.403678],[101.279691,-124.403678],[101.279691,-129.778678],[117.416667,-129.778678],[117.416667,-138.416667],[125.265287,-138.416667],[125.265287,-129.778678],[141.473621,-129.778678],[143.005028,-129.778678],[143.005028,-122.841178],[143.005028,-109.924512]]]}},{"properties":{"Name":"ASSESSOR COUNTER","Seat Count":"","Element":"Room","NCES_Occupancy Status":"","Level":"LEVEL 1","Area_SF":488.02,"NCES_Department":"Assessor","occupancyStatus":"Occupied","NCES_Type":"Customer Service Counter","Number":"110","Workstations":"","RevitId":5441270,"Revit_UniqueId":"b81b59ea-47c2-40b2-add7-26eeac47c53e-005306f6"},"type":"Feature","geometry":{"type":"Polygon","coordinates":[[[169.500343,-113.453065],[169.500343,-109.924512],[151.267819,-109.924512],[143.005028,-109.924512],[143.005028,-122.841178],[143.005028,-129.778678],[151.556954,-129.778678],[164.140287,-129.778678],[164.140287,-129.528678],[164.642287,-129.528678],[169.500343,-129.528678],[169.500343,-124.013797],[169.250343,-124.013797],[169.250343,-115.685463],[169.500343,-115.685463],[169.500343,-113.453065]]]}},{"properties":{"Name":"MECH","Seat Count":"","Element":"Room","NCES_Occupancy Status":"","Level":"LEVEL 1","Area_SF":313.17,"NCES_Department":"","occupancyStatus":"Occupied","NCES_Type":"Mechanical Room","Number":"112","Workstations":"","RevitId":5441279,"Revit_UniqueId":"b81b59ea-47c2-40b2-add7-26eeac47c53e-005306ff"},"type":"Feature","geometry":{"type":"Polygon","coordinates":[[[141.473621,-129.778678],[125.265287,-129.778678],[125.265287,-138.416667],[125.265287,-146.25],[125.226529,-146.25],[125.226529,-150.619331],[141.473621,-150.619331],[141.473621,-144.862012],[141.473621,-129.778678]]]}},{"properties":{"Name":"ELECT","Seat Count":"","Element":"Room","NCES_Occupancy Status":"","Level":"LEVEL 1","Area_SF":47.19,"NCES_Department":"","occupancyStatus":"Occupied","NCES_Type":"IT/Telecom Room","Number":"112A","Workstations":"","RevitId":5441291,"Revit_UniqueId":"b81b59ea-47c2-40b2-add7-26eeac47c53e-0053070b"},"type":"Feature","geometry":{"type":"Polygon","coordinates":[[[151.556954,-150.619331],[151.556954,-144.862012],[141.473621,-144.862012],[141.473621,-150.619331],[151.556954,-150.619331]]]}},{"properties":{"Name":"WORK/STOR.","Seat Count":"","Element":"Room","NCES_Occupancy Status":"","Level":"LEVEL 1","Area_SF":139.76,"NCES_Department":"Assessor","occupancyStatus":"Occupied","NCES_Type":"General Storage","Number":"AS-1","Workstations":"","RevitId":5441298,"Revit_UniqueId":"b81b59ea-47c2-40b2-add7-26eeac47c53e-00530712"},"type":"Feature","geometry":{"type":"Polygon","coordinates":[[[143.005028,-129.778678],[141.473621,-129.778678],[141.473621,-144.862012],[151.556954,-144.862012],[151.556954,-138.528678],[151.556954,-129.778678],[143.005028,-129.778678]]]}},{"properties":{"Name":"WORK ROOM","Seat Count":"","Element":"Room","NCES_Occupancy Status":"","Level":"LEVEL 1","Area_SF":99.69,"NCES_Department":"Assessor","occupancyStatus":"Occupied","NCES_Type":"Administrative Workroom","Number":"A-1","Workstations":"","RevitId":5441307,"Revit_UniqueId":"b81b59ea-47c2-40b2-add7-26eeac47c53e-0053071b"},"type":"Feature","geometry":{"type":"Polygon","coordinates":[[[164.140287,-129.778678],[151.556954,-129.778678],[151.556954,-138.528678],[164.140287,-138.528678],[164.140287,-129.980678],[164.140287,-129.778678]]]}},{"properties":{"Name":"OFFICE","Seat Count":"","Element":"Room","NCES_Occupancy Status":"","Level":"LEVEL 1","Area_SF":217.74,"NCES_Department":"Assessor","occupancyStatus":"Occupied","NCES_Type":"Private Office - Enclosed","Number":"A-2","Workstations":"1","RevitId":5441315,"Revit_UniqueId":"b81b59ea-47c2-40b2-add7-26eeac47c53e-00530723"},"type":"Feature","geometry":{"type":"Polygon","coordinates":[[[151.556954,-138.528678],[151.556954,-144.862012],[151.556954,-150.619331],[171.398683,-150.619331],[171.398683,-138.528678],[164.140287,-138.528678],[151.556954,-138.528678]]]}},{"properties":{"Name":"OFFICE","Seat Count":"","Element":"Room","NCES_Occupancy Status":"","Level":"LEVEL 1","Area_SF":111.03,"NCES_Department":"Assessor","occupancyStatus":"Occupied","NCES_Type":"Private Office - Enclosed","Number":"A-3","Workstations":"1","RevitId":5441321,"Revit_UniqueId":"b81b59ea-47c2-40b2-add7-26eeac47c53e-00530729"},"type":"Feature","geometry":{"type":"Polygon","coordinates":[[[171.398683,-138.200155],[171.398683,-138.528678],[171.398683,-150.619331],[181.482016,-150.619331],[181.482016,-138.200155],[171.398683,-138.200155]]]}},{"properties":{"Name":"OFFICE","Seat Count":"","Element":"Room","NCES_Occupancy Status":"","Level":"LEVEL 1","Area_SF":110.07,"NCES_Department":"Assessor","occupancyStatus":"Occupied","NCES_Type":"Private Office - Enclosed","Number":"A-4","Workstations":"1","RevitId":5441324,"Revit_UniqueId":"b81b59ea-47c2-40b2-add7-26eeac47c53e-0053072c"},"type":"Feature","geometry":{"type":"Polygon","coordinates":[[[191.482016,-138.200155],[181.482016,-138.200155],[181.482016,-150.619331],[191.482016,-150.619331],[191.482016,-138.200155]]]}},{"properties":{"Name":"OFFICE","Seat Count":"","Element":"Room","NCES_Occupancy Status":"","Level":"LEVEL 1","Area_SF":110.07,"NCES_Department":"Assessor","occupancyStatus":"Occupied","NCES_Type":"Private Office - Enclosed","Number":"A-5","Workstations":"1","RevitId":5441327,"Revit_UniqueId":"b81b59ea-47c2-40b2-add7-26eeac47c53e-0053072f"},"type":"Feature","geometry":{"type":"Polygon","coordinates":[[[201.482016,-138.200155],[191.482016,-138.200155],[191.482016,-150.619331],[201.482016,-150.619331],[201.482016,-138.200155]]]}},{"properties":{"Name":"OFFICE","Seat Count":"","Element":"Room","NCES_Occupancy Status":"","Level":"LEVEL 1","Area_SF":225.92,"NCES_Department":"Assessor","occupancyStatus":"Occupied","NCES_Type":"Private Office - Enclosed","Number":"A-6","Workstations":"1","RevitId":5441330,"Revit_UniqueId":"b81b59ea-47c2-40b2-add7-26eeac47c53e-00530732"},"type":"Feature","geometry":{"type":"Polygon","coordinates":[[[221.482016,-138.200155],[201.482016,-138.200155],[201.482016,-150.619331],[221.482016,-150.619331],[221.482016,-138.200155]]]}},{"properties":{"Name":"OFFICE","Seat Count":"","Element":"Room","NCES_Occupancy Status":"","Level":"LEVEL 1","Area_SF":229.03,"NCES_Department":"Assessor","occupancyStatus":"Occupied","NCES_Type":"Private Office - Enclosed","Number":"A-8","Workstations":"1","RevitId":5441333,"Revit_UniqueId":"b81b59ea-47c2-40b2-add7-26eeac47c53e-00530735"},"type":"Feature","geometry":{"type":"Polygon","coordinates":[[[232.671913,-138.200155],[221.482016,-138.200155],[221.482016,-150.619331],[242.083333,-150.619331],[242.083333,-138.200155],[232.671913,-138.200155]]]}},{"properties":{"Name":"OFFICE","Seat Count":"","Element":"Room","NCES_Occupancy Status":"","Level":"LEVEL 1","Area_SF":106.75,"NCES_Department":"Assessor","occupancyStatus":"Occupied","NCES_Type":"Private Office - Enclosed","Number":"A-9","Workstations":"1","RevitId":5441363,"Revit_UniqueId":"b81b59ea-47c2-40b2-add7-26eeac47c53e-00530753"},"type":"Feature","geometry":{"type":"Polygon","coordinates":[[[169.500343,-123.473898],[169.500343,-124.185697],[169.500343,-129.528678],[169.500343,-133.203065],[181.566954,-133.203065],[181.566954,-123.473898],[169.500343,-123.473898]]]}},{"properties":{"Name":"OFFICE","Seat Count":"","Element":"Room","NCES_Occupancy Status":"","Level":"LEVEL 1","Area_SF":110.12,"NCES_Department":"Assessor","occupancyStatus":"Occupied","NCES_Type":"Private Office - Enclosed","Number":"A-10","Workstations":"1","RevitId":5441366,"Revit_UniqueId":"b81b59ea-47c2-40b2-add7-26eeac47c53e-00530756"},"type":"Feature","geometry":{"type":"Polygon","coordinates":[[[169.500343,-113.453065],[169.500343,-115.513563],[169.500343,-123.473898],[181.566954,-123.473898],[181.566954,-113.453065],[169.500343,-113.453065]]]}},{"properties":{"Name":"OFFICE","Seat Count":"","Element":"Room","NCES_Occupancy Status":"","Level":"LEVEL 1","Area_SF":110.85,"NCES_Department":"Assessor","occupancyStatus":"Occupied","NCES_Type":"Private Office - Enclosed","Number":"A-11","Workstations":"1","RevitId":5441369,"Revit_UniqueId":"b81b59ea-47c2-40b2-add7-26eeac47c53e-00530759"},"type":"Feature","geometry":{"type":"Polygon","coordinates":[[[169.500343,-103.369731],[169.500343,-109.924512],[169.500343,-113.453065],[181.566954,-113.453065],[181.566954,-105.994731],[181.566954,-103.369731],[169.500343,-103.369731]]]}},{"properties":{"Name":"OFFICE","Seat Count":"","Element":"Room","NCES_Occupancy Status":"","Level":"LEVEL 1","Area_SF":108.92,"NCES_Department":"Extension","occupancyStatus":"Occupied","NCES_Type":"Private Office - Enclosed","Number":"EX-2","Workstations":"1","RevitId":5441386,"Revit_UniqueId":"b81b59ea-47c2-40b2-add7-26eeac47c53e-0053076a"},"type":"Feature","geometry":{"type":"Polygon","coordinates":[[[169.500343,-93.453065],[169.500343,-95.38044],[169.500343,-103.369731],[181.566954,-103.369731],[181.566954,-93.453065],[169.500343,-93.453065]]]}},{"properties":{"Name":"OFFICE","Seat Count":"","Element":"Room","NCES_Occupancy Status":"","Level":"LEVEL 1","Area_SF":110.61,"NCES_Department":"Extension","occupancyStatus":"Occupied","NCES_Type":"Private Office - Enclosed","Number":"EX-1","Workstations":"1","RevitId":5441389,"Revit_UniqueId":"b81b59ea-47c2-40b2-add7-26eeac47c53e-0053076d"},"type":"Feature","geometry":{"type":"Polygon","coordinates":[[[181.566954,-83.390565],[169.500343,-83.390565],[169.500343,-93.453065],[181.566954,-93.453065],[181.566954,-83.390565]]]}},{"properties":{"Name":"SERVER ROOM","Seat Count":"","Element":"Room","NCES_Occupancy Status":"","Level":"LEVEL 1","Area_SF":357.2,"NCES_Department":"","occupancyStatus":"Occupied","NCES_Type":"IT/Telecom Room","Number":"119","Workstations":"","RevitId":5441451,"Revit_UniqueId":"b81b59ea-47c2-40b2-add7-26eeac47c53e-005307ab"},"type":"Feature","geometry":{"type":"Polygon","coordinates":[[[141.267819,-95.38044],[125.333676,-95.38044],[125.333676,-109.722512],[125.333676,-109.924512],[143.005028,-109.924512],[151.267819,-109.924512],[151.267819,-95.38044],[141.267819,-95.38044]]]}},{"properties":{"Name":"CONFERENCE","Seat Count":"8","Element":"Room","NCES_Occupancy Status":"","Level":"LEVEL 1","Area_SF":249.04,"NCES_Department":"Assessor","occupancyStatus":"Occupied","NCES_Type":"Conference Room","Number":"AC-1","Workstations":"","RevitId":5441454,"Revit_UniqueId":"b81b59ea-47c2-40b2-add7-26eeac47c53e-005307ae"},"type":"Feature","geometry":{"type":"Polygon","coordinates":[[[169.500343,-103.369731],[169.500343,-95.38044],[160.400287,-95.38044],[151.267819,-95.38044],[151.267819,-109.924512],[169.500343,-109.924512],[169.500343,-103.369731]]]}},{"properties":{"Name":"OFFICE","Seat Count":"","Element":"Room","NCES_Occupancy Status":"","Level":"LEVEL 1","Area_SF":177.34,"NCES_Department":"Vehicle Inspection","occupancyStatus":"Occupied","NCES_Type":"Administrative Workroom","Number":"VIN-1","Workstations":"","RevitId":5441467,"Revit_UniqueId":"b81b59ea-47c2-40b2-add7-26eeac47c53e-005307bb"},"type":"Feature","geometry":{"type":"Polygon","coordinates":[[[141.267819,-83.390565],[128.417009,-83.390565],[125.333676,-83.390565],[125.333676,-95.38044],[141.267819,-95.38044],[141.267819,-83.390565]]]}},{"properties":{"Name":"FILES","Seat Count":"","Element":"Room","NCES_Occupancy Status":"","Level":"LEVEL 1","Area_SF":109.15,"NCES_Department":"","occupancyStatus":"Occupied","NCES_Type":"Office/Storage","Number":"O-6","Workstations":"","RevitId":5441470,"Revit_UniqueId":"b81b59ea-47c2-40b2-add7-26eeac47c53e-005307be"},"type":"Feature","geometry":{"type":"Polygon","coordinates":[[[151.267819,-83.390565],[141.267819,-83.390565],[141.267819,-95.38044],[151.267819,-95.38044],[151.267819,-83.390565]]]}},{"properties":{"Name":"OFFICE","Seat Count":"","Element":"Room","NCES_Occupancy Status":"","Level":"LEVEL 1","Area_SF":99.19,"NCES_Department":"","occupancyStatus":"Occupied","NCES_Type":"Private Office - Enclosed","Number":"O-7","Workstations":"1","RevitId":5441473,"Revit_UniqueId":"b81b59ea-47c2-40b2-add7-26eeac47c53e-005307c1"},"type":"Feature","geometry":{"type":"Polygon","coordinates":[[[160.400287,-83.390565],[151.267819,-83.390565],[151.267819,-95.38044],[160.400287,-95.38044],[160.400287,-83.390565]]]}},{"properties":{"Name":"STORAGE","Seat Count":"","Element":"Room","NCES_Occupancy Status":"","Level":"LEVEL 1","Area_SF":98.81,"NCES_Department":"","occupancyStatus":"Occupied","NCES_Type":"Office/Storage","Number":"O-8","Workstations":"","RevitId":5441476,"Revit_UniqueId":"b81b59ea-47c2-40b2-add7-26eeac47c53e-005307c4"},"type":"Feature","geometry":{"type":"Polygon","coordinates":[[[169.500343,-83.390565],[160.400287,-83.390565],[160.400287,-95.38044],[169.500343,-95.38044],[169.500343,-93.453065],[169.500343,-83.390565]]]}},{"properties":{"Name":"OFFICE","Seat Count":"","Element":"Room","NCES_Occupancy Status":"","Level":"LEVEL 1","Area_SF":112.3,"NCES_Department":"Extension","occupancyStatus":"Occupied","NCES_Type":"Private Office - Enclosed","Number":"O-9","Workstations":"1","RevitId":5441489,"Revit_UniqueId":"b81b59ea-47c2-40b2-add7-26eeac47c53e-005307d1"},"type":"Feature","geometry":{"type":"Polygon","coordinates":[[[151.262651,-78.463072],[161.533484,-78.463072],[161.533484,-66.469832],[151.262651,-66.469832],[151.262651,-78.463072]]]}},{"properties":{"Name":"OFFICE","Seat Count":"","Element":"Room","NCES_Occupancy Status":"","Level":"LEVEL 1","Area_SF":224.5,"NCES_Department":"Extension","occupancyStatus":"Occupied","NCES_Type":"Shared Office - Enclosed","Number":"O-10","Workstations":"2","RevitId":5441496,"Revit_UniqueId":"b81b59ea-47c2-40b2-add7-26eeac47c53e-005307d8"},"type":"Feature","geometry":{"type":"Polygon","coordinates":[[[181.566954,-78.463072],[181.566954,-66.469832],[169.534105,-66.469832],[161.533484,-66.469832],[161.533484,-78.463072],[181.566954,-78.463072]]]}},{"properties":{"Name":"STORAGE","Seat Count":"","Element":"Room","NCES_Occupancy Status":"","Level":"LEVEL 1","Area_SF":109.64,"NCES_Department":"","occupancyStatus":"Occupied","NCES_Type":"Office/Storage","Number":"O-11","Workstations":"","RevitId":5441499,"Revit_UniqueId":"b81b59ea-47c2-40b2-add7-26eeac47c53e-005307db"},"type":"Feature","geometry":{"type":"Polygon","coordinates":[[[181.566954,-66.469832],[181.566954,-56.463072],[169.534105,-56.463072],[169.534105,-66.469832],[181.566954,-66.469832]]]}},{"properties":{"Name":"REGISTRAR OF DEEDS","Seat Count":"","Element":"Room","NCES_Occupancy Status":"","Level":"LEVEL 1","Area_SF":293.99,"NCES_Department":"Registrar of Deeds","occupancyStatus":"Occupied","NCES_Type":"Open Office - Workstations","Number":"C-3","Workstations":"4","RevitId":5441920,"Revit_UniqueId":"b81b59ea-47c2-40b2-add7-26eeac47c53e-00530980"},"type":"Feature","geometry":{"type":"Polygon","coordinates":[[[128.417009,-73.057231],[128.417009,-78.463072],[151.262651,-78.463072],[151.262651,-66.469832],[151.262651,-59.713072],[151.262651,-58.463072],[145.00085,-58.463072],[145.00085,-63.286405],[145.00085,-65.359738],[145.00085,-67.432238],[145.00085,-72.004738],[138.167009,-72.004738],[131.333676,-72.004738],[131.333676,-67.432238],[131.333676,-65.359738],[131.333676,-63.286405],[131.333676,-58.463072],[128.445021,-58.463072],[126.611688,-58.463072],[126.611688,-60.671405],[125.278354,-60.671405],[125.278354,-73.057231],[128.417009,-73.057231]]]}},{"properties":{"Name":"WORK/ELECT","Seat Count":"","Element":"Room","NCES_Occupancy Status":"","Level":"LEVEL 1","Area_SF":190.95,"NCES_Department":"Registrar of Deeds","occupancyStatus":"Occupied","NCES_Type":"General Storage","Number":"C-3A","Workstations":"","RevitId":5441928,"Revit_UniqueId":"b81b59ea-47c2-40b2-add7-26eeac47c53e-00530988"},"type":"Feature","geometry":{"type":"Polygon","coordinates":[[[169.534105,-56.463072],[169.534105,-54.213072],[154.533484,-54.213072],[154.533484,-58.463072],[154.533484,-59.713072],[151.262651,-59.713072],[151.262651,-66.469832],[161.533484,-66.469832],[169.534105,-66.469832],[169.534105,-56.463072]]]}},{"properties":{"Name":"VAULT","Seat Count":"","Element":"Room","NCES_Occupancy Status":"","Level":"LEVEL 1","Area_SF":179.64,"NCES_Department":"Treasurer","occupancyStatus":"Occupied","NCES_Type":"General Storage","Number":"T-7","Workstations":"","RevitId":5441938,"Revit_UniqueId":"b81b59ea-47c2-40b2-add7-26eeac47c53e-00530992"},"type":"Feature","geometry":{"type":"Polygon","coordinates":[[[181.566954,-50.847837],[181.566954,-40.386499],[181.333381,-40.386499],[169.534105,-40.386499],[169.534105,-42.629738],[169.534105,-54.213072],[169.534105,-56.463072],[181.566954,-56.463072],[181.566954,-50.847837]]]}},{"properties":{"Name":"CONF STORAGE","Seat Count":"","Element":"Room","NCES_Occupancy Status":"","Level":"LEVEL 1","Area_SF":196.79,"NCES_Department":"","occupancyStatus":"Occupied","NCES_Type":"","Number":"C-2A","Workstations":"","RevitId":5441946,"Revit_UniqueId":"b81b59ea-47c2-40b2-add7-26eeac47c53e-0053099a"},"type":"Feature","geometry":{"type":"Polygon","coordinates":[[[169.534105,-54.213072],[169.534105,-42.629738],[151.278354,-42.629738],[151.278354,-54.213072],[154.533484,-54.213072],[169.534105,-54.213072]]]}},{"properties":{"Name":"CONFERENCE","Seat Count":"9","Element":"Room","NCES_Occupancy Status":"","Level":"LEVEL 1","Area_SF":494.17,"NCES_Department":"","occupancyStatus":"Occupied","NCES_Type":"Conference Room","Number":"C-2","Workstations":"","RevitId":5441954,"Revit_UniqueId":"b81b59ea-47c2-40b2-add7-26eeac47c53e-005309a2"},"type":"Feature","geometry":{"type":"Polygon","coordinates":[[[128.445021,-58.463072],[131.333676,-58.463072],[138.167009,-58.463072],[145.00085,-58.463072],[151.262651,-58.463072],[154.533484,-58.463072],[154.533484,-54.213072],[151.278354,-54.213072],[151.278354,-42.629738],[151.278354,-38.379738],[128.445021,-38.379738],[125.278354,-38.379738],[125.278354,-38.581738],[125.278354,-52.963072],[128.445021,-52.963072],[128.445021,-58.463072]]]}},{"properties":{"Name":"LOBBY","Seat Count":"","Element":"Room","NCES_Occupancy Status":"","Level":"LEVEL 1","Area_SF":1465.6,"NCES_Department":"","occupancyStatus":"Occupied","NCES_Type":"Lobby/Reception","Number":"101","Workstations":"","RevitId":5442051,"Revit_UniqueId":"b81b59ea-47c2-40b2-add7-26eeac47c53e-00530a03"},"type":"Feature","geometry":{"type":"Polygon","coordinates":[[[128.787736,-0.583333],[81.21537,-0.583333],[81.21537,-12.988111],[81.21537,-18.412053],[91.3892,-18.412053],[91.3892,-26.412053],[91.3892,-38.07872],[115.541667,-38.07872],[117.651453,-38.07872],[117.651453,-38.129738],[124.776354,-38.129738],[125.278354,-38.129738],[125.278354,-38.379738],[128.445021,-38.379738],[128.445021,-32.963072],[125.278354,-32.963072],[125.278354,-30.56781],[125.278354,-24.11581],[125.278354,-18.129738],[128.787736,-11.735022],[128.787736,-0.583333]]]}},{"properties":{"Name":"FILE STORAGE","Seat Count":"","Element":"Room","NCES_Occupancy Status":"","Level":"LEVEL 1","Area_SF":175.11,"NCES_Department":"Treasurer","occupancyStatus":"Occupied","NCES_Type":"Records Storage - Active","Number":"T-1","Workstations":"","RevitId":5448415,"Revit_UniqueId":"b81b59ea-47c2-40b2-add7-26eeac47c53e-005322df"},"type":"Feature","geometry":{"type":"Polygon","coordinates":[[[181.41027,-0.583333],[165.929744,-0.583333],[165.929744,-5.616355],[165.929744,-8.401689],[165.929744,-11.735022],[165.929744,-12.985022],[175.061193,-12.985022],[181.41027,-12.985022],[181.41027,-0.583333]]]}},{"properties":{"Name":"TREASURER COUNTER","Seat Count":"","Element":"Room","NCES_Occupancy Status":"","Level":"LEVEL 1","Area_SF":201.81,"NCES_Department":"Treasurer","occupancyStatus":"Occupied","NCES_Type":"Customer Service Counter","Number":"102A","Workstations":"","RevitId":5448495,"Revit_UniqueId":"b81b59ea-47c2-40b2-add7-26eeac47c53e-0053232f"},"type":"Feature","geometry":{"type":"Polygon","coordinates":[[[165.929744,-0.583333],[128.787736,-0.583333],[128.787736,-11.735022],[132.755339,-11.735022],[132.755339,-9.068355],[132.781301,-9.068355],[132.781301,-6.068355],[137.456215,-6.068355],[142.163173,-6.068355],[146.870132,-6.068355],[151.577091,-6.068355],[156.28405,-6.068355],[160.991009,-6.068355],[165.929744,-6.068355],[165.929744,-0.583333]]]}},{"properties":{"Name":"TREASURER LOBBY","Seat Count":"","Element":"Room","NCES_Occupancy Status":"","Level":"LEVEL 1","Area_SF":551.08,"NCES_Department":"Treasurer","occupancyStatus":"Occupied","NCES_Type":"Lobby/Reception","Number":"102","Workstations":"","RevitId":5448594,"Revit_UniqueId":"b81b59ea-47c2-40b2-add7-26eeac47c53e-00532392"},"type":"Feature","geometry":{"type":"Polygon","coordinates":[[[171.393986,-24.11581],[171.393986,-18.36581],[175.061193,-18.36581],[175.061193,-12.985022],[165.929744,-12.985022],[165.929744,-11.735022],[165.697968,-11.735022],[160.991009,-11.735022],[156.28405,-11.735022],[151.577091,-11.735022],[146.870132,-11.735022],[142.163173,-11.735022],[137.456215,-11.735022],[132.755339,-11.735022],[128.787736,-11.735022],[125.278354,-18.129738],[125.278354,-24.11581],[125.695021,-24.11581],[130.840854,-24.11581],[136.007521,-24.11581],[141.257521,-24.11581],[146.507521,-24.11581],[151.757521,-24.11581],[156.590854,-24.11581],[161.507521,-24.11581],[166.340854,-24.11581],[171.393986,-24.11581]]]}},{"properties":{"Name":"TREASURER COUNTER","Seat Count":"","Element":"Room","NCES_Occupancy Status":"","Level":"LEVEL 1","Area_SF":529.04,"NCES_Department":"Treasurer","occupancyStatus":"Occupied","NCES_Type":"Customer Service Counter","Number":"102B","Workstations":"","RevitId":5448601,"Revit_UniqueId":"b81b59ea-47c2-40b2-add7-26eeac47c53e-00532399"},"type":"Feature","geometry":{"type":"Polygon","coordinates":[[[169.534105,-40.386499],[181.785381,-40.386499],[181.785381,-30.36581],[171.393986,-30.36581],[171.393986,-30.11581],[166.340854,-30.11581],[161.507521,-30.11581],[156.590854,-30.11581],[151.757521,-30.11581],[146.507521,-30.11581],[141.257521,-30.11581],[136.007521,-30.11581],[130.840854,-30.11581],[125.278354,-30.11581],[125.278354,-32.963072],[128.445021,-32.963072],[128.445021,-38.379738],[151.278354,-38.379738],[151.278354,-42.629738],[169.534105,-42.629738],[169.534105,-40.386499]]]}},{"properties":{"Name":"OFFICE","Seat Count":"","Element":"Room","NCES_Occupancy Status":"","Level":"LEVEL 1","Area_SF":166.58,"NCES_Department":"Treasurer","occupancyStatus":"Occupied","NCES_Type":"Private Office - Enclosed","Number":"T-2","Workstations":"1","RevitId":5448693,"Revit_UniqueId":"b81b59ea-47c2-40b2-add7-26eeac47c53e-005323f5"},"type":"Feature","geometry":{"type":"Polygon","coordinates":[[[196.309754,-0.583333],[181.41027,-0.583333],[181.41027,-12.985022],[196.309754,-12.985022],[196.309754,-0.583333]]]}},{"properties":{"Name":"OFFICE","Seat Count":"","Element":"Room","NCES_Occupancy Status":"","Level":"LEVEL 1","Area_SF":169.7,"NCES_Department":"Treasurer","occupancyStatus":"Occupied","NCES_Type":"Private Office - Enclosed","Number":"T-3","Workstations":"1","RevitId":5448704,"Revit_UniqueId":"b81b59ea-47c2-40b2-add7-26eeac47c53e-00532400"},"type":"Feature","geometry":{"type":"Polygon","coordinates":[[[211.479398,-0.583333],[196.309754,-0.583333],[196.309754,-12.985022],[211.479398,-12.985022],[211.479398,-0.583333]]]}},{"properties":{"Name":"OFFICE","Seat Count":"","Element":"Room","NCES_Occupancy Status":"","Level":"LEVEL 1","Area_SF":109.81,"NCES_Department":"Treasurer","occupancyStatus":"Occupied","NCES_Type":"Private Office - Enclosed","Number":"T-4","Workstations":"1","RevitId":5448707,"Revit_UniqueId":"b81b59ea-47c2-40b2-add7-26eeac47c53e-00532403"},"type":"Feature","geometry":{"type":"Polygon","coordinates":[[[221.471247,-0.583333],[211.479398,-0.583333],[211.479398,-12.985022],[221.471247,-12.985022],[221.471247,-0.583333]]]}},{"properties":{"Name":"OFFICE","Seat Count":"","Element":"Room","NCES_Occupancy Status":"","Level":"LEVEL 1","Area_SF":228.81,"NCES_Department":"Treasurer","occupancyStatus":"Occupied","NCES_Type":"Private Office - Enclosed","Number":"T-5","Workstations":"","RevitId":5448710,"Revit_UniqueId":"b81b59ea-47c2-40b2-add7-26eeac47c53e-00532406"},"type":"Feature","geometry":{"type":"Polygon","coordinates":[[[242.083333,-12.985022],[242.083333,-0.583333],[221.471247,-0.583333],[221.471247,-12.985022],[233.173913,-12.985022],[242.083333,-12.985022]]]}},{"properties":{"Name":"OFFICE","Seat Count":"","Element":"Room","NCES_Occupancy Status":"","Level":"LEVEL 1","Area_SF":110.88,"NCES_Department":"Treasurer","occupancyStatus":"Occupied","NCES_Type":"Private Office - Enclosed","Number":"T-6","Workstations":"","RevitId":5448719,"Revit_UniqueId":"b81b59ea-47c2-40b2-add7-26eeac47c53e-0053240f"},"type":"Feature","geometry":{"type":"Polygon","coordinates":[[[181.333381,-30.36581],[181.535381,-30.36581],[181.535381,-18.36581],[175.061193,-18.36581],[171.393986,-18.36581],[171.393986,-24.11581],[171.393986,-30.11581],[171.393986,-30.36581],[181.333381,-30.36581]]]}},{"properties":{"Name":"ASSESSOR","Seat Count":"","Element":"Room","NCES_Occupancy Status":"","Level":"LEVEL 1","Area_SF":952.53,"NCES_Department":"Assessor","occupancyStatus":"Occupied","NCES_Type":"Corridor/Hallway","Number":"111","Workstations":"","RevitId":5450456,"Revit_UniqueId":"b81b59ea-47c2-40b2-add7-26eeac47c53e-00532ad8"},"type":"Feature","geometry":{"type":"Polygon","coordinates":[[[169.500343,-133.203065],[169.500343,-129.528678],[164.140287,-129.528678],[164.140287,-138.528678],[171.398683,-138.528678],[171.398683,-138.200155],[181.482016,-138.200155],[191.482016,-138.200155],[201.482016,-138.200155],[221.482016,-138.200155],[233.173913,-138.200155],[233.173913,-135.750816],[233.173913,-131.564149],[233.173913,-129.490815],[233.173913,-127.417482],[233.173913,-123.230815],[233.173913,-121.157482],[233.173913,-119.084149],[233.173913,-114.897482],[233.173913,-112.824149],[242.083333,-112.824149],[242.083333,-105.973898],[233.150287,-105.973898],[233.150287,-108.578065],[227.928797,-108.578065],[227.928797,-111.002019],[227.929304,-115.188686],[227.929304,-117.262019],[227.928797,-119.334519],[227.928797,-123.512019],[227.928797,-125.585353],[219.600464,-125.585353],[211.267131,-125.585353],[211.267131,-123.504458],[211.267131,-119.334519],[211.272131,-119.334519],[211.272131,-117.262019],[211.272131,-115.188686],[211.267131,-115.188686],[211.267131,-111.009581],[211.272131,-111.009581],[211.272131,-108.578065],[203.918784,-108.578065],[203.918784,-111.002019],[203.919291,-115.188686],[203.919291,-117.262019],[203.918784,-119.334519],[203.918784,-123.512019],[203.918784,-125.580353],[203.918784,-125.585353],[203.918784,-133.913686],[195.59045,-133.913686],[187.264364,-133.913686],[187.264364,-131.840353],[187.264364,-127.653686],[187.264364,-125.585353],[187.257117,-125.585353],[187.257117,-125.580353],[187.257117,-123.504458],[187.264364,-123.504458],[187.262117,-119.334519],[187.262117,-117.262019],[187.264364,-115.188686],[187.262117,-111.009581],[187.262117,-108.928686],[187.264364,-108.578065],[187.264364,-107.913686],[187.400287,-107.913686],[187.400287,-105.994731],[187.077287,-105.994731],[181.566954,-105.994731],[181.566954,-113.453065],[181.566954,-123.473898],[181.566954,-133.203065],[169.500343,-133.203065]]]}},{"properties":{"Name":"OPEN OFFICE","Seat Count":"","Element":"Room","NCES_Occupancy Status":"","Level":"LEVEL 1","Area_SF":1651.45,"NCES_Department":"Extension","occupancyStatus":"Occupied","NCES_Type":"Corridor/Hallway","Number":"108","Workstations":"","RevitId":5450677,"Revit_UniqueId":"b81b59ea-47c2-40b2-add7-26eeac47c53e-00532bb5"},"type":"Feature","geometry":{"type":"Polygon","coordinates":[[[181.566954,-50.847837],[181.566954,-56.463072],[181.566954,-66.469832],[181.566954,-77.961072],[181.566954,-78.965072],[181.566954,-83.390565],[181.566954,-93.453065],[181.566954,-103.369731],[181.566954,-105.994731],[187.529287,-105.994731],[187.529287,-101.998777],[187.524287,-101.998777],[187.524287,-99.915444],[187.524287,-97.834549],[187.529287,-97.834549],[187.529287,-93.664611],[187.529287,-91.592111],[187.529287,-89.518777],[187.529287,-85.339672],[187.529287,-83.258777],[195.85762,-83.258777],[204.185953,-83.258777],[204.185953,-85.33211],[204.18646,-89.518777],[204.18646,-91.592111],[204.185953,-93.664611],[204.185953,-97.842111],[204.185953,-99.915444],[204.185953,-103.661398],[204.185953,-108.578065],[204.420784,-108.578065],[210.770131,-108.578065],[211.272131,-108.578065],[211.272131,-106.254731],[211.272131,-102.068064],[211.272131,-99.994731],[211.272131,-97.921398],[211.272131,-93.734731],[211.272131,-91.661398],[211.272131,-89.588064],[211.272131,-85.401398],[211.272131,-83.328064],[219.600464,-83.328064],[219.600464,-91.661398],[227.928797,-91.661398],[227.928797,-99.994731],[227.928797,-102.068064],[227.928797,-106.254731],[227.928797,-108.578065],[228.430797,-108.578065],[233.150287,-108.578065],[233.150287,-105.973898],[242.083333,-105.973898],[242.083333,-63.824149],[233.173913,-63.824149],[233.173913,-61.750816],[233.173913,-57.564149],[233.173913,-55.490816],[233.173913,-53.417483],[233.173913,-50.83917],[227.780381,-50.83917],[220.736406,-50.83917],[220.736406,-59.563679],[220.736406,-67.847125],[220.736406,-76.130571],[210.06974,-76.130571],[204.06974,-76.130571],[187.486406,-76.130571],[187.486406,-61.713904],[187.486406,-57.379738],[187.486406,-50.847837],[181.566954,-50.847837]]]}},{"properties":{"Name":"TREASURER","Seat Count":"","Element":"Room","NCES_Occupancy Status":"","Level":"LEVEL 1","Area_SF":1104.7,"NCES_Department":"Treasurer","occupancyStatus":"Occupied","NCES_Type":"Corridor/Hallway","Number":"103","Workstations":"","RevitId":5450685,"Revit_UniqueId":"b81b59ea-47c2-40b2-add7-26eeac47c53e-00532bbd"},"type":"Feature","geometry":{"type":"MultiPolygon","coordinates":[[[[181.785381,-40.386499],[181.566954,-40.386499],[181.566954,-50.847837],[186.984406,-50.847837],[187.124077,-50.847837],[204.06974,-50.847837],[204.06974,-51.255836],[211.118715,-51.255836],[211.118715,-50.586281],[211.118715,-48.505386],[211.123715,-48.505386],[211.123715,-44.335447],[211.123715,-42.262947],[211.123715,-40.189614],[211.123715,-36.010509],[211.123715,-33.929614],[211.118715,-33.929614],[211.118715,-31.848719],[211.123715,-31.848719],[211.123715,-27.678781],[211.123715,-25.606281],[211.123715,-23.532947],[211.123715,-19.353842],[211.123715,-17.272947],[219.452048,-17.272947],[227.780381,-17.272947],[227.780381,-19.346281],[227.780888,-23.532947],[227.780888,-25.606281],[227.780381,-27.678781],[227.780381,-31.856281],[227.780381,-33.929614],[227.780381,-36.002947],[227.780888,-40.189614],[227.780888,-42.262947],[227.780381,-44.335447],[227.780381,-48.512947],[227.780381,-50.586281],[227.780381,-50.83917],[233.173913,-50.83917],[233.173913,-49.230816],[233.173913,-47.157482],[233.173913,-45.084149],[233.173913,-40.897482],[233.173913,-38.824149],[233.173913,-36.750816],[233.173913,-32.564149],[233.173913,-30.490815],[233.173913,-28.417482],[233.173913,-24.230815],[233.173913,-22.157482],[233.173913,-20.084149],[233.173913,-15.897482],[233.173913,-12.985022],[221.471247,-12.985022],[211.479398,-12.985022],[196.309754,-12.985022],[181.41027,-12.985022],[175.061193,-12.985022],[175.061193,-18.36581],[181.535381,-18.36581],[181.535381,-30.36581],[181.785381,-30.36581],[181.785381,-30.86781],[181.785381,-39.884499],[181.785381,-40.386499]]],[[[187.285381,-33.929614],[187.285381,-31.848719],[187.290381,-31.848719],[187.290381,-27.678781],[187.290381,-25.606281],[187.290381,-23.532947],[187.290381,-19.353842],[187.290381,-17.272947],[195.618715,-17.272947],[203.947048,-17.272947],[203.947048,-19.346281],[203.947555,-23.532947],[203.947555,-25.606281],[203.947048,-27.678781],[203.947048,-31.856281],[203.947048,-33.929614],[195.618715,-33.929614],[187.285381,-33.929614]]]]}},{"properties":{"Name":"Room","Seat Count":"","Element":"Room","NCES_Occupancy Status":"Vacant","Level":"LEVEL 1","Area_SF":65.32,"NCES_Department":"Information Systems","occupancyStatus":"Vacant","NCES_Type":"Open Office - Cubicles","Number":"106","Workstations":"1","RevitId":5482840,"Revit_UniqueId":"a11f68f7-d6bc-42fd-84e2-ee4b8dd71a6e-0053a958"},"type":"Feature","geometry":{"type":"Polygon","coordinates":[[[18.235344,-34.001947],[26.563677,-34.001947],[26.563677,-25.673614],[18.235344,-25.673614],[18.235344,-27.746947],[18.068677,-27.746947],[18.068677,-31.933614],[18.235344,-31.933614],[18.235344,-34.001947]]]}},{"properties":{"Name":"Room","Seat Count":"","Element":"Room","NCES_Occupancy Status":"Vacant","Level":"LEVEL 1","Area_SF":65.23,"NCES_Department":"Information Systems","occupancyStatus":"Vacant","NCES_Type":"Open Office - Cubicles","Number":"113","Workstations":"1","RevitId":5482916,"Revit_UniqueId":"a11f68f7-d6bc-42fd-84e2-ee4b8dd71a6e-0053a9a4"},"type":"Feature","geometry":{"type":"Polygon","coordinates":[[[18.228097,-34.006948],[18.228097,-36.082842],[18.068677,-36.082842],[18.068677,-40.252781],[18.233097,-40.252781],[18.233097,-42.325281],[26.561431,-42.325281],[26.561431,-34.178848],[26.561431,-34.006948],[18.228097,-34.006948]]]}},{"properties":{"Name":"Room","Seat Count":"","Element":"Room","NCES_Occupancy Status":"Vacant","Level":"LEVEL 1","Area_SF":65.34,"NCES_Department":"Information Systems","occupancyStatus":"Vacant","NCES_Type":"Open Office - Cubicles","Number":"116","Workstations":"1","RevitId":5482933,"Revit_UniqueId":"a11f68f7-d6bc-42fd-84e2-ee4b8dd71a6e-0053a9b5"},"type":"Feature","geometry":{"type":"Polygon","coordinates":[[[18.233097,-42.325281],[18.233097,-44.398614],[18.068677,-44.398614],[18.068677,-48.577719],[18.233097,-48.577719],[18.233097,-50.658614],[26.561431,-50.658614],[26.561431,-42.325281],[18.233097,-42.325281]]]}},{"properties":{"Name":"Room","Seat Count":"","Element":"Room","NCES_Occupancy Status":"Vacant","Level":"LEVEL 1","Area_SF":65.36,"NCES_Department":"Information Systems","occupancyStatus":"Vacant","NCES_Type":"Open Office - Cubicles","Number":"121","Workstations":"1","RevitId":5482936,"Revit_UniqueId":"a11f68f7-d6bc-42fd-84e2-ee4b8dd71a6e-0053a9b8"},"type":"Feature","geometry":{"type":"Polygon","coordinates":[[[26.561431,-50.658614],[34.889764,-50.658614],[34.889764,-48.585281],[35.056431,-48.585281],[35.056431,-44.398614],[34.890271,-44.398614],[34.890271,-42.325281],[26.561431,-42.325281],[26.561431,-50.658614]]]}},{"properties":{"Name":"Room","Seat Count":"","Element":"Room","NCES_Occupancy Status":"Vacant","Level":"LEVEL 1","Area_SF":65.23,"NCES_Department":"Information Systems","occupancyStatus":"Vacant","NCES_Type":"Open Office - Cubicles","Number":"122","Workstations":"1","RevitId":5482939,"Revit_UniqueId":"a11f68f7-d6bc-42fd-84e2-ee4b8dd71a6e-0053a9bb"},"type":"Feature","geometry":{"type":"Polygon","coordinates":[[[35.056431,-36.075281],[34.889764,-36.075281],[34.889764,-34.006948],[26.561431,-34.006948],[26.561431,-42.325281],[34.890271,-42.325281],[34.890271,-40.252781],[35.056431,-40.252781],[35.056431,-36.075281]]]}},{"properties":{"Name":"Room","Seat Count":"","Element":"Room","NCES_Occupancy Status":"Vacant","Level":"LEVEL 1","Area_SF":65.31,"NCES_Department":"Information Systems","occupancyStatus":"Vacant","NCES_Type":"Open Office - Cubicles","Number":"123","Workstations":"1","RevitId":5482942,"Revit_UniqueId":"a11f68f7-d6bc-42fd-84e2-ee4b8dd71a6e-0053a9be"},"type":"Feature","geometry":{"type":"Polygon","coordinates":[[[26.563677,-34.001947],[34.892011,-34.001947],[34.892011,-31.933614],[35.056431,-31.933614],[35.056431,-27.746947],[34.892011,-27.746947],[34.892011,-25.673614],[26.563677,-25.673614],[26.563677,-34.001947]]]}},{"properties":{"Name":"Room","Seat Count":"","Element":"Room","NCES_Occupancy Status":"Vacant","Level":"LEVEL 1","Area_SF":65.32,"NCES_Department":"Information Systems","occupancyStatus":"Vacant","NCES_Type":"Open Office - Cubicles","Number":"124","Workstations":"1","RevitId":5482945,"Revit_UniqueId":"a11f68f7-d6bc-42fd-84e2-ee4b8dd71a6e-0053a9c1"},"type":"Feature","geometry":{"type":"Polygon","coordinates":[[[39.172844,-34.001947],[47.501177,-34.001947],[47.501177,-25.673614],[39.172844,-25.673614],[39.172844,-27.746947],[39.006177,-27.746947],[39.006177,-31.933614],[39.172844,-31.933614],[39.172844,-34.001947]]]}},{"properties":{"Name":"Room","Seat Count":"","Element":"Room","NCES_Occupancy Status":"Vacant","Level":"LEVEL 1","Area_SF":65.32,"NCES_Department":"Information Systems","occupancyStatus":"Vacant","NCES_Type":"Open Office - Cubicles","Number":"125","Workstations":"1","RevitId":5482948,"Revit_UniqueId":"a11f68f7-d6bc-42fd-84e2-ee4b8dd71a6e-0053a9c4"},"type":"Feature","geometry":{"type":"Polygon","coordinates":[[[47.501177,-34.001947],[55.829511,-34.001947],[55.829511,-31.933614],[55.996177,-31.933614],[55.996177,-27.746947],[55.829511,-27.746947],[55.829511,-25.673614],[47.501177,-25.673614],[47.501177,-34.001947]]]}},{"properties":{"Name":"Room","Seat Count":"","Element":"Room","NCES_Occupancy Status":"Vacant","Level":"LEVEL 1","Area_SF":65.23,"NCES_Department":"Information Systems","occupancyStatus":"Vacant","NCES_Type":"Open Office - Cubicles","Number":"126","Workstations":"1","RevitId":5482951,"Revit_UniqueId":"a11f68f7-d6bc-42fd-84e2-ee4b8dd71a6e-0053a9c7"},"type":"Feature","geometry":{"type":"Polygon","coordinates":[[[39.165597,-34.006948],[39.165597,-36.082842],[39.006177,-36.082842],[39.006177,-40.252781],[39.170597,-40.252781],[39.170597,-42.325281],[47.498931,-42.325281],[47.498931,-34.178848],[47.498931,-34.006948],[39.165597,-34.006948]]]}},{"properties":{"Name":"Room","Seat Count":"","Element":"Room","NCES_Occupancy Status":"Vacant","Level":"LEVEL 1","Area_SF":65.24,"NCES_Department":"Information Systems","occupancyStatus":"Vacant","NCES_Type":"Open Office - Cubicles","Number":"127","Workstations":"1","RevitId":5482954,"Revit_UniqueId":"a11f68f7-d6bc-42fd-84e2-ee4b8dd71a6e-0053a9ca"},"type":"Feature","geometry":{"type":"Polygon","coordinates":[[[55.996177,-36.075281],[55.827264,-36.075281],[55.827264,-34.006948],[47.498931,-34.006948],[47.498931,-42.325281],[55.827771,-42.325281],[55.827771,-40.252781],[55.996177,-40.252781],[55.996177,-36.075281]]]}},{"properties":{"Name":"Room","Seat Count":"","Element":"Room","NCES_Occupancy Status":"Vacant","Level":"LEVEL 1","Area_SF":65.37,"NCES_Department":"Information Systems","occupancyStatus":"Vacant","NCES_Type":"Open Office - Cubicles","Number":"128","Workstations":"1","RevitId":5482957,"Revit_UniqueId":"a11f68f7-d6bc-42fd-84e2-ee4b8dd71a6e-0053a9cd"},"type":"Feature","geometry":{"type":"Polygon","coordinates":[[[47.498931,-50.658614],[55.827264,-50.658614],[55.827264,-48.585281],[55.996177,-48.585281],[55.996177,-44.398614],[55.827771,-44.398614],[55.827771,-42.325281],[47.498931,-42.325281],[47.498931,-50.658614]]]}},{"properties":{"Name":"Room","Seat Count":"","Element":"Room","NCES_Occupancy Status":"Vacant","Level":"LEVEL 1","Area_SF":65.34,"NCES_Department":"Information Systems","occupancyStatus":"Vacant","NCES_Type":"Open Office - Cubicles","Number":"129","Workstations":"1","RevitId":5482960,"Revit_UniqueId":"a11f68f7-d6bc-42fd-84e2-ee4b8dd71a6e-0053a9d0"},"type":"Feature","geometry":{"type":"Polygon","coordinates":[[[39.170597,-42.325281],[39.170597,-44.398614],[39.006177,-44.398614],[39.006177,-48.577719],[39.170597,-48.577719],[39.170597,-50.658614],[47.498931,-50.658614],[47.498931,-42.325281],[39.170597,-42.325281]]]}},{"properties":{"Name":"Room","Seat Count":"","Element":"Room","NCES_Occupancy Status":"Vacant","Level":"LEVEL 1","Area_SF":100,"NCES_Department":"Information Systems","occupancyStatus":"Vacant","NCES_Type":"Open Office - Cubicles","Number":"139","Workstations":"1","RevitId":5482993,"Revit_UniqueId":"a11f68f7-d6bc-42fd-84e2-ee4b8dd71a6e-0053a9f1"},"type":"Feature","geometry":{"type":"Polygon","coordinates":[[[35.056431,-59.608874],[34.889764,-59.608874],[34.889764,-51.296374],[26.561431,-51.296374],[26.561431,-63.796374],[35.056431,-63.796374],[35.056431,-59.608874]]]}},{"properties":{"Name":"Room","Seat Count":"","Element":"Room","NCES_Occupancy Status":"Vacant","Level":"LEVEL 1","Area_SF":100,"NCES_Department":"Information Systems","occupancyStatus":"Vacant","NCES_Type":"Open Office - Cubicles","Number":"140","Workstations":"1","RevitId":5484974,"Revit_UniqueId":"a11f68f7-d6bc-42fd-84e2-ee4b8dd71a6e-0053b1ae"},"type":"Feature","geometry":{"type":"Polygon","coordinates":[[[34.889764,-67.983875],[35.056431,-67.983875],[35.056431,-63.796374],[26.561431,-63.796374],[26.561431,-76.296375],[34.889764,-76.296375],[34.889764,-67.983875]]]}},{"properties":{"Name":"Room","Seat Count":"","Element":"Room","NCES_Occupancy Status":"Vacant","Level":"LEVEL 1","Area_SF":99.95,"NCES_Department":"Information Systems","occupancyStatus":"Vacant","NCES_Type":"Open Office - Cubicles","Number":"141","Workstations":"1","RevitId":5484977,"Revit_UniqueId":"a11f68f7-d6bc-42fd-84e2-ee4b8dd71a6e-0053b1b1"},"type":"Feature","geometry":{"type":"Polygon","coordinates":[[[39.006177,-63.796374],[39.006177,-67.983875],[39.172844,-67.983875],[39.172844,-76.296375],[47.496684,-76.296375],[47.496684,-63.796374],[39.006177,-63.796374]]]}},{"properties":{"Name":"Room","Seat Count":"","Element":"Room","NCES_Occupancy Status":"Vacant","Level":"LEVEL 1","Area_SF":99.96,"NCES_Department":"Information Systems","occupancyStatus":"Vacant","NCES_Type":"Open Office - Cubicles","Number":"142","Workstations":"1","RevitId":5484980,"Revit_UniqueId":"a11f68f7-d6bc-42fd-84e2-ee4b8dd71a6e-0053b1b4"},"type":"Feature","geometry":{"type":"Polygon","coordinates":[[[55.825017,-67.983875],[55.996177,-67.983875],[55.996177,-63.796374],[47.501177,-63.796374],[47.501177,-76.296375],[55.825017,-76.296375],[55.825017,-67.983875]]]}},{"properties":{"Name":"Room","Seat Count":"","Element":"Room","NCES_Occupancy Status":"Vacant","Level":"LEVEL 1","Area_SF":99.96,"NCES_Department":"Information Systems","occupancyStatus":"Vacant","NCES_Type":"Open Office - Cubicles","Number":"143","Workstations":"1","RevitId":5484983,"Revit_UniqueId":"a11f68f7-d6bc-42fd-84e2-ee4b8dd71a6e-0053b1b7"},"type":"Feature","geometry":{"type":"Polygon","coordinates":[[[55.996177,-63.796374],[55.996177,-59.608874],[55.825017,-59.608874],[55.825017,-51.296374],[47.501177,-51.296374],[47.501177,-63.796374],[55.996177,-63.796374]]]}},{"properties":{"Name":"Room","Seat Count":"","Element":"Room","NCES_Occupancy Status":"Vacant","Level":"LEVEL 1","Area_SF":99.95,"NCES_Department":"Information Systems","occupancyStatus":"Vacant","NCES_Type":"Open Office - Cubicles","Number":"144","Workstations":"1","RevitId":5484986,"Revit_UniqueId":"a11f68f7-d6bc-42fd-84e2-ee4b8dd71a6e-0053b1ba"},"type":"Feature","geometry":{"type":"Polygon","coordinates":[[[39.172844,-59.608874],[39.006177,-59.608874],[39.006177,-63.796374],[47.496684,-63.796374],[47.496684,-51.296374],[39.172844,-51.296374],[39.172844,-59.608874]]]}},{"properties":{"Name":"Room","Seat Count":"","Element":"Room","NCES_Occupancy Status":"","Level":"LEVEL 1","Area_SF":65.36,"NCES_Department":"Information Systems","occupancyStatus":"Occupied","NCES_Type":"Open Office - Cubicles","Number":"145","Workstations":"1","RevitId":5485016,"Revit_UniqueId":"a11f68f7-d6bc-42fd-84e2-ee4b8dd71a6e-0053b1d8"},"type":"Feature","geometry":{"type":"Polygon","coordinates":[[[26.551139,-91.445093],[34.879472,-91.445093],[34.879472,-89.37176],[35.046139,-89.37176],[35.046139,-85.185093],[34.879472,-85.185093],[34.879472,-83.111759],[26.551139,-83.111759],[26.551139,-91.445093]]]}},{"properties":{"Name":"Room","Seat Count":"","Element":"Room","NCES_Occupancy Status":"","Level":"LEVEL 1","Area_SF":65.36,"NCES_Department":"Information Systems","occupancyStatus":"Occupied","NCES_Type":"Open Office - Cubicles","Number":"146","Workstations":"1","RevitId":5485019,"Revit_UniqueId":"a11f68f7-d6bc-42fd-84e2-ee4b8dd71a6e-0053b1db"},"type":"Feature","geometry":{"type":"Polygon","coordinates":[[[26.551139,-99.778426],[34.879472,-99.778426],[34.879472,-97.705093],[35.046139,-97.705093],[35.046139,-93.518426],[34.879472,-93.518426],[34.879472,-91.445093],[26.551139,-91.445093],[26.551139,-99.778426]]]}},{"properties":{"Name":"Room","Seat Count":"","Element":"Room","NCES_Occupancy Status":"","Level":"LEVEL 1","Area_SF":65.36,"NCES_Department":"Information Systems","occupancyStatus":"Occupied","NCES_Type":"Open Office - Cubicles","Number":"147","Workstations":"1","RevitId":5485022,"Revit_UniqueId":"a11f68f7-d6bc-42fd-84e2-ee4b8dd71a6e-0053b1de"},"type":"Feature","geometry":{"type":"Polygon","coordinates":[[[34.879472,-108.11176],[34.879472,-106.038426],[35.046139,-106.038426],[35.046139,-101.85176],[34.879472,-101.85176],[34.879472,-99.778426],[26.551139,-99.778426],[26.551139,-107.904036],[26.551139,-108.11176],[34.879472,-108.11176]]]}},{"properties":{"Name":"Room","Seat Count":"","Element":"Room","NCES_Occupancy Status":"","Level":"LEVEL 1","Area_SF":65.38,"NCES_Department":"Information Systems","occupancyStatus":"Occupied","NCES_Type":"Open Office - Cubicles","Number":"148","Workstations":"1","RevitId":5485025,"Revit_UniqueId":"a11f68f7-d6bc-42fd-84e2-ee4b8dd71a6e-0053b1e1"},"type":"Feature","geometry":{"type":"Polygon","coordinates":[[[47.476547,-99.778426],[39.148213,-99.778426],[39.148213,-101.85176],[38.976546,-101.85176],[38.976546,-106.038427],[39.148213,-106.038427],[39.148213,-108.11176],[47.476547,-108.11176],[47.476547,-99.778426]]]}},{"properties":{"Name":"Room","Seat Count":"","Element":"Room","NCES_Occupancy Status":"","Level":"LEVEL 1","Area_SF":65.37,"NCES_Department":"Information Systems","occupancyStatus":"Occupied","NCES_Type":"Open Office - Cubicles","Number":"149","Workstations":"1","RevitId":5485028,"Revit_UniqueId":"a11f68f7-d6bc-42fd-84e2-ee4b8dd71a6e-0053b1e4"},"type":"Feature","geometry":{"type":"Polygon","coordinates":[[[39.148213,-91.445093],[39.148213,-93.518426],[38.976546,-93.518426],[38.976546,-97.697532],[39.148213,-97.697532],[39.148213,-99.778426],[47.476547,-99.778426],[47.476547,-91.445093],[39.148213,-91.445093]]]}},{"properties":{"Name":"Room","Seat Count":"","Element":"Room","NCES_Occupancy Status":"","Level":"LEVEL 1","Area_SF":65.3,"NCES_Department":"Information Systems","occupancyStatus":"Occupied","NCES_Type":"Open Office - Cubicles","Number":"150","Workstations":"1","RevitId":5485031,"Revit_UniqueId":"a11f68f7-d6bc-42fd-84e2-ee4b8dd71a6e-0053b1e7"},"type":"Feature","geometry":{"type":"Polygon","coordinates":[[[39.143213,-83.12176],[39.143213,-85.202654],[38.976546,-85.202654],[38.976546,-89.372593],[39.148213,-89.372593],[39.148213,-91.445093],[47.476547,-91.445093],[47.476547,-83.12176],[39.143213,-83.12176]]]}},{"properties":{"Name":"Room","Seat Count":"","Element":"Room","NCES_Occupancy Status":"","Level":"LEVEL 1","Area_SF":65.27,"NCES_Department":"Information Systems","occupancyStatus":"Occupied","NCES_Type":"Open Office - Cubicles","Number":"151","Workstations":"1","RevitId":5485034,"Revit_UniqueId":"a11f68f7-d6bc-42fd-84e2-ee4b8dd71a6e-0053b1ea"},"type":"Feature","geometry":{"type":"Polygon","coordinates":[[[55.80488,-83.12176],[47.476547,-83.12176],[47.476547,-91.445093],[55.805387,-91.445093],[55.805387,-89.372593],[55.971546,-89.372593],[55.971546,-85.195093],[55.80488,-85.195093],[55.80488,-83.12176]]]}},{"properties":{"Name":"Room","Seat Count":"","Element":"Room","NCES_Occupancy Status":"Vacant","Level":"LEVEL 1","Area_SF":65.36,"NCES_Department":"Information Systems","occupancyStatus":"Vacant","NCES_Type":"Open Office - Cubicles","Number":"152","Workstations":"1","RevitId":5485037,"Revit_UniqueId":"a11f68f7-d6bc-42fd-84e2-ee4b8dd71a6e-0053b1ed"},"type":"Feature","geometry":{"type":"Polygon","coordinates":[[[47.476547,-99.778426],[55.80488,-99.778426],[55.80488,-97.705093],[55.971546,-97.705093],[55.971546,-93.518426],[55.805387,-93.518426],[55.805387,-91.445093],[47.476547,-91.445093],[47.476547,-99.778426]]]}},{"properties":{"Name":"Room","Seat Count":"","Element":"Room","NCES_Occupancy Status":"","Level":"LEVEL 1","Area_SF":65.36,"NCES_Department":"Information Systems","occupancyStatus":"Occupied","NCES_Type":"Open Office - Cubicles","Number":"153","Workstations":"1","RevitId":5485040,"Revit_UniqueId":"a11f68f7-d6bc-42fd-84e2-ee4b8dd71a6e-0053b1f0"},"type":"Feature","geometry":{"type":"Polygon","coordinates":[[[55.80488,-99.778426],[47.476547,-99.778426],[47.476547,-108.11176],[55.80488,-108.11176],[55.80488,-106.038427],[55.971546,-106.038427],[55.971546,-101.85176],[55.80488,-101.85176],[55.80488,-99.778426]]]}},{"properties":{"Name":"Room","Seat Count":"","Element":"Room","NCES_Occupancy Status":"","Level":"LEVEL 1","Area_SF":203.5,"NCES_Department":"Information Systems","occupancyStatus":"Occupied","NCES_Type":"Administrative Workroom","Number":"154","Workstations":"","RevitId":5485926,"Revit_UniqueId":"a11f68f7-d6bc-42fd-84e2-ee4b8dd71a6e-0053b566"},"type":"Feature","geometry":{"type":"Polygon","coordinates":[[[26.561431,-63.796374],[26.561431,-51.296374],[18.233097,-51.296374],[18.233097,-54.296374],[18.068677,-54.296374],[18.068677,-73.296375],[18.233097,-73.296375],[18.233097,-76.296375],[26.561431,-76.296375],[26.561431,-63.796374]]]}},{"properties":{"Name":"VOTING STORAGE","Seat Count":"","Element":"Room","NCES_Occupancy Status":"","Level":"LEVEL 1","Area_SF":198.66,"NCES_Department":"Elections","occupancyStatus":"Occupied","NCES_Type":"Office/Storage","Number":"155","Workstations":"","RevitId":5486147,"Revit_UniqueId":"a11f68f7-d6bc-42fd-84e2-ee4b8dd71a6e-0053b643"},"type":"Feature","geometry":{"type":"Polygon","coordinates":[[[31.645542,-120.259835],[23.317209,-120.259835],[14.988875,-120.259835],[14.988875,-122.426502],[14.988875,-128.470853],[15.060203,-128.470853],[15.060203,-132.679187],[31.645542,-132.679187],[31.645542,-128.470853],[31.645542,-124.533647],[31.645542,-120.259835]]]}},{"properties":{"Name":"Room","Seat Count":"","Element":"Room","NCES_Occupancy Status":"","Level":"LEVEL 1","Area_SF":64.66,"NCES_Department":"Elections","occupancyStatus":"Occupied","NCES_Type":"Open Office - Cubicles","Number":"156","Workstations":"1","RevitId":5486190,"Revit_UniqueId":"a11f68f7-d6bc-42fd-84e2-ee4b8dd71a6e-0053b66e"},"type":"Feature","geometry":{"type":"Polygon","coordinates":[[[23.317209,-120.259835],[23.317209,-111.926501],[14.988875,-111.926501],[14.988875,-113.999835],[14.988875,-118.186502],[14.988875,-120.259835],[23.317209,-120.259835]]]}},{"properties":{"Name":"Room","Seat Count":"","Element":"Room","NCES_Occupancy Status":"","Level":"LEVEL 1","Area_SF":64.66,"NCES_Department":"Elections","occupancyStatus":"Occupied","NCES_Type":"Open Office - Cubicles","Number":"157","Workstations":"1","RevitId":5486193,"Revit_UniqueId":"a11f68f7-d6bc-42fd-84e2-ee4b8dd71a6e-0053b671"},"type":"Feature","geometry":{"type":"Polygon","coordinates":[[[31.645542,-120.259835],[31.645542,-118.186502],[31.645542,-113.999835],[31.645542,-111.926501],[23.317209,-111.926501],[23.317209,-120.259835],[31.645542,-120.259835]]]}},{"properties":{"Name":"Room","Seat Count":"","Element":"Room","NCES_Occupancy Status":"","Level":"LEVEL 1","Area_SF":64.66,"NCES_Department":"Elections","occupancyStatus":"Occupied","NCES_Type":"Open Office - Cubicles","Number":"158","Workstations":"1","RevitId":5486693,"Revit_UniqueId":"a11f68f7-d6bc-42fd-84e2-ee4b8dd71a6e-0053b865"},"type":"Feature","geometry":{"type":"Polygon","coordinates":[[[39.148213,-117.033647],[47.476547,-117.033647],[47.476547,-108.700313],[39.148213,-108.700313],[39.148213,-108.908036],[39.148213,-110.773646],[39.148213,-114.960313],[39.148213,-117.033647]]]}},{"properties":{"Name":"Room","Seat Count":"","Element":"Room","NCES_Occupancy Status":"","Level":"LEVEL 1","Area_SF":64.66,"NCES_Department":"Elections","occupancyStatus":"Occupied","NCES_Type":"Open Office - Cubicles","Number":"159","Workstations":"1","RevitId":5486696,"Revit_UniqueId":"a11f68f7-d6bc-42fd-84e2-ee4b8dd71a6e-0053b868"},"type":"Feature","geometry":{"type":"Polygon","coordinates":[[[39.148213,-123.293647],[39.148213,-125.36698],[47.476547,-125.36698],[47.476547,-117.033647],[39.148213,-117.033647],[39.148213,-119.114541],[39.148213,-123.293647]]]}},{"properties":{"Name":"Room","Seat Count":"","Element":"Room","NCES_Occupancy Status":"","Level":"LEVEL 1","Area_SF":64.58,"NCES_Department":"Elections","occupancyStatus":"Occupied","NCES_Type":"Open Office - Cubicles","Number":"160","Workstations":"1","RevitId":5486699,"Revit_UniqueId":"a11f68f7-d6bc-42fd-84e2-ee4b8dd71a6e-0053b86b"},"type":"Feature","geometry":{"type":"Polygon","coordinates":[[[39.148213,-131.609419],[39.143213,-131.609419],[39.143213,-133.690313],[47.476547,-133.690313],[47.476547,-125.36698],[39.148213,-125.36698],[39.148213,-127.43948],[39.148213,-131.609419]]]}},{"properties":{"Name":"Room","Seat Count":"","Element":"Room","NCES_Occupancy Status":"","Level":"LEVEL 1","Area_SF":64.58,"NCES_Department":"Elections","occupancyStatus":"Occupied","NCES_Type":"Open Office - Cubicles","Number":"161","Workstations":"1","RevitId":5486702,"Revit_UniqueId":"a11f68f7-d6bc-42fd-84e2-ee4b8dd71a6e-0053b86e"},"type":"Feature","geometry":{"type":"Polygon","coordinates":[[[47.476547,-133.690313],[55.80488,-133.690313],[55.80488,-131.61698],[55.805387,-127.43948],[55.805387,-125.36698],[47.476547,-125.36698],[47.476547,-133.690313]]]}},{"properties":{"Name":"Room","Seat Count":"","Element":"Room","NCES_Occupancy Status":"","Level":"LEVEL 1","Area_SF":64.66,"NCES_Department":"","occupancyStatus":"Occupied","NCES_Type":"Open Office - Cubicles","Number":"162","Workstations":"","RevitId":5486705,"Revit_UniqueId":"a11f68f7-d6bc-42fd-84e2-ee4b8dd71a6e-0053b871"},"type":"Feature","geometry":{"type":"Polygon","coordinates":[[[55.80488,-117.033647],[47.476547,-117.033647],[47.476547,-125.36698],[55.805387,-125.36698],[55.80488,-123.293647],[55.80488,-119.10698],[55.80488,-117.033647]]]}},{"properties":{"Name":"Room","Seat Count":"","Element":"Room","NCES_Occupancy Status":"","Level":"LEVEL 1","Area_SF":64.66,"NCES_Department":"","occupancyStatus":"Occupied","NCES_Type":"Open Office - Cubicles","Number":"163","Workstations":"","RevitId":5486708,"Revit_UniqueId":"a11f68f7-d6bc-42fd-84e2-ee4b8dd71a6e-0053b874"},"type":"Feature","geometry":{"type":"Polygon","coordinates":[[[47.476547,-117.033647],[55.80488,-117.033647],[55.80488,-114.960313],[55.80488,-110.773646],[55.80488,-108.908036],[55.80488,-108.700313],[47.476547,-108.700313],[47.476547,-117.033647]]]}},{"properties":{"Name":"Room","Seat Count":"","Element":"Room","NCES_Occupancy Status":"","Level":"LEVEL 1","Area_SF":64.66,"NCES_Department":"Elections","occupancyStatus":"Occupied","NCES_Type":"Open Office - Cubicles","Number":"164","Workstations":"1","RevitId":5486711,"Revit_UniqueId":"a11f68f7-d6bc-42fd-84e2-ee4b8dd71a6e-0053b877"},"type":"Feature","geometry":{"type":"Polygon","coordinates":[[[61.460713,-117.033647],[69.789047,-117.033647],[69.789047,-108.700313],[61.460713,-108.700313],[61.460713,-108.908036],[61.460713,-110.773646],[61.460713,-114.960313],[61.460713,-117.033647]]]}},{"properties":{"Name":"Room","Seat Count":"","Element":"Room","NCES_Occupancy Status":"","Level":"LEVEL 1","Area_SF":64.66,"NCES_Department":"Elections","occupancyStatus":"Occupied","NCES_Type":"Open Office - Cubicles","Number":"165","Workstations":"1","RevitId":5486714,"Revit_UniqueId":"a11f68f7-d6bc-42fd-84e2-ee4b8dd71a6e-0053b87a"},"type":"Feature","geometry":{"type":"Polygon","coordinates":[[[69.789047,-117.033647],[78.11738,-117.033647],[78.11738,-114.960313],[78.11738,-110.773646],[78.11738,-108.908036],[78.11738,-108.700313],[69.789047,-108.700313],[69.789047,-117.033647]]]}},{"properties":{"Name":"Room","Seat Count":"","Element":"Room","NCES_Occupancy Status":"","Level":"LEVEL 1","Area_SF":64.66,"NCES_Department":"Elections","occupancyStatus":"Occupied","NCES_Type":"Open Office - Cubicles","Number":"166","Workstations":"1","RevitId":5486717,"Revit_UniqueId":"a11f68f7-d6bc-42fd-84e2-ee4b8dd71a6e-0053b87d"},"type":"Feature","geometry":{"type":"Polygon","coordinates":[[[78.11738,-117.033647],[69.789047,-117.033647],[69.789047,-125.36698],[78.117887,-125.36698],[78.11738,-123.293647],[78.11738,-119.10698],[78.11738,-117.033647]]]}},{"properties":{"Name":"Room","Seat Count":"","Element":"Room","NCES_Occupancy Status":"","Level":"LEVEL 1","Area_SF":64.58,"NCES_Department":"Elections","occupancyStatus":"Occupied","NCES_Type":"Open Office - Cubicles","Number":"167","Workstations":"1","RevitId":5486720,"Revit_UniqueId":"a11f68f7-d6bc-42fd-84e2-ee4b8dd71a6e-0053b880"},"type":"Feature","geometry":{"type":"Polygon","coordinates":[[[69.789047,-133.690313],[78.11738,-133.690313],[78.11738,-131.61698],[78.117887,-127.43948],[78.117887,-125.36698],[69.789047,-125.36698],[69.789047,-133.690313]]]}},{"properties":{"Name":"Room","Seat Count":"","Element":"Room","NCES_Occupancy Status":"","Level":"LEVEL 1","Area_SF":64.58,"NCES_Department":"","occupancyStatus":"Occupied","NCES_Type":"Open Office - Cubicles","Number":"168","Workstations":"","RevitId":5486723,"Revit_UniqueId":"a11f68f7-d6bc-42fd-84e2-ee4b8dd71a6e-0053b883"},"type":"Feature","geometry":{"type":"Polygon","coordinates":[[[61.460713,-131.609419],[61.455713,-131.609419],[61.455713,-133.690313],[69.789047,-133.690313],[69.789047,-125.36698],[61.460713,-125.36698],[61.460713,-127.43948],[61.460713,-131.609419]]]}},{"properties":{"Name":"Room","Seat Count":"","Element":"Room","NCES_Occupancy Status":"","Level":"LEVEL 1","Area_SF":64.66,"NCES_Department":"","occupancyStatus":"Occupied","NCES_Type":"Open Office - Cubicles","Number":"169","Workstations":"","RevitId":5486726,"Revit_UniqueId":"a11f68f7-d6bc-42fd-84e2-ee4b8dd71a6e-0053b886"},"type":"Feature","geometry":{"type":"Polygon","coordinates":[[[61.460713,-123.293647],[61.460713,-125.36698],[69.789047,-125.36698],[69.789047,-117.033647],[61.460713,-117.033647],[61.460713,-119.114541],[61.460713,-123.293647]]]}},{"properties":{"Name":"Room","Seat Count":"","Element":"Room","NCES_Occupancy Status":"","Level":"LEVEL 1","Area_SF":621.85,"NCES_Department":"","occupancyStatus":"Occupied","NCES_Type":"","Number":"170","Workstations":"","RevitId":5488400,"Revit_UniqueId":"a11f68f7-d6bc-42fd-84e2-ee4b8dd71a6e-0053bf10"},"type":"Feature","geometry":{"type":"Polygon","coordinates":[[[125.333676,-83.390565],[128.417009,-83.390565],[128.417009,-78.463072],[128.417009,-73.057231],[125.278354,-73.057231],[125.278354,-60.671405],[125.278354,-58.463072],[126.611688,-58.463072],[128.445021,-58.463072],[128.445021,-52.963072],[125.278354,-52.963072],[125.278354,-38.129738],[117.651453,-38.129738],[117.651453,-38.07872],[115.541667,-38.07872],[115.541667,-48.032332],[115.541667,-52.536533],[117.416667,-52.536533],[117.416667,-60.4532],[117.416667,-76.473898],[114.75,-76.473898],[114.75,-83.390565],[117.416667,-83.390565],[117.416667,-93.319462],[117.416667,-108.406036],[117.416667,-110.174512],[125.333676,-110.174512],[125.333676,-95.38044],[125.333676,-83.390565]]]}},{"properties":{"Name":"Room","Seat Count":"","Element":"Room","NCES_Occupancy Status":"","Level":"LEVEL 1","Area_SF":233.11,"NCES_Department":"","occupancyStatus":"Occupied","NCES_Type":"","Number":"171","Workstations":"","RevitId":5488482,"Revit_UniqueId":"a11f68f7-d6bc-42fd-84e2-ee4b8dd71a6e-0053bf62"},"type":"Feature","geometry":{"type":"Polygon","coordinates":[[[169.500343,-83.390565],[181.566954,-83.390565],[181.566954,-78.463072],[161.533484,-78.463072],[151.262651,-78.463072],[128.417009,-78.463072],[128.417009,-83.390565],[141.267819,-83.390565],[151.267819,-83.390565],[160.400287,-83.390565],[169.500343,-83.390565]]]}},{"properties":{"Name":"Room","Seat Count":"","Element":"Room","NCES_Occupancy Status":"","Level":"LEVEL 1","Area_SF":28.68,"NCES_Department":"","occupancyStatus":"Occupied","NCES_Type":"Open Office - Cubicles","Number":"174","Workstations":"","RevitId":5488748,"Revit_UniqueId":"a11f68f7-d6bc-42fd-84e2-ee4b8dd71a6e-0053c06c"},"type":"Feature","geometry":{"type":"Polygon","coordinates":[[[151.757521,-24.11581],[146.507521,-24.11581],[146.507521,-30.11581],[151.757521,-30.11581],[151.757521,-24.11581]]]}},{"properties":{"Name":"Room","Seat Count":"","Element":"Room","NCES_Occupancy Status":"","Level":"LEVEL 1","Area_SF":28.68,"NCES_Department":"","occupancyStatus":"Occupied","NCES_Type":"Open Office - Cubicles","Number":"175","Workstations":"","RevitId":5488773,"Revit_UniqueId":"a11f68f7-d6bc-42fd-84e2-ee4b8dd71a6e-0053c085"},"type":"Feature","geometry":{"type":"Polygon","coordinates":[[[146.507521,-24.11581],[141.257521,-24.11581],[141.257521,-30.11581],[146.507521,-30.11581],[146.507521,-24.11581]]]}},{"properties":{"Name":"Room","Seat Count":"","Element":"Room","NCES_Occupancy Status":"","Level":"LEVEL 1","Area_SF":28.68,"NCES_Department":"","occupancyStatus":"Occupied","NCES_Type":"Open Office - Cubicles","Number":"176","Workstations":"","RevitId":5488794,"Revit_UniqueId":"a11f68f7-d6bc-42fd-84e2-ee4b8dd71a6e-0053c09a"},"type":"Feature","geometry":{"type":"Polygon","coordinates":[[[141.257521,-24.11581],[136.007521,-24.11581],[136.007521,-30.11581],[141.257521,-30.11581],[141.257521,-24.11581]]]}},{"properties":{"Name":"Room","Seat Count":"","Element":"Room","NCES_Occupancy Status":"","Level":"LEVEL 1","Area_SF":28.19,"NCES_Department":"","occupancyStatus":"Occupied","NCES_Type":"Open Office - Cubicles","Number":"177","Workstations":"","RevitId":5488804,"Revit_UniqueId":"a11f68f7-d6bc-42fd-84e2-ee4b8dd71a6e-0053c0a4"},"type":"Feature","geometry":{"type":"Polygon","coordinates":[[[136.007521,-24.11581],[130.840854,-24.11581],[130.840854,-30.11581],[136.007521,-30.11581],[136.007521,-24.11581]]]}},{"properties":{"Name":"Room","Seat Count":"","Element":"Room","NCES_Occupancy Status":"","Level":"LEVEL 1","Area_SF":28.07,"NCES_Department":"","occupancyStatus":"Occupied","NCES_Type":"Open Office - Cubicles","Number":"178","Workstations":"","RevitId":5488814,"Revit_UniqueId":"a11f68f7-d6bc-42fd-84e2-ee4b8dd71a6e-0053c0ae"},"type":"Feature","geometry":{"type":"Polygon","coordinates":[[[130.840854,-24.11581],[125.695021,-24.11581],[125.695021,-30.11581],[125.780354,-30.11581],[130.840854,-30.11581],[130.840854,-24.11581]]]}},{"properties":{"Name":"Room","Seat Count":"","Element":"Room","NCES_Occupancy Status":"","Level":"LEVEL 1","Area_SF":26.25,"NCES_Department":"","occupancyStatus":"Occupied","NCES_Type":"Open Office - Cubicles","Number":"179","Workstations":"","RevitId":5488839,"Revit_UniqueId":"a11f68f7-d6bc-42fd-84e2-ee4b8dd71a6e-0053c0c7"},"type":"Feature","geometry":{"type":"Polygon","coordinates":[[[156.590854,-24.11581],[151.757521,-24.11581],[151.757521,-30.11581],[156.590854,-30.11581],[156.590854,-24.11581]]]}},{"properties":{"Name":"Room","Seat Count":"","Element":"Room","NCES_Occupancy Status":"","Level":"LEVEL 1","Area_SF":26.74,"NCES_Department":"","occupancyStatus":"Occupied","NCES_Type":"Open Office - Cubicles","Number":"180","Workstations":"","RevitId":5488847,"Revit_UniqueId":"a11f68f7-d6bc-42fd-84e2-ee4b8dd71a6e-0053c0cf"},"type":"Feature","geometry":{"type":"Polygon","coordinates":[[[161.507521,-24.11581],[156.590854,-24.11581],[156.590854,-30.11581],[161.507521,-30.11581],[161.507521,-24.11581]]]}},{"properties":{"Name":"Room","Seat Count":"","Element":"Room","NCES_Occupancy Status":"","Level":"LEVEL 1","Area_SF":26.25,"NCES_Department":"","occupancyStatus":"Occupied","NCES_Type":"Open Office - Cubicles","Number":"181","Workstations":"","RevitId":5488859,"Revit_UniqueId":"a11f68f7-d6bc-42fd-84e2-ee4b8dd71a6e-0053c0db"},"type":"Feature","geometry":{"type":"Polygon","coordinates":[[[166.340854,-24.11581],[161.507521,-24.11581],[161.507521,-30.11581],[166.340854,-30.11581],[166.340854,-24.11581]]]}},{"properties":{"Name":"Room","Seat Count":"","Element":"Room","NCES_Occupancy Status":"","Level":"LEVEL 1","Area_SF":27.05,"NCES_Department":"","occupancyStatus":"Occupied","NCES_Type":"Open Office - Cubicles","Number":"182","Workstations":"","RevitId":5488867,"Revit_UniqueId":"a11f68f7-d6bc-42fd-84e2-ee4b8dd71a6e-0053c0e3"},"type":"Feature","geometry":{"type":"Polygon","coordinates":[[[171.393986,-30.11581],[171.393986,-24.11581],[166.340854,-24.11581],[166.340854,-30.11581],[171.393986,-30.11581]]]}},{"properties":{"Name":"Room","Seat Count":"","Element":"Room","NCES_Occupancy Status":"","Level":"LEVEL 1","Area_SF":24.44,"NCES_Department":"","occupancyStatus":"Occupied","NCES_Type":"Open Office - Cubicles","Number":"183","Workstations":"","RevitId":5488901,"Revit_UniqueId":"a11f68f7-d6bc-42fd-84e2-ee4b8dd71a6e-0053c105"},"type":"Feature","geometry":{"type":"Polygon","coordinates":[[[132.755339,-11.735022],[137.456215,-11.735022],[137.456215,-6.068355],[132.781301,-6.068355],[132.781301,-9.068355],[132.755339,-9.068355],[132.755339,-11.735022]]]}},{"properties":{"Name":"Room","Seat Count":"","Element":"Room","NCES_Occupancy Status":"","Level":"LEVEL 1","Area_SF":24.05,"NCES_Department":"","occupancyStatus":"Occupied","NCES_Type":"Open Office - Cubicles","Number":"184","Workstations":"","RevitId":5488927,"Revit_UniqueId":"a11f68f7-d6bc-42fd-84e2-ee4b8dd71a6e-0053c11f"},"type":"Feature","geometry":{"type":"Polygon","coordinates":[[[137.456215,-11.735022],[142.163173,-11.735022],[142.163173,-6.068355],[137.456215,-6.068355],[137.456215,-11.735022]]]}},{"properties":{"Name":"Room","Seat Count":"","Element":"Room","NCES_Occupancy Status":"","Level":"LEVEL 1","Area_SF":24.05,"NCES_Department":"","occupancyStatus":"Occupied","NCES_Type":"Open Office - Cubicles","Number":"185","Workstations":"","RevitId":5488935,"Revit_UniqueId":"a11f68f7-d6bc-42fd-84e2-ee4b8dd71a6e-0053c127"},"type":"Feature","geometry":{"type":"Polygon","coordinates":[[[142.163173,-11.735022],[146.870132,-11.735022],[146.870132,-6.068355],[142.163173,-6.068355],[142.163173,-11.735022]]]}},{"properties":{"Name":"Room","Seat Count":"","Element":"Room","NCES_Occupancy Status":"","Level":"LEVEL 1","Area_SF":24.05,"NCES_Department":"","occupancyStatus":"Occupied","NCES_Type":"Open Office - Cubicles","Number":"186","Workstations":"","RevitId":5488975,"Revit_UniqueId":"a11f68f7-d6bc-42fd-84e2-ee4b8dd71a6e-0053c14f"},"type":"Feature","geometry":{"type":"Polygon","coordinates":[[[146.870132,-11.735022],[151.577091,-11.735022],[151.577091,-6.068355],[146.870132,-6.068355],[146.870132,-11.735022]]]}},{"properties":{"Name":"Room","Seat Count":"","Element":"Room","NCES_Occupancy Status":"","Level":"LEVEL 1","Area_SF":24.05,"NCES_Department":"","occupancyStatus":"Occupied","NCES_Type":"Open Office - Cubicles","Number":"187","Workstations":"","RevitId":5488983,"Revit_UniqueId":"a11f68f7-d6bc-42fd-84e2-ee4b8dd71a6e-0053c157"},"type":"Feature","geometry":{"type":"Polygon","coordinates":[[[151.577091,-11.735022],[156.28405,-11.735022],[156.28405,-6.068355],[151.577091,-6.068355],[151.577091,-11.735022]]]}},{"properties":{"Name":"Room","Seat Count":"","Element":"Room","NCES_Occupancy Status":"","Level":"LEVEL 1","Area_SF":24.05,"NCES_Department":"","occupancyStatus":"Occupied","NCES_Type":"Open Office - Cubicles","Number":"188","Workstations":"","RevitId":5488991,"Revit_UniqueId":"a11f68f7-d6bc-42fd-84e2-ee4b8dd71a6e-0053c15f"},"type":"Feature","geometry":{"type":"Polygon","coordinates":[[[156.28405,-11.735022],[160.991009,-11.735022],[160.991009,-6.068355],[156.28405,-6.068355],[156.28405,-11.735022]]]}},{"properties":{"Name":"Room","Seat Count":"","Element":"Room","NCES_Occupancy Status":"","Level":"LEVEL 1","Area_SF":24.05,"NCES_Department":"","occupancyStatus":"Occupied","NCES_Type":"Open Office - Cubicles","Number":"189","Workstations":"","RevitId":5488999,"Revit_UniqueId":"a11f68f7-d6bc-42fd-84e2-ee4b8dd71a6e-0053c167"},"type":"Feature","geometry":{"type":"Polygon","coordinates":[[[160.991009,-11.735022],[165.697968,-11.735022],[165.697968,-6.068355],[165.477744,-6.068355],[160.991009,-6.068355],[160.991009,-11.735022]]]}},{"properties":{"Name":"Room","Seat Count":"","Element":"Room","NCES_Occupancy Status":"","Level":"LEVEL 1","Area_SF":66.71,"NCES_Department":"Extension","occupancyStatus":"Occupied","NCES_Type":"Open Office - Cubicles","Number":"190","Workstations":"1","RevitId":5490297,"Revit_UniqueId":"a11f68f7-d6bc-42fd-84e2-ee4b8dd71a6e-0053c679"},"type":"Feature","geometry":{"type":"Polygon","coordinates":[[[187.529287,-105.994731],[187.400287,-105.994731],[187.400287,-107.913686],[187.400287,-108.578065],[195.85762,-108.578065],[195.85762,-99.915444],[187.524287,-99.915444],[187.524287,-101.998777],[187.529287,-101.998777],[187.529287,-105.492731],[187.529287,-105.994731]]]}},{"properties":{"Name":"Room","Seat Count":"","Element":"Room","NCES_Occupancy Status":"Vacant","Level":"LEVEL 1","Area_SF":66.52,"NCES_Department":"Extension","occupancyStatus":"Vacant","NCES_Type":"Open Office - Cubicles","Number":"191","Workstations":"1","RevitId":5490300,"Revit_UniqueId":"a11f68f7-d6bc-42fd-84e2-ee4b8dd71a6e-0053c67c"},"type":"Feature","geometry":{"type":"Polygon","coordinates":[[[195.85762,-108.578065],[204.185953,-108.578065],[204.185953,-103.661398],[204.185953,-99.915444],[195.85762,-99.915444],[195.85762,-108.578065]]]}},{"properties":{"Name":"Room","Seat Count":"","Element":"Room","NCES_Occupancy Status":"","Level":"LEVEL 1","Area_SF":64.58,"NCES_Department":"Extension","occupancyStatus":"Occupied","NCES_Type":"Open Office - Cubicles","Number":"192","Workstations":"1","RevitId":5490303,"Revit_UniqueId":"a11f68f7-d6bc-42fd-84e2-ee4b8dd71a6e-0053c67f"},"type":"Feature","geometry":{"type":"Polygon","coordinates":[[[195.85762,-99.915444],[204.185953,-99.915444],[204.185953,-97.842111],[204.18646,-93.664611],[204.18646,-91.592111],[195.85762,-91.592111],[195.85762,-99.915444]]]}},{"properties":{"Name":"Room","Seat Count":"","Element":"Room","NCES_Occupancy Status":"","Level":"LEVEL 1","Area_SF":64.66,"NCES_Department":"Extension","occupancyStatus":"Occupied","NCES_Type":"Open Office - Cubicles","Number":"193","Workstations":"1","RevitId":5490306,"Revit_UniqueId":"a11f68f7-d6bc-42fd-84e2-ee4b8dd71a6e-0053c682"},"type":"Feature","geometry":{"type":"Polygon","coordinates":[[[204.185953,-83.258777],[195.85762,-83.258777],[195.85762,-91.592111],[204.18646,-91.592111],[204.185953,-89.518777],[204.185953,-85.33211],[204.185953,-83.258777]]]}},{"properties":{"Name":"Room","Seat Count":"","Element":"Room","NCES_Occupancy Status":"","Level":"LEVEL 1","Area_SF":64.66,"NCES_Department":"Extension","occupancyStatus":"Occupied","NCES_Type":"Open Office - Cubicles","Number":"194","Workstations":"1","RevitId":5490309,"Revit_UniqueId":"a11f68f7-d6bc-42fd-84e2-ee4b8dd71a6e-0053c685"},"type":"Feature","geometry":{"type":"Polygon","coordinates":[[[187.529287,-89.518777],[187.529287,-91.592111],[195.85762,-91.592111],[195.85762,-83.258777],[187.529287,-83.258777],[187.529287,-85.339672],[187.529287,-89.518777]]]}},{"properties":{"Name":"Room","Seat Count":"","Element":"Room","NCES_Occupancy Status":"","Level":"LEVEL 1","Area_SF":64.58,"NCES_Department":"Extension","occupancyStatus":"Occupied","NCES_Type":"Open Office - Cubicles","Number":"195","Workstations":"1","RevitId":5490312,"Revit_UniqueId":"a11f68f7-d6bc-42fd-84e2-ee4b8dd71a6e-0053c688"},"type":"Feature","geometry":{"type":"Polygon","coordinates":[[[187.529287,-97.834549],[187.524287,-97.834549],[187.524287,-99.915444],[195.85762,-99.915444],[195.85762,-91.592111],[187.529287,-91.592111],[187.529287,-93.664611],[187.529287,-97.834549]]]}},{"properties":{"Name":"Room","Seat Count":"","Element":"Room","NCES_Occupancy Status":"Vacant","Level":"LEVEL 1","Area_SF":64.66,"NCES_Department":"Extension","occupancyStatus":"Vacant","NCES_Type":"Open Office - Cubicles","Number":"196","Workstations":"1","RevitId":5490322,"Revit_UniqueId":"a11f68f7-d6bc-42fd-84e2-ee4b8dd71a6e-0053c692"},"type":"Feature","geometry":{"type":"Polygon","coordinates":[[[219.600464,-99.994731],[211.272131,-99.994731],[211.272131,-102.068064],[211.272131,-106.254731],[211.272131,-108.322831],[211.272131,-108.328065],[219.600464,-108.328065],[219.600464,-99.994731]]]}},{"properties":{"Name":"Room","Seat Count":"","Element":"Room","NCES_Occupancy Status":"Vacant","Level":"LEVEL 1","Area_SF":64.66,"NCES_Department":"Extension","occupancyStatus":"Vacant","NCES_Type":"Open Office - Cubicles","Number":"197","Workstations":"1","RevitId":5490325,"Revit_UniqueId":"a11f68f7-d6bc-42fd-84e2-ee4b8dd71a6e-0053c695"},"type":"Feature","geometry":{"type":"Polygon","coordinates":[[[219.600464,-99.994731],[219.600464,-108.328065],[227.928797,-108.328065],[227.928797,-108.322831],[227.928797,-106.254731],[227.928797,-102.068064],[227.928797,-99.994731],[219.600464,-99.994731]]]}},{"properties":{"Name":"Room","Seat Count":"","Element":"Room","NCES_Occupancy Status":"","Level":"LEVEL 1","Area_SF":64.66,"NCES_Department":"Extension","occupancyStatus":"Occupied","NCES_Type":"Open Office - Cubicles","Number":"198","Workstations":"1","RevitId":5490328,"Revit_UniqueId":"a11f68f7-d6bc-42fd-84e2-ee4b8dd71a6e-0053c698"},"type":"Feature","geometry":{"type":"Polygon","coordinates":[[[219.600464,-91.661398],[211.272131,-91.661398],[211.272131,-93.734731],[211.272131,-97.921398],[211.272131,-99.994731],[219.600464,-99.994731],[219.600464,-91.661398]]]}},{"properties":{"Name":"Room","Seat Count":"","Element":"Room","NCES_Occupancy Status":"Vacant","Level":"LEVEL 1","Area_SF":64.66,"NCES_Department":"Extension","occupancyStatus":"Vacant","NCES_Type":"Open Office - Cubicles","Number":"199","Workstations":"1","RevitId":5490331,"Revit_UniqueId":"a11f68f7-d6bc-42fd-84e2-ee4b8dd71a6e-0053c69b"},"type":"Feature","geometry":{"type":"Polygon","coordinates":[[[211.272131,-83.328064],[211.272131,-85.401398],[211.272131,-89.588064],[211.272131,-91.661398],[219.600464,-91.661398],[219.600464,-83.328064],[211.272131,-83.328064]]]}},{"properties":{"Name":"WORK RM","Seat Count":"","Element":"Room","NCES_Occupancy Status":"","Level":"LEVEL 1","Area_SF":399.52,"NCES_Department":"Treasurer","occupancyStatus":"Occupied","NCES_Type":"Administrative Workroom","Number":"200","Workstations":"","RevitId":5490347,"Revit_UniqueId":"a11f68f7-d6bc-42fd-84e2-ee4b8dd71a6e-0053c6ab"},"type":"Feature","geometry":{"type":"Polygon","coordinates":[[[187.486406,-61.713904],[187.486406,-76.130571],[204.06974,-76.130571],[204.06974,-51.255836],[187.486406,-51.255836],[187.486406,-51.299837],[187.486406,-57.379738],[187.486406,-61.713904]]]}},{"properties":{"Name":"FILES","Seat Count":"","Element":"Room","NCES_Occupancy Status":"","Level":"LEVEL 1","Area_SF":400.48,"NCES_Department":"Treasurer","occupancyStatus":"Occupied","NCES_Type":"File Room - Active","Number":"201","Workstations":"1","RevitId":5490350,"Revit_UniqueId":"a11f68f7-d6bc-42fd-84e2-ee4b8dd71a6e-0053c6ae"},"type":"Feature","geometry":{"type":"Polygon","coordinates":[[[204.06974,-51.255836],[204.06974,-76.130571],[210.06974,-76.130571],[220.736406,-76.130571],[220.736406,-67.847125],[220.736406,-59.563679],[220.736406,-51.34117],[220.736406,-51.255836],[210.616715,-51.255836],[204.06974,-51.255836]]]}},{"properties":{"Name":"Room","Seat Count":"","Element":"Room","NCES_Occupancy Status":"","Level":"LEVEL 1","Area_SF":64.66,"NCES_Department":"Treasurer","occupancyStatus":"Occupied","NCES_Type":"Office/Storage","Number":"202","Workstations":"1","RevitId":5490357,"Revit_UniqueId":"a11f68f7-d6bc-42fd-84e2-ee4b8dd71a6e-0053c6b5"},"type":"Feature","geometry":{"type":"Polygon","coordinates":[[[241.502247,-55.490816],[233.173913,-55.490816],[233.173913,-57.564149],[233.173913,-61.750816],[233.173913,-63.824149],[241.494766,-63.824149],[241.502247,-63.824149],[241.502247,-55.490816]]]}},{"properties":{"Name":"Room","Seat Count":"","Element":"Room","NCES_Occupancy Status":"","Level":"LEVEL 1","Area_SF":64.66,"NCES_Department":"Treasurer","occupancyStatus":"Occupied","NCES_Type":"Open Office - Cubicles","Number":"203","Workstations":"1","RevitId":5490360,"Revit_UniqueId":"a11f68f7-d6bc-42fd-84e2-ee4b8dd71a6e-0053c6b8"},"type":"Feature","geometry":{"type":"Polygon","coordinates":[[[241.502247,-47.157482],[233.173913,-47.157482],[233.173913,-49.230816],[233.173913,-50.83917],[233.173913,-53.417483],[233.173913,-55.490816],[241.502247,-55.490816],[241.502247,-47.157482]]]}},{"properties":{"Name":"Room","Seat Count":"","Element":"Room","NCES_Occupancy Status":"","Level":"LEVEL 1","Area_SF":64.66,"NCES_Department":"Treasurer","occupancyStatus":"Occupied","NCES_Type":"Open Office - Cubicles","Number":"204","Workstations":"1","RevitId":5490363,"Revit_UniqueId":"a11f68f7-d6bc-42fd-84e2-ee4b8dd71a6e-0053c6bb"},"type":"Feature","geometry":{"type":"Polygon","coordinates":[[[241.502247,-38.824149],[233.173913,-38.824149],[233.173913,-40.897482],[233.173913,-45.084149],[233.173913,-47.157482],[241.502247,-47.157482],[241.502247,-38.824149]]]}},{"properties":{"Name":"Room","Seat Count":"","Element":"Room","NCES_Occupancy Status":"","Level":"LEVEL 1","Area_SF":64.66,"NCES_Department":"Treasurer","occupancyStatus":"Occupied","NCES_Type":"Open Office - Cubicles","Number":"205","Workstations":"1","RevitId":5490366,"Revit_UniqueId":"a11f68f7-d6bc-42fd-84e2-ee4b8dd71a6e-0053c6be"},"type":"Feature","geometry":{"type":"Polygon","coordinates":[[[241.502247,-30.490815],[233.173913,-30.490815],[233.173913,-32.564149],[233.173913,-36.750816],[233.173913,-38.824149],[241.502247,-38.824149],[241.502247,-30.490815]]]}},{"properties":{"Name":"Room","Seat Count":"","Element":"Room","NCES_Occupancy Status":"","Level":"LEVEL 1","Area_SF":64.66,"NCES_Department":"Treasurer","occupancyStatus":"Occupied","NCES_Type":"Open Office - Cubicles","Number":"206","Workstations":"1","RevitId":5490369,"Revit_UniqueId":"a11f68f7-d6bc-42fd-84e2-ee4b8dd71a6e-0053c6c1"},"type":"Feature","geometry":{"type":"Polygon","coordinates":[[[241.502247,-22.157482],[233.173913,-22.157482],[233.173913,-24.230815],[233.173913,-28.417482],[233.173913,-30.490815],[241.502247,-30.490815],[241.502247,-22.157482]]]}},{"properties":{"Name":"Room","Seat Count":"","Element":"Room","NCES_Occupancy Status":"","Level":"LEVEL 1","Area_SF":64.66,"NCES_Department":"Treasurer","occupancyStatus":"Occupied","NCES_Type":"Open Office - Cubicles","Number":"207","Workstations":"1","RevitId":5490372,"Revit_UniqueId":"a11f68f7-d6bc-42fd-84e2-ee4b8dd71a6e-0053c6c4"},"type":"Feature","geometry":{"type":"Polygon","coordinates":[[[233.173913,-13.824149],[233.173913,-15.897482],[233.173913,-20.084149],[233.173913,-22.157482],[241.502247,-22.157482],[241.502247,-13.824149],[233.173913,-13.824149]]]}},{"properties":{"Name":"Room","Seat Count":"","Element":"Room","NCES_Occupancy Status":"","Level":"LEVEL 1","Area_SF":64.66,"NCES_Department":"Treasurer","occupancyStatus":"Occupied","NCES_Type":"Open Office - Cubicles","Number":"208","Workstations":"1","RevitId":5490375,"Revit_UniqueId":"a11f68f7-d6bc-42fd-84e2-ee4b8dd71a6e-0053c6c7"},"type":"Feature","geometry":{"type":"Polygon","coordinates":[[[227.780381,-17.272947],[219.452048,-17.272947],[219.452048,-25.606281],[227.780888,-25.606281],[227.780381,-23.532947],[227.780381,-19.346281],[227.780381,-17.272947]]]}},{"properties":{"Name":"Room","Seat Count":"","Element":"Room","NCES_Occupancy Status":"","Level":"LEVEL 1","Area_SF":64.58,"NCES_Department":"Treasurer","occupancyStatus":"Occupied","NCES_Type":"Break Room","Number":"209","Workstations":"1","RevitId":5490378,"Revit_UniqueId":"a11f68f7-d6bc-42fd-84e2-ee4b8dd71a6e-0053c6ca"},"type":"Feature","geometry":{"type":"Polygon","coordinates":[[[219.452048,-33.929614],[227.780381,-33.929614],[227.780381,-31.856281],[227.780888,-27.678781],[227.780888,-25.606281],[219.452048,-25.606281],[219.452048,-33.929614]]]}},{"properties":{"Name":"Room","Seat Count":"","Element":"Room","NCES_Occupancy Status":"","Level":"LEVEL 1","Area_SF":64.66,"NCES_Department":"Treasurer","occupancyStatus":"Occupied","NCES_Type":"Open Office - Cubicles","Number":"210","Workstations":"1","RevitId":5490381,"Revit_UniqueId":"a11f68f7-d6bc-42fd-84e2-ee4b8dd71a6e-0053c6cd"},"type":"Feature","geometry":{"type":"Polygon","coordinates":[[[227.780381,-33.929614],[219.452048,-33.929614],[219.452048,-42.262947],[227.780888,-42.262947],[227.780381,-40.189614],[227.780381,-36.002947],[227.780381,-33.929614]]]}},{"properties":{"Name":"Room","Seat Count":"","Element":"Room","NCES_Occupancy Status":"","Level":"LEVEL 1","Area_SF":64.58,"NCES_Department":"Treasurer","occupancyStatus":"Occupied","NCES_Type":"Office/Storage","Number":"211","Workstations":"1","RevitId":5490384,"Revit_UniqueId":"a11f68f7-d6bc-42fd-84e2-ee4b8dd71a6e-0053c6d0"},"type":"Feature","geometry":{"type":"Polygon","coordinates":[[[219.452048,-50.586281],[227.780381,-50.586281],[227.780381,-48.512947],[227.780888,-44.335447],[227.780888,-42.262947],[219.452048,-42.262947],[219.452048,-50.586281]]]}},{"properties":{"Name":"Room","Seat Count":"","Element":"Room","NCES_Occupancy Status":"","Level":"LEVEL 1","Area_SF":64.58,"NCES_Department":"Treasurer","occupancyStatus":"Occupied","NCES_Type":"Open Office - Cubicles","Number":"212","Workstations":"1","RevitId":5490387,"Revit_UniqueId":"a11f68f7-d6bc-42fd-84e2-ee4b8dd71a6e-0053c6d3"},"type":"Feature","geometry":{"type":"Polygon","coordinates":[[[211.123715,-48.505386],[211.118715,-48.505386],[211.118715,-50.586281],[219.452048,-50.586281],[219.452048,-42.262947],[211.123715,-42.262947],[211.123715,-44.335447],[211.123715,-48.505386]]]}},{"properties":{"Name":"Room","Seat Count":"","Element":"Room","NCES_Occupancy Status":"","Level":"LEVEL 1","Area_SF":64.66,"NCES_Department":"Treasurer","occupancyStatus":"Occupied","NCES_Type":"Open Office - Cubicles","Number":"213","Workstations":"1","RevitId":5490390,"Revit_UniqueId":"a11f68f7-d6bc-42fd-84e2-ee4b8dd71a6e-0053c6d6"},"type":"Feature","geometry":{"type":"Polygon","coordinates":[[[219.452048,-33.929614],[211.123715,-33.929614],[211.123715,-36.010509],[211.123715,-40.189614],[211.123715,-42.262947],[219.452048,-42.262947],[219.452048,-33.929614]]]}},{"properties":{"Name":"Room","Seat Count":"","Element":"Room","NCES_Occupancy Status":"","Level":"LEVEL 1","Area_SF":64.58,"NCES_Department":"Treasurer","occupancyStatus":"Occupied","NCES_Type":"Open Office - Cubicles","Number":"214","Workstations":"1","RevitId":5490393,"Revit_UniqueId":"a11f68f7-d6bc-42fd-84e2-ee4b8dd71a6e-0053c6d9"},"type":"Feature","geometry":{"type":"Polygon","coordinates":[[[211.123715,-31.848719],[211.118715,-31.848719],[211.118715,-33.929614],[211.123715,-33.929614],[219.452048,-33.929614],[219.452048,-25.606281],[211.123715,-25.606281],[211.123715,-27.678781],[211.123715,-31.848719]]]}},{"properties":{"Name":"Room","Seat Count":"","Element":"Room","NCES_Occupancy Status":"","Level":"LEVEL 1","Area_SF":64.66,"NCES_Department":"Treasurer","occupancyStatus":"Occupied","NCES_Type":"Open Office - Cubicles","Number":"215","Workstations":"1","RevitId":5490396,"Revit_UniqueId":"a11f68f7-d6bc-42fd-84e2-ee4b8dd71a6e-0053c6dc"},"type":"Feature","geometry":{"type":"Polygon","coordinates":[[[211.123715,-23.532947],[211.123715,-25.606281],[219.452048,-25.606281],[219.452048,-17.272947],[211.123715,-17.272947],[211.123715,-19.353842],[211.123715,-23.532947]]]}},{"properties":{"Name":"Room","Seat Count":"","Element":"Room","NCES_Occupancy Status":"","Level":"LEVEL 1","Area_SF":64.66,"NCES_Department":"Treasurer","occupancyStatus":"Occupied","NCES_Type":"Open Office - Cubicles","Number":"216","Workstations":"1","RevitId":5490399,"Revit_UniqueId":"a11f68f7-d6bc-42fd-84e2-ee4b8dd71a6e-0053c6df"},"type":"Feature","geometry":{"type":"Polygon","coordinates":[[[203.947048,-17.272947],[195.618715,-17.272947],[195.618715,-25.606281],[203.947555,-25.606281],[203.947048,-23.532947],[203.947048,-19.346281],[203.947048,-17.272947]]]}},{"properties":{"Name":"Room","Seat Count":"","Element":"Room","NCES_Occupancy Status":"","Level":"LEVEL 1","Area_SF":64.58,"NCES_Department":"Treasurer","occupancyStatus":"Occupied","NCES_Type":"Open Office - Cubicles","Number":"217","Workstations":"1","RevitId":5490402,"Revit_UniqueId":"a11f68f7-d6bc-42fd-84e2-ee4b8dd71a6e-0053c6e2"},"type":"Feature","geometry":{"type":"Polygon","coordinates":[[[195.618715,-33.929614],[203.947048,-33.929614],[203.947048,-31.856281],[203.947555,-27.678781],[203.947555,-25.606281],[195.618715,-25.606281],[195.618715,-33.929614]]]}},{"properties":{"Name":"Room","Seat Count":"","Element":"Room","NCES_Occupancy Status":"","Level":"LEVEL 1","Area_SF":64.58,"NCES_Department":"Treasurer","occupancyStatus":"Occupied","NCES_Type":"Open Office - Cubicles","Number":"218","Workstations":"1","RevitId":5490405,"Revit_UniqueId":"a11f68f7-d6bc-42fd-84e2-ee4b8dd71a6e-0053c6e5"},"type":"Feature","geometry":{"type":"Polygon","coordinates":[[[187.290381,-31.848719],[187.285381,-31.848719],[187.285381,-33.929614],[195.618715,-33.929614],[195.618715,-25.606281],[187.290381,-25.606281],[187.290381,-27.678781],[187.290381,-31.848719]]]}},{"properties":{"Name":"Room","Seat Count":"","Element":"Room","NCES_Occupancy Status":"","Level":"LEVEL 1","Area_SF":64.66,"NCES_Department":"Treasurer","occupancyStatus":"Occupied","NCES_Type":"Open Office - Cubicles","Number":"219","Workstations":"1","RevitId":5490408,"Revit_UniqueId":"a11f68f7-d6bc-42fd-84e2-ee4b8dd71a6e-0053c6e8"},"type":"Feature","geometry":{"type":"Polygon","coordinates":[[[187.290381,-23.532947],[187.290381,-25.606281],[195.618715,-25.606281],[195.618715,-17.272947],[187.290381,-17.272947],[187.290381,-19.353842],[187.290381,-23.532947]]]}},{"properties":{"Name":"Room","Seat Count":"1","Element":"Room","NCES_Occupancy Status":"","Level":"LEVEL 1","Area_SF":64.6,"NCES_Department":"Assessor","occupancyStatus":"Occupied","NCES_Type":"Open Office - Cubicles","Number":"220","Workstations":"","RevitId":5490914,"Revit_UniqueId":"a11f68f7-d6bc-42fd-84e2-ee4b8dd71a6e-0053c8e2"},"type":"Feature","geometry":{"type":"Polygon","coordinates":[[[195.59045,-125.585353],[187.264364,-125.585353],[187.264364,-127.653686],[187.264364,-131.840353],[187.264364,-133.913686],[195.59045,-133.913686],[195.59045,-125.585353]]]}},{"properties":{"Name":"Room","Seat Count":"","Element":"Room","NCES_Occupancy Status":"","Level":"LEVEL 1","Area_SF":64.54,"NCES_Department":"Assessor","occupancyStatus":"Occupied","NCES_Type":"Open Office - Cubicles","Number":"221","Workstations":"1","RevitId":5490917,"Revit_UniqueId":"a11f68f7-d6bc-42fd-84e2-ee4b8dd71a6e-0053c8e5"},"type":"Feature","geometry":{"type":"Polygon","coordinates":[[[187.264364,-123.504458],[187.257117,-123.504458],[187.257117,-125.580353],[195.59045,-125.580353],[195.59045,-117.262019],[187.262117,-117.262019],[187.264364,-119.334519],[187.264364,-123.504458]]]}},{"properties":{"Name":"Room","Seat Count":"","Element":"Room","NCES_Occupancy Status":"","Level":"LEVEL 1","Area_SF":64.65,"NCES_Department":"Assessor","occupancyStatus":"Occupied","NCES_Type":"Open Office - Cubicles","Number":"222","Workstations":"1","RevitId":5490920,"Revit_UniqueId":"a11f68f7-d6bc-42fd-84e2-ee4b8dd71a6e-0053c8e8"},"type":"Feature","geometry":{"type":"Polygon","coordinates":[[[187.262117,-115.188686],[187.262117,-117.262019],[195.59045,-117.262019],[195.59045,-108.928686],[187.262117,-108.928686],[187.264364,-111.009581],[187.262117,-115.188686]]]}},{"properties":{"Name":"Room","Seat Count":"","Element":"Room","NCES_Occupancy Status":"","Level":"LEVEL 1","Area_SF":64.66,"NCES_Department":"Assessor","occupancyStatus":"Occupied","NCES_Type":"Open Office - Cubicles","Number":"223","Workstations":"1","RevitId":5490923,"Revit_UniqueId":"a11f68f7-d6bc-42fd-84e2-ee4b8dd71a6e-0053c8eb"},"type":"Feature","geometry":{"type":"Polygon","coordinates":[[[203.918784,-108.928686],[195.59045,-108.928686],[195.59045,-117.262019],[203.919291,-117.262019],[203.918784,-115.188686],[203.918784,-111.002019],[203.918784,-109.080065],[203.918784,-108.928686]]]}},{"properties":{"Name":"Room","Seat Count":"","Element":"Room","NCES_Occupancy Status":"","Level":"LEVEL 1","Area_SF":64.54,"NCES_Department":"Assessor","occupancyStatus":"Occupied","NCES_Type":"Open Office - Cubicles","Number":"224","Workstations":"1","RevitId":5490926,"Revit_UniqueId":"a11f68f7-d6bc-42fd-84e2-ee4b8dd71a6e-0053c8ee"},"type":"Feature","geometry":{"type":"Polygon","coordinates":[[[203.918784,-125.580353],[203.918784,-123.512019],[203.919291,-119.334519],[203.919291,-117.262019],[195.59045,-117.262019],[195.59045,-125.580353],[203.918784,-125.580353]]]}},{"properties":{"Name":"Room","Seat Count":"","Element":"Room","NCES_Occupancy Status":"","Level":"LEVEL 1","Area_SF":64.61,"NCES_Department":"Assessor","occupancyStatus":"Occupied","NCES_Type":"Open Office - Cubicles","Number":"225","Workstations":"1","RevitId":5490929,"Revit_UniqueId":"a11f68f7-d6bc-42fd-84e2-ee4b8dd71a6e-0053c8f1"},"type":"Feature","geometry":{"type":"Polygon","coordinates":[[[211.267131,-123.504458],[211.267131,-125.585353],[219.600464,-125.585353],[219.600464,-117.262019],[211.272131,-117.262019],[211.272131,-119.334519],[211.267131,-119.334519],[211.267131,-123.504458]]]}},{"properties":{"Name":"Room","Seat Count":"","Element":"Room","NCES_Occupancy Status":"","Level":"LEVEL 1","Area_SF":64.68,"NCES_Department":"Assessor","occupancyStatus":"Occupied","NCES_Type":"Open Office - Cubicles","Number":"226","Workstations":"1","RevitId":5490932,"Revit_UniqueId":"a11f68f7-d6bc-42fd-84e2-ee4b8dd71a6e-0053c8f4"},"type":"Feature","geometry":{"type":"Polygon","coordinates":[[[211.267131,-115.188686],[211.272131,-115.188686],[211.272131,-117.262019],[219.600464,-117.262019],[219.600464,-108.928686],[211.272131,-108.928686],[211.272131,-109.080065],[211.272131,-111.009581],[211.267131,-111.009581],[211.267131,-115.188686]]]}},{"properties":{"Name":"Room","Seat Count":"","Element":"Room","NCES_Occupancy Status":"","Level":"LEVEL 1","Area_SF":64.66,"NCES_Department":"Assessor","occupancyStatus":"Occupied","NCES_Type":"Open Office - Cubicles","Number":"227","Workstations":"1","RevitId":5490935,"Revit_UniqueId":"a11f68f7-d6bc-42fd-84e2-ee4b8dd71a6e-0053c8f7"},"type":"Feature","geometry":{"type":"Polygon","coordinates":[[[227.928797,-108.928686],[219.600464,-108.928686],[219.600464,-117.262019],[227.929304,-117.262019],[227.928797,-115.188686],[227.928797,-111.002019],[227.928797,-109.080065],[227.928797,-108.928686]]]}},{"properties":{"Name":"Room","Seat Count":"","Element":"Room","NCES_Occupancy Status":"","Level":"LEVEL 1","Area_SF":64.58,"NCES_Department":"Assessor","occupancyStatus":"Occupied","NCES_Type":"Open Office - Cubicles","Number":"228","Workstations":"1","RevitId":5490938,"Revit_UniqueId":"a11f68f7-d6bc-42fd-84e2-ee4b8dd71a6e-0053c8fa"},"type":"Feature","geometry":{"type":"Polygon","coordinates":[[[219.600464,-125.585353],[227.928797,-125.585353],[227.928797,-123.512019],[227.929304,-119.334519],[227.929304,-117.262019],[219.600464,-117.262019],[219.600464,-125.585353]]]}},{"properties":{"Name":"Room","Seat Count":"","Element":"Room","NCES_Occupancy Status":"","Level":"LEVEL 1","Area_SF":64.66,"NCES_Department":"Assessor","occupancyStatus":"Occupied","NCES_Type":"Open Office - Cubicles","Number":"229","Workstations":"1","RevitId":5490944,"Revit_UniqueId":"a11f68f7-d6bc-42fd-84e2-ee4b8dd71a6e-0053c900"},"type":"Feature","geometry":{"type":"Polygon","coordinates":[[[233.173913,-112.824149],[233.173913,-114.897482],[233.173913,-119.084149],[233.173913,-121.157482],[241.502247,-121.157482],[241.502247,-112.824149],[241.494766,-112.824149],[233.173913,-112.824149]]]}},{"properties":{"Name":"Room","Seat Count":"","Element":"Room","NCES_Occupancy Status":"","Level":"LEVEL 1","Area_SF":64.66,"NCES_Department":"Assessor","occupancyStatus":"Occupied","NCES_Type":"Open Office - Cubicles","Number":"230","Workstations":"1","RevitId":5490947,"Revit_UniqueId":"a11f68f7-d6bc-42fd-84e2-ee4b8dd71a6e-0053c903"},"type":"Feature","geometry":{"type":"Polygon","coordinates":[[[241.502247,-121.157482],[233.173913,-121.157482],[233.173913,-123.230815],[233.173913,-127.417482],[233.173913,-129.490815],[241.502247,-129.490815],[241.502247,-121.157482]]]}},{"properties":{"Name":"Room","Seat Count":"","Element":"Room","NCES_Occupancy Status":"","Level":"LEVEL 1","Area_SF":64.66,"NCES_Department":"Assessor","occupancyStatus":"Occupied","NCES_Type":"Open Office - Cubicles","Number":"231","Workstations":"1","RevitId":5490950,"Revit_UniqueId":"a11f68f7-d6bc-42fd-84e2-ee4b8dd71a6e-0053c906"},"type":"Feature","geometry":{"type":"Polygon","coordinates":[[[241.502247,-129.490815],[233.173913,-129.490815],[233.173913,-131.564149],[233.173913,-135.750816],[233.173913,-137.698155],[233.173913,-137.824149],[241.502247,-137.824149],[241.502247,-129.490815]]]}},{"properties":{"Name":"Room","Seat Count":"","Element":"Room","NCES_Occupancy Status":"Vacant","Level":"LEVEL 1","Area_SF":66.65,"NCES_Department":"Extension","occupancyStatus":"Vacant","NCES_Type":"Open Office - Cubicles","Number":"232","Workstations":"1","RevitId":5491852,"Revit_UniqueId":"19969f2f-278b-4d6f-8378-577f27e7d694-0053cc8c"},"type":"Feature","geometry":{"type":"Polygon","coordinates":[[[219.600464,-91.661398],[219.600464,-99.994731],[227.928797,-99.994731],[227.928797,-91.661398],[219.600464,-91.661398]]]}},{"properties":{"Name":"Room","Seat Count":"","Element":"Room","NCES_Occupancy Status":"Vacant","Level":"LEVEL 1","Area_SF":66.59,"NCES_Department":"Assessor","occupancyStatus":"Vacant","NCES_Type":"Open Office - Cubicles","Number":"233","Workstations":"1","RevitId":5492165,"Revit_UniqueId":"19969f2f-278b-4d6f-8378-577f27e7d694-0053cdc5"},"type":"Feature","geometry":{"type":"Polygon","coordinates":[[[203.918784,-125.585353],[195.592697,-125.585353],[195.592697,-133.913686],[203.918784,-133.913686],[203.918784,-125.585353]]]}},{"properties":{"Name":"Room","Seat Count":"","Element":"Room","NCES_Occupancy Status":"","Level":"LEVEL 1","Area_SF":42.88,"NCES_Department":"","occupancyStatus":"Occupied","NCES_Type":"","Number":"234","Workstations":"","RevitId":5494877,"Revit_UniqueId":"4b6ee60e-90a1-40da-8ca9-f6b41febe6cc-0053d85d"},"type":"Feature","geometry":{"type":"Polygon","coordinates":[[[138.167009,-58.463072],[131.333676,-58.463072],[131.333676,-63.286405],[131.333676,-65.359738],[138.167009,-65.359738],[138.167009,-58.463072]]]}},{"properties":{"Name":"Room","Seat Count":"","Element":"Room","NCES_Occupancy Status":"","Level":"LEVEL 1","Area_SF":42.89,"NCES_Department":"","occupancyStatus":"Occupied","NCES_Type":"","Number":"235","Workstations":"","RevitId":5494880,"Revit_UniqueId":"4b6ee60e-90a1-40da-8ca9-f6b41febe6cc-0053d860"},"type":"Feature","geometry":{"type":"Polygon","coordinates":[[[145.00085,-58.463072],[138.167009,-58.463072],[138.167009,-65.359738],[145.00085,-65.359738],[145.00085,-63.286405],[145.00085,-58.463072]]]}},{"properties":{"Name":"Room","Seat Count":"","Element":"Room","NCES_Occupancy Status":"","Level":"LEVEL 1","Area_SF":42.87,"NCES_Department":"","occupancyStatus":"Occupied","NCES_Type":"","Number":"236","Workstations":"","RevitId":5494883,"Revit_UniqueId":"4b6ee60e-90a1-40da-8ca9-f6b41febe6cc-0053d863"},"type":"Feature","geometry":{"type":"Polygon","coordinates":[[[131.333676,-65.359738],[131.333676,-67.432238],[131.333676,-72.004738],[138.167009,-72.004738],[138.167009,-65.359738],[131.333676,-65.359738]]]}},{"properties":{"Name":"Room","Seat Count":"","Element":"Room","NCES_Occupancy Status":"","Level":"LEVEL 1","Area_SF":42.87,"NCES_Department":"","occupancyStatus":"Occupied","NCES_Type":"","Number":"237","Workstations":"","RevitId":5494886,"Revit_UniqueId":"4b6ee60e-90a1-40da-8ca9-f6b41febe6cc-0053d866"},"type":"Feature","geometry":{"type":"Polygon","coordinates":[[[145.00085,-67.432238],[145.00085,-65.359738],[138.167009,-65.359738],[138.167009,-72.004738],[145.00085,-72.004738],[145.00085,-67.432238]]]}}],"type":"FeatureCollection","name":"633004_SarpyMP Admin Services Bldg_R26 - LEVEL 1"}