{
  "target_lat": 40.593899999999998, 
  "target_lon": -98.373900000000006, 
  "rotation_deg_cw": 270.0, 
  "scale_deg_per_foot": 2.0000000000000002e-05, 
  "anchor_feet": [
    -63.694653594279657, 
    31.347724936362535
  ], 
  "scale_percent": 100.0, 
  "effective_scale_deg_per_foot": 2.0000000000000002e-05
}