{
  "target_lat": 40.593899999999998,
  "target_lon": -98.373900000000006,
  "rotation_deg_cw": 0.0,
  "scale_deg_per_foot": 2.986080184830373e-06,
  "anchor_feet": [
    303.425862891869,
    196.8370971090755
  ],
  "units": "feet"
}
