{"features":[{"properties":{"Element":"Room","NCES_Department":"County Attorney","Number":"1385","occupancyStatus":"","Area_SF":166.63,"Revit_UniqueId":"e16b0140-08f1-4642-97b4-4c421276a3aa-0052e741","NCES_Occupancy Status":"","Level":"LEVEL 1","RevitId":5433153,"Name":"DEPUTY COUNTY ATTOURNEY","NCES_Type":"Private Office - Enclosed"},"geometry":{"coordinates":[[[0.6666666666660603,-13.783877403267553],[0.6666666666656056,-24.802083333333485],[0.6666666666656056,-26.627302469837844],[12.993368629374118,-26.627302469837872],[13.73529954501447,-26.627302469837872],[13.73529954501447,-12.023135803171215],[3.870545312517777,-12.023135803171186],[2.10980371242141,-13.783877403267553],[0.6666666666660603,-13.783877403267553]]],"type":"Polygon"},"type":"Feature"},{"properties":{"Element":"Room","NCES_Department":"County Attorney","Number":"1383","occupancyStatus":"","Area_SF":101.69,"Revit_UniqueId":"e16b0140-08f1-4642-97b4-4c421276a3aa-0052e744","NCES_Occupancy Status":"","Level":"LEVEL 1","RevitId":5433156,"Name":"SMALL CONF. AREA","NCES_Type":"Conference Room"},"geometry":{"coordinates":[[[18.589466211681128,-16.937206895833867],[18.589466211681128,-27.54137356250058],[28.987903711680985,-27.54137356250058],[28.987903711680985,-16.937206895833867],[18.589466211681128,-16.937206895833867]]],"type":"Polygon"},"type":"Feature"},{"properties":{"Element":"Room","NCES_Department":"County Attorney","Number":"1381","occupancyStatus":"","Area_SF":102.8,"Revit_UniqueId":"e16b0140-08f1-4642-97b4-4c421276a3aa-0052e747","NCES_Occupancy Status":"","Level":"LEVEL 1","RevitId":5433159,"Name":"OFFICE 2","NCES_Type":"Private Office - Enclosed"},"geometry":{"coordinates":[[[39.5790495450145,-16.937206895833867],[28.987903711680985,-16.937206895833867],[28.987903711680985,-27.54137356250058],[39.5790495450145,-27.54137356250058],[39.5790495450145,-25.725978706185543],[39.5790495450145,-16.937206895833867]]],"type":"Polygon"},"type":"Feature"},{"properties":{"Element":"Room","NCES_Department":"County Attorney","Number":"1377","occupancyStatus":"","Area_SF":91.58,"Revit_UniqueId":"e16b0140-08f1-4642-97b4-4c421276a3aa-0052e74a","NCES_Occupancy Status":"","Level":"LEVEL 1","RevitId":5433162,"Name":"OFFICE 5","NCES_Type":"Private Office - Enclosed"},"geometry":{"coordinates":[[[39.5790495450145,-27.54137356250058],[28.987903711680985,-27.54137356250058],[28.987903711680985,-37.03364013985026],[39.5790495450145,-37.03364013985026],[39.5790495450145,-27.559312039518886],[39.5790495450145,-27.54137356250058]]],"type":"Polygon"},"type":"Feature"},{"properties":{"Element":"Room","NCES_Department":"County Attorney","Number":"1388","occupancyStatus":"","Area_SF":91.53,"Revit_UniqueId":"e16b0140-08f1-4642-97b4-4c421276a3aa-0052e74d","NCES_Occupancy Status":"","Level":"LEVEL 1","RevitId":5433165,"Name":"OFFICE 4","NCES_Type":"Private Office - Enclosed"},"geometry":{"coordinates":[[[28.987903711680985,-27.54137356250058],[18.589466211681128,-27.54137356250058],[18.48574621341433,-27.54137356250058],[18.48574621341433,-37.03364013985026],[28.987903711680985,-37.03364013985026],[28.987903711680985,-27.54137356250058]]],"type":"Polygon"},"type":"Feature"},{"properties":{"Element":"Room","NCES_Department":"County Attorney","Number":"1387","occupancyStatus":"","Area_SF":111.77,"Revit_UniqueId":"e16b0140-08f1-4642-97b4-4c421276a3aa-0052e750","NCES_Occupancy Status":"","Level":"LEVEL 1","RevitId":5433168,"Name":"OFFICE 10","NCES_Type":"Private Office - Enclosed"},"geometry":{"coordinates":[[[0.6666666666655487,-26.627302469837844],[0.6666666666655487,-27.375],[0.5208333333322344,-27.375],[0.5208333333318933,-36.135633738048625],[13.951524287254642,-36.135633738048654],[13.951524287254642,-27.231469136504558],[13.73529954501447,-27.231469136504558],[12.993368629374118,-27.231469136504558],[12.993368629374118,-26.627302469837872],[0.6666666666655487,-26.627302469837844]]],"type":"Polygon"},"type":"Feature"},{"properties":{"Element":"Room","NCES_Department":"County Attorney","Number":"1389","occupancyStatus":"","Area_SF":113.29,"Revit_UniqueId":"e16b0140-08f1-4642-97b4-4c421276a3aa-0052e753","NCES_Occupancy Status":"","Level":"LEVEL 1","RevitId":5433171,"Name":"OFFICE 11","NCES_Type":"Private Office - Enclosed"},"geometry":{"coordinates":[[[0.5208333333318365,-36.135633738048625],[0.5208333333314954,-45.541373562499984],[13.868190953921271,-45.54137356250001],[13.868190953921271,-40.01063373804749],[13.951524287254642,-40.01063373804749],[13.951524287254642,-36.135633738048654],[0.5208333333318365,-36.135633738048625]]],"type":"Polygon"},"type":"Feature"},{"properties":{"Element":"Room","NCES_Department":"County Attorney","Number":"1391","occupancyStatus":"","Area_SF":112.11,"Revit_UniqueId":"e16b0140-08f1-4642-97b4-4c421276a3aa-0052e756","NCES_Occupancy Status":"","Level":"LEVEL 1","RevitId":5433174,"Name":"OFFICE 12","NCES_Type":"Private Office - Enclosed"},"geometry":{"coordinates":[[[0.5208333333314954,-45.541373562499984],[0.5208333333312112,-52.238136842822854],[0.6041666666645256,-52.238136842822854],[0.6041666666644687,-53.31250000000003],[0.5208333333311543,-53.31250000000003],[0.5208333333310975,-54.937500000000085],[13.868190953921214,-54.937500000000114],[13.868190953921214,-53.31686725707314],[13.451524287254529,-53.31686725707314],[13.451524287254529,-52.2335339237398],[13.868190953921214,-52.2335339237398],[13.868190953921271,-45.54137356250001],[0.5208333333314954,-45.541373562499984]]],"type":"Polygon"},"type":"Feature"},{"properties":{"Element":"Room","NCES_Department":"County Attorney","Number":"1390","occupancyStatus":"","Area_SF":88.12,"Revit_UniqueId":"e16b0140-08f1-4642-97b4-4c421276a3aa-0052e759","NCES_Occupancy Status":"","Level":"LEVEL 1","RevitId":5433177,"Name":"OFFICE 7","NCES_Type":"Private Office - Enclosed"},"geometry":{"coordinates":[[[28.987903711680985,-46.18720689583401],[28.987903711680985,-37.03364013985026],[18.48574621341433,-37.03364013985026],[18.48574621341433,-46.18720689583401],[18.5690795467477,-46.18720689583401],[28.987903711680985,-46.18720689583401]]],"type":"Polygon"},"type":"Feature"},{"properties":{"Element":"Room","NCES_Department":"County Attorney","Number":"1392","occupancyStatus":"","Area_SF":101.46,"Revit_UniqueId":"e16b0140-08f1-4642-97b4-4c421276a3aa-0052e75c","NCES_Occupancy Status":"","Level":"LEVEL 1","RevitId":5433180,"Name":"OFFICE 8","NCES_Type":"Private Office - Enclosed"},"geometry":{"coordinates":[[[28.987903711680985,-56.833040229167295],[28.987903711680985,-46.18720689583401],[18.5690795467477,-46.18720689583401],[18.5690795467477,-56.833040229167295],[28.987903711680985,-56.833040229167295]]],"type":"Polygon"},"type":"Feature"},{"properties":{"Element":"Room","NCES_Department":"County Attorney","Number":"1393","occupancyStatus":"","Area_SF":103.22,"Revit_UniqueId":"e16b0140-08f1-4642-97b4-4c421276a3aa-0052e75f","NCES_Occupancy Status":"","Level":"LEVEL 1","RevitId":5433183,"Name":"OFFICE 9","NCES_Type":"Private Office - Enclosed"},"geometry":{"coordinates":[[[28.987903711680985,-46.18720689583401],[28.987903711680985,-56.833040229167295],[36.006132878347785,-56.833040229167295],[39.5790495450145,-56.833040229167295],[39.5790495450145,-53.58988899335915],[39.5790495450145,-51.923222326692496],[39.5790495450145,-46.18720689583401],[28.987903711680985,-46.18720689583401]]],"type":"Polygon"},"type":"Feature"},{"properties":{"Element":"Room","NCES_Department":"County Attorney","Number":"1376","occupancyStatus":"","Area_SF":88.17,"Revit_UniqueId":"e16b0140-08f1-4642-97b4-4c421276a3aa-0052e762","NCES_Occupancy Status":"","Level":"LEVEL 1","RevitId":5433186,"Name":"OFFICE 6","NCES_Type":"Private Office - Enclosed"},"geometry":{"coordinates":[[[28.987903711680985,-37.03364013985026],[28.987903711680985,-46.18720689583401],[39.5790495450145,-46.18720689583401],[39.5790495450145,-37.03364013985026],[28.987903711680985,-37.03364013985026]]],"type":"Polygon"},"type":"Feature"},{"properties":{"Element":"Room","NCES_Department":"County Attorney","Number":"1382","occupancyStatus":"","Area_SF":111.68,"Revit_UniqueId":"e16b0140-08f1-4642-97b4-4c421276a3aa-0052e765","NCES_Occupancy Status":"","Level":"LEVEL 1","RevitId":5433189,"Name":"OFFICE 1","NCES_Type":"Private Office - Enclosed"},"geometry":{"coordinates":[[[36.77075505277787,-2.041666666666657],[36.77075505277787,-0.5416666666666856],[27.129149418287994,-0.5416666666666856],[27.129149418287994,-2.375],[26.35831608495465,-2.375],[26.35831608495465,-9.350973852996503],[26.337482751621337,-9.350973852996503],[26.337482751621337,-10.64264051966316],[26.54781608495469,-10.64264051966316],[39.5790495450145,-10.64264051966316],[39.5790495450145,-2.041666666666657],[36.77075505277787,-2.041666666666657]]],"type":"Polygon"},"type":"Feature"},{"properties":{"Element":"Room","NCES_Department":"County Attorney","Number":"1384","occupancyStatus":"","Area_SF":257.89,"Revit_UniqueId":"e16b0140-08f1-4642-97b4-4c421276a3aa-0052e769","NCES_Occupancy Status":"","Level":"LEVEL 1","RevitId":5433193,"Name":"COUNTY ATTORNEY OFFICE","NCES_Type":"Private Office - Enclosed"},"geometry":{"coordinates":[[[2.8020833333333712,-0.7083333333333428],[0.6666666666665719,-0.7083333333333428],[0.6666666666665151,-2.885416666666856],[0.6666666666660603,-13.783877403267553],[2.10980371242141,-13.783877403267553],[3.870545312517777,-12.023135803171186],[13.73529954501447,-12.023135803171215],[26.04581608495468,-12.023135803171272],[26.04581608495468,-11.14464051966317],[26.04581608495468,-10.89264051966316],[26.337482751621337,-10.89264051966316],[26.337482751621337,-10.64264051966316],[26.337482751621337,-9.350973852996503],[26.35831608495465,-9.350973852996503],[26.35831608495465,-2.375],[26.35831608495465,-0.7083333333333428],[24.71875,-0.7083333333333428],[2.8020833333333712,-0.7083333333333428]]],"type":"Polygon"},"type":"Feature"},{"properties":{"Element":"Room","NCES_Department":"County Attorney","Number":"1396","occupancyStatus":"","Area_SF":112.82,"Revit_UniqueId":"e16b0140-08f1-4642-97b4-4c421276a3aa-0052e76c","NCES_Occupancy Status":"","Level":"LEVEL 1","RevitId":5433196,"Name":"OFFICE 13","NCES_Type":"Private Office - Enclosed"},"geometry":{"coordinates":[[[0.5208333333310975,-54.937500000000085],[0.5208333333306996,-64.35468998657055],[13.868190953921214,-64.35468998657058],[13.868190953921214,-54.937500000000114],[0.5208333333310975,-54.937500000000085]]],"type":"Polygon"},"type":"Feature"},{"properties":{"Element":"Room","NCES_Department":"County Attorney","Number":"1397","occupancyStatus":"","Area_SF":112.68,"Revit_UniqueId":"e16b0140-08f1-4642-97b4-4c421276a3aa-0052e76f","NCES_Occupancy Status":"","Level":"LEVEL 1","RevitId":5433199,"Name":"OFFICE 14","NCES_Type":"Private Office - Enclosed"},"geometry":{"coordinates":[[[0.5208333333307564,-64.35468998657055],[0.5208333333303585,-73.76063373804749],[13.707857620587845,-73.76063373804755],[13.868190953921157,-73.76063373804755],[13.868190953921157,-64.35468998657058],[0.5208333333307564,-64.35468998657055]]],"type":"Polygon"},"type":"Feature"},{"properties":{"Element":"Room","NCES_Department":"County Attorney","Number":"1395","occupancyStatus":"","Area_SF":101.23,"Revit_UniqueId":"e16b0140-08f1-4642-97b4-4c421276a3aa-0052e772","NCES_Occupancy Status":"","Level":"LEVEL 1","RevitId":5433202,"Name":"OFFICE 15","NCES_Type":"Private Office - Enclosed"},"geometry":{"coordinates":[[[24.61390517350901,-71.65118095136822],[24.61390517350901,-66.21234722719703],[18.155571840175668,-66.21234722719703],[18.155571840175668,-78.84162145087993],[29.2853739344159,-78.84162145087993],[29.2853739344159,-71.65118095136822],[24.61390517350901,-71.65118095136822]]],"type":"Polygon"},"type":"Feature"},{"properties":{"Element":"Room","NCES_Department":"County Attorney","Number":"1374","occupancyStatus":"","Area_SF":41.88,"Revit_UniqueId":"e16b0140-08f1-4642-97b4-4c421276a3aa-0052e775","NCES_Occupancy Status":"","Level":"LEVEL 1","RevitId":5433205,"Name":"ELEV MAINT.","NCES_Type":"Equipment Storage"},"geometry":{"coordinates":[[[31.462457267749215,-71.65118095136822],[29.2853739344159,-71.65118095136822],[29.2853739344159,-78.84162145087993],[29.306207267749272,-78.84162145087993],[36.399957267749215,-78.84162145087993],[36.399957267749215,-71.65118095136822],[31.462457267749215,-71.65118095136822]]],"type":"Polygon"},"type":"Feature"},{"properties":{"Element":"Room","NCES_Department":"Courthouse","Number":"1378","occupancyStatus":"","Area_SF":70.63,"Revit_UniqueId":"e16b0140-08f1-4642-97b4-4c421276a3aa-00534d69","NCES_Occupancy Status":"","Level":"LEVEL 1","RevitId":5459305,"Name":"SECURE VEST.","NCES_Type":"Sally Port/Secure Transfer"},"geometry":{"coordinates":[[[39.5790495450145,-2.041666666666657],[39.5790495450145,-10.64264051966316],[39.5790495450145,-12.288473852996503],[46.52863022877315,-12.288473852996532],[46.52863022877318,-0.541666666666714],[40.89748380258257,-0.5416666666666856],[40.89224996978757,-0.5416666666666856],[40.64224996978754,-0.7083333333333428],[36.77075505277787,-0.7083333333333428],[36.77075505277787,-2.041666666666657],[39.5790495450145,-2.041666666666657]]],"type":"Polygon"},"type":"Feature"},{"properties":{"Element":"Room","NCES_Department":"Child Support","Number":"1348","occupancyStatus":"","Area_SF":126.35,"Revit_UniqueId":"e16b0140-08f1-4642-97b4-4c421276a3aa-00534d6c","NCES_Occupancy Status":"","Level":"LEVEL 1","RevitId":5459308,"Name":"OFFICE","NCES_Type":"Private Office - Enclosed"},"geometry":{"coordinates":[[[48.329749969788,-0.541666666666714],[46.52863022877318,-0.541666666666714],[46.52863022877315,-12.288473852996532],[46.52863022877315,-13.049980242304713],[47.32029689543978,-13.049980242304713],[51.73696356210644,-13.049980242304713],[57.77863022877318,-13.049980242304713],[57.77863022877321,-1.5833333333335133],[56.611963562106524,-1.5833333333334565],[56.611963562106524,-0.5416666666667709],[52.59683075001067,-0.5416666666667425],[50.263497416677325,-0.5416666666667425],[48.329749969788,-0.541666666666714]]],"type":"Polygon"},"type":"Feature"},{"properties":{"Element":"Room","NCES_Department":"Child Support","Number":"1347","occupancyStatus":"","Area_SF":122.48,"Revit_UniqueId":"e16b0140-08f1-4642-97b4-4c421276a3aa-00534d6f","NCES_Occupancy Status":"","Level":"LEVEL 1","RevitId":5459311,"Name":"OFFICE E","NCES_Type":"Private Office - Enclosed"},"geometry":{"coordinates":[[[58.61766408334398,-0.5416666666667993],[57.77863022877321,-0.5416666666667993],[57.77863022877321,-1.5833333333335133],[57.77863022877318,-13.049980242304713],[68.61196356210644,-13.049980242304741],[68.61196356210647,-0.5416666666668561],[64.28433075001067,-0.5416666666668277],[61.950997416677325,-0.5416666666667993],[60.950997416677325,-0.5416666666667993],[58.61766408334398,-0.5416666666667993]]],"type":"Polygon"},"type":"Feature"},{"properties":{"Element":"Room","NCES_Department":"Child Support","Number":"1346","occupancyStatus":"","Area_SF":124.6,"Revit_UniqueId":"e16b0140-08f1-4642-97b4-4c421276a3aa-00534d72","NCES_Occupancy Status":"","Level":"LEVEL 1","RevitId":5459314,"Name":"OFFICE F","NCES_Type":"Private Office - Enclosed"},"geometry":{"coordinates":[[[70.18016408334398,-0.5416666666668561],[68.61196356210647,-0.5416666666668277],[68.61196356210644,-13.049980242304713],[74.73346095757066,-13.049980242304713],[76.31741341544517,-13.049980242304713],[77.95663881852903,-11.521377824348946],[80.178537634605,-9.449423658486694],[80.178537634605,-0.5416666666669414],[78.8259974166773,-0.541666666666913],[75.84683075001067,-0.541666666666913],[73.51349741667732,-0.5416666666668846],[72.51349741667732,-0.5416666666668846],[70.18016408334398,-0.5416666666668561]]],"type":"Polygon"},"type":"Feature"},{"properties":{"Element":"Room","NCES_Department":"Child Support","Number":"1343","occupancyStatus":"","Area_SF":123.98,"Revit_UniqueId":"e16b0140-08f1-4642-97b4-4c421276a3aa-00534d75","NCES_Occupancy Status":"","Level":"LEVEL 1","RevitId":5459317,"Name":"OFFICE G","NCES_Type":"Private Office - Enclosed"},"geometry":{"coordinates":[[[81.59683075001064,-0.5416666666669414],[80.178537634605,-0.5416666666669414],[80.178537634605,-9.449423658486694],[77.95663881852903,-11.521377824348946],[80.83587605902724,-14.608981749797039],[83.99924039211692,-11.659096786241122],[91.65549039211692,-11.659096786241122],[91.65549039211692,-0.5416666666669983],[83.93016408334398,-0.5416666666669414],[81.59683075001064,-0.5416666666669414]]],"type":"Polygon"},"type":"Feature"},{"properties":{"Element":"Room","NCES_Department":"Child Support","Number":"1342","occupancyStatus":"","Area_SF":101.15,"Revit_UniqueId":"e16b0140-08f1-4642-97b4-4c421276a3aa-00534d78","NCES_Occupancy Status":"","Level":"LEVEL 1","RevitId":5459320,"Name":"OFFICE H","NCES_Type":"Private Office - Enclosed"},"geometry":{"coordinates":[[[80.83587605902724,-14.608981749797039],[79.16826907573207,-16.16405041946831],[79.16826907573207,-21.375000000000313],[91.65549039211692,-21.37500000000034],[91.65549039211692,-16.458333333333655],[91.73882372545023,-16.458333333333655],[91.73882372545023,-12.937500000000341],[91.65549039211692,-12.937500000000341],[91.65549039211692,-11.659096786241122],[83.99924039211692,-11.659096786241122],[80.83587605902724,-14.608981749797039]]],"type":"Polygon"},"type":"Feature"},{"properties":{"Element":"Room","NCES_Department":"Child Support","Number":"1340","occupancyStatus":"","Area_SF":102.89,"Revit_UniqueId":"e16b0140-08f1-4642-97b4-4c421276a3aa-00534d7b","NCES_Occupancy Status":"","Level":"LEVEL 1","RevitId":5459323,"Name":"OFFICE I","NCES_Type":"Private Office - Enclosed"},"geometry":{"coordinates":[[[79.16826907573207,-21.375000000000313],[79.16826907573207,-30.37500000000034],[91.65549039211692,-30.37500000000037],[91.65549039211692,-21.37500000000034],[79.16826907573207,-21.375000000000313]]],"type":"Polygon"},"type":"Feature"},{"properties":{"Element":"Room","NCES_Department":"Child Support","Number":"1338","occupancyStatus":"","Area_SF":102.73,"Revit_UniqueId":"e16b0140-08f1-4642-97b4-4c421276a3aa-00534d7e","NCES_Occupancy Status":"","Level":"LEVEL 1","RevitId":5459326,"Name":"OFFICE J","NCES_Type":"Private Office - Enclosed"},"geometry":{"coordinates":[[[79.16826907573207,-30.37500000000034],[79.16826907573207,-39.361967086134996],[91.73882372545026,-39.361967086135024],[91.73882372545026,-36.75000000000031],[91.65549039211692,-36.75000000000031],[91.65549039211692,-30.37500000000037],[79.16826907573207,-30.37500000000034]]],"type":"Polygon"},"type":"Feature"},{"properties":{"Element":"Room","NCES_Department":"Child Support","Number":"1336","occupancyStatus":"","Area_SF":104.14,"Revit_UniqueId":"e16b0140-08f1-4642-97b4-4c421276a3aa-00534d81","NCES_Occupancy Status":"","Level":"LEVEL 1","RevitId":5459329,"Name":"OFFICE K","NCES_Type":"Private Office - Enclosed"},"geometry":{"coordinates":[[[79.16826907573207,-39.361967086134996],[79.16826907573207,-48.46586239307774],[91.57215705878357,-48.46586239307777],[91.57215705878357,-42.171900499462],[91.57215705878357,-41.916666666667],[91.73882372545026,-41.916666666667],[91.73882372545026,-39.361967086135024],[79.16826907573207,-39.361967086134996]]],"type":"Polygon"},"type":"Feature"},{"properties":{"Element":"Room","NCES_Department":"Child Support","Number":"1337","occupancyStatus":"","Area_SF":57.56,"Revit_UniqueId":"e16b0140-08f1-4642-97b4-4c421276a3aa-00534d84","NCES_Occupancy Status":"","Level":"LEVEL 1","RevitId":5459332,"Name":"KITCHEN","NCES_Type":"Kitchenette"},"geometry":{"coordinates":[[[74.48346095757066,-41.82215018175066],[74.48346095757066,-34.61381684841734],[65.54946356210641,-34.613816848417315],[65.54946356210641,-36.48881684841729],[65.46613022877307,-36.48881684841729],[65.46613022877307,-41.82215018175066],[74.48346095757066,-41.82215018175066]]],"type":"Polygon"},"type":"Feature"},{"properties":{"Element":"Room","NCES_Department":"Child Support","Number":"1339","occupancyStatus":"","Area_SF":70.99,"Revit_UniqueId":"e16b0140-08f1-4642-97b4-4c421276a3aa-00534d87","NCES_Occupancy Status":"","Level":"LEVEL 1","RevitId":5459335,"Name":"OFFICE M","NCES_Type":"Private Office - Enclosed"},"geometry":{"coordinates":[[[74.48346095757066,-34.61381684841734],[74.48346095757066,-26.20804022916721],[66.21613022877307,-26.20804022916718],[66.21613022877307,-26.791373562500468],[65.04946356210641,-26.791373562500468],[65.04946356210641,-34.613816848417315],[65.54946356210641,-34.613816848417315],[74.48346095757066,-34.61381684841734]]],"type":"Polygon"},"type":"Feature"},{"properties":{"Element":"Room","NCES_Department":"Child Support","Number":"1341","occupancyStatus":"","Area_SF":73.6,"Revit_UniqueId":"e16b0140-08f1-4642-97b4-4c421276a3aa-00534d8a","NCES_Occupancy Status":"","Level":"LEVEL 1","RevitId":5459338,"Name":"OFFICE L","NCES_Type":"Private Office - Enclosed"},"geometry":{"coordinates":[[[74.48346095757066,-26.20804022916721],[74.48346095757066,-17.591900808404745],[74.28146095757066,-17.591900808404745],[65.04946356210644,-17.591900808404716],[65.04946356210644,-26.20804022916718],[66.21613022877307,-26.20804022916718],[74.48346095757066,-26.20804022916721]]],"type":"Polygon"},"type":"Feature"},{"properties":{"Element":"Room","NCES_Department":"Child Support","Number":"1350","occupancyStatus":"","Area_SF":185.97,"Revit_UniqueId":"e16b0140-08f1-4642-97b4-4c421276a3aa-00534d8d","NCES_Occupancy Status":"","Level":"LEVEL 1","RevitId":5459341,"Name":"CLERICAL/COPY WORK ROOM","NCES_Type":"Copy/Print/Mail Area"},"geometry":{"coordinates":[[[65.04946356210644,-17.591900808404688],[54.61255261710747,-17.59190080840466],[54.61255261710744,-26.267645372852172],[54.61255261710744,-30.738816848417315],[54.05005261710744,-30.738816848417315],[54.05005261710744,-36.28048351508397],[58.132796895439725,-36.28048351508397],[65.04946356210641,-36.28048351508397],[65.04946356210641,-34.613816848417315],[65.04946356210641,-26.791373562500468],[65.04946356210641,-26.20804022916718],[65.04946356210644,-17.591900808404688]]],"type":"Polygon"},"type":"Feature"},{"properties":{"Element":"Room","NCES_Department":"Child Support","Number":"1351","occupancyStatus":"","Area_SF":72.94,"Revit_UniqueId":"e16b0140-08f1-4642-97b4-4c421276a3aa-00534d90","NCES_Occupancy Status":"","Level":"LEVEL 1","RevitId":5459344,"Name":"OFFICE C","NCES_Type":"Private Office - Enclosed"},"geometry":{"coordinates":[[[51.73696356210644,-17.59190080840466],[47.21701411252104,-17.59190080840463],[45.07088595044081,-19.738028970484834],[45.07088595044081,-26.267645372852144],[54.61255261710744,-26.267645372852172],[54.61255261710747,-17.59190080840466],[51.73696356210644,-17.59190080840466]]],"type":"Polygon"},"type":"Feature"},{"properties":{"Element":"Room","NCES_Department":"Child Support","Number":"1352","occupancyStatus":"","Area_SF":84.05,"Revit_UniqueId":"e16b0140-08f1-4642-97b4-4c421276a3aa-00534d93","NCES_Occupancy Status":"","Level":"LEVEL 1","RevitId":5459347,"Name":"OFFICE B","NCES_Type":"Private Office - Enclosed"},"geometry":{"coordinates":[[[45.07088595044081,-26.267645372852144],[45.07088595044081,-36.28048351508397],[53.341719283774125,-36.28048351508397],[54.05005261710744,-36.28048351508397],[54.05005261710744,-30.738816848417315],[54.61255261710744,-30.738816848417315],[54.61255261710744,-26.267645372852172],[45.07088595044081,-26.267645372852144]]],"type":"Polygon"},"type":"Feature"},{"properties":{"Element":"Room","NCES_Department":"Child Support","Number":"1354","occupancyStatus":"","Area_SF":244.37,"Revit_UniqueId":"e16b0140-08f1-4642-97b4-4c421276a3aa-00534d96","NCES_Occupancy Status":"","Level":"LEVEL 1","RevitId":5459350,"Name":"FILE ROOM EXPANSION","NCES_Type":"File Room - Active"},"geometry":{"coordinates":[[[74.48346095757066,-48.465862393077714],[74.48346095757066,-41.82215018175066],[65.46613022877307,-41.82215018175066],[58.132796895439725,-41.82215018175066],[58.132796895439725,-36.28048351508397],[54.05005261710744,-36.28048351508397],[53.341719283774125,-36.28048351508397],[53.3417192837741,-52.841582361078196],[59.94600144219123,-52.841582361078224],[63.283029841461,-52.841582361078224],[65.05386317479434,-52.841582361078224],[65.05386317479434,-52.341582361078224],[66.15421928377415,-52.341582361078224],[66.15421928377413,-52.88324902774488],[72.10846095757068,-52.88324902774491],[74.48346095757066,-52.88324902774491],[74.48346095757066,-48.465862393077714]]],"type":"Polygon"},"type":"Feature"},{"properties":{"Element":"Room","NCES_Department":"Child Support","Number":"1360","occupancyStatus":"","Area_SF":42.32,"Revit_UniqueId":"e16b0140-08f1-4642-97b4-4c421276a3aa-00534d99","NCES_Occupancy Status":"","Level":"LEVEL 1","RevitId":5459353,"Name":"TOILET","NCES_Type":"Single Stall Restroom"},"geometry":{"coordinates":[[[63.283029841461,-52.841582361078224],[63.283029841461,-57.41976430588147],[63.28302984146097,-58.466582361078224],[72.10846095757068,-58.46658236107825],[72.10846095757068,-52.88324902774491],[66.15421928377413,-52.88324902774488],[66.15421928377413,-52.841582361078224],[65.05386317479434,-52.841582361078224],[63.283029841461,-52.841582361078224]]],"type":"Polygon"},"type":"Feature"},{"properties":{"Element":"Room","NCES_Department":"Child Support","Number":"1359","occupancyStatus":"","Area_SF":36.22,"Revit_UniqueId":"e16b0140-08f1-4642-97b4-4c421276a3aa-00534d9c","NCES_Occupancy Status":"","Level":"LEVEL 1","RevitId":5459356,"Name":"TOILET","NCES_Type":"Single Stall Restroom"},"geometry":{"coordinates":[[[74.48346095757066,-52.88324902774491],[72.10846095757068,-52.88324902774491],[72.10846095757068,-58.46658236107825],[74.90012762423737,-58.46658236107825],[79.816794290904,-58.46658236107828],[79.816794290904,-52.88324902774494],[74.48346095757066,-52.88324902774491]]],"type":"Polygon"},"type":"Feature"},{"properties":{"Element":"Room","NCES_Department":"Child Support","Number":"1358","occupancyStatus":"","Area_SF":37.51,"Revit_UniqueId":"e16b0140-08f1-4642-97b4-4c421276a3aa-00534d9f","NCES_Occupancy Status":"","Level":"LEVEL 1","RevitId":5459359,"Name":"TOILET","NCES_Type":"Single Stall Restroom"},"geometry":{"coordinates":[[[87.73755261710747,-52.88324902774494],[79.816794290904,-52.88324902774491],[79.816794290904,-58.46658236107828],[87.73755261710747,-58.46658236107831],[87.73755261710747,-53.67491569441157],[87.73755261710747,-52.88324902774494]]],"type":"Polygon"},"type":"Feature"},{"properties":{"Element":"Room","NCES_Department":"Child Support","Number":"1361","occupancyStatus":"","Area_SF":225.82,"Revit_UniqueId":"e16b0140-08f1-4642-97b4-4c421276a3aa-00534da2","NCES_Occupancy Status":"","Level":"LEVEL 1","RevitId":5459362,"Name":"JURY ROOM","NCES_Type":"Jury Deliberation"},"geometry":{"coordinates":[[[65.90802984146092,-78.33868095136819],[65.90802984146092,-78.84162145087993],[74.90012762423734,-78.84162145087993],[74.90012762423737,-58.46658236107825],[72.10846095757068,-58.46658236107825],[63.28302984146097,-58.466582361078224],[63.283029841460944,-68.7050216275932],[63.283029841460916,-78.33868095136819],[65.90802984146092,-78.33868095136819]]],"type":"Polygon"},"type":"Feature"},{"properties":{"Element":"Room","NCES_Department":"Child Support","Number":"1355","occupancyStatus":"","Area_SF":228.49,"Revit_UniqueId":"e16b0140-08f1-4642-97b4-4c421276a3aa-00534da5","NCES_Occupancy Status":"","Level":"LEVEL 1","RevitId":5459365,"Name":"OFFICE A (3 PERSON)","NCES_Type":"Shared Office - Enclosed"},"geometry":{"coordinates":[[[45.07088595044081,-52.84158236107817],[45.07088595044081,-58.32136230381818],[47.82088595044081,-58.32136230381818],[47.82088595044081,-68.70502162759314],[55.551957895950835,-68.70502162759317],[63.283029841460944,-68.7050216275932],[63.28302984146097,-58.466582361078224],[63.28302984146097,-57.41976430588147],[59.94600144219123,-57.41976430588147],[59.94600144219123,-52.841582361078224],[53.3417192837741,-52.841582361078196],[45.07088595044081,-52.84158236107817]]],"type":"Polygon"},"type":"Feature"},{"properties":{"Element":"Room","NCES_Department":"Child Support","Number":"1361","occupancyStatus":"","Area_SF":70.24,"Revit_UniqueId":"e16b0140-08f1-4642-97b4-4c421276a3aa-00534da8","NCES_Occupancy Status":"","Level":"LEVEL 1","RevitId":5459368,"Name":"VIC. WIT. 1","NCES_Type":"Witness/Victim Waiting"},"geometry":{"coordinates":[[[47.82088595044081,-78.84162145087993],[55.551957895950835,-78.84162145087993],[55.551957895950835,-68.70502162759317],[47.82088595044081,-68.70502162759314],[47.82088595044081,-78.84162145087993]]],"type":"Polygon"},"type":"Feature"},{"properties":{"Element":"Room","NCES_Department":"Child Support","Number":"1362","occupancyStatus":"","Area_SF":70.64,"Revit_UniqueId":"e16b0140-08f1-4642-97b4-4c421276a3aa-00534dab","NCES_Occupancy Status":"","Level":"LEVEL 1","RevitId":5459371,"Name":"VIC. WIT. 2","NCES_Type":"Witness/Victim Waiting"},"geometry":{"coordinates":[[[55.551957895950835,-78.84162145087993],[63.283029841460916,-78.84162145087993],[63.283029841460916,-78.33868095136819],[63.283029841460944,-68.7050216275932],[55.551957895950835,-68.70502162759317],[55.551957895950835,-78.84162145087993]]],"type":"Polygon"},"type":"Feature"},{"properties":{"Element":"Room","NCES_Department":"County Attorney","Number":"1373","occupancyStatus":"","Area_SF":492.84,"Revit_UniqueId":"e16b0140-08f1-4642-97b4-4c421276a3aa-00534dae","NCES_Occupancy Status":"","Level":"LEVEL 1","RevitId":5459374,"Name":"ELEV LOBBY","NCES_Type":"Lobby/Reception"},"geometry":{"coordinates":[[[39.5790495450145,-12.288473852996503],[39.5790495450145,-16.937206895833867],[39.5790495450145,-25.725978706185543],[40.03738287834784,-25.725978706185543],[40.03738287834784,-27.559312039518886],[39.5790495450145,-27.559312039518886],[39.5790495450145,-37.03364013985026],[39.5790495450145,-46.18720689583401],[39.5790495450145,-51.923222326692496],[40.03738287834781,-51.923222326692496],[40.03738287834781,-53.58988899335915],[39.5790495450145,-53.58988899335915],[39.5790495450145,-56.833040229167295],[39.5790495450145,-58.53095689583398],[36.006132878347785,-58.53095689583398],[36.006132878347785,-64.61851652941385],[31.462457267749215,-64.61851652941385],[31.462457267749215,-71.65118095136822],[36.399957267749215,-71.65118095136822],[36.399957267749215,-78.84162145087993],[39.28016560108259,-78.84162145087993],[39.28016560108259,-78.40118095136819],[40.40516560108259,-78.40118095136819],[40.40516560108259,-78.84162145087993],[47.82088595044081,-78.84162145087993],[47.82088595044081,-68.70502162759314],[47.82088595044081,-58.32136230381818],[45.07088595044081,-58.32136230381818],[45.07088595044081,-52.84158236107817],[45.07088595044081,-36.28048351508397],[45.07088595044081,-26.267645372852144],[45.07088595044081,-19.738028970484834],[47.183924520350274,-17.6249904005754],[47.32029689543978,-17.48861802548589],[47.32029689543978,-13.049980242304713],[46.52863022877315,-13.049980242304713],[46.52863022877315,-12.288473852996532],[39.5790495450145,-12.288473852996503]]],"type":"Polygon"},"type":"Feature"},{"properties":{"Element":"Room","NCES_Department":"Child Support","Number":"1349","occupancyStatus":"","Area_SF":16.5,"Revit_UniqueId":"e16b0140-08f1-4642-97b4-4c421276a3aa-00534db7","NCES_Occupancy Status":"","Level":"LEVEL 1","RevitId":5459383,"Name":"VEST","NCES_Type":"Waiting/Queue Area"},"geometry":{"coordinates":[[[51.73696356210644,-13.049980242304713],[47.32029689543978,-13.049980242304713],[47.32029689543978,-17.48861802548589],[47.32029689543978,-17.59190080840463],[47.36440209430785,-17.59190080840463],[51.73696356210644,-17.59190080840466],[51.73696356210644,-13.049980242304713]]],"type":"Polygon"},"type":"Feature"},{"properties":{"Element":"Room","NCES_Department":"Child Support","Number":"1345","occupancyStatus":"","Area_SF":94.01,"Revit_UniqueId":"e16b0140-08f1-4642-97b4-4c421276a3aa-00534dba","NCES_Occupancy Status":"","Level":"LEVEL 1","RevitId":5459386,"Name":"HALL","NCES_Type":"Corridor/Hallway"},"geometry":{"coordinates":[[[57.77863022877318,-13.049980242304713],[51.73696356210644,-13.049980242304713],[51.73696356210644,-17.59190080840466],[54.61255261710747,-17.59190080840466],[65.04946356210644,-17.591900808404688],[74.73346095757066,-17.591900808404745],[74.73346095757066,-13.049980242304713],[68.61196356210644,-13.049980242304713],[57.77863022877318,-13.049980242304713]]],"type":"Polygon"},"type":"Feature"},{"properties":{"Element":"Room","NCES_Department":"Court of Appeals","Number":"1327","occupancyStatus":"","Area_SF":28.84,"Revit_UniqueId":"e16b0140-08f1-4642-97b4-4c421276a3aa-00534dbd","NCES_Occupancy Status":"","Level":"LEVEL 1","RevitId":5459389,"Name":"KITCHEN","NCES_Type":"Kitchenette"},"geometry":{"coordinates":[[[91.57215705878357,-41.916666666667],[91.57215705878357,-48.46586239307777],[96.72304429090403,-48.4658623930778],[96.72304429090403,-45.2083333333336],[96.72304429090403,-41.916666666667],[91.57215705878357,-41.916666666667]]],"type":"Polygon"},"type":"Feature"},{"properties":{"Element":"Room","NCES_Department":"Court of Appeals","Number":"1335","occupancyStatus":"","Area_SF":215.23,"Revit_UniqueId":"e16b0140-08f1-4642-97b4-4c421276a3aa-00534dc0","NCES_Occupancy Status":"","Level":"LEVEL 1","RevitId":5459392,"Name":"OFFICE","NCES_Type":"Office/Storage"},"geometry":{"coordinates":[[[91.65549039211692,-16.458333333333655],[91.65549039211692,-21.37500000000034],[91.65549039211692,-30.37500000000037],[91.65549039211692,-36.75000000000031],[91.73882372545026,-36.75000000000031],[96.63971095757068,-36.75000000000034],[98.53049039211692,-36.75000000000034],[98.53049039211692,-36.66666666666703],[103.07215705878255,-36.66666666666703],[103.07215705878258,-33.62500000000034],[103.07215705878261,-16.458333333333684],[99.28049039211595,-16.458333333333684],[91.73882372545023,-16.458333333333655],[91.65549039211692,-16.458333333333655]]],"type":"Polygon"},"type":"Feature"},{"properties":{"Element":"Room","NCES_Department":"Court of Appeals","Number":"1334","occupancyStatus":"","Area_SF":21.6,"Revit_UniqueId":"e16b0140-08f1-4642-97b4-4c421276a3aa-00534dc3","NCES_Occupancy Status":"","Level":"LEVEL 1","RevitId":5459395,"Name":"TOILET","NCES_Type":"Private Restroom"},"geometry":{"coordinates":[[[91.73882372545023,-12.937500000000341],[91.73882372545023,-16.458333333333655],[99.28049039211595,-16.458333333333684],[99.28049039211595,-12.937500000000341],[91.73882372545023,-12.937500000000341]]],"type":"Polygon"},"type":"Feature"},{"properties":{"Element":"Room","NCES_Department":"Court of Appeals","Number":"1333","occupancyStatus":"","Area_SF":10.61,"Revit_UniqueId":"e16b0140-08f1-4642-97b4-4c421276a3aa-00534dc6","NCES_Occupancy Status":"","Level":"LEVEL 1","RevitId":5459398,"Name":"STOR.","NCES_Type":"General Storage"},"geometry":{"coordinates":[[[103.11382372544927,-12.937500000000341],[99.28049039211595,-12.937500000000341],[99.28049039211595,-16.458333333333684],[103.07215705878261,-16.458333333333684],[103.11382372544927,-16.458333333333684],[103.11382372544927,-12.937500000000341]]],"type":"Polygon"},"type":"Feature"},{"properties":{"Element":"Room","NCES_Department":"Court of Appeals","Number":"1330","occupancyStatus":"","Area_SF":67.57,"Revit_UniqueId":"e16b0140-08f1-4642-97b4-4c421276a3aa-00534df0","NCES_Occupancy Status":"","Level":"LEVEL 1","RevitId":5459440,"Name":"HALL","NCES_Type":"Corridor/Hallway"},"geometry":{"coordinates":[[[106.86382372544924,-12.937500000000341],[103.11382372544927,-12.937500000000341],[103.11382372544927,-16.458333333333684],[103.07215705878261,-16.458333333333684],[103.07215705878255,-33.62500000000034],[106.86382372544921,-33.62500000000034],[106.86382372544921,-26.500000000000483],[106.86382372544924,-12.937500000000341]]],"type":"Polygon"},"type":"Feature"},{"properties":{"Element":"Room","NCES_Department":"Court of Appeals","Number":"1328","occupancyStatus":"","Area_SF":64.95,"Revit_UniqueId":"e16b0140-08f1-4642-97b4-4c421276a3aa-00534df3","NCES_Occupancy Status":"","Level":"LEVEL 1","RevitId":5459443,"Name":"HALL","NCES_Type":"Corridor/Hallway"},"geometry":{"coordinates":[[[103.07215705878258,-33.62500000000034],[103.07215705878255,-36.66666666666703],[98.53049039211692,-36.66666666666703],[98.53049039211692,-37.62500000000037],[96.63971095757068,-37.62500000000037],[96.63971095757068,-41.916666666667],[96.72304429090403,-41.916666666667],[96.72304429090403,-42.171900499462],[96.72304429090403,-45.2083333333336],[102.11382372544924,-45.20833333333363],[102.11382372544924,-40.56250000000037],[106.86382372544918,-40.56250000000037],[106.86382372544918,-33.62500000000034],[103.07215705878258,-33.62500000000034]]],"type":"Polygon"},"type":"Feature"},{"properties":{"Element":"Room","NCES_Department":"Sheriff","Number":"1319","occupancyStatus":"","Area_SF":50.44,"Revit_UniqueId":"6b46d421-a63f-4d70-a505-5638b7d4528b-0053a53b","NCES_Occupancy Status":"","Level":"LEVEL 1","RevitId":5481787,"Name":"OFFICE","NCES_Type":"Private Office - Enclosed"},"geometry":{"coordinates":[[[102.78569872544873,-52.895833333333854],[102.11382372544924,-52.895833333333854],[101.90549039211592,-52.895833333333854],[101.90549039211592,-52.8541666666672],[101.9002565593209,-52.8541666666672],[92.27007372544924,-52.8541666666672],[92.27007372544921,-53.67491569441157],[92.27007372544904,-58.34876564915615],[102.78569872544873,-58.34876564915618],[102.78569872544873,-52.895833333333854]]],"type":"Polygon"},"type":"Feature"},{"properties":{"Element":"Room","NCES_Department":"Court of Appeals","Number":"1324","occupancyStatus":"","Area_SF":178.54,"Revit_UniqueId":"6b46d421-a63f-4d70-a505-5638b7d4528b-0053a53e","NCES_Occupancy Status":"","Level":"LEVEL 1","RevitId":5481790,"Name":"BOOKING SGT'S OFFICE","NCES_Type":"Private Office - Enclosed"},"geometry":{"coordinates":[[[106.86382372544918,-40.56250000000037],[102.11382372544924,-40.56250000000037],[102.11382372544924,-45.20833333333363],[102.11382372544924,-52.5989328338722],[102.11382372544924,-52.895833333333854],[102.78569872544873,-52.895833333333854],[116.82215705878255,-52.895833333333854],[116.82215705878255,-52.68750000000051],[117.73882372544924,-52.68750000000051],[117.73882372544924,-51.00000000000051],[117.73882372544924,-44.645833333333854],[117.73882372544924,-40.56250000000037],[106.86382372544918,-40.56250000000037]]],"type":"Polygon"},"type":"Feature"},{"properties":{"Element":"Room","NCES_Department":"Sheriff","Number":"1320","occupancyStatus":"","Area_SF":57.8,"Revit_UniqueId":"6b46d421-a63f-4d70-a505-5638b7d4528b-0053a541","NCES_Occupancy Status":"","Level":"LEVEL 1","RevitId":5481793,"Name":"OFFICE","NCES_Type":"Private Office - Enclosed"},"geometry":{"coordinates":[[[92.27007372544904,-58.34876564915615],[92.27007372544884,-64.53626564915612],[102.78569872544873,-64.53626564915618],[102.78569872544873,-58.348765649156206],[92.27007372544904,-58.34876564915615]]],"type":"Polygon"},"type":"Feature"},{"properties":{"Element":"Room","NCES_Department":"Sheriff","Number":"1321","occupancyStatus":"","Area_SF":80.75,"Revit_UniqueId":"6b46d421-a63f-4d70-a505-5638b7d4528b-0053a544","NCES_Occupancy Status":"","Level":"LEVEL 1","RevitId":5481796,"Name":"OFFICE","NCES_Type":"Private Office - Enclosed"},"geometry":{"coordinates":[[[92.27007372544881,-64.53626564915612],[92.27007372544853,-73.01543231582286],[97.27788622544864,-73.01543231582289],[102.78569872544873,-73.01543231582289],[102.78569872544873,-68.59909761803488],[102.78569872544853,-64.53626564915618],[92.27007372544881,-64.53626564915612]]],"type":"Polygon"},"type":"Feature"},{"properties":{"Element":"Room","NCES_Department":"Sheriff","Number":"1323","occupancyStatus":"","Area_SF":22.89,"Revit_UniqueId":"6b46d421-a63f-4d70-a505-5638b7d4528b-0053a547","NCES_Occupancy Status":"","Level":"LEVEL 1","RevitId":5481799,"Name":"TOILET","NCES_Type":"Single Stall Restroom"},"geometry":{"coordinates":[[[92.27007372544833,-78.29701428470153],[92.2700737254483,-78.42201428470153],[97.27788622544864,-78.42201428470153],[97.27788622544864,-73.01543231582289],[92.27007372544853,-73.01543231582286],[92.27007372544833,-78.29701428470153]]],"type":"Polygon"},"type":"Feature"},{"properties":{"Element":"Room","NCES_Department":"Sheriff","Number":"1322","occupancyStatus":"","Area_SF":27,"Revit_UniqueId":"6b46d421-a63f-4d70-a505-5638b7d4528b-0053a54a","NCES_Occupancy Status":"","Level":"LEVEL 1","RevitId":5481802,"Name":"STOR","NCES_Type":"General Storage"},"geometry":{"coordinates":[[[97.27788622544864,-78.84162145087993],[102.78569872544873,-78.84162145087993],[102.78569872544873,-73.01543231582289],[97.27788622544864,-73.01543231582286],[97.27788622544864,-78.42201428470153],[97.27788622544864,-78.84162145087993]]],"type":"Polygon"},"type":"Feature"},{"properties":{"Element":"Room","NCES_Department":"Sheriff","Number":"1318","occupancyStatus":"","Area_SF":99.61,"Revit_UniqueId":"6b46d421-a63f-4d70-a505-5638b7d4528b-0053a54d","NCES_Occupancy Status":"","Level":"LEVEL 1","RevitId":5481805,"Name":"OFFICE","NCES_Type":"Private Office - Enclosed"},"geometry":{"coordinates":[[[106.85340645608653,-78.84162145087993],[117.33618615940838,-78.84162145087993],[117.33618615940838,-78.83012686353092],[117.87423978941985,-78.83012686353092],[117.87423978941985,-68.84909761803488],[113.78042736281193,-68.84909761803488],[106.85340645608653,-68.84909761803488],[106.85340645608653,-69.05109761803487],[106.85340645608653,-78.84162145087993]]],"type":"Polygon"},"type":"Feature"},{"properties":{"Element":"Room","NCES_Department":"Sheriff","Number":"1317","occupancyStatus":"","Area_SF":127.21,"Revit_UniqueId":"6b46d421-a63f-4d70-a505-5638b7d4528b-0053a550","NCES_Occupancy Status":"","Level":"LEVEL 1","RevitId":5481808,"Name":"HOLDING","NCES_Type":"Holding Cell - Single"},"geometry":{"coordinates":[[[122.73256372773972,-68.26576428470156],[122.25285282607504,-68.26576428470156],[122.25285282607504,-78.83012686353092],[122.25285282607504,-78.91346019686426],[135.2332444187294,-78.91346019686426],[135.2332444187294,-68.64868897823854],[131.69157775206276,-68.64868897823854],[131.69157775206276,-67.27368897823851],[127.39991108539604,-67.27368897823848],[122.73256372773972,-68.26576428470156]]],"type":"Polygon"},"type":"Feature"},{"properties":{"Element":"Room","NCES_Department":"Sheriff","Number":"1314","occupancyStatus":"","Area_SF":47.86,"Revit_UniqueId":"6b46d421-a63f-4d70-a505-5638b7d4528b-0053a553","NCES_Occupancy Status":"","Level":"LEVEL 1","RevitId":5481811,"Name":"TOILET","NCES_Type":"Single Stall Restroom"},"geometry":{"coordinates":[[[122.46799039211592,-51.00000000000051],[122.46799039211592,-51.12500000000054],[127.48882372544921,-51.12500000000057],[127.48882372544921,-43.93750000000054],[123.9054903921159,-43.93750000000051],[123.9054903921159,-44.645833333333854],[122.48882372544924,-44.645833333333854],[119.11382372544915,-44.645833333333854],[119.11382372544915,-51.00000000000051],[122.12942322598758,-51.00000000000051],[122.46799039211592,-51.00000000000051]]],"type":"Polygon"},"type":"Feature"},{"properties":{"Element":"Room","NCES_Department":"Court of Appeals","Number":"1329","occupancyStatus":"","Area_SF":139.51,"Revit_UniqueId":"6b46d421-a63f-4d70-a505-5638b7d4528b-0053a556","NCES_Occupancy Status":"","Level":"LEVEL 1","RevitId":5481814,"Name":"OFFICE","NCES_Type":"Office/Storage"},"geometry":{"coordinates":[[[106.86382372544921,-26.500000000000483],[106.86382372544921,-33.62500000000034],[106.86382372544918,-40.56250000000037],[117.73882372544924,-40.56250000000037],[117.73882372544924,-30.624464281185197],[117.73882372544924,-27.333333333333826],[117.0304903921159,-27.333333333333826],[117.0304903921159,-26.50000000000051],[106.86382372544921,-26.500000000000483]]],"type":"Polygon"},"type":"Feature"},{"properties":{"Element":"Room","NCES_Department":"Court of Appeals","Number":"1331","occupancyStatus":"","Area_SF":134.74,"Revit_UniqueId":"6b46d421-a63f-4d70-a505-5638b7d4528b-0053a559","NCES_Occupancy Status":"","Level":"LEVEL 1","RevitId":5481817,"Name":"OFFICE","NCES_Type":"Office/Storage"},"geometry":{"coordinates":[[[117.73882372544924,-12.937500000000341],[106.86382372544924,-12.937500000000341],[106.86382372544921,-26.500000000000483],[117.0304903921159,-26.50000000000051],[117.73882372544924,-26.50000000000051],[117.73882372544924,-12.937500000000341]]],"type":"Polygon"},"type":"Feature"},{"properties":{"Element":"Room","NCES_Department":"Court of Appeals","Number":"1332","occupancyStatus":"","Area_SF":295.51,"Revit_UniqueId":"6b46d421-a63f-4d70-a505-5638b7d4528b-0053a55c","NCES_Occupancy Status":"","Level":"LEVEL 1","RevitId":5481820,"Name":"JUDGE'S OFFICE","NCES_Type":"Judge Chambers"},"geometry":{"coordinates":[[[96.34683075001067,-0.5416666666670267],[91.65549039211692,-0.5416666666669983],[91.65549039211692,-11.659096786241122],[91.65549039211692,-12.937500000000341],[91.73882372545023,-12.937500000000341],[99.28049039211595,-12.937500000000341],[103.11382372544927,-12.937500000000341],[106.86382372544924,-12.937500000000341],[117.73882372544924,-12.937500000000341],[117.73882372544924,-0.5416666666671688],[113.78433075001067,-0.5416666666671404],[111.45099741667732,-0.5416666666671119],[110.45099741667732,-0.5416666666671119],[108.11766408334398,-0.5416666666671119],[98.68016408334401,-0.5416666666670551],[96.34683075001067,-0.5416666666670267]]],"type":"Polygon"},"type":"Feature"},{"properties":{"Element":"Room","NCES_Department":"Sheriff","Number":"1309","occupancyStatus":"","Area_SF":489.38,"Revit_UniqueId":"6b46d421-a63f-4d70-a505-5638b7d4528b-0053a562","NCES_Occupancy Status":"","Level":"LEVEL 1","RevitId":5481826,"Name":"STORAGE","NCES_Type":"General Storage"},"geometry":{"coordinates":[[[128.5651781218011,-0.5416666666672256],[117.73882372544924,-0.5416666666671688],[117.73882372544924,-12.937500000000341],[117.73882372544924,-26.50000000000051],[117.73882372544924,-26.583333333333854],[122.48882372544924,-26.583333333333883],[138.27351145513444,-26.583333333333997],[138.27351145513444,-18.958333333334053],[138.27351145513444,-13.437500000000682],[138.35684478846778,-13.437500000000682],[138.35684478846778,-10.500000000000654],[138.23184478846778,-10.500000000000654],[138.23184478846778,-1.1875000000006821],[128.5651781218011,-1.1875000000005684],[128.5651781218011,-0.5416666666672256]]],"type":"Polygon"},"type":"Feature"},{"properties":{"Element":"Room","NCES_Department":"Sheriff","Number":"1310","occupancyStatus":"","Area_SF":25.1,"Revit_UniqueId":"6b46d421-a63f-4d70-a505-5638b7d4528b-0053a565","NCES_Occupancy Status":"","Level":"LEVEL 1","RevitId":5481829,"Name":"TOILET","NCES_Type":"Single Stall Restroom"},"geometry":{"coordinates":[[[144.7735114551344,-13.437500000000682],[139.31517812180104,-13.437500000000682],[139.31517812180104,-18.958333333334053],[144.0651781218011,-18.958333333334053],[144.0651781218011,-19.00000000000071],[144.7735114551344,-19.00000000000071],[144.7735114551344,-13.437500000000682]]],"type":"Polygon"},"type":"Feature"},{"properties":{"Element":"Room","NCES_Department":"Sheriff","Number":"1307","occupancyStatus":"","Area_SF":32.43,"Revit_UniqueId":"6b46d421-a63f-4d70-a505-5638b7d4528b-0053a568","NCES_Occupancy Status":"","Level":"LEVEL 1","RevitId":5481832,"Name":"STOR","NCES_Type":"General Storage"},"geometry":{"coordinates":[[[151.94017812180113,-13.437500000000682],[144.7735114551344,-13.437500000000682],[144.7735114551344,-19.00000000000071],[145.39327762233944,-19.00000000000071],[145.73184478846775,-19.00000000000071],[145.73184478846775,-19.06250000000071],[151.94017812180113,-19.06250000000071],[151.94017812180113,-18.791666666667368],[151.94017812180113,-13.437500000000682]]],"type":"Polygon"},"type":"Feature"},{"properties":{"Element":"Room","NCES_Department":"Sheriff","Number":"1308","occupancyStatus":"","Area_SF":202.79,"Revit_UniqueId":"6b46d421-a63f-4d70-a505-5638b7d4528b-0053a56b","NCES_Occupancy Status":"","Level":"LEVEL 1","RevitId":5481835,"Name":"MAILROOM","NCES_Type":"Mailroom/Receiving"},"geometry":{"coordinates":[[[153.65770430127168,-0.5416666666673962],[138.23184478846778,-0.5416666666673109],[138.23184478846778,-1.1875000000006821],[138.23184478846778,-10.500000000000654],[138.35684478846778,-10.500000000000654],[138.35684478846778,-13.437500000000682],[139.31517812180104,-13.437500000000682],[144.7735114551344,-13.437500000000682],[151.94017812180113,-13.437500000000682],[155.7735114551333,-13.437500000000682],[155.7735114551333,-13.60416666666734],[155.97020430127162,-13.60416666666734],[155.97020430127162,-12.854166666667311],[156.92853763460496,-12.854166666667311],[156.928537634605,-4.6875000000007105],[153.65770430127168,-4.6875000000007105],[153.65770430127168,-0.5416666666673962]]],"type":"Polygon"},"type":"Feature"},{"properties":{"Element":"Room","NCES_Department":"Sheriff","Number":"1311","occupancyStatus":"","Area_SF":48.86,"Revit_UniqueId":"2e3cb81e-dc38-45c4-9844-4a2e95fc3f5e-0053ac9f","NCES_Occupancy Status":"","Level":"LEVEL 1","RevitId":5483679,"Name":"VEST.","NCES_Type":"Waiting/Queue Area"},"geometry":{"coordinates":[[[138.27351145513444,-26.58333333333394],[145.73184478846775,-26.583333333333968],[145.73184478846775,-19.00000000000071],[144.7735114551344,-19.00000000000071],[144.0651781218011,-19.00000000000071],[144.0651781218011,-18.958333333334053],[139.31517812180104,-18.958333333334053],[138.27351145513444,-18.958333333334053],[138.27351145513444,-26.58333333333394]]],"type":"Polygon"},"type":"Feature"},{"properties":{"Element":"Room","NCES_Department":"Sheriff","Number":"1303","occupancyStatus":"","Area_SF":66.98,"Revit_UniqueId":"2e3cb81e-dc38-45c4-9844-4a2e95fc3f5e-0053bccd","NCES_Occupancy Status":"","Level":"LEVEL 1","RevitId":5487821,"Name":"OFFICE","NCES_Type":"Private Office - Enclosed"},"geometry":{"coordinates":[[[140.00407775206273,-67.27368897823854],[140.00407775206273,-78.91346019686426],[140.00407775206273,-79.08012686353092],[146.6915777520627,-79.08012686353092],[146.69157775206276,-67.27368897823854],[140.00407775206273,-67.27368897823854]]],"type":"Polygon"},"type":"Feature"},{"properties":{"Element":"Room","NCES_Department":"Sheriff","Number":"1304","occupancyStatus":"","Area_SF":66.3,"Revit_UniqueId":"2e3cb81e-dc38-45c4-9844-4a2e95fc3f5e-0053bcd0","NCES_Occupancy Status":"","Level":"LEVEL 1","RevitId":5487824,"Name":"OFFICE","NCES_Type":"Private Office - Enclosed"},"geometry":{"coordinates":[[[153.31657775206276,-67.27368897823854],[146.69157775206276,-67.27368897823854],[146.69157775206273,-79.08012686353092],[153.31657775206273,-79.08012686353092],[153.31657775206276,-67.27368897823854]]],"type":"Polygon"},"type":"Feature"},{"properties":{"Element":"Room","NCES_Department":"Sheriff","Number":"1301","occupancyStatus":"","Area_SF":45.49,"Revit_UniqueId":"2e3cb81e-dc38-45c4-9844-4a2e95fc3f5e-0053bcd3","NCES_Occupancy Status":"","Level":"LEVEL 1","RevitId":5487827,"Name":"VEST","NCES_Type":"Waiting/Queue Area"},"geometry":{"coordinates":[[[135.2332444187294,-78.91346019686426],[139.81657775206273,-78.91346019686426],[140.00407775206273,-78.91346019686426],[140.00407775206273,-67.27368897823854],[135.2332444187294,-67.27368897823854],[135.2332444187294,-68.64868897823854],[135.2332444187294,-78.91346019686426]]],"type":"Polygon"},"type":"Feature"},{"properties":{"Element":"Room","NCES_Department":"Sheriff","Number":"1302","occupancyStatus":"","Area_SF":158.6,"Revit_UniqueId":"2e3cb81e-dc38-45c4-9844-4a2e95fc3f5e-0053e9c9","NCES_Occupancy Status":"","Level":"LEVEL 1","RevitId":5499337,"Name":"SECURE HALL","NCES_Type":"Sally Port/Secure Transfer"},"geometry":{"coordinates":[[[131.75965705878252,-67.27368897823851],[135.2332444187294,-67.27368897823854],[135.2332444187294,-67.1278556449052],[140.00407775206273,-67.1278556449052],[140.00407775206273,-67.27368897823854],[146.69157775206276,-67.27368897823854],[153.31657775206276,-67.27368897823854],[155.9610114551332,-67.27368897823854],[155.96101145513325,-53.458333333334],[151.9263237254492,-53.458333333334],[151.92632372544924,-56.70563103875219],[151.92632372544927,-61.04452231157066],[131.75965705878252,-61.044522311570546],[131.75965705878252,-67.27368897823851]]],"type":"Polygon"},"type":"Feature"},{"properties":{"Element":"Room","NCES_Department":"Sheriff","Number":"1316","occupancyStatus":"","Area_SF":129.96,"Revit_UniqueId":"2e3cb81e-dc38-45c4-9844-4a2e95fc3f5e-0053e9cc","NCES_Occupancy Status":"","Level":"LEVEL 1","RevitId":5499340,"Name":"HOLDING","NCES_Type":"Holding Cell - Single"},"geometry":{"coordinates":[[[131.75965705878252,-53.45833333333391],[131.75965705878252,-61.044522311570546],[151.92632372544927,-61.04452231157069],[151.92632372544924,-56.70563103875219],[148.67902602003107,-53.45833333333397],[146.88465705878258,-53.45833333333397],[144.29445426510074,-53.45833333333397],[143.10695426510074,-53.45833333333397],[131.75965705878252,-53.45833333333391]]],"type":"Polygon"},"type":"Feature"},{"properties":{"Element":"Room","NCES_Department":"Sheriff","Number":"1315","occupancyStatus":"","Area_SF":436.64,"Revit_UniqueId":"2e3cb81e-dc38-45c4-9844-4a2e95fc3f5e-0053e9cf","NCES_Occupancy Status":"","Level":"LEVEL 1","RevitId":5499343,"Name":"OPEN OFFICE","NCES_Type":"Open Office - Cubicles"},"geometry":{"coordinates":[[[117.73882372544924,-52.770833333333854],[117.73882372544924,-52.68750000000051],[116.82215705878255,-52.68750000000051],[116.82215705878255,-52.895833333333854],[102.78569872544873,-52.895833333333854],[102.78569872544873,-58.34876564915618],[102.78569872544873,-64.53626564915618],[102.78569872544873,-68.59909761803488],[106.35140645608652,-68.59909761803488],[106.85340645608653,-68.59909761803488],[106.85340645608653,-68.84909761803488],[113.78042736281193,-68.84909761803488],[113.78042736281193,-68.26576428470156],[122.25285282607504,-68.26576428470156],[122.73256372773972,-68.26576428470156],[127.39991108539604,-67.27368897823848],[131.69157775206276,-67.27368897823851],[131.75965705878252,-67.27368897823851],[131.75965705878252,-61.044522311570546],[131.75965705878252,-53.45833333333391],[131.75965705878252,-51.12500000000057],[127.48882372544921,-51.12500000000057],[122.46799039211592,-51.12500000000054],[122.46799039211592,-51.213567166128854],[122.46799039211592,-52.770833333333854],[117.73882372544924,-52.770833333333854]]],"type":"Polygon"},"type":"Feature"},{"properties":{"Element":"Room","NCES_Department":"Sheriff","Number":"1306","occupancyStatus":"","Area_SF":133.25,"Revit_UniqueId":"2e3cb81e-dc38-45c4-9844-4a2e95fc3f5e-0053e9d2","NCES_Occupancy Status":"","Level":"LEVEL 1","RevitId":5499346,"Name":"STORAGE","NCES_Type":"General Storage"},"geometry":{"coordinates":[[[156.928537634605,-0.5208333333341102],[156.928537634605,-0.5416666666674246],[156.928537634605,-4.6875000000007105],[156.92853763460496,-12.854166666667311],[156.92853763460496,-13.416666666667197],[168.80987096793842,-13.416666666667425],[168.8868709679384,-13.416666666667425],[168.88687096793836,-0.5208333333341102],[157.4337714674,-0.5208333333341102],[156.928537634605,-0.5208333333341102]]],"type":"Polygon"},"type":"Feature"},{"properties":{"Element":"Room","NCES_Department":"Sheriff","Number":"1313","occupancyStatus":"","Area_SF":53.92,"Revit_UniqueId":"2e3cb81e-dc38-45c4-9844-4a2e95fc3f5e-0053e9d5","NCES_Occupancy Status":"","Level":"LEVEL 1","RevitId":5499349,"Name":"MECH","NCES_Type":"Mechanical Room"},"geometry":{"coordinates":[[[117.73882372544924,-30.624464281185197],[117.73882372544924,-40.56250000000037],[117.73882372544924,-44.645833333333854],[119.11382372544915,-44.645833333333854],[122.48882372544924,-44.645833333333854],[122.48882372544924,-30.624464281185197],[117.73882372544924,-30.624464281185197]]],"type":"Polygon"},"type":"Feature"},{"properties":{"Element":"Room","NCES_Department":"Sheriff","Number":"1312","occupancyStatus":"","Area_SF":13.66,"Revit_UniqueId":"2e3cb81e-dc38-45c4-9844-4a2e95fc3f5e-0053e9d8","NCES_Occupancy Status":"","Level":"LEVEL 1","RevitId":5499352,"Name":"JAN","NCES_Type":"Janitor/Custodial Closet"},"geometry":{"coordinates":[[[117.73882372544924,-26.583333333333854],[117.73882372544924,-27.333333333333826],[117.73882372544924,-30.624464281185197],[122.48882372544924,-30.624464281185197],[122.48882372544924,-26.583333333333883],[117.73882372544924,-26.583333333333854]]],"type":"Polygon"},"type":"Feature"},{"properties":{"Element":"Room","NCES_Department":"Courthouse","Number":"1326","occupancyStatus":"","Area_SF":125.27,"Revit_UniqueId":"2e3cb81e-dc38-45c4-9844-4a2e95fc3f5e-0053e9db","NCES_Occupancy Status":"","Level":"LEVEL 1","RevitId":5499355,"Name":"HALL","NCES_Type":"Corridor/Hallway"},"geometry":{"coordinates":[[[102.11382372544924,-52.8541666666672],[102.11382372544924,-45.20833333333363],[96.72304429090403,-45.2083333333336],[96.72304429090403,-48.4658623930778],[91.57215705878357,-48.46586239307777],[79.16826907573207,-48.46586239307774],[74.48346095757066,-48.465862393077714],[74.48346095757066,-52.88324902774491],[79.816794290904,-52.88324902774494],[87.73755261710747,-52.88324902774494],[87.73755261710747,-53.67491569441157],[90.98245987788138,-53.67491569441157],[90.98245987788138,-52.64043231582281],[92.27007372544924,-52.64043231582281],[92.27007372544924,-52.8541666666672],[102.11382372544924,-52.8541666666672]]],"type":"Polygon"},"type":"Feature"},{"properties":{"Element":"Room","NCES_Department":"County Court","Number":"1300","occupancyStatus":"","Area_SF":138.82,"Revit_UniqueId":"73e1dec4-efa6-4e4b-bde5-8175ed69a095-005453a7","NCES_Occupancy Status":"","Level":"LEVEL 1","RevitId":5526439,"Name":"STAIR","NCES_Type":"Stair"},"geometry":{"coordinates":[[[139.81657775206273,-85.49679353019752],[128.71241108539604,-85.49679353019752],[128.71241108539604,-88.99679353019752],[124.13949441872941,-88.99679353019752],[124.13949441872941,-94.33012686353075],[124.22282775206276,-94.33012686353075],[144.07670302450134,-94.33012686353084],[144.07670302450137,-85.58012686353084],[144.07670302450137,-85.49679353019752],[139.81657775206273,-85.49679353019752]]],"type":"Polygon"},"type":"Feature"},{"properties":{"Element":"Room","NCES_Department":"District Court","Number":"1278","occupancyStatus":"","Area_SF":273.24,"Revit_UniqueId":"73e1dec4-efa6-4e4b-bde5-8175ed69a095-005453aa","NCES_Occupancy Status":"","Level":"LEVEL 1","RevitId":5526442,"Name":"DISTRICT COURT JUDGE #1","NCES_Type":"Judge Chambers"},"geometry":{"coordinates":[[[144.07670302450134,-96.76762686353086],[144.07670302450134,-94.33012686353084],[124.22282775206276,-94.33012686353075],[124.22282775206276,-109.30929353019754],[136.3892030245013,-109.30929353019756],[140.84753635783468,-109.30929353019758],[143.5714691917064,-109.30929353019759],[143.6600363578347,-109.30929353019759],[143.66003635783474,-105.03846019686415],[143.41003635783468,-105.03846019686415],[143.41003635783468,-104.39262686353082],[144.07670302450134,-104.39262686353082],[144.07670302450134,-103.43429353019755],[144.07670302450134,-102.8717935301975],[144.07670302450134,-101.10096019686421],[144.07670302450134,-99.10096019686421],[144.07670302450134,-96.76762686353086]]],"type":"Polygon"},"type":"Feature"},{"properties":{"Element":"Room","NCES_Department":"District Court","Number":"1277","occupancyStatus":"","Area_SF":98.34,"Revit_UniqueId":"73e1dec4-efa6-4e4b-bde5-8175ed69a095-005453ad","NCES_Occupancy Status":"","Level":"LEVEL 1","RevitId":5526445,"Name":"BALIFF #1","NCES_Type":"Private Office - Enclosed"},"geometry":{"coordinates":[[[124.22282775206276,-109.30929353019754],[124.22282775206276,-118.33012686353086],[136.38920302450128,-118.33012686353091],[136.3892030245013,-109.30929353019756],[124.22282775206276,-109.30929353019754]]],"type":"Polygon"},"type":"Feature"},{"properties":{"Element":"Room","NCES_Department":"District Court","Number":"1274","occupancyStatus":"","Area_SF":124.31,"Revit_UniqueId":"73e1dec4-efa6-4e4b-bde5-8175ed69a095-005453b4","NCES_Occupancy Status":"","Level":"LEVEL 1","RevitId":5526452,"Name":"COURT REPORTER #1","NCES_Type":"Private Office - Enclosed"},"geometry":{"coordinates":[[[124.22282775206276,-118.33012686353086],[124.22282775206276,-129.6009601968642],[136.38920302450128,-129.60096019686424],[136.38920302450128,-118.33012686353091],[124.22282775206276,-118.33012686353086]]],"type":"Polygon"},"type":"Feature"},{"properties":{"Element":"Room","NCES_Department":"District Court","Number":"1275","occupancyStatus":"","Area_SF":304.51,"Revit_UniqueId":"73e1dec4-efa6-4e4b-bde5-8175ed69a095-005453b7","NCES_Occupancy Status":"","Level":"LEVEL 1","RevitId":5526455,"Name":"DISTRICT COURT JUDGE #2","NCES_Type":"Judge Chambers"},"geometry":{"coordinates":[[[140.84753635783468,-110.37179353019758],[140.84753635783466,-130.51762686353092],[143.33718288760036,-130.51762686353095],[144.46218288760036,-130.51762686353095],[157.09753635783386,-130.51762686353098],[157.09753635783397,-126.73710360039638],[157.09753635783403,-124.40377026706305],[157.0975363578341,-122.40377026706304],[157.09753635783414,-120.07043693372971],[157.0975363578344,-110.37179353019764],[150.55586969116786,-110.3717935301976],[149.8996196911679,-110.3717935301976],[143.8267030245014,-110.37179353019759],[140.84753635783468,-110.37179353019758]]],"type":"Polygon"},"type":"Feature"},{"properties":{"Element":"Room","NCES_Department":"District Court","Number":"1271B","occupancyStatus":"","Area_SF":147.28,"Revit_UniqueId":"73e1dec4-efa6-4e4b-bde5-8175ed69a095-005453ba","NCES_Occupancy Status":"","Level":"LEVEL 1","RevitId":5526458,"Name":"HALL","NCES_Type":"Corridor/Hallway"},"geometry":{"coordinates":[[[140.84753635783468,-109.30929353019758],[136.3892030245013,-109.30929353019756],[136.38920302450128,-118.33012686353091],[136.38920302450128,-129.60096019686424],[136.38920302450126,-140.76762686353115],[136.38920302450126,-146.9759601968645],[140.84753635783463,-146.9759601968645],[140.84753635783463,-140.68429353019783],[140.84753635783466,-130.51762686353092],[140.84753635783468,-110.37179353019758],[140.84753635783468,-109.30929353019758]]],"type":"Polygon"},"type":"Feature"},{"properties":{"Element":"Room","NCES_Department":"District Court","Number":"1272","occupancyStatus":"","Area_SF":149.27,"Revit_UniqueId":"73e1dec4-efa6-4e4b-bde5-8175ed69a095-005453bd","NCES_Occupancy Status":"","Level":"LEVEL 1","RevitId":5526461,"Name":"COURT REPORTER #3","NCES_Type":"Patrol/Report Writing"},"geometry":{"coordinates":[[[140.84753635783466,-130.51762686353092],[140.84753635783463,-140.68429353019783],[157.09753635783358,-140.6842935301979],[157.09753635783386,-130.51762686353098],[144.46218288760036,-130.51762686353095],[144.46218288760036,-131.01762686353095],[143.33718288760036,-131.01762686353095],[143.33718288760036,-130.51762686353095],[140.84753635783466,-130.51762686353092]]],"type":"Polygon"},"type":"Feature"},{"properties":{"Element":"Room","NCES_Department":"District Court","Number":"1273","occupancyStatus":"","Area_SF":123.11,"Revit_UniqueId":"73e1dec4-efa6-4e4b-bde5-8175ed69a095-005453c0","NCES_Occupancy Status":"","Level":"LEVEL 1","RevitId":5526464,"Name":"BALIFF #2","NCES_Type":"Court Security/Baliff Station"},"geometry":{"coordinates":[[[124.22282775206276,-129.6009601968642],[124.22282775206276,-140.76762686353112],[136.38920302450126,-140.76762686353115],[136.38920302450128,-129.60096019686424],[124.22282775206276,-129.6009601968642]]],"type":"Polygon"},"type":"Feature"},{"properties":{"Element":"Room","NCES_Department":"District Court","Number":"1268","occupancyStatus":"","Area_SF":141.38,"Revit_UniqueId":"73e1dec4-efa6-4e4b-bde5-8175ed69a095-005453c3","NCES_Occupancy Status":"","Level":"LEVEL 1","RevitId":5526467,"Name":"COURT REPORTER #2","NCES_Type":"Patrol/Report Writing"},"geometry":{"coordinates":[[[124.22282775206276,-140.7676268635311],[124.22282775206276,-153.47596019686443],[136.38920302450123,-153.47596019686446],[136.38920302450126,-146.9759601968645],[136.38920302450126,-140.76762686353115],[124.22282775206276,-140.7676268635311]]],"type":"Polygon"},"type":"Feature"},{"properties":{"Element":"Room","NCES_Department":"District Court","Number":"1269","occupancyStatus":"","Area_SF":237.99,"Revit_UniqueId":"73e1dec4-efa6-4e4b-bde5-8175ed69a095-005453c6","NCES_Occupancy Status":"","Level":"LEVEL 1","RevitId":5526470,"Name":"DISTRICT COURT JUDGE #3","NCES_Type":"Judge Chambers"},"geometry":{"coordinates":[[[140.84753635783463,-140.68429353019783],[140.84753635783463,-146.9759601968645],[140.8475363578346,-156.5384601968645],[144.3058696911679,-156.53846019686452],[148.26420302450128,-156.53846019686455],[149.5975363578346,-156.53846019686455],[157.09753635783318,-156.53846019686455],[157.09753635783335,-149.403770267063],[157.0975363578334,-147.0704369337297],[157.09753635783346,-145.0704369337297],[157.09753635783352,-142.73710360039638],[157.09753635783358,-140.6842935301979],[140.84753635783463,-140.68429353019783]]],"type":"Polygon"},"type":"Feature"},{"properties":{"Element":"Room","NCES_Department":"District Court","Number":"1267","occupancyStatus":"","Area_SF":137.29,"Revit_UniqueId":"73e1dec4-efa6-4e4b-bde5-8175ed69a095-005453c9","NCES_Occupancy Status":"","Level":"LEVEL 1","RevitId":5526473,"Name":"BALIFF #3","NCES_Type":"Court Security/Baliff Station"},"geometry":{"coordinates":[[[124.22282775206276,-153.47596019686443],[124.22282775206276,-165.7884601968642],[136.38920302450123,-165.78846019686424],[136.38920302450123,-153.47596019686446],[124.22282775206276,-153.47596019686443]]],"type":"Polygon"},"type":"Feature"},{"properties":{"Element":"Room","NCES_Department":"District Court","Number":"1266","occupancyStatus":"","Area_SF":129.84,"Revit_UniqueId":"73e1dec4-efa6-4e4b-bde5-8175ed69a095-005453cc","NCES_Occupancy Status":"","Level":"LEVEL 1","RevitId":5526476,"Name":"BALIFF #4","NCES_Type":"Court Security/Baliff Station"},"geometry":{"coordinates":[[[124.22282775206276,-165.7884601968642],[124.22282775206276,-176.05929353019778],[124.22282775206276,-177.49679353019755],[136.3892030245012,-177.49679353019755],[136.3892030245012,-176.62179353019752],[136.38920302450123,-165.78846019686424],[124.22282775206276,-165.7884601968642]]],"type":"Polygon"},"type":"Feature"},{"properties":{"Element":"Room","NCES_Department":"District Court","Number":"1271A","occupancyStatus":"","Area_SF":116.52,"Revit_UniqueId":"73e1dec4-efa6-4e4b-bde5-8175ed69a095-005453cf","NCES_Occupancy Status":"","Level":"LEVEL 1","RevitId":5526479,"Name":"HALL","NCES_Type":"Corridor/Hallway"},"geometry":{"coordinates":[[[136.38920302450126,-146.9759601968645],[136.38920302450123,-153.47596019686446],[136.38920302450123,-165.78846019686424],[136.3892030245012,-176.62179353019752],[140.84753635783457,-176.62179353019755],[140.8475363578346,-162.14262686353095],[140.8475363578346,-156.89262686353118],[140.8475363578346,-156.5384601968645],[140.84753635783463,-146.9759601968645],[136.38920302450126,-146.9759601968645]]],"type":"Polygon"},"type":"Feature"},{"properties":{"Element":"Room","NCES_Department":"District Court","Number":"1264","occupancyStatus":"","Area_SF":205.7,"Revit_UniqueId":"73e1dec4-efa6-4e4b-bde5-8175ed69a095-005453d2","NCES_Occupancy Status":"","Level":"LEVEL 1","RevitId":5526482,"Name":"DISTRICT COURT JUDGE #4","NCES_Type":"Judge Chambers"},"geometry":{"coordinates":[[[140.8475363578346,-162.14262686353095],[140.84753635783457,-176.12179353019755],[148.6600363578345,-176.12179353019755],[157.09753635783264,-176.12179353019758],[157.09753635783275,-172.25793693372967],[157.0975363578328,-169.92460360039632],[157.09753635783287,-167.92460360039638],[157.09753635783292,-165.59127026706307],[157.097536357833,-162.142626863531],[149.5975363578346,-162.14262686353095],[148.26420302450128,-162.14262686353095],[140.8475363578346,-162.14262686353095]]],"type":"Polygon"},"type":"Feature"},{"properties":{"Element":"Room","NCES_Department":"District Court","Number":"1265","occupancyStatus":"","Area_SF":34.99,"Revit_UniqueId":"73e1dec4-efa6-4e4b-bde5-8175ed69a095-005453d5","NCES_Occupancy Status":"","Level":"LEVEL 1","RevitId":5526485,"Name":"TOILET","NCES_Type":"Private Restroom"},"geometry":{"coordinates":[[[140.8475363578346,-156.89262686353118],[140.8475363578346,-162.14262686353095],[148.26420302450128,-162.14262686353095],[148.26420302450128,-156.53846019686455],[144.3058696911679,-156.53846019686452],[144.3058696911679,-157.08012686353118],[143.32670302450126,-157.08012686353118],[143.32670302450126,-156.89262686353118],[140.8475363578346,-156.89262686353118]]],"type":"Polygon"},"type":"Feature"},{"properties":{"Element":"Room","NCES_Department":"District Court","Number":"1270","occupancyStatus":"","Area_SF":35.16,"Revit_UniqueId":"73e1dec4-efa6-4e4b-bde5-8175ed69a095-005453d8","NCES_Occupancy Status":"","Level":"LEVEL 1","RevitId":5526488,"Name":"TOILET","NCES_Type":"Private Restroom"},"geometry":{"coordinates":[[[149.5975363578346,-162.14262686353095],[157.097536357833,-162.142626863531],[157.09753635783318,-156.53846019686455],[149.5975363578346,-156.53846019686455],[149.5975363578346,-162.14262686353095]]],"type":"Polygon"},"type":"Feature"},{"properties":{"Element":"Room","NCES_Department":"District Court","Number":"1263","occupancyStatus":"","Area_SF":155.4,"Revit_UniqueId":"73e1dec4-efa6-4e4b-bde5-8175ed69a095-005453db","NCES_Occupancy Status":"","Level":"LEVEL 1","RevitId":5526491,"Name":"COURT REPORTER #4","NCES_Type":"Patrol/Report Writing"},"geometry":{"coordinates":[[[142.63920302450117,-182.1113768635311],[142.63920302450117,-182.35096019686443],[131.76420302450114,-182.35096019686443],[131.76420302450114,-182.60096019686452],[131.76420302450111,-196.26762686353104],[144.0558696911678,-196.26762686353106],[144.05586969116786,-182.1113768635311],[142.63920302450117,-182.1113768635311]]],"type":"Polygon"},"type":"Feature"},{"properties":{"Element":"Room","NCES_Department":"County Court","Number":"1232","occupancyStatus":"","Area_SF":178.11,"Revit_UniqueId":"73e1dec4-efa6-4e4b-bde5-8175ed69a095-005453de","NCES_Occupancy Status":"","Level":"LEVEL 1","RevitId":5526494,"Name":"COUNTY COURT EVIDENCE STOR.","NCES_Type":"Evidence Storage"},"geometry":{"coordinates":[[[144.05586969116786,-181.8613768635311],[144.05586969116786,-182.1113768635311],[144.0558696911678,-196.26762686353106],[144.0558696911678,-197.5592935301977],[156.45170302449932,-197.55929353019775],[156.45170302449935,-181.8613768635311],[148.66003635783449,-181.8613768635311],[144.05586969116786,-181.8613768635311]]],"type":"Polygon"},"type":"Feature"},{"properties":{"Element":"Room","NCES_Department":"District Court","Number":"1220E","occupancyStatus":"","Area_SF":95.37,"Revit_UniqueId":"73e1dec4-efa6-4e4b-bde5-8175ed69a095-005453e1","NCES_Occupancy Status":"","Level":"LEVEL 1","RevitId":5526497,"Name":"HALL","NCES_Type":"Corridor/Hallway"},"geometry":{"coordinates":[[[157.09753635783264,-176.12179353019755],[148.6600363578345,-176.12179353019755],[148.66003635783449,-181.8613768635311],[156.45170302449935,-181.8613768635311],[167.98295302450128,-181.8613768635311],[167.98295302450128,-176.12179353019755],[167.4933696911661,-176.12179353019755],[167.38920302449944,-176.12179353019755],[165.9308696911661,-176.12179353019755],[163.2642030244994,-176.12179353019755],[161.9308696911662,-176.12179353019755],[159.26420302449952,-176.12179353019755],[157.09753635783264,-176.12179353019755]]],"type":"Polygon"},"type":"Feature"},{"properties":{"Element":"Room","NCES_Department":"County Court","Number":"1233","occupancyStatus":"","Area_SF":164.94,"Revit_UniqueId":"73e1dec4-efa6-4e4b-bde5-8175ed69a095-005453e4","NCES_Occupancy Status":"","Level":"LEVEL 1","RevitId":5526500,"Name":"STENO #1 OFFICE","NCES_Type":"Patrol/Report Writing"},"geometry":{"coordinates":[[[160.63920302450123,-197.55929353019775],[167.73295302450123,-197.55929353019778],[167.73295302450123,-197.31562686353112],[167.73295302450128,-181.8613768635311],[167.5309530245013,-181.8613768635311],[156.45170302449935,-181.8613768635311],[156.45170302449932,-197.55929353019775],[160.63920302450123,-197.55929353019775]]],"type":"Polygon"},"type":"Feature"},{"properties":{"Element":"Room","NCES_Department":"County Court","Number":"1229","occupancyStatus":"","Area_SF":268.7,"Revit_UniqueId":"73e1dec4-efa6-4e4b-bde5-8175ed69a095-005453e7","NCES_Occupancy Status":"","Level":"LEVEL 1","RevitId":5526503,"Name":"COUNTY COURT JUDGE #1","NCES_Type":"Judge Chambers"},"geometry":{"coordinates":[[[174.28503635783275,-176.12179353019755],[174.18042226512608,-176.12179353019755],[174.18042226512605,-197.46554353019758],[180.2746196911678,-197.46554353019758],[181.54545302450111,-197.46554353019758],[187.9100363578344,-197.4655435301976],[187.91003635783443,-190.29054685322063],[187.91003635783446,-187.62388018655398],[187.91003635783449,-186.2905468532207],[187.91003635783449,-183.62388018655403],[187.91003635783454,-176.12179353019755],[174.28503635783275,-176.12179353019755]]],"type":"Polygon"},"type":"Feature"},{"properties":{"Element":"Room","NCES_Department":"Courthouse","Number":"1231","occupancyStatus":"","Area_SF":61.44,"Revit_UniqueId":"73e1dec4-efa6-4e4b-bde5-8175ed69a095-005453ea","NCES_Occupancy Status":"","Level":"LEVEL 1","RevitId":5526506,"Name":"SECURE VEST.","NCES_Type":"Sally Port/Secure Transfer"},"geometry":{"coordinates":[[[167.4933696911661,-176.12179353019755],[167.98295302450128,-176.12179353019755],[174.18042226512608,-176.12179353019755],[174.28503635783278,-176.12179353019755],[174.28503635783278,-172.12702736299246],[174.28503635783278,-171.44989303073578],[174.28503635783278,-165.9551268635309],[167.49336969116612,-165.9551268635309],[167.4933696911661,-176.12179353019755]]],"type":"Polygon"},"type":"Feature"},{"properties":{"Element":"Room","NCES_Department":"County Court","Number":"1228","occupancyStatus":"","Area_SF":37.44,"Revit_UniqueId":"73e1dec4-efa6-4e4b-bde5-8175ed69a095-005453ed","NCES_Occupancy Status":"","Level":"LEVEL 1","RevitId":5526509,"Name":"TOILET","NCES_Type":"Private Restroom"},"geometry":{"coordinates":[[[174.18042226512605,-197.46554353019758],[174.18042226512605,-197.76762686353112],[174.18042226512603,-204.47596019686426],[180.27461969116777,-204.47596019686426],[180.2746196911678,-197.46554353019758],[174.18042226512605,-197.46554353019758]]],"type":"Polygon"},"type":"Feature"},{"properties":{"Element":"Room","NCES_Department":"County Court","Number":"1230","occupancyStatus":"","Area_SF":37.3,"Revit_UniqueId":"73e1dec4-efa6-4e4b-bde5-8175ed69a095-005453f0","NCES_Occupancy Status":"","Level":"LEVEL 1","RevitId":5526512,"Name":"TOILET","NCES_Type":"Private Restroom"},"geometry":{"coordinates":[[[187.91003635783434,-204.4759601968643],[187.9100363578344,-197.4655435301976],[181.54545302450111,-197.46554353019758],[181.54545302450111,-204.47596019686426],[187.91003635783434,-204.4759601968643]]],"type":"Polygon"},"type":"Feature"},{"properties":{"Element":"Room","NCES_Department":"County Court","Number":"1227","occupancyStatus":"","Area_SF":255.85,"Revit_UniqueId":"73e1dec4-efa6-4e4b-bde5-8175ed69a095-005453f3","NCES_Occupancy Status":"","Level":"LEVEL 1","RevitId":5526515,"Name":"COUNTY COURT JUDGE #2","NCES_Type":"Judge Chambers"},"geometry":{"coordinates":[[[187.91003635783426,-217.9155468532207],[187.9100363578343,-213.62388018655398],[187.91003635783431,-210.9572135198873],[187.91003635783431,-209.62388018655403],[187.91003635783431,-206.95721351988738],[187.91003635783437,-204.4759601968643],[181.54545302450111,-204.47596019686426],[180.27461969116777,-204.47596019686426],[174.18042226512603,-204.47596019686426],[167.55586969116746,-204.47596019686424],[167.55586969116743,-217.91554685322063],[187.91003635783426,-217.9155468532207]]],"type":"Polygon"},"type":"Feature"},{"properties":{"Element":"Room","NCES_Department":"County Court","Number":"1225","occupancyStatus":"","Area_SF":262.73,"Revit_UniqueId":"73e1dec4-efa6-4e4b-bde5-8175ed69a095-005453f6","NCES_Occupancy Status":"","Level":"LEVEL 1","RevitId":5526518,"Name":"COUNTY COURT JUDGE #3","NCES_Type":"Judge Chambers"},"geometry":{"coordinates":[[[187.91003635783414,-231.7056011122892],[187.91003635783417,-229.62388018655403],[187.9100363578342,-228.29054685322063],[187.9100363578342,-225.62388018655395],[187.9100363578342,-224.2905468532207],[187.91003635783423,-221.62388018655403],[187.91003635783426,-217.9155468532207],[167.55586969116743,-217.91554685322063],[167.5558696911674,-225.9774102405406],[167.5558696911674,-231.70560111228912],[171.95190977183194,-231.70560111228914],[179.1600363578341,-231.70560111228917],[180.41003635783403,-231.70560111228917],[187.20170302450083,-231.7056011122892],[187.91003635783414,-231.7056011122892]]],"type":"Polygon"},"type":"Feature"},{"properties":{"Element":"Room","NCES_Department":"County Court","Number":"1235","occupancyStatus":"","Area_SF":167.6,"Revit_UniqueId":"73e1dec4-efa6-4e4b-bde5-8175ed69a095-005453f9","NCES_Occupancy Status":"","Level":"LEVEL 1","RevitId":5526521,"Name":"STENO #3 OFFICE","NCES_Type":"Patrol/Report Writing"},"geometry":{"coordinates":[[[144.0558696911678,-208.60096019686418],[144.0558696911678,-208.95512686353086],[144.0558696911678,-219.57527316793133],[160.63920302450117,-219.57527316793133],[160.63920302450123,-208.60096019686424],[144.0558696911678,-208.60096019686418]]],"type":"Polygon"},"type":"Feature"},{"properties":{"Element":"Room","NCES_Department":"County Court","Number":"1234","occupancyStatus":"","Area_SF":168.67,"Revit_UniqueId":"73e1dec4-efa6-4e4b-bde5-8175ed69a095-005453fc","NCES_Occupancy Status":"","Level":"LEVEL 1","RevitId":5526524,"Name":"STENO #2 OFFICE","NCES_Type":"Patrol/Report Writing"},"geometry":{"coordinates":[[[144.0558696911678,-197.5592935301977],[144.0558696911678,-208.60096019686418],[160.6392030245012,-208.60096019686424],[160.63920302450123,-197.55929353019775],[156.45170302449932,-197.55929353019775],[144.0558696911678,-197.5592935301977]]],"type":"Polygon"},"type":"Feature"},{"properties":{"Element":"Room","NCES_Department":"District Court","Number":"1261","occupancyStatus":"","Area_SF":226.89,"Revit_UniqueId":"73e1dec4-efa6-4e4b-bde5-8175ed69a095-005453ff","NCES_Occupancy Status":"","Level":"LEVEL 1","RevitId":5526527,"Name":"CONF. / BREAK ROOM","NCES_Type":"Break Room"},"geometry":{"coordinates":[[[144.0558696911678,-197.5592935301977],[144.0558696911678,-196.26762686353106],[131.76420302450111,-196.26762686353104],[124.34782775206278,-196.267626863531],[124.34782775206276,-208.95512686353078],[131.535036357834,-208.9551268635308],[144.0558696911678,-208.95512686353086],[144.0558696911678,-208.60096019686418],[144.0558696911678,-197.5592935301977]]],"type":"Polygon"},"type":"Feature"},{"properties":{"Element":"Room","NCES_Department":"District Court","Number":"1260","occupancyStatus":"","Area_SF":189,"Revit_UniqueId":"73e1dec4-efa6-4e4b-bde5-8175ed69a095-00545402","NCES_Occupancy Status":"","Level":"LEVEL 1","RevitId":5526530,"Name":"LAW CLERK","NCES_Type":"Conference Room"},"geometry":{"coordinates":[[[108.13949441872941,-208.14896019686444],[108.13949441872941,-208.95512686353075],[119.55616108539613,-208.95512686353078],[124.34782775206276,-208.95512686353078],[124.34782775206278,-196.267626863531],[119.66032775206276,-196.267626863531],[108.13949441872941,-196.26762686353095],[108.13949441872941,-208.14896019686444]]],"type":"Polygon"},"type":"Feature"},{"properties":{"Element":"Room","NCES_Department":"District Court","Number":"1259","occupancyStatus":"","Area_SF":147.36,"Revit_UniqueId":"73e1dec4-efa6-4e4b-bde5-8175ed69a095-00545405","NCES_Occupancy Status":"","Level":"LEVEL 1","RevitId":5526533,"Name":"DISTRICT COURT WORK/COPY","NCES_Type":"Copy/Print/Mail Area"},"geometry":{"coordinates":[[[117.28532775206276,-182.85096019686446],[117.28532775206276,-182.35096019686446],[108.13949441872944,-182.35096019686443],[108.13949441872944,-182.55296019686443],[108.13949441872941,-196.26762686353095],[119.66032775206276,-196.267626863531],[119.66032775206278,-182.8509601968645],[117.28532775206276,-182.85096019686446]]],"type":"Polygon"},"type":"Feature"},{"properties":{"Element":"Room","NCES_Department":"County Court","Number":"1247","occupancyStatus":"","Area_SF":121.93,"Revit_UniqueId":"73e1dec4-efa6-4e4b-bde5-8175ed69a095-00545408","NCES_Occupancy Status":"","Level":"LEVEL 1","RevitId":5526536,"Name":"COURT TECH ROOM","NCES_Type":"Courtroom Support/AV"},"geometry":{"coordinates":[[[108.13949441872941,-209.05296019686443],[108.13949441872938,-220.87324357387374],[108.38316108539604,-220.87324357387374],[119.5561610853961,-220.87324357387376],[119.55616108539613,-208.95512686353078],[108.13949441872941,-208.95512686353075],[108.13949441872941,-209.05296019686443]]],"type":"Polygon"},"type":"Feature"},{"properties":{"Element":"Room","NCES_Department":"County Court","Number":"1246","occupancyStatus":"","Area_SF":128.16,"Revit_UniqueId":"73e1dec4-efa6-4e4b-bde5-8175ed69a095-0054540b","NCES_Occupancy Status":"","Level":"LEVEL 1","RevitId":5526539,"Name":"EXPAN. OFFICE #2","NCES_Type":"Private Office - Enclosed"},"geometry":{"coordinates":[[[119.5561610853961,-220.87324357387376],[131.535036357834,-220.87324357387382],[131.535036357834,-208.9551268635308],[124.34782775206276,-208.95512686353078],[119.55616108539613,-208.95512686353078],[119.5561610853961,-220.87324357387376]]],"type":"Polygon"},"type":"Feature"},{"properties":{"Element":"Room","NCES_Department":"County Court","Number":"1244","occupancyStatus":"","Area_SF":265.46,"Revit_UniqueId":"73e1dec4-efa6-4e4b-bde5-8175ed69a095-00545411","NCES_Occupancy Status":"","Level":"LEVEL 1","RevitId":5526545,"Name":"COUNTY COURT JURY RM #2","NCES_Type":"Jury Deliberation"},"geometry":{"coordinates":[[[108.38316108539604,-225.9774102405404],[108.13469557190811,-225.9774102405404],[108.13469557190808,-239.62849769730252],[109.97099006406916,-241.4647921894636],[110.70605259363293,-241.4647921894636],[116.16238592696627,-241.46479218946362],[122.10116799722181,-241.46479218946365],[122.10116799722181,-244.47643444562243],[125.43116108539604,-244.47643444562243],[125.43116108539607,-225.97741024054045],[119.5561610853961,-225.97741024054042],[108.38316108539604,-225.9774102405404]]],"type":"Polygon"},"type":"Feature"},{"properties":{"Element":"Room","NCES_Department":"County Court","Number":"1221","occupancyStatus":"","Area_SF":161.97,"Revit_UniqueId":"73e1dec4-efa6-4e4b-bde5-8175ed69a095-00545418","NCES_Occupancy Status":"","Level":"LEVEL 1","RevitId":5526552,"Name":"BREAK ROOM","NCES_Type":"Break Room"},"geometry":{"coordinates":[[[157.3683696911674,-225.97741024054056],[144.4308696911678,-225.9774102405405],[144.4308696911678,-232.7056011122891],[144.4308696911678,-239.33012686353092],[157.24336969116735,-239.33012686353098],[157.36836969116735,-239.33012686353098],[157.36836969116735,-238.14262686353095],[157.3683696911674,-225.97741024054056]]],"type":"Polygon"},"type":"Feature"},{"properties":{"Element":"Room","NCES_Department":"County Court","Number":"1238","occupancyStatus":"","Area_SF":12.71,"Revit_UniqueId":"73e1dec4-efa6-4e4b-bde5-8175ed69a095-0054541b","NCES_Occupancy Status":"","Level":"LEVEL 1","RevitId":5526555,"Name":"STOR. CL.","NCES_Type":"General Storage"},"geometry":{"coordinates":[[[144.4308696911678,-239.33012686353092],[144.4308696911678,-232.7056011122891],[141.96755646563665,-232.7056011122891],[141.96755646563665,-239.33012686353092],[144.4308696911678,-239.33012686353092]]],"type":"Polygon"},"type":"Feature"},{"properties":{"Element":"Room","NCES_Department":"County Court","Number":"1219","occupancyStatus":"","Area_SF":150.42,"Revit_UniqueId":"73e1dec4-efa6-4e4b-bde5-8175ed69a095-0054541e","NCES_Occupancy Status":"","Level":"LEVEL 1","RevitId":5526558,"Name":"M / E","NCES_Type":"Mechanical Room"},"geometry":{"coordinates":[[[144.4308696911678,-239.33012686353092],[141.96755646563665,-239.33012686353092],[141.96755646563662,-241.4647921894637],[141.96755646563662,-250.0806011122891],[141.96755646563662,-250.24726777895575],[157.0717231323033,-250.24726777895575],[157.24336969116735,-250.24726777895575],[157.24336969116735,-250.1217935301976],[157.24336969116735,-239.33012686353098],[144.4308696911678,-239.33012686353092]]],"type":"Polygon"},"type":"Feature"},{"properties":{"Element":"Room","NCES_Department":"County Court","Number":"1222","occupancyStatus":"","Area_SF":110.13,"Revit_UniqueId":"73e1dec4-efa6-4e4b-bde5-8175ed69a095-00545421","NCES_Occupancy Status":"","Level":"LEVEL 1","RevitId":5526561,"Name":"STENO #4","NCES_Type":"Patrol/Report Writing"},"geometry":{"coordinates":[[[157.24336969116735,-250.1217935301976],[167.5558696911674,-250.1217935301976],[167.5558696911674,-238.142626863531],[157.36836969116735,-238.14262686353095],[157.36836969116735,-239.33012686353098],[157.24336969116735,-239.33012686353098],[157.24336969116735,-250.1217935301976]]],"type":"Polygon"},"type":"Feature"},{"properties":{"Element":"Room","NCES_Department":"County Court","Number":"1223","occupancyStatus":"","Area_SF":258.13,"Revit_UniqueId":"73e1dec4-efa6-4e4b-bde5-8175ed69a095-00545424","NCES_Occupancy Status":"","Level":"LEVEL 1","RevitId":5526564,"Name":"COUNTY COURT JUDGE #4","NCES_Type":"Judge Chambers"},"geometry":{"coordinates":[[[187.91003635783403,-250.1217935301976],[187.91003635783406,-246.95721351988732],[187.9100363578341,-244.29054685322063],[187.91003635783414,-237.43476777895586],[180.410036357834,-237.43476777895583],[179.1600363578341,-237.43476777895583],[171.9519097718319,-237.4347677789558],[171.95190977183194,-231.70560111228914],[167.5558696911674,-231.70560111228912],[167.5558696911674,-238.142626863531],[167.5558696911674,-250.1217935301976],[187.91003635783403,-250.1217935301976]]],"type":"Polygon"},"type":"Feature"},{"properties":{"Element":"Room","NCES_Department":"County Court","Number":"1224","occupancyStatus":"","Area_SF":36.08,"Revit_UniqueId":"73e1dec4-efa6-4e4b-bde5-8175ed69a095-00545427","NCES_Occupancy Status":"","Level":"LEVEL 1","RevitId":5526567,"Name":"TOILET","NCES_Type":"Private Restroom"},"geometry":{"coordinates":[[[179.1600363578341,-231.70560111228917],[171.95190977183194,-231.70560111228914],[171.9519097718319,-237.4347677789558],[179.1600363578341,-237.43476777895583],[179.1600363578341,-231.70560111228917]]],"type":"Polygon"},"type":"Feature"},{"properties":{"Element":"Room","NCES_Department":"County Court","Number":"1226","occupancyStatus":"","Area_SF":35.95,"Revit_UniqueId":"73e1dec4-efa6-4e4b-bde5-8175ed69a095-0054542a","NCES_Occupancy Status":"","Level":"LEVEL 1","RevitId":5526570,"Name":"TOILET","NCES_Type":"Private Restroom"},"geometry":{"coordinates":[[[187.91003635783414,-237.43476777895586],[187.91003635783414,-236.29054685322063],[187.91003635783414,-233.62388018655395],[187.91003635783414,-232.74726777895586],[187.20170302450083,-232.74726777895586],[187.20170302450083,-231.7056011122892],[180.41003635783403,-231.70560111228917],[180.410036357834,-237.43476777895583],[187.91003635783414,-237.43476777895586]]],"type":"Polygon"},"type":"Feature"},{"properties":{"Element":"Room","NCES_Department":"County Court","Number":"1239","occupancyStatus":"","Area_SF":50.25,"Revit_UniqueId":"73e1dec4-efa6-4e4b-bde5-8175ed69a095-0054542d","NCES_Occupancy Status":"","Level":"LEVEL 1","RevitId":5526573,"Name":"TOILET","NCES_Type":"Single Stall Restroom"},"geometry":{"coordinates":[[[141.96755646563662,-250.0806011122891],[141.96755646563662,-241.4647921894637],[135.10116799722186,-241.46479218946368],[135.10116799722186,-250.0806011122891],[141.96755646563662,-250.0806011122891]]],"type":"Polygon"},"type":"Feature"},{"properties":{"Element":"Room","NCES_Department":"County Court","Number":"1240","occupancyStatus":"","Area_SF":49.99,"Revit_UniqueId":"73e1dec4-efa6-4e4b-bde5-8175ed69a095-00545430","NCES_Occupancy Status":"","Level":"LEVEL 1","RevitId":5526576,"Name":"TOILET","NCES_Type":"Single Stall Restroom"},"geometry":{"coordinates":[[[127.0178346638885,-244.47643444562243],[127.0178346638885,-250.0806011122891],[133.85116799722184,-250.0806011122891],[133.85116799722184,-241.46479218946368],[127.0178346638885,-241.46479218946365],[127.0178346638885,-244.47643444562243]]],"type":"Polygon"},"type":"Feature"},{"properties":{"Element":"Room","NCES_Department":"County Court","Number":"1241","occupancyStatus":"","Area_SF":21.28,"Revit_UniqueId":"73e1dec4-efa6-4e4b-bde5-8175ed69a095-00545433","NCES_Occupancy Status":"","Level":"LEVEL 1","RevitId":5526579,"Name":"JAN. CL.","NCES_Type":"Janitor/Custodial Closet"},"geometry":{"coordinates":[[[122.10116799722181,-244.47643444562243],[122.10116799722181,-249.9139344456224],[122.10116799722181,-250.0806011122891],[123.02399027369509,-250.0806011122891],[127.0178346638885,-250.0806011122891],[127.0178346638885,-244.47643444562243],[125.43116108539604,-244.47643444562243],[122.10116799722181,-244.47643444562243]]],"type":"Polygon"},"type":"Feature"},{"properties":{"Element":"Room","NCES_Department":"County Court","Number":"1242","occupancyStatus":"","Area_SF":40.6,"Revit_UniqueId":"73e1dec4-efa6-4e4b-bde5-8175ed69a095-00545436","NCES_Occupancy Status":"","Level":"LEVEL 1","RevitId":5526582,"Name":"TOILET","NCES_Type":"Single Stall Restroom"},"geometry":{"coordinates":[[[122.10116799722181,-241.46479218946365],[116.16238592696627,-241.46479218946362],[116.16238592696627,-249.9139344456224],[122.10116799722181,-249.9139344456224],[122.10116799722181,-244.47643444562243],[122.10116799722181,-241.46479218946365]]],"type":"Polygon"},"type":"Feature"},{"properties":{"Element":"Room","NCES_Department":"County Court","Number":"1243","occupancyStatus":"","Area_SF":40.74,"Revit_UniqueId":"73e1dec4-efa6-4e4b-bde5-8175ed69a095-00545439","NCES_Occupancy Status":"","Level":"LEVEL 1","RevitId":5526585,"Name":"TOILET","NCES_Type":"Single Stall Restroom"},"geometry":{"coordinates":[[[110.20405259363292,-241.4647921894636],[110.20405259363292,-243.44869137645412],[110.20405259363292,-249.9139344456224],[113.14899027369506,-249.9139344456224],[116.16238592696627,-249.9139344456224],[116.16238592696627,-241.46479218946362],[110.20405259363292,-241.4647921894636]]],"type":"Polygon"},"type":"Feature"},{"properties":{"Element":"Room","NCES_Department":"District Court","Number":"1279","occupancyStatus":"","Area_SF":28.75,"Revit_UniqueId":"73e1dec4-efa6-4e4b-bde5-8175ed69a095-0054543c","NCES_Occupancy Status":"","Level":"LEVEL 1","RevitId":5526588,"Name":"TOILET","NCES_Type":"Single Stall Restroom"},"geometry":{"coordinates":[[[149.89961969116794,-104.53846019686418],[144.07670302450134,-104.53846019686416],[143.66003635783474,-104.53846019686416],[143.66003635783474,-105.03846019686415],[143.6600363578347,-109.30929353019759],[143.6600363578347,-109.55929353019759],[143.8267030245014,-109.55929353019759],[143.8267030245014,-109.56452736299259],[143.8267030245014,-110.37179353019759],[149.8996196911679,-110.3717935301976],[149.89961969116794,-104.53846019686418]]],"type":"Polygon"},"type":"Feature"},{"properties":{"Element":"Room","NCES_Department":"District Court","Number":"1276","occupancyStatus":"","Area_SF":29.86,"Revit_UniqueId":"73e1dec4-efa6-4e4b-bde5-8175ed69a095-0054543f","NCES_Occupancy Status":"","Level":"LEVEL 1","RevitId":5526591,"Name":"TOILET","NCES_Type":"Single Stall Restroom"},"geometry":{"coordinates":[[[157.0975363578344,-110.37179353019764],[157.09753635783454,-104.53846019686421],[150.55586969116786,-104.53846019686418],[150.55586969116786,-110.3717935301976],[157.0975363578344,-110.37179353019764]]],"type":"Polygon"},"type":"Feature"},{"properties":{"Element":"Room","NCES_Department":"District Court","Number":"1282","occupancyStatus":"","Area_SF":48.4,"Revit_UniqueId":"5d68f7b7-2aad-4cf4-aea6-4055fcf21b07-0054b7f6","NCES_Occupancy Status":"","Level":"LEVEL 1","RevitId":5552118,"Name":"VEST. 7","NCES_Type":"Waiting/Queue Area"},"geometry":{"coordinates":[[[58.7124110853961,-175.14262686353106],[58.7124110853961,-175.7676268635311],[66.99366108539604,-175.7676268635311],[67.3478277520627,-175.7676268635311],[67.3478277520627,-168.89262686353092],[58.7124110853961,-168.8926268635309],[58.7124110853961,-175.14262686353106]]],"type":"Polygon"},"type":"Feature"},{"properties":{"Element":"Room","NCES_Department":"District Court","Number":"1281","occupancyStatus":"","Area_SF":1298.03,"Revit_UniqueId":"5d68f7b7-2aad-4cf4-aea6-4055fcf21b07-0054b7f9","NCES_Occupancy Status":"","Level":"LEVEL 1","RevitId":5552121,"Name":"COURTROOM 7","NCES_Type":"Courtroom"},"geometry":{"coordinates":[[[117.47282775206273,-150.18429353019778],[100.35558410932663,-150.1842935301977],[97.80616108539607,-150.1842935301977],[92.02225077599329,-150.1842935301977],[91.43891744265997,-150.1842935301977],[91.43891744265997,-150.16346019686432],[90.80350077599323,-150.16346019686432],[70.43396482327913,-150.16346019686426],[66.69684837924527,-150.16346019686424],[65.09268171257861,-150.1634601968642],[62.01449441872944,-150.1634601968642],[58.71241108539613,-150.1634601968642],[58.71241108539613,-159.7676268635309],[58.71241108539613,-160.7676268635309],[58.85824441872947,-160.7676268635309],[58.85824441872944,-165.4134601968642],[58.7124110853961,-165.4134601968642],[58.7124110853961,-166.4134601968642],[58.7124110853961,-168.8926268635309],[67.3478277520627,-168.89262686353092],[67.3478277520627,-175.7676268635311],[90.8035007759932,-175.7676268635311],[101.60344557190828,-175.7676268635311],[101.60344557190828,-175.60096019686443],[108.0561610853961,-175.60096019686443],[108.0561610853961,-172.93725468902545],[112.09046843918202,-168.90294733523953],[112.00417394702094,-168.81665284307846],[117.47282775206273,-168.8166528430785],[117.47282775206273,-165.0384601968642],[117.47282775206273,-157.64970925386558],[117.47282775206273,-150.43429353019778],[117.47282775206273,-150.18429353019778]]],"type":"Polygon"},"type":"Feature"},{"properties":{"Element":"Room","NCES_Department":"District Court","Number":"1284","occupancyStatus":"","Area_SF":1812.69,"Revit_UniqueId":"5d68f7b7-2aad-4cf4-aea6-4055fcf21b07-0054b7fc","NCES_Occupancy Status":"","Level":"LEVEL 1","RevitId":5552124,"Name":"COURTROOM 8","NCES_Type":"Courtroom"},"geometry":{"coordinates":[[[80.25101460966513,-85.45853036800236],[58.767298156612554,-85.45853036800227],[58.767298156612554,-86.10436370133559],[58.767298156612554,-87.10956884082327],[58.767298156612554,-92.50019703466893],[58.892298156612554,-92.50019703466893],[58.892298156612526,-97.20853036800227],[58.767298156612526,-97.20853036800227],[58.767298156612526,-98.20853036800227],[58.767298156612526,-109.73559555931124],[58.767298156612526,-111.36059555931124],[58.767298156612526,-112.36059555931124],[58.892298156612526,-112.36059555931124],[58.8922981566125,-117.04809555931124],[58.7672981566125,-117.04809555931124],[58.7672981566125,-117.98559555931124],[58.7672981566125,-121.29635807900874],[58.76729815661247,-134.12148626045348],[58.76729815661247,-134.91315292712014],[58.89229815661247,-134.91315292712014],[58.89229815661247,-139.7676268635309],[58.76729815661247,-139.7676268635309],[58.76729815661247,-140.76614493588738],[58.76729815661247,-142.12031160255404],[62.01449441872944,-142.12031160255404],[70.43396482327913,-142.12031160255404],[70.43396482327913,-150.16346019686426],[90.80350077599323,-150.16346019686432],[91.43891744265997,-150.16346019686432],[91.43891744265997,-149.517626863531],[91.43891744266,-130.8339929903147],[91.43891744266,-129.792326323648],[91.43891744266003,-121.29635807900884],[91.43891744266006,-105.19594729006029],[91.43891744266006,-104.07094729006029],[91.43891744266006,-95.55323676630155],[83.92347654042811,-95.55323676630152],[83.92347654042811,-95.61459360367414],[80.25101460966513,-91.94213167291113],[80.25101460966513,-90.89262686353067],[80.25101460966513,-85.45853036800236]]],"type":"Polygon"},"type":"Feature"},{"properties":{"Element":"Room","NCES_Department":"District Court","Number":"1283","occupancyStatus":"","Area_SF":59.4,"Revit_UniqueId":"5d68f7b7-2aad-4cf4-aea6-4055fcf21b07-0054b7ff","NCES_Occupancy Status":"","Level":"LEVEL 1","RevitId":5552127,"Name":"VEST. 8","NCES_Type":"Waiting/Queue Area"},"geometry":{"coordinates":[[[62.01449441872944,-142.12031160255404],[62.01449441872944,-150.1634601968642],[65.09268171257861,-150.1634601968642],[65.09268171257861,-149.6426268635309],[66.69684837924527,-149.6426268635309],[66.69684837924527,-150.16346019686424],[70.43396482327913,-150.16346019686426],[70.43396482327913,-142.12031160255404],[62.01449441872944,-142.12031160255404]]],"type":"Polygon"},"type":"Feature"},{"properties":{"Element":"Room","NCES_Department":"District Court","Number":"1288","occupancyStatus":"","Area_SF":117.34,"Revit_UniqueId":"5d68f7b7-2aad-4cf4-aea6-4055fcf21b07-0054b802","NCES_Occupancy Status":"","Level":"LEVEL 1","RevitId":5552130,"Name":"SECURE CORR.","NCES_Type":"Sally Port/Secure Transfer"},"geometry":{"coordinates":[[[117.55616108539607,-149.35096019686443],[117.55616108539607,-143.66686370133576],[107.78532775206273,-143.66686370133573],[97.80616108539607,-143.6668637013357],[97.80616108539607,-150.1842935301977],[100.35558410932663,-150.1842935301977],[117.47282775206273,-150.18429353019778],[117.55616108539607,-150.18429353019775],[117.55616108539607,-149.35096019686443]]],"type":"Polygon"},"type":"Feature"},{"properties":{"Element":"Room","NCES_Department":"District Court","Number":"1289A","occupancyStatus":"","Area_SF":117.51,"Revit_UniqueId":"5d68f7b7-2aad-4cf4-aea6-4055fcf21b07-0054b805","NCES_Occupancy Status":"","Level":"LEVEL 1","RevitId":5552133,"Name":"OFFICE","NCES_Type":"Private Office - Enclosed"},"geometry":{"coordinates":[[[98.25816108539607,-143.6668637013357],[107.78532775206273,-143.66686370133573],[107.78532775206276,-130.43429353019746],[103.55616108539607,-130.43429353019746],[98.0561610853961,-130.43429353019746],[98.05616108539607,-143.6668637013357],[98.25816108539607,-143.6668637013357]]],"type":"Polygon"},"type":"Feature"},{"properties":{"Element":"Room","NCES_Department":"District Court","Number":"1289B","occupancyStatus":"","Area_SF":118.04,"Revit_UniqueId":"5d68f7b7-2aad-4cf4-aea6-4055fcf21b07-0054b808","NCES_Occupancy Status":"","Level":"LEVEL 1","RevitId":5552136,"Name":"OFFICE","NCES_Type":"Private Office - Enclosed"},"geometry":{"coordinates":[[[117.55616108539607,-131.18429353019752],[117.55616108539607,-130.43429353019752],[112.05616108539607,-130.4342935301975],[107.78532775206276,-130.43429353019746],[107.78532775206273,-143.66686370133573],[117.55616108539607,-143.66686370133576],[117.55616108539607,-131.18429353019752]]],"type":"Polygon"},"type":"Feature"},{"properties":{"Element":"Room","NCES_Department":"District Court","Number":"1292","occupancyStatus":"","Area_SF":103.99,"Revit_UniqueId":"5d68f7b7-2aad-4cf4-aea6-4055fcf21b07-0054b80b","NCES_Occupancy Status":"","Level":"LEVEL 1","RevitId":5552139,"Name":"WOMEN'S RR","NCES_Type":"Womens Restroom"},"geometry":{"coordinates":[[[117.55616108539607,-123.85096019686421],[117.55616108539607,-120.18429353019751],[98.0561610853961,-120.18429353019745],[98.0561610853961,-124.10096019686412],[103.55616108539607,-124.10096019686414],[103.55616108539607,-125.24679353019748],[103.55616108539607,-129.01762686353078],[112.05616108539607,-129.01762686353084],[112.05616108539607,-125.26762686353084],[112.05616108539607,-123.85096019686418],[117.55616108539607,-123.85096019686421]]],"type":"Polygon"},"type":"Feature"},{"properties":{"Element":"Room","NCES_Department":"District Court","Number":"1290","occupancyStatus":"","Area_SF":24.05,"Revit_UniqueId":"5d68f7b7-2aad-4cf4-aea6-4055fcf21b07-0054b80e","NCES_Occupancy Status":"","Level":"LEVEL 1","RevitId":5552142,"Name":"TOILET","NCES_Type":"Private Restroom"},"geometry":{"coordinates":[[[98.0561610853961,-125.24679353019746],[98.0561610853961,-130.43429353019746],[103.55616108539607,-130.43429353019746],[103.55616108539607,-129.01762686353078],[103.55616108539607,-125.24679353019748],[98.0561610853961,-125.24679353019746]]],"type":"Polygon"},"type":"Feature"},{"properties":{"Element":"Room","NCES_Department":"District Court","Number":"1291","occupancyStatus":"","Area_SF":23.75,"Revit_UniqueId":"5d68f7b7-2aad-4cf4-aea6-4055fcf21b07-0054b811","NCES_Occupancy Status":"","Level":"LEVEL 1","RevitId":5552145,"Name":"TOILET","NCES_Type":"Private Restroom"},"geometry":{"coordinates":[[[117.55616108539607,-130.10096019686418],[117.55616108539607,-125.26762686353085],[112.05616108539607,-125.26762686353084],[112.05616108539607,-129.01762686353084],[112.05616108539607,-130.4342935301975],[117.55616108539607,-130.43429353019752],[117.55616108539607,-130.10096019686418]]],"type":"Polygon"},"type":"Feature"},{"properties":{"Element":"Room","NCES_Department":"District Court","Number":"1293","occupancyStatus":"","Area_SF":103.39,"Revit_UniqueId":"5d68f7b7-2aad-4cf4-aea6-4055fcf21b07-0054b814","NCES_Occupancy Status":"","Level":"LEVEL 1","RevitId":5552148,"Name":"MEN'S RR","NCES_Type":"Mens Restroom"},"geometry":{"coordinates":[[[117.55616108539607,-120.18429353019751],[117.55616108539607,-116.51762686353086],[112.05616108539607,-116.51762686353085],[112.05616108539607,-115.12179353019751],[112.05616108539607,-111.35096019686418],[103.59153448842375,-111.35096019686415],[103.59153448842375,-115.12179353019748],[103.59153448842375,-116.26762686353082],[98.0561610853961,-116.26762686353081],[98.0561610853961,-120.18429353019745],[117.55616108539607,-120.18429353019751]]],"type":"Polygon"},"type":"Feature"},{"properties":{"Element":"Room","NCES_Department":"District Court","Number":"1296","occupancyStatus":"","Area_SF":23.75,"Revit_UniqueId":"5d68f7b7-2aad-4cf4-aea6-4055fcf21b07-0054b817","NCES_Occupancy Status":"","Level":"LEVEL 1","RevitId":5552151,"Name":"TOILET","NCES_Type":"Single Stall Restroom"},"geometry":{"coordinates":[[[117.55616108539607,-115.12179353019752],[117.55616108539607,-109.93429353019751],[112.05616108539607,-109.9342935301975],[112.05616108539607,-111.35096019686418],[112.05616108539607,-115.12179353019751],[117.55616108539607,-115.12179353019752]]],"type":"Polygon"},"type":"Feature"},{"properties":{"Element":"Room","NCES_Department":"District Court","Number":"1295","occupancyStatus":"","Area_SF":23.92,"Revit_UniqueId":"5d68f7b7-2aad-4cf4-aea6-4055fcf21b07-0054b81a","NCES_Occupancy Status":"","Level":"LEVEL 1","RevitId":5552154,"Name":"TOILET","NCES_Type":"Single Stall Restroom"},"geometry":{"coordinates":[[[98.05616108539613,-109.93429353019745],[98.0561610853961,-115.12179353019746],[103.59153448842375,-115.12179353019748],[103.59153448842375,-111.35096019686415],[103.59153448842375,-109.93429353019746],[98.05616108539613,-109.93429353019745]]],"type":"Polygon"},"type":"Feature"},{"properties":{"Element":"Room","NCES_Department":"Sheriff","Number":"1294","occupancyStatus":"","Area_SF":241.57,"Revit_UniqueId":"5d68f7b7-2aad-4cf4-aea6-4055fcf21b07-0054b81d","NCES_Occupancy Status":"","Level":"LEVEL 1","RevitId":5552157,"Name":"DISTRICT COURT JURY RM #2","NCES_Type":"Jury Assembly"},"geometry":{"coordinates":[[[117.55616108539607,-104.1426268635311],[117.55616108539607,-96.69907009963498],[104.5561610853961,-96.69907009963495],[98.05616108539613,-96.69907009963492],[98.05616108539613,-109.93429353019745],[103.59153448842375,-109.93429353019746],[112.05616108539607,-109.9342935301975],[117.55616108539607,-109.93429353019751],[117.55616108539607,-105.2676268635311],[117.55616108539607,-104.1426268635311]]],"type":"Polygon"},"type":"Feature"},{"properties":{"Element":"Room","NCES_Department":"District Court","Number":"1286","occupancyStatus":"","Area_SF":32,"Revit_UniqueId":"5d68f7b7-2aad-4cf4-aea6-4055fcf21b07-0054b820","NCES_Occupancy Status":"","Level":"LEVEL 1","RevitId":5552160,"Name":"EVID. #1","NCES_Type":"Evidence Storage"},"geometry":{"coordinates":[[[98.05616108539616,-90.86573676630161],[98.05616108539613,-96.69907009963492],[104.5561610853961,-96.69907009963495],[104.55616108539613,-90.86573676630164],[98.05616108539616,-90.86573676630161]]],"type":"Polygon"},"type":"Feature"},{"properties":{"Element":"Room","NCES_Department":"County Court","Number":"1299","occupancyStatus":"","Area_SF":29.19,"Revit_UniqueId":"5d68f7b7-2aad-4cf4-aea6-4055fcf21b07-0054b823","NCES_Occupancy Status":"","Level":"LEVEL 1","RevitId":5552163,"Name":"JAN","NCES_Type":"Janitor/Custodial Closet"},"geometry":{"coordinates":[[[98.05616108539616,-85.41686370133573],[98.05616108539616,-90.86573676630161],[104.55616108539613,-90.86573676630164],[104.55616108539613,-85.41686370133573],[98.05616108539616,-85.41686370133573]]],"type":"Polygon"},"type":"Feature"},{"properties":{"Element":"Room","NCES_Department":"District Court","Number":"1297","occupancyStatus":"","Area_SF":133.74,"Revit_UniqueId":"5d68f7b7-2aad-4cf4-aea6-4055fcf21b07-0054b826","NCES_Occupancy Status":"","Level":"LEVEL 1","RevitId":5552166,"Name":"DISTRICT COURT EVIDENCE #3","NCES_Type":"Evidence Storage"},"geometry":{"coordinates":[[[117.55616108539607,-88.41346019686418],[117.55616108539607,-85.41686370133579],[104.55616108539613,-85.41686370133573],[104.55616108539613,-90.86573676630164],[104.5561610853961,-96.69907009963495],[117.55616108539607,-96.69907009963498],[117.55616108539607,-88.41346019686418]]],"type":"Polygon"},"type":"Feature"},{"properties":{"Element":"Room","NCES_Department":"County Court","Number":"1255","occupancyStatus":"","Area_SF":1258.69,"Revit_UniqueId":"5d68f7b7-2aad-4cf4-aea6-4055fcf21b07-0054b829","NCES_Occupancy Status":"","Level":"LEVEL 1","RevitId":5552169,"Name":"COURTROOM 6","NCES_Type":"Courtroom"},"geometry":{"coordinates":[[[58.71241108539607,-192.06398877149152],[58.71241108539607,-208.8509601968644],[72.88921550471173,-208.8509601968644],[82.4655372398781,-208.8509601968644],[101.60344557190822,-208.8509601968644],[101.60344557190822,-208.6009601968644],[101.60344557190825,-190.55694727021745],[101.60344557190828,-182.1009601968644],[101.60344557190828,-175.7676268635311],[90.8035007759932,-175.7676268635311],[67.3478277520627,-175.7676268635311],[66.99366108539604,-175.7676268635311],[66.99366108539604,-182.6426268635311],[58.7124110853961,-182.64262686353106],[58.7124110853961,-183.1009601968644],[58.71241108539607,-192.06398877149152]]],"type":"Polygon"},"type":"Feature"},{"properties":{"Element":"Room","NCES_Department":"County Court","Number":"1254","occupancyStatus":"","Area_SF":43.35,"Revit_UniqueId":"5d68f7b7-2aad-4cf4-aea6-4055fcf21b07-0054b82c","NCES_Occupancy Status":"","Level":"LEVEL 1","RevitId":5552172,"Name":"VEST. 6","NCES_Type":"Waiting/Queue Area"},"geometry":{"coordinates":[[[58.7124110853961,-182.1009601968644],[58.7124110853961,-182.64262686353106],[66.99366108539604,-182.6426268635311],[66.99366108539604,-175.7676268635311],[58.7124110853961,-175.7676268635311],[58.7124110853961,-176.05929353019775],[58.7124110853961,-182.1009601968644]]],"type":"Polygon"},"type":"Feature"},{"properties":{"Element":"Room","NCES_Department":"County Court","Number":"1250","occupancyStatus":"","Area_SF":1302.46,"Revit_UniqueId":"5d68f7b7-2aad-4cf4-aea6-4055fcf21b07-0054b870","NCES_Occupancy Status":"","Level":"LEVEL 1","RevitId":5552240,"Name":"COURTROOM 5","NCES_Type":"Courtroom"},"geometry":{"coordinates":[[[89.39715170873322,-243.07369137645406],[101.56177890524148,-243.0736913764541],[101.56177890524148,-242.9966913764541],[101.56177890524151,-233.45207965364557],[101.06177890524151,-233.45207965364557],[101.06177890524151,-231.8479129869789],[101.6034455719082,-231.8479129869789],[101.60344557190822,-208.8509601968644],[82.4655372398781,-208.8509601968644],[72.88921550471173,-208.8509601968644],[58.71241108539607,-208.8509601968644],[58.71241108539607,-209.0176268635311],[57.22697999251179,-209.0176268635311],[57.22697999251176,-218.11521149238123],[57.22697999251176,-225.7818781590479],[57.22697999251176,-232.2767523205093],[65.97697999251176,-232.27675232050933],[65.97697999251176,-233.98508565384265],[65.97697999251173,-243.07369137645398],[72.88921550471167,-243.073691376454],[77.50575340526612,-243.07369137645404],[89.39715170873322,-243.07369137645406]]],"type":"Polygon"},"type":"Feature"},{"properties":{"Element":"Room","NCES_Department":"County Court","Number":"1237","occupancyStatus":"","Area_SF":265.77,"Revit_UniqueId":"6f485bbd-c94d-413e-a543-26db278f5f57-0054eae6","NCES_Occupancy Status":"","Level":"LEVEL 1","RevitId":5565158,"Name":"COUNTY COURT JURY RM #1","NCES_Type":"Jury Deliberation"},"geometry":{"coordinates":[[[131.535036357834,-225.97741024054048],[125.43116108539607,-225.97741024054045],[125.43116108539604,-244.47643444562243],[127.0178346638885,-244.47643444562243],[127.0178346638885,-241.46479218946365],[133.85116799722184,-241.46479218946368],[135.10116799722186,-241.46479218946368],[141.96755646563662,-241.4647921894637],[141.96755646563665,-239.33012686353092],[141.96755646563665,-232.7056011122891],[144.4308696911678,-232.7056011122891],[144.4308696911678,-225.9774102405405],[143.57670302450072,-225.9774102405405],[131.535036357834,-225.97741024054048]]],"type":"Polygon"},"type":"Feature"},{"properties":{"Element":"Room","NCES_Department":"Child Support","Number":"1357","occupancyStatus":"","Area_SF":250.44,"Revit_UniqueId":"6f485bbd-c94d-413e-a543-26db278f5f57-0054eb44","NCES_Occupancy Status":"","Level":"LEVEL 1","RevitId":5565252,"Name":"JURY ROOM","NCES_Type":"Jury Deliberation"},"geometry":{"coordinates":[[[74.90012762423734,-78.84162145087993],[87.73755261710747,-78.84162145087993],[87.73755261710747,-58.46658236107831],[79.816794290904,-58.46658236107828],[74.90012762423737,-58.46658236107825],[74.90012762423734,-78.84162145087993]]],"type":"Polygon"},"type":"Feature"},{"properties":{"Element":"Room","NCES_Department":"Courthouse","Number":"1365","occupancyStatus":"","Area_SF":365.82,"Revit_UniqueId":"6f485bbd-c94d-413e-a543-26db278f5f57-0054eb87","NCES_Occupancy Status":"","Level":"LEVEL 1","RevitId":5565319,"Name":"SECURE CORR.","NCES_Type":"Sally Port/Secure Transfer"},"geometry":{"coordinates":[[[40.40516560108259,-78.84162145087993],[40.056207267749244,-78.84162145087993],[40.056207267749244,-83.19284761803488],[35.066623934416214,-83.19284761803488],[35.066623934416214,-87.44290217415659],[39.96558313173125,-87.44290217415659],[39.96558313173125,-87.5262355074899],[45.52510624398249,-87.52623550748993],[45.52510624398249,-86.98649549376353],[51.92093957731586,-86.98649549376356],[51.92093957731586,-87.10956884082324],[58.767298156612554,-87.10956884082327],[58.767298156612554,-86.10436370133559],[58.142298156612554,-86.10436370133559],[58.142298156612554,-85.45853036800227],[80.25101460966513,-85.45853036800236],[91.43891744266008,-85.45853036800239],[91.43891744266008,-85.4168637013357],[92.5200737254483,-85.4168637013357],[92.5200737254483,-78.84162145087993],[91.32088595044078,-78.84162145087993],[87.73755261710747,-78.84162145087993],[74.90012762423734,-78.84162145087993],[65.90802984146092,-78.84162145087993],[63.283029841460916,-78.84162145087993],[55.551957895950835,-78.84162145087993],[47.82088595044081,-78.84162145087993],[40.40516560108259,-78.84162145087993]]],"type":"Polygon"},"type":"Feature"},{"properties":{"Element":"Room","NCES_Department":"County Attorney","Number":"1370","occupancyStatus":"","Area_SF":25.9,"Revit_UniqueId":"6f485bbd-c94d-413e-a543-26db278f5f57-0054eb8a","NCES_Occupancy Status":"","Level":"LEVEL 1","RevitId":5565322,"Name":"VEST.","NCES_Type":"Waiting/Queue Area"},"geometry":{"coordinates":[[[35.066623934416214,-87.44290217415659],[33.6707906010829,-87.44290217415659],[33.6707906010829,-92.52816216043018],[39.96558313173125,-92.52816216043018],[39.96558313173125,-87.5262355074899],[39.96558313173125,-87.44290217415659],[35.066623934416214,-87.44290217415659]]],"type":"Polygon"},"type":"Feature"},{"properties":{"Element":"Room","NCES_Department":"County Attorney","Number":"1369","occupancyStatus":"","Area_SF":45.02,"Revit_UniqueId":"6f485bbd-c94d-413e-a543-26db278f5f57-0054eb8d","NCES_Occupancy Status":"","Level":"LEVEL 1","RevitId":5565325,"Name":"JAN.","NCES_Type":"Janitor/Custodial Closet"},"geometry":{"coordinates":[[[33.6707906010829,-92.52816216043018],[33.6707906010829,-96.53056728835523],[33.67079060108287,-98.11390062168854],[33.67079060108287,-100.69006761743907],[39.96558313173125,-100.69006761743907],[39.96558313173125,-98.42399549376353],[40.04891646506459,-98.42399549376353],[40.04891646506459,-92.52816216043018],[39.96558313173125,-92.52816216043018],[33.6707906010829,-92.52816216043018]]],"type":"Polygon"},"type":"Feature"},{"properties":{"Element":"Room","NCES_Department":"County Attorney","Number":"1367","occupancyStatus":"","Area_SF":34.08,"Revit_UniqueId":"6f485bbd-c94d-413e-a543-26db278f5f57-0054eb90","NCES_Occupancy Status":"","Level":"LEVEL 1","RevitId":5565328,"Name":"VEST.","NCES_Type":"Waiting/Queue Area"},"geometry":{"coordinates":[[[33.67079060108287,-107.36390062168923],[40.132249798397964,-107.3639006216894],[40.132249798397936,-106.66598395502267],[39.96558313173125,-106.66598395502267],[39.96558313173125,-100.69006761743907],[33.67079060108287,-100.69006761743907],[33.67079060108287,-107.36390062168923]]],"type":"Polygon"},"type":"Feature"},{"properties":{"Element":"Room","NCES_Department":"County Attorney","Number":"1368","occupancyStatus":"","Area_SF":164.42,"Revit_UniqueId":"6f485bbd-c94d-413e-a543-26db278f5f57-0054eb93","NCES_Occupancy Status":"","Level":"LEVEL 1","RevitId":5565331,"Name":"MENS RR","NCES_Type":"Mens Restroom"},"geometry":{"coordinates":[[[13.577040601082501,-98.11390062168854],[13.577040601082501,-107.36390062168867],[14.020833333329563,-107.36390062168869],[33.67079060108287,-107.36390062168923],[33.67079060108287,-100.69006761743907],[33.6707906010829,-98.11390062168854],[13.577040601082501,-98.11390062168854]]],"type":"Polygon"},"type":"Feature"},{"properties":{"Element":"Room","NCES_Department":"County Attorney","Number":"1371","occupancyStatus":"","Area_SF":164.51,"Revit_UniqueId":"6f485bbd-c94d-413e-a543-26db278f5f57-0054eb96","NCES_Occupancy Status":"","Level":"LEVEL 1","RevitId":5565334,"Name":"WOMENS RR","NCES_Type":"Womens Restroom"},"geometry":{"coordinates":[[[13.577040601082558,-87.44290217415659],[13.577040601082501,-96.53056728835523],[33.6707906010829,-96.53056728835523],[33.6707906010829,-92.52816216043018],[33.6707906010829,-87.44290217415659],[13.577040601082558,-87.44290217415659]]],"type":"Polygon"},"type":"Feature"},{"properties":{"Element":"Room","NCES_Department":"County Attorney","Number":"1372","occupancyStatus":"","Area_SF":140.74,"Revit_UniqueId":"6f485bbd-c94d-413e-a543-26db278f5f57-0054eb99","NCES_Occupancy Status":"","Level":"LEVEL 1","RevitId":5565337,"Name":"STAIR","NCES_Type":"Stair"},"geometry":{"coordinates":[[[18.155571840175668,-78.84162145087993],[13.577040601082558,-78.84162145087993],[13.577040601082558,-87.44290217415659],[33.6707906010829,-87.44290217415659],[35.066623934416214,-87.44290217415659],[35.066623934416214,-83.19284761803488],[29.306207267749272,-83.19284761803488],[29.306207267749272,-78.84162145087993],[29.2853739344159,-78.84162145087993],[18.155571840175668,-78.84162145087993]]],"type":"Polygon"},"type":"Feature"},{"properties":{"Element":"Room","NCES_Department":"County Attorney","Number":"1405","occupancyStatus":"","Area_SF":104.78,"Revit_UniqueId":"6f485bbd-c94d-413e-a543-26db278f5f57-0054eb9c","NCES_Occupancy Status":"","Level":"LEVEL 1","RevitId":5565340,"Name":"OFFICE 16","NCES_Type":"Private Office - Enclosed"},"geometry":{"coordinates":[[[0.7083333333284259,-121.41815543815807],[0.7083333333281416,-128.87409042712005],[0.7083333333280848,-130.43093404400355],[13.645833333329563,-130.4309340440036],[13.645833333329563,-127.85565543815807],[14.020833333329563,-127.85565543815807],[14.020833333329563,-121.41815543815807],[10.328082233511623,-121.41815543815807],[1.6666666666616834,-121.41815543815807],[0.7083333333284259,-121.41815543815807]]],"type":"Polygon"},"type":"Feature"},{"properties":{"Element":"Room","NCES_Department":"County Attorney","Number":"1406","occupancyStatus":"","Area_SF":99.21,"Revit_UniqueId":"6f485bbd-c94d-413e-a543-26db278f5f57-0054eb9f","NCES_Occupancy Status":"","Level":"LEVEL 1","RevitId":5565343,"Name":"OFFICE 17","NCES_Type":"Private Office - Enclosed"},"geometry":{"coordinates":[[[0.7083333333280848,-130.43093404400355],[0.7083333333279711,-132.8740904271201],[0.7083333333277437,-138.53034042712005],[1.7175233233207337,-138.53034042712005],[2.6181169402042883,-139.43093404400355],[13.645833333329563,-139.4309340440036],[13.645833333329563,-130.4309340440036],[0.7083333333280848,-130.43093404400355]]],"type":"Polygon"},"type":"Feature"},{"properties":{"Element":"Room","NCES_Department":"County Attorney","Number":"1407","occupancyStatus":"","Area_SF":100.66,"Revit_UniqueId":"6f485bbd-c94d-413e-a543-26db278f5f57-0054eba2","NCES_Occupancy Status":"","Level":"LEVEL 1","RevitId":5565346,"Name":"OFFICE 18","NCES_Type":"Private Office - Enclosed"},"geometry":{"coordinates":[[[0.7083333333277437,-138.53034042712005],[0.7083333333273458,-149.2798210353405],[1.5728094029522026,-149.2798210353405],[2.451543053693001,-148.40108738459975],[13.645833333329563,-148.40108738459978],[13.645833333329506,-139.4309340440036],[2.6181169402042883,-139.4309340440036],[1.7175233233207337,-138.53034042712005],[0.7083333333277437,-138.53034042712005]]],"type":"Polygon"},"type":"Feature"},{"properties":{"Element":"Room","NCES_Department":"County Attorney","Number":"1408","occupancyStatus":"","Area_SF":99.5,"Revit_UniqueId":"6f485bbd-c94d-413e-a543-26db278f5f57-0054eba5","NCES_Occupancy Status":"","Level":"LEVEL 1","RevitId":5565349,"Name":"OFFICE 19","NCES_Type":"Private Office - Enclosed"},"geometry":{"coordinates":[[[0.7083333333273458,-149.2798210353405],[0.7083333333271185,-154.8740904271201],[0.7083333333270048,-157.4131529271201],[13.645833333329563,-157.41315292712014],[13.645833333329563,-148.40108738459978],[2.451543053693001,-148.40108738459975],[1.5728094029522026,-149.2798210353405],[0.7083333333273458,-149.2798210353405]]],"type":"Polygon"},"type":"Feature"},{"properties":{"Element":"Room","NCES_Department":"County Attorney","Number":"1409","occupancyStatus":"","Area_SF":100.01,"Revit_UniqueId":"6f485bbd-c94d-413e-a543-26db278f5f57-0054eba8","NCES_Occupancy Status":"","Level":"LEVEL 1","RevitId":5565352,"Name":"OFFICE 20","NCES_Type":"Private Office - Enclosed"},"geometry":{"coordinates":[[[0.7083333333270048,-157.4131529271201],[0.7083333333269479,-158.8740904271201],[0.7083333333266637,-166.41724122378105],[13.645833333329563,-166.41724122378108],[13.645833333329563,-157.41315292712014],[0.7083333333270048,-157.4131529271201]]],"type":"Polygon"},"type":"Feature"},{"properties":{"Element":"Room","NCES_Department":"County Attorney","Number":"1410","occupancyStatus":"","Area_SF":99.91,"Revit_UniqueId":"6f485bbd-c94d-413e-a543-26db278f5f57-0054ebab","NCES_Occupancy Status":"","Level":"LEVEL 1","RevitId":5565355,"Name":"OFFICE 21","NCES_Type":"Private Office - Enclosed"},"geometry":{"coordinates":[[[0.7083333333266637,-166.41724122378105],[0.7083333333263226,-175.4131529271201],[13.645833333329563,-175.41315292712017],[13.645833333329563,-166.41724122378108],[0.7083333333266637,-166.41724122378105]]],"type":"Polygon"},"type":"Feature"},{"properties":{"Element":"Room","NCES_Department":"County Attorney","Number":"1411","occupancyStatus":"","Area_SF":98.99,"Revit_UniqueId":"6f485bbd-c94d-413e-a543-26db278f5f57-0054ebae","NCES_Occupancy Status":"","Level":"LEVEL 1","RevitId":5565358,"Name":"OFFICE 22","NCES_Type":"Private Office - Enclosed"},"geometry":{"coordinates":[[[0.7083333333262658,-175.4131529271201],[0.7083333333260953,-180.87409042712008],[0.7083333333259247,-184.3298195937868],[13.645833333329563,-184.32981959378682],[13.645833333329563,-175.41315292712017],[0.7083333333262658,-175.4131529271201]]],"type":"Polygon"},"type":"Feature"},{"properties":{"Element":"Room","NCES_Department":"County Attorney","Number":"1412","occupancyStatus":"","Area_SF":99.78,"Revit_UniqueId":"6f485bbd-c94d-413e-a543-26db278f5f57-0054ebb1","NCES_Occupancy Status":"","Level":"LEVEL 1","RevitId":5565361,"Name":"OFFICE 23","NCES_Type":"Private Office - Enclosed"},"geometry":{"coordinates":[[[0.7083333333259247,-184.3298195937868],[0.7083333333259247,-185.04075709378677],[0.7083333333255837,-193.31398877149135],[13.270833333329563,-193.31398877149138],[13.645833333329563,-193.31398877149138],[13.645833333329563,-184.32981959378682],[0.7083333333259247,-184.3298195937868]]],"type":"Polygon"},"type":"Feature"},{"properties":{"Element":"Room","NCES_Department":"County Attorney","Number":"1413","occupancyStatus":"","Area_SF":99.57,"Revit_UniqueId":"6f485bbd-c94d-413e-a543-26db278f5f57-0054ebb4","NCES_Occupancy Status":"","Level":"LEVEL 1","RevitId":5565364,"Name":"OFFICE 24","NCES_Type":"Private Office - Enclosed"},"geometry":{"coordinates":[[[0.7083333333255837,-193.31398877149135],[0.7083333333252426,-201.54814464355414],[1.673429129192698,-201.54814464355414],[2.4546791291928116,-202.3293946435542],[13.270833333329563,-202.32939464355422],[13.270833333329563,-193.31398877149138],[0.7083333333255837,-193.31398877149135]]],"type":"Polygon"},"type":"Feature"},{"properties":{"Element":"Room","NCES_Department":"County Attorney","Number":"1414","occupancyStatus":"","Area_SF":100.5,"Revit_UniqueId":"6f485bbd-c94d-413e-a543-26db278f5f57-0054ebb7","NCES_Occupancy Status":"","Level":"LEVEL 1","RevitId":5565367,"Name":"OFFICE 25","NCES_Type":"Private Office - Enclosed"},"geometry":{"coordinates":[[[0.7083333333252426,-201.54814464355414],[0.7083333333250152,-207.04075709378677],[0.7083333333249584,-208.86880406751385],[1.0416666666583865,-208.86880406751385],[1.0416666666583865,-210.5979707341805],[1.5416666666584433,-210.5979707341805],[1.5416666666584433,-211.0999707341805],[1.5416666666584433,-211.5679870357193],[10.54166666666282,-211.56798703571934],[13.270833333329563,-211.56798703571934],[13.270833333329563,-207.90132036905268],[13.270833333329563,-202.32939464355422],[2.4546791291928116,-202.3293946435542],[1.673429129192698,-201.54814464355414],[0.7083333333252426,-201.54814464355414]]],"type":"Polygon"},"type":"Feature"},{"properties":{"Element":"Room","NCES_Department":"County Attorney","Number":"1416","occupancyStatus":"","Area_SF":157.87,"Revit_UniqueId":"6f485bbd-c94d-413e-a543-26db278f5f57-0054ebba","NCES_Occupancy Status":"","Level":"LEVEL 1","RevitId":5565370,"Name":"OFFICE 3","NCES_Type":"Private Office - Enclosed"},"geometry":{"coordinates":[[[34.61789430383368,-202.9027362604534],[34.61789430383368,-192.27232210482478],[18.74479451166701,-192.27232210482472],[18.74479451166698,-202.90273626045334],[34.61789430383368,-202.9027362604534]]],"type":"Polygon"},"type":"Feature"},{"properties":{"Element":"Room","NCES_Department":"County Attorney","Number":"1418","occupancyStatus":"","Area_SF":285.98,"Revit_UniqueId":"6f485bbd-c94d-413e-a543-26db278f5f57-0054ebbd","NCES_Occupancy Status":"","Level":"LEVEL 1","RevitId":5565373,"Name":"LARGE CONF.","NCES_Type":"Conference Room"},"geometry":{"coordinates":[[[34.61789430383368,-192.27232210482478],[34.61789430383368,-173.39640789044844],[30.013727637167023,-173.39640789044842],[23.328127845000353,-173.39640789044842],[18.74479451166704,-173.3964078904484],[18.74479451166701,-192.27232210482472],[34.61789430383368,-192.27232210482478]]],"type":"Polygon"},"type":"Feature"},{"properties":{"Element":"Room","NCES_Department":"County Attorney","Number":"1419","occupancyStatus":"","Area_SF":165.53,"Revit_UniqueId":"6f485bbd-c94d-413e-a543-26db278f5f57-0054ebe4","NCES_Occupancy Status":"","Level":"LEVEL 1","RevitId":5565412,"Name":"BREAK AREA","NCES_Type":"Break Room"},"geometry":{"coordinates":[[[34.61789430383368,-173.39640789044844],[34.61789430383368,-162.3130745571151],[34.326227637166994,-162.3130745571151],[32.659560970500365,-162.3130745571151],[28.203127845000353,-162.3130745571151],[26.536461178333724,-162.3130745571151],[26.36979451166704,-162.3130745571151],[24.70312784500041,-162.31307455711507],[20.286461178333724,-162.31307455711504],[19.181166666662875,-162.31307455711504],[18.744794511667067,-162.31307455711504],[18.74479451166704,-173.3964078904484],[23.328127845000353,-173.39640789044842],[30.013727637167023,-173.39640789044842],[34.61789430383368,-173.39640789044844]]],"type":"Polygon"},"type":"Feature"},{"properties":{"Element":"Room","NCES_Department":"County Attorney","Number":"1404","occupancyStatus":"","Area_SF":211.35,"Revit_UniqueId":"6f485bbd-c94d-413e-a543-26db278f5f57-0054ec36","NCES_Occupancy Status":"","Level":"LEVEL 1","RevitId":5565494,"Name":"OPEN WORK/FILE","NCES_Type":"Open Office - Cubicles"},"geometry":{"coordinates":[[[34.61789430383368,-144.10065292712005],[32.38872763716702,-144.10065292712005],[32.38872763716702,-144.1047412237818],[25.044491767953645,-144.10474122378176],[18.729166666662877,-144.10474122378173],[18.729166666662877,-152.3289471677047],[20.286461178333752,-152.3289471677047],[20.286461178333724,-162.31307455711504],[24.70312784500041,-162.3130745571151],[24.703127845000438,-152.32894716770474],[26.369794511667067,-152.32894716770474],[26.536461178333752,-152.32894716770474],[28.20312784500038,-152.32894716770474],[28.203127845000353,-162.3130745571151],[32.659560970500365,-162.3130745571151],[32.659560970500394,-152.32894716770477],[34.61789430383368,-152.32894716770477],[34.61789430383368,-144.10065292712005]]],"type":"Polygon"},"type":"Feature"},{"properties":{"Element":"Room","NCES_Department":"County Attorney","Number":"1402","occupancyStatus":"","Area_SF":163.81,"Revit_UniqueId":"6f485bbd-c94d-413e-a543-26db278f5f57-0054ec72","NCES_Occupancy Status":"","Level":"LEVEL 1","RevitId":5565554,"Name":"C.A. WAITING AREA","NCES_Type":"Waiting/Queue Area"},"geometry":{"coordinates":[[[51.92093957731586,-134.9131529271201],[51.92093957731586,-123.22242781144112],[40.41666666666288,-123.22242781144108],[40.41666666666288,-127.86553087629504],[40.41666666666288,-128.45409804242337],[40.208333333329534,-128.45409804242337],[40.208333333329534,-129.15770524404064],[40.208333333329534,-129.20409804242337],[40.41666666666288,-129.20409804242337],[40.41666666666288,-135.09547169410968],[40.41666666666288,-138.41315292712005],[43.73866341921945,-138.41315292712008],[51.92093957731586,-138.4131529271201],[51.92093957731586,-134.9131529271201]]],"type":"Polygon"},"type":"Feature"},{"properties":{"Element":"Room","NCES_Department":"County Attorney","Number":"1401","occupancyStatus":"","Area_SF":124.15,"Revit_UniqueId":"6f485bbd-c94d-413e-a543-26db278f5f57-0054ed16","NCES_Occupancy Status":"","Level":"LEVEL 1","RevitId":5565718,"Name":"COPY/WORK","NCES_Type":"Copy/Print/Mail Area"},"geometry":{"coordinates":[[[45.52510624398249,-92.04899549376353],[45.52510624398252,-106.66598395502265],[45.73343957731586,-106.66598395502268],[45.73343957731586,-107.16798395502268],[45.73343957731586,-113.02052456825191],[48.23832384259825,-113.02052456825193],[48.23832384259825,-113.22885790158526],[51.92093957731586,-113.22885790158529],[51.92093957731586,-92.04899549376353],[45.52510624398249,-92.04899549376353]]],"type":"Polygon"},"type":"Feature"},{"properties":{"Element":"Room","NCES_Department":"County Attorney","Number":"1396","occupancyStatus":"","Area_SF":506.57,"Revit_UniqueId":"6f485bbd-c94d-413e-a543-26db278f5f57-0054ed4e","NCES_Occupancy Status":"","Level":"LEVEL 1","RevitId":5565774,"Name":"HALL","NCES_Type":"Corridor/Hallway"},"geometry":{"coordinates":[[[26.04581608495468,-12.023135803171272],[13.73529954501447,-12.023135803171215],[13.73529954501447,-27.231469136504558],[13.951524287254642,-27.231469136504558],[13.951524287254642,-36.135633738048654],[13.951524287254642,-40.01063373804749],[13.868190953921271,-40.01063373804749],[13.868190953921271,-45.54137356250001],[13.868190953921214,-52.2335339237398],[13.868190953921214,-53.31686725707314],[13.868190953921214,-54.937500000000114],[13.868190953921214,-64.35468998657058],[13.868190953921157,-73.76063373804755],[14.159857620587843,-73.76063373804755],[14.159857620587843,-74.26263373804755],[14.159857620587843,-78.18614111051704],[14.159857620587843,-78.21896707138086],[13.577040601082558,-78.21896707138086],[13.577040601082558,-78.84162145087993],[18.155571840175668,-78.84162145087993],[18.155571840175668,-66.21234722719703],[24.61390517350901,-66.21234722719703],[24.61390517350901,-62.319643644524746],[31.462457267749215,-62.319643644524774],[31.462457267749215,-64.61851652941385],[36.006132878347785,-64.61851652941385],[36.006132878347785,-58.53095689583398],[36.006132878347785,-56.833040229167295],[28.987903711680985,-56.833040229167295],[18.5690795467477,-56.833040229167295],[18.5690795467477,-46.18720689583401],[18.48574621341433,-46.18720689583401],[18.48574621341433,-37.03364013985026],[18.48574621341433,-27.54137356250058],[18.589466211681128,-27.54137356250058],[18.589466211681128,-16.937206895833867],[28.987903711680985,-16.937206895833867],[39.5790495450145,-16.937206895833867],[39.5790495450145,-12.288473852996503],[39.5790495450145,-10.64264051966316],[26.04581608495468,-10.64264051966316],[26.04581608495468,-12.023135803171272]]],"type":"Polygon"},"type":"Feature"},{"properties":{"Element":"Room","NCES_Department":"County Attorney","Number":"1420","occupancyStatus":"","Area_SF":142.31,"Revit_UniqueId":"6f485bbd-c94d-413e-a543-26db278f5f57-0054eebc","NCES_Occupancy Status":"","Level":"LEVEL 1","RevitId":5566140,"Name":"SECURE HALL","NCES_Type":"Corridor/Hallway"},"geometry":{"coordinates":[[[39.472060970500365,-156.01731959378674],[40.05539430383368,-156.01731959378674],[40.05539430383368,-144.10065292712008],[34.61789430383368,-144.10065292712005],[34.61789430383368,-151.82694716770476],[34.61789430383368,-162.3130745571151],[34.61789430383368,-173.39640789044844],[40.05539430383368,-173.39640789044847],[40.05539430383368,-157.30898626045342],[39.472060970500365,-157.30898626045342],[39.472060970500365,-156.01731959378674]]],"type":"Polygon"},"type":"Feature"},{"properties":{"Element":"Room","NCES_Department":"County Attorney","Number":"1422","occupancyStatus":"","Area_SF":41.71,"Revit_UniqueId":"6f485bbd-c94d-413e-a543-26db278f5f57-0054ef0a","NCES_Occupancy Status":"","Level":"LEVEL 1","RevitId":5566218,"Name":"ADVOCATE","NCES_Type":"Conference Room"},"geometry":{"coordinates":[[[18.74479451166698,-212.56307455711507],[18.744794511666953,-219.31307455711507],[25.619794511666896,-219.3130745571151],[25.619794511666896,-212.5630745571151],[18.74479451166698,-212.56307455711507]]],"type":"Polygon"},"type":"Feature"},{"properties":{"Element":"Room","NCES_Department":"County Attorney","Number":"1415","occupancyStatus":"","Area_SF":16.65,"Revit_UniqueId":"6f485bbd-c94d-413e-a543-26db278f5f57-0054ef0d","NCES_Occupancy Status":"","Level":"LEVEL 1","RevitId":5566221,"Name":"STOR.","NCES_Type":"General Storage"},"geometry":{"coordinates":[[[13.270833333329563,-207.90132036905268],[13.270833333329563,-211.56798703571934],[18.74479451166698,-211.56798703571937],[18.74479451166698,-207.90132036905268],[13.270833333329563,-207.90132036905268]]],"type":"Polygon"},"type":"Feature"},{"properties":{"Element":"Room","NCES_Department":"County Attorney","Number":"1403","occupancyStatus":"","Area_SF":274.9,"Revit_UniqueId":"6f485bbd-c94d-413e-a543-26db278f5f57-0054ef72","NCES_Occupancy Status":"","Level":"LEVEL 1","RevitId":5566322,"Name":"OPEN WORK","NCES_Type":"Open Office - Cubicles"},"geometry":{"coordinates":[[[40.05539430383368,-144.10065292712008],[40.05539430383368,-138.41315292712005],[40.41666666666288,-138.41315292712005],[40.41666666666288,-134.59347169410967],[40.12499999999622,-134.59347169410967],[40.12499999999622,-129.15770524404064],[40.208333333329534,-129.15770524404064],[40.208333333329534,-128.45409804242337],[40.203099500534535,-128.45409804242337],[38.32347916309345,-128.45409804242337],[31.722060970500337,-128.45409804242334],[31.722060970500337,-129.12076470909003],[25.544491767953588,-129.12076470909],[25.544491767953588,-134.5934716941096],[18.729166666662877,-134.59347169410955],[18.729166666662877,-144.10474122378173],[25.044491767953645,-144.10474122378176],[32.38872763716702,-144.1047412237818],[32.38872763716702,-144.10065292712005],[34.61789430383368,-144.10065292712005],[40.05539430383368,-144.10065292712008]]],"type":"Polygon"},"type":"Feature"},{"properties":{"Element":"Room","NCES_Department":"County Attorney","Number":"1399","occupancyStatus":"","Area_SF":555.21,"Revit_UniqueId":"6f485bbd-c94d-413e-a543-26db278f5f57-0054efca","NCES_Occupancy Status":"","Level":"LEVEL 1","RevitId":5566410,"Name":"OPEN WORK","NCES_Type":"Open Office - Cubicles"},"geometry":{"coordinates":[[[0.5208333333303585,-73.76063373804749],[0.5208333333301312,-78.90556728835514],[0.7083333333301312,-78.90556728835514],[1.5729166666634455,-78.90556728835517],[1.5729166666634455,-80.95982210482461],[0.7083333333300743,-80.95982210482461],[0.7083333333297333,-89.12648877149132],[0.7083333333293922,-97.12648877149138],[0.7083333333291648,-102.87409042712005],[0.708333333329108,-105.1264887714914],[0.7083333333290511,-106.87409042712007],[0.7083333333287669,-113.1264887714914],[0.7083333333284827,-121.41815543815807],[1.6666666666616834,-121.41815543815807],[1.6666666666616834,-121.1264887714914],[9.826082233511613,-121.1264887714914],[9.826082233511613,-121.41815543815807],[14.020833333329563,-121.41815543815807],[14.020833333329563,-107.36390062168869],[13.577040601082501,-107.36390062168867],[13.577040601082501,-98.11390062168854],[13.577040601082501,-96.53056728835523],[13.577040601082558,-87.44290217415659],[13.577040601082558,-78.84162145087993],[13.577040601082558,-78.21896707138086],[13.577040601082558,-78.18614111051704],[14.159857620587843,-78.18614111051704],[14.159857620587843,-73.76063373804755],[0.5208333333303585,-73.76063373804749]]],"type":"Polygon"},"type":"Feature"},{"properties":{"Element":"Room","NCES_Department":"County Attorney","Number":"1400","occupancyStatus":"","Area_SF":1019.43,"Revit_UniqueId":"6f485bbd-c94d-413e-a543-26db278f5f57-0054efcd","NCES_Occupancy Status":"","Level":"LEVEL 1","RevitId":5566413,"Name":"OPEN WORK","NCES_Type":"Open Office - Cubicles"},"geometry":{"coordinates":[[[40.132249798397964,-107.3639006216894],[33.67079060108287,-107.36390062168923],[14.020833333329563,-107.36390062168869],[14.020833333329563,-121.41815543815807],[14.020833333329563,-127.85565543815807],[13.645833333329563,-127.85565543815807],[13.645833333329563,-130.4309340440036],[13.645833333329563,-139.4309340440036],[13.645833333329563,-148.40108738459978],[13.645833333329563,-157.41315292712014],[13.645833333329563,-166.41724122378108],[13.645833333329563,-175.41315292712017],[13.645833333329563,-184.32981959378682],[13.645833333329563,-193.31398877149138],[13.270833333329563,-193.31398877149138],[13.270833333329563,-202.32939464355422],[13.270833333329563,-207.90132036905268],[18.74479451166698,-207.9013203690527],[18.74479451166698,-202.90273626045334],[18.74479451166701,-192.27232210482472],[18.74479451166704,-173.3964078904484],[18.744794511667067,-162.31307455711504],[18.619794511667095,-162.31307455711504],[18.619794511667124,-152.3289471677047],[18.729166666662877,-152.3289471677047],[18.729166666662877,-144.10474122378173],[18.729166666662877,-134.59347169410955],[18.729166666662877,-128.4540980424233],[20.46007472086893,-128.4540980424233],[20.46007472086893,-127.78743137575663],[26.442320646054867,-127.78743137575664],[32.4245665712408,-127.78743137575665],[38.32347916309345,-127.78743137575661],[38.32347916309345,-128.45409804242337],[40.41666666666288,-128.45409804242337],[40.41666666666288,-123.22242781144108],[51.92093957731586,-123.22242781144112],[51.92093957731586,-120.5765648866049],[51.629272910649235,-120.5765648866049],[51.629272910649235,-114.05573155327157],[51.92093957731586,-114.05573155327157],[51.92093957731586,-113.22885790158527],[48.23832384259825,-113.22885790158526],[48.23832384259825,-113.02052456825193],[45.73343957731586,-113.02052456825191],[45.73343957731586,-106.66598395502268],[40.132249798397936,-106.66598395502267],[40.132249798397964,-107.3639006216894]]],"type":"Polygon"},"type":"Feature"},{"properties":{"Element":"Room","NCES_Department":"County Court","Number":"1245","occupancyStatus":"","Area_SF":53.52,"Revit_UniqueId":"6f485bbd-c94d-413e-a543-26db278f5f57-0054f1b1","NCES_Occupancy Status":"","Level":"LEVEL 1","RevitId":5566897,"Name":"HALL","NCES_Type":"Corridor/Hallway"},"geometry":{"coordinates":[[[119.5561610853961,-220.87324357387376],[107.93116108539604,-220.87324357387374],[107.93116108539604,-225.9774102405404],[119.5561610853961,-225.97741024054042],[119.5561610853961,-220.87324357387376]]],"type":"Polygon"},"type":"Feature"},{"properties":{"Element":"Room","NCES_Department":"County Court","Number":"1248","occupancyStatus":"","Area_SF":216.69,"Revit_UniqueId":"6f485bbd-c94d-413e-a543-26db278f5f57-0054f1b4","NCES_Occupancy Status":"","Level":"LEVEL 1","RevitId":5566900,"Name":"SECURE CORR.","NCES_Type":"Corridor/Hallway"},"geometry":{"coordinates":[[[107.93116108539604,-220.87324357387374],[108.13949441872938,-220.87324357387374],[108.13949441872941,-208.60096019686443],[101.60344557190822,-208.6009601968644],[101.60344557190822,-208.8509601968644],[101.6034455719082,-231.8479129869789],[101.6034455719082,-233.28202470978744],[101.56177890524151,-233.28202470978744],[101.56177890524151,-233.45207965364557],[101.56177890524148,-243.4486913764541],[110.20405259363292,-243.44869137645412],[110.20405259363292,-241.9667921894636],[110.20405259363292,-241.69785471902736],[109.97099006406916,-241.4647921894636],[108.13469557190808,-239.62849769730252],[108.13469557190811,-225.9774102405404],[107.93116108539604,-225.9774102405404],[107.93116108539604,-225.4754102405404],[107.93116108539604,-221.37524357387372],[107.93116108539604,-220.87324357387374]]],"type":"Polygon"},"type":"Feature"},{"properties":{"Element":"Room","NCES_Department":"Courthouse","Number":"1249","occupancyStatus":"","Area_SF":192.57,"Revit_UniqueId":"6f485bbd-c94d-413e-a543-26db278f5f57-0054f1b7","NCES_Occupancy Status":"","Level":"LEVEL 1","RevitId":5566903,"Name":"SECURE CORR.","NCES_Type":"Corridor/Hallway"},"geometry":{"coordinates":[[[110.20405259363292,-249.9139344456224],[110.20405259363292,-243.44869137645412],[102.06377890524149,-243.4486913764541],[101.56177890524148,-243.4486913764541],[101.56177890524148,-243.0736913764541],[89.39715170873322,-243.07369137645406],[77.50575340526612,-243.07369137645404],[77.50575340526612,-250.16393444562235],[97.6906569403618,-250.1639344456224],[97.9406569403618,-249.4139344456224],[103.27399027369509,-249.4139344456224],[103.27399027369509,-250.0806011122891],[110.20405259363292,-250.0806011122891],[110.20405259363292,-249.9139344456224]]],"type":"Polygon"},"type":"Feature"},{"properties":{"Element":"Room","NCES_Department":"County Court","Number":"1256","occupancyStatus":"","Area_SF":159.96,"Revit_UniqueId":"6f485bbd-c94d-413e-a543-26db278f5f57-0054f1bb","NCES_Occupancy Status":"","Level":"LEVEL 1","RevitId":5566907,"Name":"SECURE CORR.","NCES_Type":"Corridor/Hallway"},"geometry":{"coordinates":[[[108.13949441872941,-208.60096019686443],[108.13949441872941,-196.26762686353095],[108.13949441872944,-182.10096019686443],[101.60344557190828,-182.1009601968644],[101.60344557190825,-190.55694727021745],[101.60344557190822,-208.6009601968644],[108.13949441872941,-208.60096019686443]]],"type":"Polygon"},"type":"Feature"},{"properties":{"Element":"Room","NCES_Department":"County Court","Number":"1257","occupancyStatus":"","Area_SF":132.63,"Revit_UniqueId":"6f485bbd-c94d-413e-a543-26db278f5f57-0054f1be","NCES_Occupancy Status":"","Level":"LEVEL 1","RevitId":5566910,"Name":"SECURE CORR.","NCES_Type":"Sally Port/Secure Transfer"},"geometry":{"coordinates":[[[124.22282775206276,-177.49679353019755],[124.22282775206276,-176.05929353019778],[117.47282775206273,-176.05929353019775],[117.47282775206273,-175.60096019686443],[108.0561610853961,-175.60096019686443],[101.60344557190828,-175.60096019686443],[101.60344557190828,-175.7676268635311],[101.60344557190828,-182.1009601968644],[107.63749441872943,-182.10096019686443],[108.13949441872944,-182.10096019686443],[108.13949441872944,-182.35096019686443],[117.28532775206276,-182.35096019686446],[119.66032775206278,-182.35096019686446],[124.22282775206276,-182.3509601968645],[124.22282775206276,-182.1489601968645],[124.22282775206276,-177.49679353019755]]],"type":"Polygon"},"type":"Feature"},{"properties":{"Element":"Room","NCES_Department":"District Court","Number":"1280","occupancyStatus":"","Area_SF":526.64,"Revit_UniqueId":"6f485bbd-c94d-413e-a543-26db278f5f57-0054f1c1","NCES_Occupancy Status":"","Level":"LEVEL 1","RevitId":5566913,"Name":"SECURE CORR.","NCES_Type":"Sally Port/Secure Transfer"},"geometry":{"coordinates":[[[124.13949441872941,-88.99679353019752],[124.13949441872941,-88.41346019686421],[117.55616108539607,-88.41346019686418],[117.55616108539607,-96.69907009963498],[117.55616108539607,-104.1426268635311],[118.01449441872938,-104.1426268635311],[118.01449441872938,-105.2676268635311],[117.55616108539607,-105.2676268635311],[117.55616108539607,-109.93429353019751],[117.55616108539607,-115.12179353019752],[117.55616108539607,-116.51762686353086],[117.55616108539607,-120.18429353019751],[117.55616108539607,-123.85096019686421],[117.55616108539607,-125.26762686353085],[117.55616108539607,-130.10096019686418],[118.01449441872941,-130.1009601968642],[118.01449441872941,-131.18429353019752],[117.55616108539607,-131.18429353019752],[117.55616108539607,-143.66686370133576],[117.55616108539607,-149.35096019686443],[118.01449441872938,-149.35096019686443],[118.01449441872938,-150.43429353019778],[117.47282775206273,-150.43429353019778],[117.47282775206273,-157.64970925386558],[117.47282775206273,-165.0384601968642],[117.47282775206273,-168.8166528430785],[117.47282775206273,-176.05929353019775],[124.22282775206276,-176.05929353019778],[124.22282775206276,-165.7884601968642],[124.22282775206276,-153.47596019686443],[124.22282775206276,-140.7676268635311],[124.22282775206276,-129.6009601968642],[124.22282775206276,-118.33012686353086],[124.22282775206276,-109.30929353019754],[124.22282775206276,-94.33012686353075],[124.13949441872941,-94.33012686353075],[124.13949441872941,-88.99679353019752]]],"type":"Polygon"},"type":"Feature"},{"properties":{"Element":"Room","NCES_Department":"County Court","Number":"1210","occupancyStatus":"","Area_SF":1354.15,"Revit_UniqueId":"83bab829-c18b-4805-b0e0-2713dfe751ea-00551431","NCES_Occupancy Status":"","Level":"LEVEL 1","RevitId":5575729,"Name":"COURTROOM 4","NCES_Type":"Courtroom"},"geometry":{"coordinates":[[[97.6906569403618,-250.1639344456224],[77.50575340526612,-250.16393444562235],[74.73232360702852,-250.16393444562232],[74.73232360702852,-252.080601112289],[74.73232360702849,-260.21916019231696],[62.72190694036189,-260.21916019231696],[62.72190694036183,-294.62226777895563],[70.96320027826064,-294.62226777895563],[70.96320027826064,-289.60532407972676],[73.87038300044881,-286.6981413575386],[73.80441378708693,-286.6321721441767],[79.86630051101358,-286.6321721441767],[79.7972649172847,-286.7012077379056],[79.72822932355584,-286.6321721441767],[79.65836530270226,-286.6321721441767],[74.01234899539824,-286.6321721441767],[73.93635221381072,-286.6321721441767],[73.87038300044881,-286.6981413575386],[70.96320027826064,-289.60532407972676],[70.96320027826064,-294.62226777895563],[97.48865694036175,-294.62226777895575],[97.69065694036175,-294.62226777895575],[97.6906569403618,-250.1639344456224]]],"type":"Polygon"},"type":"Feature"},{"properties":{"Element":"Room","NCES_Department":"County Attorney","Number":"1206","occupancyStatus":"","Area_SF":1357.03,"Revit_UniqueId":"83bab829-c18b-4805-b0e0-2713dfe751ea-00551434","NCES_Occupancy Status":"","Level":"LEVEL 1","RevitId":5575732,"Name":"COURTROOM 3","NCES_Type":"Courtroom"},"geometry":{"coordinates":[[[50.54482360702849,-250.49726777895557],[41.21149027369515,-250.49726777895555],[41.21149027369515,-249.99726777895555],[40.30539430383368,-249.99726777895555],[27.735656330342778,-249.99726777895552],[27.73565633034272,-294.6222677789555],[41.29673545788117,-294.6222677789556],[54.48061360246308,-294.62226777895563],[54.48061360246308,-289.60532407972676],[51.57343088027491,-286.6981413575386],[51.507461666913,-286.6321721441767],[51.43146488532548,-286.6321721441767],[45.78544857802146,-286.6321721441767],[45.71558455716789,-286.6321721441767],[45.64654896343902,-286.7012077379056],[45.57751336971015,-286.6321721441767],[51.639400093636795,-286.6321721441767],[51.57343088027491,-286.6981413575386],[54.48061360246308,-289.60532407972676],[54.48061360246308,-294.6222677789556],[62.72190694036183,-294.62226777895563],[62.72190694036189,-260.21916019231696],[50.54482360702849,-260.2191601923169],[50.54482360702849,-252.0597677789556],[50.54482360702849,-250.49726777895557]]],"type":"Polygon"},"type":"Feature"},{"properties":{"Element":"Room","NCES_Department":"County Attorney","Number":"1470","occupancyStatus":"","Area_SF":1456.17,"Revit_UniqueId":"83bab829-c18b-4805-b0e0-2713dfe751ea-00551437","NCES_Occupancy Status":"","Level":"LEVEL 1","RevitId":5575735,"Name":"COURTROOM 2","NCES_Type":"Courtroom"},"geometry":{"coordinates":[[[27.73565633034275,-249.99726777895552],[-6.809343059638195,-249.9972677789554],[-6.809343059638195,-258.9972677789554],[-6.809343059638195,-274.6557912096623],[-6.809343059638252,-294.6222677789554],[1.4319502782605582,-294.6222677789554],[1.431950278260615,-289.60532407972653],[4.339133000448726,-286.69814135753836],[4.273163787086844,-286.6321721441765],[10.335050511013435,-286.6321721441765],[10.266014917284565,-286.70120773790535],[10.196979323555752,-286.6321721441765],[10.127115302702123,-286.6321721441765],[4.481098995398156,-286.6321721441765],[4.405102213810665,-286.6321721441765],[4.339133000448726,-286.6981413575384],[1.4319502782605582,-289.60532407972653],[1.4319502782605582,-294.6222677789554],[4.380068791214512,-294.62226777895546],[27.73565633034272,-294.6222677789555],[27.73565633034275,-249.99726777895552]]],"type":"Polygon"},"type":"Feature"},{"properties":{"Element":"Room","NCES_Department":"County Attorney","Number":"1469","occupancyStatus":"","Area_SF":70,"Revit_UniqueId":"83bab829-c18b-4805-b0e0-2713dfe751ea-0055143d","NCES_Occupancy Status":"","Level":"LEVEL 1","RevitId":5575741,"Name":"VEST. 2","NCES_Type":"Corridor/Hallway"},"geometry":{"coordinates":[[[-6.809343059638195,-249.9972677789554],[-10.559343059638195,-249.9972677789554],[-10.559343059638195,-249.4972677789554],[-15.47600972630488,-249.49726777895538],[-15.47600972630488,-249.99726777895538],[-15.47600972630488,-258.99726777895535],[-6.809343059638195,-258.9972677789554],[-6.809343059638195,-249.9972677789554]]],"type":"Polygon"},"type":"Feature"},{"properties":{"Element":"Room","NCES_Department":"County Attorney","Number":"1468","occupancyStatus":"","Area_SF":76.38,"Revit_UniqueId":"83bab829-c18b-4805-b0e0-2713dfe751ea-00551440","NCES_Occupancy Status":"","Level":"LEVEL 1","RevitId":5575744,"Name":"VEST. 1","NCES_Type":"Corridor/Hallway"},"geometry":{"coordinates":[[[-15.47600972630488,-258.99726777895535],[-15.47600972630488,-249.99726777895538],[-19.642676392971566,-249.99726777895538],[-19.642676392971566,-249.49726777895538],[-24.35100972630488,-249.49726777895535],[-24.35100972630488,-249.99726777895535],[-24.934343059638195,-249.99726777895535],[-24.934343059638195,-250.00633448109934],[-24.934343059638195,-253.86485480331294],[-24.934343059638195,-258.99726777895535],[-15.47600972630488,-258.99726777895535]]],"type":"Polygon"},"type":"Feature"},{"properties":{"Element":"Room","NCES_Department":"County Attorney","Number":"1207","occupancyStatus":"","Area_SF":97.22,"Revit_UniqueId":"83bab829-c18b-4805-b0e0-2713dfe751ea-00551443","NCES_Occupancy Status":"","Level":"LEVEL 1","RevitId":5575747,"Name":"VEST. 3","NCES_Type":"Corridor/Hallway"},"geometry":{"coordinates":[[[56.878156940361805,-250.16393444562226],[56.878156940361805,-252.05976777895563],[50.54482360702849,-252.0597677789556],[50.54482360702849,-260.2191601923169],[62.72190694036189,-260.21916019231696],[62.72190694036189,-250.1639344456223],[56.878156940361805,-250.16393444562226]]],"type":"Polygon"},"type":"Feature"},{"properties":{"Element":"Room","NCES_Department":"County Court","Number":"1209","occupancyStatus":"","Area_SF":95.39,"Revit_UniqueId":"83bab829-c18b-4805-b0e0-2713dfe751ea-00551446","NCES_Occupancy Status":"","Level":"LEVEL 1","RevitId":5575750,"Name":"VEST. 4","NCES_Type":"Corridor/Hallway"},"geometry":{"coordinates":[[[62.72190694036189,-260.21916019231696],[74.73232360702849,-260.21916019231696],[74.73232360702852,-252.080601112289],[68.26357360702855,-252.08060111228897],[68.26357360702855,-250.16393444562232],[62.72190694036189,-250.1639344456223],[62.72190694036189,-260.21916019231696]]],"type":"Polygon"},"type":"Feature"},{"properties":{"Element":"Room","NCES_Department":"County Court","Number":"1251","occupancyStatus":"","Area_SF":61.16,"Revit_UniqueId":"83bab829-c18b-4805-b0e0-2713dfe751ea-00551449","NCES_Occupancy Status":"","Level":"LEVEL 1","RevitId":5575753,"Name":"VEST. 5","NCES_Type":"Waiting/Queue Area"},"geometry":{"coordinates":[[[59.47697999251173,-243.07369137645398],[65.97697999251173,-243.07369137645398],[65.97697999251176,-233.98508565384265],[59.393646659178415,-233.98508565384262],[59.393646659178415,-233.48508565384262],[57.22697999251176,-233.48508565384262],[57.22697999251173,-240.38619137645395],[59.47697999251173,-240.38619137645398],[59.47697999251173,-241.17785804312064],[59.47697999251173,-243.07369137645398]]],"type":"Polygon"},"type":"Feature"},{"properties":{"Element":"Room","NCES_Department":"County Attorney","Number":"1467","occupancyStatus":"","Area_SF":857.52,"Revit_UniqueId":"83bab829-c18b-4805-b0e0-2713dfe751ea-0055144c","NCES_Occupancy Status":"","Level":"LEVEL 1","RevitId":5575756,"Name":"COURTROOM 1","NCES_Type":"Courtroom"},"geometry":{"coordinates":[[[-6.809343059638252,-294.6222677789554],[-6.809343059638195,-274.6557912096623],[-14.267676392970998,-274.6557912096623],[-41.39267639297151,-274.6557912096622],[-41.392676392971566,-301.163934445622],[-33.151383055072756,-301.163934445622],[-33.151383055072756,-296.14699074639316],[-30.24420033288459,-293.23980802420493],[-30.31016954624647,-293.17383881084305],[-24.24828282231988,-293.17383881084305],[-24.31731841604875,-293.2428744045719],[-24.386354009777563,-293.17383881084305],[-24.45621803063119,-293.17383881084305],[-30.10223433793516,-293.17383881084305],[-30.17823111952265,-293.17383881084305],[-30.24420033288459,-293.239808024205],[-33.151383055072756,-296.1469907463931],[-33.151383055072756,-301.163934445622],[-32.42221638840607,-301.163934445622],[-31.380549721739442,-301.163934445622],[-7.01134305963825,-301.1639344456221],[-6.809343059638252,-301.1639344456221],[-6.809343059638252,-294.6222677789554]]],"type":"Polygon"},"type":"Feature"},{"properties":{"Element":"Room","NCES_Department":"County Attorney","Number":"1467A","occupancyStatus":"","Area_SF":479.96,"Revit_UniqueId":"83bab829-c18b-4805-b0e0-2713dfe751ea-0055144f","NCES_Occupancy Status":"","Level":"LEVEL 1","RevitId":5575759,"Name":"Room","NCES_Type":"Courtroom"},"geometry":{"coordinates":[[[-6.809343059638195,-274.6557912096623],[-6.809343059638195,-258.9972677789554],[-15.47600972630488,-258.99726777895535],[-24.934343059638195,-258.99726777895535],[-24.934343059638195,-261.22643444562203],[-41.226009726304824,-261.226434445622],[-41.39267639297151,-261.226434445622],[-41.39267639297151,-262.4347677789553],[-41.39267639297151,-274.6557912096622],[-14.267676392970998,-274.6557912096623],[-6.809343059638195,-274.6557912096623]]],"type":"Polygon"},"type":"Feature"},{"properties":{"Element":"Room","NCES_Department":"Courthouse","Number":"1208","occupancyStatus":"","Area_SF":136.23,"Revit_UniqueId":"83bab829-c18b-4805-b0e0-2713dfe751ea-00551490","NCES_Occupancy Status":"","Level":"LEVEL 1","RevitId":5575824,"Name":"PUBLIC CORR.","NCES_Type":"Corridor/Hallway"},"geometry":{"coordinates":[[[77.50575340526612,-243.07369137645404],[72.88921550471167,-243.073691376454],[65.97697999251173,-243.07369137645398],[59.47697999251173,-243.07369137645398],[56.72697999251173,-243.07369137645395],[56.72697999251173,-248.08060111228895],[57.16982360702846,-248.08060111228895],[57.16982360702846,-250.16393444562226],[57.380156940361815,-250.16393444562226],[62.72190694036189,-250.1639344456223],[68.26357360702855,-250.16393444562232],[68.26357360702855,-252.08060111228897],[74.73232360702852,-252.080601112289],[74.73232360702852,-250.16393444562232],[77.50575340526612,-250.16393444562235],[77.50575340526612,-243.07369137645404]]],"type":"Polygon"},"type":"Feature"},{"properties":{"Element":"Room","NCES_Department":"County Attorney","Number":"1431A","occupancyStatus":"","Area_SF":96.63,"Revit_UniqueId":"83bab829-c18b-4805-b0e0-2713dfe751ea-00552ed1","NCES_Occupancy Status":"","Level":"LEVEL 1","RevitId":5582545,"Name":"RECEPTION","NCES_Type":"Lobby/Reception"},"geometry":{"coordinates":[[[-24.934343059638195,-258.99726777895535],[-24.934343059638195,-253.86485480331294],[-30.36368881693312,-253.8648548033129],[-30.71974375043277,-252.983587918314],[-41.226009726304824,-257.2283949081659],[-41.226009726304824,-261.226434445622],[-24.934343059638195,-261.22643444562203],[-24.934343059638195,-258.99726777895535]]],"type":"Polygon"},"type":"Feature"},{"properties":{"Element":"Room","NCES_Department":"County Attorney","Number":"1427","occupancyStatus":"","Area_SF":123.15,"Revit_UniqueId":"c288f98f-d5fd-4158-b9f8-c238e8c70da2-00554025","NCES_Occupancy Status":"","Level":"LEVEL 1","RevitId":5586981,"Name":"ADULT ADVOCATE 2","NCES_Type":"Private Office - Enclosed"},"geometry":{"coordinates":[[[-15.666666666674928,-210.59797073418045],[-24.958333333341727,-210.59797073418042],[-24.958333333341727,-210.9585018582645],[-24.958333333341727,-219.9814455374149],[-24.958333333341727,-220.59797073418042],[-24.4697592221205,-220.59797073418042],[-24.4697592221205,-221.46976486382584],[-24.4697592221205,-226.16610170678308],[-15.666666666674928,-226.1661017067831],[-15.666666666674928,-210.59797073418045]]],"type":"Polygon"},"type":"Feature"},{"properties":{"Element":"Room","NCES_Department":"County Attorney","Number":"1426","occupancyStatus":"","Area_SF":116.75,"Revit_UniqueId":"c288f98f-d5fd-4158-b9f8-c238e8c70da2-00554028","NCES_Occupancy Status":"","Level":"LEVEL 1","RevitId":5586984,"Name":"ADULT ADVOCATE 2","NCES_Type":"Private Office - Enclosed"},"geometry":{"coordinates":[[[-7.250000000008242,-210.59797073418048],[-15.666666666674928,-210.59797073418045],[-15.666666666674928,-226.1661017067831],[-7.250000000008242,-226.16610170678314],[-7.250000000008242,-210.59797073418048]]],"type":"Polygon"},"type":"Feature"},{"properties":{"Element":"Room","NCES_Department":"County Attorney","Number":"1425","occupancyStatus":"","Area_SF":122.71,"Revit_UniqueId":"c288f98f-d5fd-4158-b9f8-c238e8c70da2-0055402b","NCES_Occupancy Status":"","Level":"LEVEL 1","RevitId":5586987,"Name":"JUVENILE ADVOCATE 1","NCES_Type":"Private Office - Enclosed"},"geometry":{"coordinates":[[[1.5416666666584433,-211.5679870357193],[1.5416666666584433,-210.5979707341805],[-7.250000000008242,-210.59797073418048],[-7.250000000008242,-226.16610170678314],[1.5416666666584433,-226.16610170678317],[1.5416666666584433,-211.5679870357193]]],"type":"Polygon"},"type":"Feature"},{"properties":{"Element":"Room","NCES_Department":"County Attorney","Number":"1424","occupancyStatus":"","Area_SF":121.72,"Revit_UniqueId":"c288f98f-d5fd-4158-b9f8-c238e8c70da2-0055402e","NCES_Occupancy Status":"","Level":"LEVEL 1","RevitId":5586990,"Name":"JUVENILE ADVOCATE 3","NCES_Type":"Private Office - Enclosed"},"geometry":{"coordinates":[[[10.54166666666282,-211.56798703571934],[1.5416666666584433,-211.5679870357193],[1.5416666666584433,-226.16610170678317],[10.54166666666282,-226.1661017067832],[10.54166666666282,-211.56798703571934]]],"type":"Polygon"},"type":"Feature"},{"properties":{"Element":"Room","NCES_Department":"County Attorney","Number":"1423","occupancyStatus":"","Area_SF":110.42,"Revit_UniqueId":"c288f98f-d5fd-4158-b9f8-c238e8c70da2-00554031","NCES_Occupancy Status":"","Level":"LEVEL 1","RevitId":5586993,"Name":"JUVENILE ADVOCATE 2","NCES_Type":"Private Office - Enclosed"},"geometry":{"coordinates":[[[18.74479451166698,-212.56307455711507],[18.74479451166698,-211.56798703571937],[13.270833333329563,-211.56798703571934],[10.54166666666282,-211.56798703571934],[10.54166666666282,-226.1661017067832],[18.501127845000298,-226.16610170678322],[18.744794511666953,-226.16610170678322],[18.744794511666953,-219.31307455711507],[18.74479451166698,-212.56307455711507]]],"type":"Polygon"},"type":"Feature"},{"properties":{"Element":"Room","NCES_Department":"County Attorney","Number":"1421","occupancyStatus":"","Area_SF":522.82,"Revit_UniqueId":"c288f98f-d5fd-4158-b9f8-c238e8c70da2-00554077","NCES_Occupancy Status":"","Level":"LEVEL 1","RevitId":5587063,"Name":"OPEN WORK","NCES_Type":"Open Office - Cubicles"},"geometry":{"coordinates":[[[39.55539430383368,-182.3622822042397],[40.05539430383368,-182.3622822042397],[40.05539430383368,-173.39640789044847],[34.61789430383368,-173.39640789044844],[34.61789430383368,-192.27232210482478],[34.61789430383368,-202.9027362604534],[18.74479451166698,-202.90273626045334],[18.74479451166698,-207.9013203690527],[18.74479451166698,-211.56798703571937],[18.74479451166698,-212.56307455711507],[25.619794511666896,-212.5630745571151],[25.619794511666896,-219.3130745571151],[18.744794511666953,-219.31307455711507],[18.744794511666953,-226.16610170678322],[18.953127845000296,-226.16610170678322],[18.953127845000296,-226.6681017067832],[18.953127845000296,-231.53706254550306],[30.92006057371981,-230.03581786190423],[30.920060573719837,-214.77615862294948],[30.920060573719837,-214.59707528961616],[30.920060573719837,-214.27415862294947],[31.422060573719847,-214.27415862294947],[40.097060970500365,-214.27415862294953],[40.097060970500365,-212.63398570272113],[39.76372763716705,-212.63398570272113],[39.76372763716705,-211.90481903605448],[40.097060970500365,-211.90481903605448],[40.097060970500365,-209.26731959378566],[39.63872763716705,-209.26731959378563],[39.63872763716705,-208.35065292711903],[40.05539430383368,-208.35065292711903],[40.05539430383368,-192.06398877149147],[40.05539430383368,-183.6122822042397],[39.55539430383368,-183.6122822042397],[39.55539430383368,-182.3622822042397]]],"type":"Polygon"},"type":"Feature"},{"properties":{"Element":"Room","NCES_Department":"County Attorney","Number":"1429","occupancyStatus":"","Area_SF":213.66,"Revit_UniqueId":"c288f98f-d5fd-4158-b9f8-c238e8c70da2-0055407a","NCES_Occupancy Status":"","Level":"LEVEL 1","RevitId":5587066,"Name":"SECURE HALL","NCES_Type":"Corridor/Hallway"},"geometry":{"coordinates":[[[-11.050122797801862,-230.99596954838358],[-11.050122797801862,-231.53763621505027],[18.953127845000296,-231.53763621505036],[18.953127845000296,-231.0401680117528],[18.953127845000296,-226.16610170678322],[10.54166666666282,-226.1661017067832],[1.5416666666584433,-226.16610170678317],[-7.250000000008242,-226.16610170678314],[-15.666666666674928,-226.1661017067831],[-24.4697592221205,-226.16610170678308],[-24.4697592221205,-231.5376362150502],[-11.737622797801862,-231.53763621505027],[-11.737622797801862,-230.99596954838358],[-11.050122797801862,-230.99596954838358]]],"type":"Polygon"},"type":"Feature"},{"properties":{"Element":"Room","NCES_Department":"County Attorney","Number":"1428","occupancyStatus":"","Area_SF":147.5,"Revit_UniqueId":"c288f98f-d5fd-4158-b9f8-c238e8c70da2-0055407d","NCES_Occupancy Status":"","Level":"LEVEL 1","RevitId":5587069,"Name":"VIC. WIT. DIRECTOR OFFICE","NCES_Type":"Private Office - Enclosed"},"geometry":{"coordinates":[[[-29.053092555453873,-231.5376362150502],[-24.4697592221205,-231.5376362150502],[-24.4697592221205,-226.16610170678308],[-24.4697592221205,-221.46976486382584],[-29.053092555453816,-221.46976486382584],[-29.053092555453873,-219.98912459799413],[-34.34745882254322,-220.24833687617084],[-35.68581221260399,-220.35858063762387],[-35.67519830222187,-220.479196173026],[-40.23353200245043,-220.99228641947414],[-40.2499283492765,-220.8714851330971],[-41.32392588878713,-221.02320314627633],[-41.32392588878713,-223.41845799573719],[-41.32392588878713,-230.24596954838353],[-37.53169906690829,-230.24596954838353],[-37.53169906690829,-229.62096954838353],[-36.84419906690829,-229.62096954838353],[-36.84419906690829,-230.24596954838353],[-29.053092555453873,-230.24596954838353],[-29.053092555453873,-231.5376362150502]]],"type":"Polygon"},"type":"Feature"},{"properties":{"Element":"Room","NCES_Department":"Courthouse","Number":"1430","occupancyStatus":"","Area_SF":1469.9,"Revit_UniqueId":"c288f98f-d5fd-4158-b9f8-c238e8c70da2-0055412c","NCES_Occupancy Status":"","Level":"LEVEL 1","RevitId":5587244,"Name":"PUBLIC CORR.","NCES_Type":"Corridor/Hallway"},"geometry":{"coordinates":[[[18.988574111212813,-231.53763621505036],[18.953127845000296,-231.53763621505036],[-11.050122797801862,-231.53763621505027],[-11.737622797801862,-231.53763621505027],[-24.4697592221205,-231.5376362150502],[-29.053092555453873,-231.5376362150502],[-29.053092555453873,-230.24596954838353],[-36.84419906690829,-230.24596954838353],[-37.53169906690829,-230.24596954838353],[-41.32392588878713,-230.24596954838353],[-41.32392588878713,-244.439869812943],[-40.6572592221205,-244.439869812943],[-40.6572592221205,-249.5543344810993],[-25.436343059638205,-249.55433448109935],[-24.934343059638195,-249.55433448109935],[-24.934343059638195,-249.99726777895535],[-24.35100972630488,-249.99726777895535],[-24.35100972630488,-249.49726777895535],[-19.642676392971566,-249.49726777895538],[-19.642676392971566,-249.99726777895538],[-15.47600972630488,-249.99726777895538],[-15.47600972630488,-249.49726777895538],[-10.559343059638195,-249.4972677789554],[-10.559343059638195,-249.9972677789554],[-6.809343059638195,-249.9972677789554],[27.73565633034275,-249.99726777895552],[40.30539430383368,-249.99726777895555],[40.30539430383368,-248.0806011122889],[40.305394303833964,-226.23503340362504],[30.920060573720093,-230.03581786190415],[19.402063099716003,-231.54215865642294],[18.988574111212813,-231.53763621505036]]],"type":"Polygon"},"type":"Feature"},{"properties":{"Element":"Room","NCES_Department":"Courthouse","Number":"1252","occupancyStatus":"","Area_SF":987.4,"Revit_UniqueId":"c288f98f-d5fd-4158-b9f8-c238e8c70da2-00554133","NCES_Occupancy Status":"","Level":"LEVEL 1","RevitId":5587251,"Name":"PUBLIC CORR.","NCES_Type":"Corridor/Hallway"},"geometry":{"coordinates":[[[40.05539430383368,-192.06398877149147],[40.05539430383368,-208.35065292711903],[40.097060970500365,-208.35065292711897],[40.097060970500365,-209.26731959378566],[40.097060970500365,-211.90481903605448],[40.097060970500365,-212.63398570272113],[40.097060970500365,-214.27415862294953],[40.097060970500365,-225.41315292711897],[40.01372763716702,-225.41315292711897],[40.01372763716702,-226.23503340362515],[40.30539430383371,-226.23503340362515],[40.30539430383371,-227.04883557289634],[40.30539430383368,-248.0806011122889],[41.21149027369515,-248.0806011122889],[41.21149027369515,-250.49726777895555],[50.54482360702849,-250.49726777895557],[50.54482360702849,-252.0597677789556],[56.878156940361805,-252.05976777895563],[56.878156940361805,-250.66593444562227],[56.878156940361805,-250.16393444562226],[57.16982360702846,-250.16393444562226],[57.16982360702846,-248.08060111228895],[56.72697999251173,-248.08060111228895],[56.72697999251173,-243.07369137645395],[57.22697999251173,-243.07369137645395],[57.22697999251173,-241.17785804312064],[57.22697999251173,-240.38619137645395],[57.22697999251176,-233.48508565384262],[57.22697999251176,-232.2767523205093],[57.22697999251176,-225.7818781590479],[57.22697999251176,-218.11521149238123],[57.22697999251179,-209.0176268635311],[58.71241108539607,-209.0176268635311],[58.71241108539607,-208.8509601968644],[58.71241108539607,-192.06398877149152],[40.05539430383368,-192.06398877149147]]],"type":"Polygon"},"type":"Feature"},{"properties":{"Element":"Room","NCES_Department":"Courthouse","Number":"1253","occupancyStatus":"","Area_SF":1010.41,"Revit_UniqueId":"c288f98f-d5fd-4158-b9f8-c238e8c70da2-0055417c","NCES_Occupancy Status":"","Level":"LEVEL 1","RevitId":5587324,"Name":"PUBLIC CORR.","NCES_Type":"Corridor/Hallway"},"geometry":{"coordinates":[[[51.92093957731586,-134.9131529271201],[51.92093957731586,-138.4131529271201],[43.73866341921945,-138.41315292712008],[40.41666666666288,-138.41315292712005],[40.05539430383368,-138.41315292712005],[40.05539430383368,-144.10065292712008],[40.05539430383368,-156.01731959378674],[40.05539430383368,-157.30898626045342],[40.05539430383368,-173.39640789044847],[40.05539430383368,-182.3622822042397],[40.05539430383368,-183.6122822042397],[40.05539430383368,-192.06398877149147],[58.71241108539607,-192.06398877149152],[58.7124110853961,-183.1009601968644],[58.129077752062784,-183.1009601968644],[58.129077752062784,-182.1009601968644],[58.7124110853961,-182.1009601968644],[58.7124110853961,-176.05929353019775],[58.129077752062784,-176.05929353019775],[58.129077752062784,-175.1426268635311],[58.7124110853961,-175.14262686353106],[58.7124110853961,-168.8926268635309],[58.7124110853961,-166.4134601968642],[58.129077752062784,-166.4134601968642],[58.129077752062784,-165.4134601968642],[58.85824441872944,-165.4134601968642],[58.85824441872947,-160.7676268635309],[58.12907775206281,-160.7676268635309],[58.12907775206281,-159.7676268635309],[58.71241108539613,-159.7676268635309],[58.71241108539607,-150.1634601968642],[62.01449441872944,-150.1634601968642],[62.01449441872944,-142.12031160255404],[58.76729815661247,-142.12031160255404],[58.76729815661247,-140.76614493588738],[58.14229815661247,-140.76614493588738],[58.14229815661247,-139.76614493588738],[58.89229815661247,-139.76614493588738],[58.89229815661247,-134.91315292712014],[58.14229815661247,-134.91315292712014],[51.92093957731586,-134.9131529271201]]],"type":"Polygon"},"type":"Feature"},{"properties":{"Element":"Room","NCES_Department":"Juvenile Court","Number":"1462","occupancyStatus":"","Area_SF":65,"Revit_UniqueId":"bc9d591d-7cb4-4c60-843e-1f26e3e56097-0055a930","NCES_Occupancy Status":"","Level":"LEVEL 1","RevitId":5613872,"Name":"KITCHEN","NCES_Type":"Kitchenette"},"geometry":{"coordinates":[[[-75.90750546915507,-319.26266781443246],[-75.90750546915507,-328.26266781443246],[-67.9598988970447,-328.2626678144325],[-67.9598988970447,-319.2626678144325],[-75.90750546915507,-319.26266781443246]]],"type":"Polygon"},"type":"Feature"},{"properties":{"Element":"Room","NCES_Department":"Juvenile Court","Number":"1463","occupancyStatus":"","Area_SF":68.23,"Revit_UniqueId":"bc9d591d-7cb4-4c60-843e-1f26e3e56097-0055a933","NCES_Occupancy Status":"","Level":"LEVEL 1","RevitId":5613875,"Name":"CHILD ALCOVE","NCES_Type":"Family/Child Waiting"},"geometry":{"coordinates":[[[-64.57417213582164,-319.2626678144325],[-67.9598988970447,-319.2626678144325],[-67.9598988970447,-328.2626678144325],[-59.27311393813778,-328.2626678144326],[-59.27311393813778,-321.73335383761093],[-61.7437999613162,-319.2626678144325],[-64.57417213582164,-319.2626678144325]]],"type":"Polygon"},"type":"Feature"},{"properties":{"Element":"Room","NCES_Department":"Juvenile Court","Number":"1461","occupancyStatus":"","Area_SF":269.79,"Revit_UniqueId":"bc9d591d-7cb4-4c60-843e-1f26e3e56097-0055a936","NCES_Occupancy Status":"","Level":"LEVEL 1","RevitId":5613878,"Name":"LARGE CONFERENCE","NCES_Type":"Conference Room"},"geometry":{"coordinates":[[[-76.57417213582175,-328.26266781443246],[-76.57417213582181,-344.9387260121165],[-59.27311393813784,-344.93872601211655],[-59.27311393813784,-340.01250434062223],[-59.27311393813778,-328.2626678144326],[-67.9598988970447,-328.2626678144325],[-76.57417213582175,-328.26266781443246]]],"type":"Polygon"},"type":"Feature"},{"properties":{"Element":"Room","NCES_Department":"Juvenile Court","Number":"1445","occupancyStatus":"","Area_SF":251.08,"Revit_UniqueId":"bc9d591d-7cb4-4c60-843e-1f26e3e56097-0055a93c","NCES_Occupancy Status":"","Level":"LEVEL 1","RevitId":5613884,"Name":"BREAK ROOM","NCES_Type":"Break Room"},"geometry":{"coordinates":[[[-99.92553644712717,-269.3240663376754],[-99.92553644712717,-269.5740663376754],[-99.92553644712723,-281.109376266056],[-98.42553644712717,-281.109376266056],[-98.42553644712717,-281.0260429327227],[-82.39708880248833,-281.0260429327227],[-76.59500546915501,-281.02604293272276],[-76.59500546915501,-269.34600114776583],[-76.59500546915501,-269.24073300434213],[-77.43033880248845,-269.24073300434213],[-86.46720311379346,-269.2407330043421],[-86.46720311379346,-269.3240663376754],[-99.92553644712717,-269.3240663376754]]],"type":"Polygon"},"type":"Feature"},{"properties":{"Element":"Room","NCES_Department":"Juvenile Court","Number":"1444","occupancyStatus":"","Area_SF":543.57,"Revit_UniqueId":"bc9d591d-7cb4-4c60-843e-1f26e3e56097-0055a93f","NCES_Occupancy Status":"","Level":"LEVEL 1","RevitId":5613887,"Name":"JUVENILE COURT ROOM #1","NCES_Type":"Courtroom"},"geometry":{"coordinates":[[[-53.979906588688266,-269.30433448109926],[-55.56323992202158,-269.30433448109926],[-55.56323992202158,-267.05433448109926],[-55.73514042148321,-267.05433448109926],[-63.07883942255995,-267.05433448109926],[-63.25073992202158,-267.05433448109926],[-63.25073992202158,-268.2626678144326],[-63.25073992202158,-269.3460011477659],[-76.59500546915501,-269.34600114776583],[-76.59500546915501,-281.02604293272276],[-76.59500546915507,-293.9293344810992],[-53.97990658868832,-293.92933448109926],[-53.979906588688266,-269.30433448109926]]],"type":"Polygon"},"type":"Feature"},{"properties":{"Element":"Room","NCES_Department":"Juvenile Court","Number":"1443","occupancyStatus":"","Area_SF":288.77,"Revit_UniqueId":"bc9d591d-7cb4-4c60-843e-1f26e3e56097-0055a942","NCES_Occupancy Status":"","Level":"LEVEL 1","RevitId":5613890,"Name":"CASA OPEN WORK AREA","NCES_Type":"Open Office - Workstations"},"geometry":{"coordinates":[[[-53.89657325535495,-301.6376678144326],[-53.89657325535495,-293.92933448109926],[-53.97990658868832,-293.92933448109926],[-76.59500546915507,-293.9293344810992],[-76.59500546915507,-300.97100114776583],[-75.92833880248844,-300.97100114776583],[-75.92833880248844,-302.30433448109915],[-76.59500546915507,-302.30433448109915],[-76.59500546915507,-307.84600114776583],[-64.57417213582164,-307.84600114776583],[-64.57417213582164,-308.3876678144326],[-56.00073992202158,-308.3876678144326],[-56.00073992202158,-301.6376678144326],[-53.89657325535495,-301.6376678144326]]],"type":"Polygon"},"type":"Feature"},{"properties":{"Element":"Room","NCES_Department":"Juvenile Court","Number":"1442","occupancyStatus":"","Area_SF":123.99,"Revit_UniqueId":"bc9d591d-7cb4-4c60-843e-1f26e3e56097-0055a945","NCES_Occupancy Status":"","Level":"LEVEL 1","RevitId":5613893,"Name":"CASA DIRECTOR","NCES_Type":"Private Office - Enclosed"},"geometry":{"coordinates":[[[-76.59500546915507,-317.80433448109915],[-75.90750546915507,-317.80433448109915],[-75.90750546915507,-319.26266781443246],[-67.9598988970447,-319.2626678144325],[-64.57417213582164,-319.2626678144325],[-64.57417213582164,-308.3876678144326],[-64.57417213582164,-307.84600114776583],[-76.59500546915507,-307.84600114776583],[-76.59500546915507,-317.80433448109915]]],"type":"Polygon"},"type":"Feature"},{"properties":{"Element":"Room","NCES_Department":"Juvenile Court","Number":"1446","occupancyStatus":"","Area_SF":150.12,"Revit_UniqueId":"bc9d591d-7cb4-4c60-843e-1f26e3e56097-0055a948","NCES_Occupancy Status":"","Level":"LEVEL 1","RevitId":5613896,"Name":"COURT REPORTER #1","NCES_Type":"Private Office - Enclosed"},"geometry":{"coordinates":[[[-99.92553644712723,-281.109376266056],[-99.92553644712729,-290.50520959938933],[-98.42553644712717,-290.50520959938933],[-98.42553644712717,-290.421876266056],[-82.39708880248833,-290.4218762660561],[-82.39708880248833,-281.0260429327227],[-98.42553644712717,-281.0260429327227],[-98.42553644712717,-281.109376266056],[-99.92553644712723,-281.109376266056]]],"type":"Polygon"},"type":"Feature"},{"properties":{"Element":"Room","NCES_Department":"Juvenile Court","Number":"1447","occupancyStatus":"","Area_SF":149.95,"Revit_UniqueId":"bc9d591d-7cb4-4c60-843e-1f26e3e56097-0055a94b","NCES_Occupancy Status":"","Level":"LEVEL 1","RevitId":5613899,"Name":"BAILIFF #1","NCES_Type":"Private Office - Enclosed"},"geometry":{"coordinates":[[[-99.92553644712729,-290.50520959938933],[-99.92553644712729,-299.734376266056],[-98.42553644712717,-299.734376266056],[-98.42553644712717,-299.81770959938933],[-82.39708880248838,-299.8177095993893],[-82.39708880248833,-290.4218762660561],[-98.42553644712717,-290.421876266056],[-98.42553644712717,-290.50520959938933],[-99.92553644712729,-290.50520959938933]]],"type":"Polygon"},"type":"Feature"},{"properties":{"Element":"Room","NCES_Department":"Juvenile Court","Number":"1448","occupancyStatus":"","Area_SF":239.55,"Revit_UniqueId":"bc9d591d-7cb4-4c60-843e-1f26e3e56097-0055a94e","NCES_Occupancy Status":"","Level":"LEVEL 1","RevitId":5613902,"Name":"JUVENILE JUDGE #1","NCES_Type":"Private Office - Enclosed"},"geometry":{"coordinates":[[[-99.92553644712729,-299.734376266056],[-99.92553644712734,-314.63020959938933],[-98.42553644712723,-314.63020959938933],[-98.42553644712723,-314.546876266056],[-92.1679221358217,-314.546876266056],[-90.81375546915501,-314.546876266056],[-82.39708880248838,-314.5468762660561],[-82.39708880248833,-299.8177095993893],[-98.42553644712717,-299.81770959938933],[-98.42553644712717,-299.734376266056],[-99.92553644712729,-299.734376266056]]],"type":"Polygon"},"type":"Feature"},{"properties":{"Element":"Room","NCES_Department":"Juvenile Court","Number":"1450A","occupancyStatus":"","Area_SF":217.99,"Revit_UniqueId":"bc9d591d-7cb4-4c60-843e-1f26e3e56097-0055a951","NCES_Occupancy Status":"","Level":"LEVEL 1","RevitId":5613905,"Name":"SECURE HALL","NCES_Type":"Sally Port/Secure Transfer"},"geometry":{"coordinates":[[[-76.57417213582175,-324.7135429327231],[-76.57417213582175,-317.80433448109915],[-76.59500546915507,-317.80433448109915],[-76.59500546915507,-307.84600114776583],[-76.59500546915507,-302.30433448109915],[-76.59500546915507,-300.97100114776583],[-76.59500546915507,-293.9293344810992],[-76.59500546915501,-281.02604293272276],[-82.39708880248833,-281.0260429327227],[-82.39708880248833,-290.4218762660561],[-82.39708880248838,-299.8177095993893],[-82.39708880248838,-314.5468762660561],[-82.39708880248838,-320.19270959938973],[-82.39708880248838,-324.71354293272304],[-76.57417213582175,-324.7135429327231]]],"type":"Polygon"},"type":"Feature"},{"properties":{"Element":"Room","NCES_Department":"Juvenile Court","Number":"1453","occupancyStatus":"","Area_SF":36.53,"Revit_UniqueId":"bc9d591d-7cb4-4c60-843e-1f26e3e56097-0055a954","NCES_Occupancy Status":"","Level":"LEVEL 1","RevitId":5613908,"Name":"TOILET","NCES_Type":"Private Restroom"},"geometry":{"coordinates":[[[-99.92553644712734,-314.63020959938933],[-99.9255364471274,-320.10937626605596],[-98.42553644712723,-320.10937626605596],[-98.42553644712723,-320.19270959938933],[-92.1679221358217,-320.1927095993895],[-92.1679221358217,-314.546876266056],[-98.42553644712723,-314.546876266056],[-98.42553644712723,-314.63020959938933],[-99.92553644712734,-314.63020959938933]]],"type":"Polygon"},"type":"Feature"},{"properties":{"Element":"Room","NCES_Department":"Juvenile Court","Number":"1449","occupancyStatus":"","Area_SF":41.4,"Revit_UniqueId":"bc9d591d-7cb4-4c60-843e-1f26e3e56097-0055a957","NCES_Occupancy Status":"","Level":"LEVEL 1","RevitId":5613911,"Name":"TOILET","NCES_Type":"Private Restroom"},"geometry":{"coordinates":[[[-82.39708880248838,-320.19270959938973],[-82.39708880248838,-314.5468762660561],[-90.81375546915501,-314.546876266056],[-90.81375546915501,-320.1927095993895],[-82.39708880248838,-320.19270959938973]]],"type":"Polygon"},"type":"Feature"},{"properties":{"Element":"Room","NCES_Department":"Juvenile Court","Number":"1452","occupancyStatus":"","Area_SF":239.87,"Revit_UniqueId":"bc9d591d-7cb4-4c60-843e-1f26e3e56097-0055a95a","NCES_Occupancy Status":"","Level":"LEVEL 1","RevitId":5613914,"Name":"JUVENILE JUDGE #2","NCES_Type":"Private Office - Enclosed"},"geometry":{"coordinates":[[[-99.9255364471274,-320.10937626605596],[-99.92553644712746,-335.0246577975114],[-98.42553644712723,-335.0246577975114],[-98.42553644712723,-334.9413244641781],[-82.39708880248844,-334.94132446417814],[-82.39708880248838,-324.7968762660564],[-82.39708880248838,-324.71354293272304],[-82.39708880248838,-320.19270959938973],[-90.81375546915501,-320.1927095993895],[-92.1679221358217,-320.19270959938945],[-98.42553644712723,-320.19270959938933],[-98.42553644712723,-320.10937626605596],[-99.9255364471274,-320.10937626605596]]],"type":"Polygon"},"type":"Feature"},{"properties":{"Element":"Room","NCES_Department":"Juvenile Court","Number":"1451","occupancyStatus":"","Area_SF":150.3,"Revit_UniqueId":"bc9d591d-7cb4-4c60-843e-1f26e3e56097-0055a95d","NCES_Occupancy Status":"","Level":"LEVEL 1","RevitId":5613917,"Name":"BAILIFF #2","NCES_Type":"Private Office - Enclosed"},"geometry":{"coordinates":[[[-99.92553644712746,-335.0246577975114],[-99.92553644712746,-344.2746577975114],[-98.42553644712723,-344.2746577975114],[-98.42553644712723,-344.35799113084477],[-82.39708880248844,-344.3579911308447],[-82.39708880248838,-334.94132446417814],[-98.42553644712723,-334.9413244641781],[-98.42553644712723,-335.0246577975114],[-99.92553644712746,-335.0246577975114]]],"type":"Polygon"},"type":"Feature"},{"properties":{"Element":"Room","NCES_Department":"Juvenile Court","Number":"1454","occupancyStatus":"","Area_SF":150.76,"Revit_UniqueId":"bc9d591d-7cb4-4c60-843e-1f26e3e56097-0055a960","NCES_Occupancy Status":"","Level":"LEVEL 1","RevitId":5613920,"Name":"COURT REPORTER #2","NCES_Type":"Private Office - Enclosed"},"geometry":{"coordinates":[[[-99.92553644712746,-344.2746577975114],[-99.92553644712751,-353.5740663376754],[-99.92553644712746,-353.9073996710087],[-90.78631262480798,-353.9073996710087],[-82.39708880248844,-353.9073996710087],[-82.39708880248838,-344.3579911308447],[-98.42553644712723,-344.35799113084477],[-98.42553644712723,-344.2746577975114],[-99.92553644712746,-344.2746577975114]]],"type":"Polygon"},"type":"Feature"},{"properties":{"Element":"Room","NCES_Department":"Juvenile Court","Number":"1450B","occupancyStatus":"","Area_SF":265.28,"Revit_UniqueId":"bc9d591d-7cb4-4c60-843e-1f26e3e56097-0055a963","NCES_Occupancy Status":"","Level":"LEVEL 1","RevitId":5613923,"Name":"SECURE HALL","NCES_Type":"Sally Port/Secure Transfer"},"geometry":{"coordinates":[[[-77.74083880248855,-378.42933448109915],[-77.55333880248855,-378.42933448109915],[-77.55333880248855,-375.30433448110034],[-76.8345888024885,-375.30433448110034],[-76.8345888024885,-374.88566781443365],[-76.8345888024885,-370.47100114776583],[-76.57417213582181,-369.88766781443246],[-76.57417213582181,-344.9387260121165],[-76.57417213582175,-328.26266781443246],[-76.57417213582175,-324.7968762660564],[-82.39708880248838,-324.7968762660564],[-82.39708880248844,-334.94132446417814],[-82.39708880248844,-344.3579911308447],[-82.39708880248844,-353.9073996710087],[-82.3970888024885,-362.88766781443246],[-82.3970888024885,-363.17933448109915],[-82.31375546915524,-363.1793344810992],[-82.31375546915524,-363.38966781443247],[-82.31375546915524,-369.6356678144325],[-82.31375546915524,-369.80433448109915],[-82.3970888024885,-369.80433448109915],[-82.3970888024885,-370.13766781443246],[-82.3970888024885,-370.47100114776583],[-82.31375546915524,-370.47100114776583],[-82.31375546915524,-375.30433448110034],[-81.59500546915518,-375.30433448110034],[-81.59500546915518,-378.42933448109915],[-81.40750546915518,-378.42933448109915],[-77.74083880248855,-378.42933448109915]]],"type":"Polygon"},"type":"Feature"},{"properties":{"Element":"Room","NCES_Department":"Juvenile Court","Number":"1455","occupancyStatus":"","Area_SF":65.92,"Revit_UniqueId":"bc9d591d-7cb4-4c60-843e-1f26e3e56097-0055a966","NCES_Occupancy Status":"","Level":"LEVEL 1","RevitId":5613926,"Name":"STORAGE","NCES_Type":"General Storage"},"geometry":{"coordinates":[[[-90.78631262480798,-363.0960011477657],[-89.40472696765045,-363.0960011477657],[-89.40472696765045,-362.88766781443246],[-82.76575546915524,-362.88766781443246],[-82.3970888024885,-362.88766781443246],[-82.39708880248844,-353.9073996710087],[-90.78631262480798,-353.9073996710087],[-90.78631262480798,-363.0960011477657]]],"type":"Polygon"},"type":"Feature"},{"properties":{"Element":"Room","NCES_Department":"Juvenile Court","Number":"1456","occupancyStatus":"","Area_SF":70.44,"Revit_UniqueId":"bc9d591d-7cb4-4c60-843e-1f26e3e56097-0055a969","NCES_Occupancy Status":"","Level":"LEVEL 1","RevitId":5613929,"Name":"EVIDENCE STORAGE","NCES_Type":"Evidence Storage"},"geometry":{"coordinates":[[[-99.92553644712751,-353.9073996710087],[-99.92553644712751,-363.0960011477657],[-90.78631262480798,-363.0960011477657],[-90.78631262480798,-353.9073996710087],[-99.92553644712751,-353.9073996710087]]],"type":"Polygon"},"type":"Feature"},{"properties":{"Element":"Room","NCES_Department":"Juvenile Court","Number":"1458","occupancyStatus":"","Area_SF":44.49,"Revit_UniqueId":"bc9d591d-7cb4-4c60-843e-1f26e3e56097-0055a96c","NCES_Occupancy Status":"","Level":"LEVEL 1","RevitId":5613932,"Name":"VEST.","NCES_Type":"Waiting/Queue Area"},"geometry":{"coordinates":[[[-89.40472696765045,-369.8043344811003],[-89.40472696765045,-370.13766781443246],[-82.31375546915524,-370.13766781443246],[-82.31375546915524,-362.88766781443246],[-89.40472696765045,-362.88766781443246],[-89.40472696765045,-363.0960011477657],[-89.40472696765045,-369.8043344811003]]],"type":"Polygon"},"type":"Feature"},{"properties":{"Element":"Room","NCES_Department":"Juvenile Court","Number":"1457","occupancyStatus":"","Area_SF":63,"Revit_UniqueId":"bc9d591d-7cb4-4c60-843e-1f26e3e56097-0055a96f","NCES_Occupancy Status":"","Level":"LEVEL 1","RevitId":5613935,"Name":"JUVENILE HOLDING CELL","NCES_Type":"Holding Cell - Single"},"geometry":{"coordinates":[[[-92.0922031137942,-378.4293344810991],[-82.34500546915507,-378.42933448109915],[-82.34500546915507,-375.3876678144337],[-82.3970888024885,-375.3876678144337],[-82.3970888024885,-370.47100114776583],[-82.3970888024885,-370.13766781443246],[-82.76575546915524,-370.13766781443246],[-89.40472696765045,-370.13766781443246],[-89.40472696765045,-369.8043344811003],[-92.0922031137942,-369.8043344811003],[-92.0922031137942,-378.4293344810991]]],"type":"Polygon"},"type":"Feature"},{"properties":{"Element":"Room","NCES_Department":"Juvenile Court","Number":"1459","occupancyStatus":"","Area_SF":64.62,"Revit_UniqueId":"bc9d591d-7cb4-4c60-843e-1f26e3e56097-0055a972","NCES_Occupancy Status":"","Level":"LEVEL 1","RevitId":5613938,"Name":"JUVENILE HOLDING CELL","NCES_Type":"Holding Cell - Single"},"geometry":{"coordinates":[[[-76.80333880248867,-378.4293344810992],[-67.07417213582175,-378.4293344810992],[-67.07417213582175,-369.88766781443246],[-76.8345888024885,-369.88766781443246],[-76.8345888024885,-375.3876678144337],[-76.80333880248867,-375.3876678144337],[-76.80333880248867,-378.4293344810992]]],"type":"Polygon"},"type":"Feature"},{"properties":{"Element":"Room","NCES_Department":"Juvenile Court","Number":"1460","occupancyStatus":"","Area_SF":555.15,"Revit_UniqueId":"bc9d591d-7cb4-4c60-843e-1f26e3e56097-0055a975","NCES_Occupancy Status":"","Level":"LEVEL 1","RevitId":5613941,"Name":"JUVENILE COURT ROOM #2","NCES_Type":"Courtroom"},"geometry":{"coordinates":[[[-67.07417213582175,-369.8876678144325],[-62.42381334812438,-369.8876678144325],[-59.757146681457755,-369.8876678144326],[-58.42381334812444,-369.8876678144326],[-55.75714668145781,-369.8876678144326],[-53.896573255355065,-369.8876678144326],[-53.89657325535501,-340.0125043406223],[-59.27311393813784,-340.01250434062223],[-59.27311393813784,-344.93872601211655],[-76.57417213582181,-344.9387260121165],[-76.57417213582181,-369.88766781443246],[-67.07417213582175,-369.8876678144325]]],"type":"Polygon"},"type":"Feature"},{"properties":{"Element":"Room","NCES_Department":"Juvenile Court","Number":"1439","occupancyStatus":"","Area_SF":203.27,"Revit_UniqueId":"bc9d591d-7cb4-4c60-843e-1f26e3e56097-0055a978","NCES_Occupancy Status":"","Level":"LEVEL 1","RevitId":5613944,"Name":"WOMEN'S RR","NCES_Type":"Womens Restroom"},"geometry":{"coordinates":[[[-81.56766321913642,-258.7626678144325],[-99.92553644712717,-258.76266781443246],[-99.92553644712723,-268.1573996710087],[-86.46720311379346,-268.15739967100876],[-86.46720311379346,-269.2407330043421],[-76.92833880248844,-269.24073300434213],[-76.92833880248844,-268.2626678144325],[-76.92833880248844,-267.04391781443246],[-76.18823992202164,-267.04391781443246],[-76.18823992202164,-259.09600114776583],[-80.72990658868827,-259.09600114776583],[-80.72990658868827,-258.7626678144325],[-81.25516321913648,-258.7626678144325],[-81.56766321913642,-258.7626678144325]]],"type":"Polygon"},"type":"Feature"},{"properties":{"Element":"Room","NCES_Department":"Juvenile Court","Number":"1440","occupancyStatus":"","Area_SF":174.29,"Revit_UniqueId":"bc9d591d-7cb4-4c60-843e-1f26e3e56097-0055a97b","NCES_Occupancy Status":"","Level":"LEVEL 1","RevitId":5613947,"Name":"MEN'S RR","NCES_Type":"Mens Restroom"},"geometry":{"coordinates":[[[-59.14657325535501,-259.0960011477659],[-76.18823992202164,-259.09600114776583],[-76.18823992202164,-267.04391781443246],[-76.18823992202164,-268.2626678144325],[-76.093005469155,-268.2626678144325],[-63.25073992202158,-268.2626678144326],[-63.25073992202158,-267.05433448109926],[-55.521573255354895,-267.05433448109926],[-55.521573255354895,-264.84600114776595],[-53.896573255354895,-264.84600114776595],[-53.896573255354895,-263.0896678144326],[-53.896573255354895,-262.6376678144326],[-53.52157325535484,-262.6376678144326],[-53.52157325535484,-259.09600114776595],[-59.14657325535501,-259.0960011477659]]],"type":"Polygon"},"type":"Feature"},{"properties":{"Element":"Room","NCES_Department":"County Court","Number":"1477","occupancyStatus":"","Area_SF":16,"Revit_UniqueId":"c51f0818-bff1-4cb3-b42e-f9f29a8f9c31-0055ee40","NCES_Occupancy Status":"","Level":"LEVEL 1","RevitId":5631552,"Name":"DATA CL.","NCES_Type":"IT/Telecom Room"},"geometry":{"coordinates":[[[17.130068791214427,-332.7042284817247],[23.546735457881056,-332.7042284817247],[23.546735457881056,-329.62089514839136],[17.130068791214427,-329.62089514839136],[17.130068791214427,-332.7042284817247]]],"type":"Polygon"},"type":"Feature"},{"properties":{"Element":"Room","NCES_Department":"County Court","Number":"1476","occupancyStatus":"","Area_SF":142.36,"Revit_UniqueId":"c51f0818-bff1-4cb3-b42e-f9f29a8f9c31-0055ee43","NCES_Occupancy Status":"","Level":"LEVEL 1","RevitId":5631555,"Name":"BREAK ROOM","NCES_Type":"Break Room"},"geometry":{"coordinates":[[[30.96340212454777,-332.7042284817247],[30.963402124547798,-320.2019630761338],[17.130068791214455,-320.2019630761337],[17.130068791214427,-329.62089514839136],[23.546735457881056,-329.62089514839136],[23.546735457881056,-332.7042284817247],[30.96340212454777,-332.7042284817247]]],"type":"Polygon"},"type":"Feature"},{"properties":{"Element":"Room","NCES_Department":"County Court","Number":"1480","occupancyStatus":"","Area_SF":143.76,"Revit_UniqueId":"c51f0818-bff1-4cb3-b42e-f9f29a8f9c31-0055ee46","NCES_Occupancy Status":"","Level":"LEVEL 1","RevitId":5631558,"Name":"COUNTY COURT CLERK'S OFFICE","NCES_Type":"Private Office - Enclosed"},"geometry":{"coordinates":[[[-6.559343059638252,-306.63905736302706],[-14.828264542118802,-306.63905736302706],[-14.828264542118802,-317.639057363027],[-7.765151017003518,-317.63905736302706],[-0.8282645421188022,-317.63905736302706],[-0.8282645421188022,-317.3953906963604],[-0.8282645421188022,-306.63905736302706],[-6.559343059638252,-306.63905736302706]]],"type":"Polygon"},"type":"Feature"},{"properties":{"Element":"Room","NCES_Department":"County Court","Number":"1481","occupancyStatus":"","Area_SF":117.3,"Revit_UniqueId":"c51f0818-bff1-4cb3-b42e-f9f29a8f9c31-0055ee49","NCES_Occupancy Status":"","Level":"LEVEL 1","RevitId":5631561,"Name":"ASSISTANT CLERK'S CHECK","NCES_Type":"Private Office - Enclosed"},"geometry":{"coordinates":[[[-14.828264542118802,-306.63905736302706],[-26.32826454211886,-306.63905736302706],[-26.32826454211886,-310.72239069635924],[-26.32826454211886,-317.63905736302695],[-25.119931208785488,-317.63905736302695],[-14.828264542118802,-317.639057363027],[-14.828264542118802,-306.63905736302706]]],"type":"Polygon"},"type":"Feature"},{"properties":{"Element":"Room","NCES_Department":"County Court","Number":"1482","occupancyStatus":"","Area_SF":20.82,"Revit_UniqueId":"c51f0818-bff1-4cb3-b42e-f9f29a8f9c31-0055ee4c","NCES_Occupancy Status":"","Level":"LEVEL 1","RevitId":5631564,"Name":"JAN.","NCES_Type":"Janitor/Custodial Closet"},"geometry":{"coordinates":[[[-26.32826454211886,-306.63905736302706],[-32.42221638840607,-306.63905736302706],[-32.42221638840607,-310.72239069635924],[-26.32826454211886,-310.72239069635924],[-26.32826454211886,-306.63905736302706]]],"type":"Polygon"},"type":"Feature"},{"properties":{"Element":"Room","NCES_Department":"County Court","Number":"1472","occupancyStatus":"","Area_SF":52.94,"Revit_UniqueId":"c51f0818-bff1-4cb3-b42e-f9f29a8f9c31-0055ee4f","NCES_Occupancy Status":"","Level":"LEVEL 1","RevitId":5631567,"Name":"M.O. HOLDING CELL","NCES_Type":"Holding Cell - Single"},"geometry":{"coordinates":[[[11.963402124547827,-301.0112827953527],[11.963402124547827,-300.8393822958911],[4.83206879121451,-300.839382295891],[4.630068791214512,-300.839382295891],[4.630068791214512,-306.5661406963604],[5.990932530099371,-306.5661406963604],[5.990932530099371,-309.86021562922434],[11.963402124547827,-309.8602156292244],[11.963402124547827,-301.0112827953527]]],"type":"Polygon"},"type":"Feature"},{"properties":{"Element":"Room","NCES_Department":"County Court","Number":"1475","occupancyStatus":"","Area_SF":398.64,"Revit_UniqueId":"c51f0818-bff1-4cb3-b42e-f9f29a8f9c31-0055ee52","NCES_Occupancy Status":"","Level":"LEVEL 1","RevitId":5631570,"Name":"RECORDS","NCES_Type":"Records Storage - Active"},"geometry":{"coordinates":[[[30.963402124547798,-320.2019630761338],[30.963402124547798,-314.339382295891],[30.963402124547827,-300.7977156292244],[16.244652124547855,-300.7977156292244],[14.171735457881198,-300.7977156292244],[13.046735457881198,-300.7977156292244],[11.963402124547827,-300.7977156292244],[11.963402124547827,-309.8602156292244],[5.990932530099371,-309.86021562922434],[4.588402124547827,-309.86021562922434],[4.588402124547827,-317.3953906963604],[4.588402124547827,-317.64848159907046],[12.959590854374937,-317.64848159907046],[13.603095975901283,-318.4153811395023],[15.102216219996762,-320.2019630761337],[17.130068791214455,-320.2019630761337],[30.963402124547798,-320.2019630761338]]],"type":"Polygon"},"type":"Feature"},{"properties":{"Element":"Room","NCES_Department":"Courthouse","Number":"1466","occupancyStatus":"","Area_SF":128.15,"Revit_UniqueId":"c51f0818-bff1-4cb3-b42e-f9f29a8f9c31-0055ef2d","NCES_Occupancy Status":"","Level":"LEVEL 1","RevitId":5631789,"Name":"SECURE CORR.","NCES_Type":"Sally Port/Secure Transfer"},"geometry":{"coordinates":[[[-6.559343059638252,-301.1639344456221],[-31.380549721739442,-301.163934445622],[-31.380549721739442,-301.74726777895535],[-32.42221638840607,-301.74726777895535],[-32.42221638840607,-306.63905736302706],[-26.83026454211887,-306.63905736302706],[-25.82626454211885,-306.63905736302706],[-14.828264542118802,-306.63905736302706],[-6.559343059638252,-306.63905736302706],[-6.559343059638252,-301.1639344456221]]],"type":"Polygon"},"type":"Feature"},{"properties":{"Element":"Room","NCES_Department":"Courthouse","Number":"1473","occupancyStatus":"","Area_SF":126.44,"Revit_UniqueId":"c51f0818-bff1-4cb3-b42e-f9f29a8f9c31-0055ef30","NCES_Occupancy Status":"","Level":"LEVEL 1","RevitId":5631792,"Name":"SECURE HALL","NCES_Type":"Sally Port/Secure Transfer"},"geometry":{"coordinates":[[[4.380068791214512,-294.62226777895546],[1.4319502782605582,-294.6222677789554],[-6.809343059638252,-294.6222677789554],[-6.809343059638252,-301.1639344456221],[-6.559343059638252,-301.1639344456221],[-6.559343059638252,-301.66593444562204],[-6.559343059638252,-306.63905736302706],[-0.8282645421188022,-306.63905736302706],[4.630068791214512,-306.63905736302706],[4.630068791214512,-306.5661406963604],[4.630068791214512,-300.839382295891],[4.380068791214512,-300.839382295891],[4.380068791214512,-300.3373822958911],[4.380068791214512,-294.62226777895546]]],"type":"Polygon"},"type":"Feature"},{"properties":{"Element":"Room","NCES_Department":"Courthouse","Number":"1471","occupancyStatus":"","Area_SF":210.78,"Revit_UniqueId":"c51f0818-bff1-4cb3-b42e-f9f29a8f9c31-0055ef33","NCES_Occupancy Status":"","Level":"LEVEL 1","RevitId":5631795,"Name":"SECURE CORR.","NCES_Type":"Sally Port/Secure Transfer"},"geometry":{"coordinates":[[[41.29673545788117,-294.6222677789556],[27.73565633034272,-294.6222677789555],[4.380068791214512,-294.62226777895546],[4.380068791214512,-300.839382295891],[11.963402124547827,-300.8393822958911],[11.963402124547827,-300.7977156292244],[12.218635957342826,-300.7977156292244],[13.046735457881198,-300.7977156292244],[13.046735457881198,-300.4643822958911],[14.171735457881198,-300.4643822958911],[14.171735457881198,-300.7977156292244],[16.244652124547855,-300.7977156292244],[30.963402124547827,-300.7977156292244],[39.85923545788117,-300.7977156292244],[41.29673545788117,-300.7977156292244],[41.29673545788117,-294.6222677789556]]],"type":"Polygon"},"type":"Feature"},{"properties":{"Element":"Room","NCES_Department":"District Court","Number":"1204","occupancyStatus":"","Area_SF":126.32,"Revit_UniqueId":"c51f0818-bff1-4cb3-b42e-f9f29a8f9c31-0055ef36","NCES_Occupancy Status":"","Level":"LEVEL 1","RevitId":5631798,"Name":"BREAK ROOM","NCES_Type":"Break Room"},"geometry":{"coordinates":[[[30.963402124547827,-300.7977156292244],[30.963402124547798,-314.339382295891],[40.84473545788114,-314.339382295891],[41.0884021245478,-314.339382295891],[41.0884021245478,-312.01613461925865],[41.08840212454783,-303.80475440316314],[41.08840212454783,-301.5477156292244],[39.85923545788117,-301.5477156292244],[39.85923545788117,-300.7977156292244],[30.963402124547827,-300.7977156292244]]],"type":"Polygon"},"type":"Feature"},{"properties":{"Element":"Room","NCES_Department":"County Court","Number":"1479","occupancyStatus":"","Area_SF":1637.61,"Revit_UniqueId":"c51f0818-bff1-4cb3-b42e-f9f29a8f9c31-0055ef39","NCES_Occupancy Status":"","Level":"LEVEL 1","RevitId":5631801,"Name":"CLERICAL WORKSPACE","NCES_Type":"Open Office - Cubicles"},"geometry":{"coordinates":[[[-25.119931208785545,-357.089382295891],[17.1300687912144,-357.089382295891],[17.130068791214427,-332.7042284817247],[17.130068791214427,-329.62089514839136],[17.130068791214455,-320.2019630761337],[15.102216219996762,-320.2019630761337],[14.536950187749596,-319.5283052514317],[12.959590854374937,-317.64848159907046],[4.588402124547827,-317.64848159907046],[4.588402124547827,-317.8473906963604],[4.086402124547817,-317.8473906963604],[-0.32626454211879263,-317.8473906963604],[-0.8282645421188022,-317.8473906963604],[-0.8282645421188022,-317.63905736302706],[-7.765151017003518,-317.63905736302706],[-14.828264542118802,-317.639057363027],[-25.119931208785488,-317.63905736302695],[-25.119931208785545,-357.089382295891]]],"type":"Polygon"},"type":"Feature"},{"properties":{"Element":"Room","NCES_Department":"County Court","Number":"1483","occupancyStatus":"","Area_SF":442.4,"Revit_UniqueId":"c51f0818-bff1-4cb3-b42e-f9f29a8f9c31-0055f0bf","NCES_Occupancy Status":"","Level":"LEVEL 1","RevitId":5632191,"Name":"PUBLIC COUNTER","NCES_Type":"Public Kiosk/Self Serve"},"geometry":{"coordinates":[[[-32.4400760014575,-357.0060489625577],[-32.4400760014575,-357.089382295891],[-25.119931208785545,-357.089382295891],[-25.119931208785488,-317.63905736302695],[-26.32826454211886,-317.63905736302695],[-26.32826454211886,-310.72239069635924],[-32.42221638840607,-310.72239069635924],[-32.42221638840607,-317.7681011122886],[-36.25554972173944,-317.7681011122886],[-36.255549721739555,-357.0060489625577],[-32.4400760014575,-357.0060489625577]]],"type":"Polygon"},"type":"Feature"},{"properties":{"Element":"Room","NCES_Department":"County Court","Number":"1478B","occupancyStatus":"","Area_SF":326.57,"Revit_UniqueId":"c51f0818-bff1-4cb3-b42e-f9f29a8f9c31-0055f0c2","NCES_Occupancy Status":"","Level":"LEVEL 1","RevitId":5632194,"Name":"COPY/WORK AREA/STORAGE","NCES_Type":"Copy/Print/Mail Area"},"geometry":{"coordinates":[[[17.1300687912144,-357.089382295891],[30.732923998542503,-357.089382295891],[30.96340212454774,-357.089382295891],[30.96340212454774,-356.8630635491774],[30.96340212454777,-337.98499430733943],[30.96340212454777,-332.7042284817247],[23.546735457881056,-332.7042284817247],[17.130068791214427,-332.7042284817247],[17.1300687912144,-357.089382295891]]],"type":"Polygon"},"type":"Feature"},{"properties":{"Element":"Room","NCES_Department":"County Court","Number":"1474","occupancyStatus":"","Area_SF":55,"Revit_UniqueId":"c51f0818-bff1-4cb3-b42e-f9f29a8f9c31-0055f0c5","NCES_Occupancy Status":"","Level":"LEVEL 1","RevitId":5632197,"Name":"HALL","NCES_Type":"Corridor/Hallway"},"geometry":{"coordinates":[[[4.588402124547827,-309.86021562922434],[4.630068791214512,-309.86021562922434],[4.630068791214512,-306.63905736302706],[-0.8282645421188022,-306.63905736302706],[-0.8282645421188022,-317.8473906963604],[4.588402124547827,-317.8473906963604],[4.588402124547827,-310.11544946201934],[4.588402124547827,-309.86021562922434]]],"type":"Polygon"},"type":"Feature"},{"properties":{"Element":"Room","NCES_Department":"District Court","Number":"1197","occupancyStatus":"","Area_SF":243.02,"Revit_UniqueId":"37696740-3b7a-427d-b68a-5c59f43e5c35-00560770","NCES_Occupancy Status":"","Level":"LEVEL 1","RevitId":5638000,"Name":"CONFERENCE ROOM","NCES_Type":"Conference Room"},"geometry":{"coordinates":[[[88.25917149620017,-300.7977156292245],[78.92583816286688,-300.7977156292245],[78.92583816286685,-311.80780128592545],[78.92583816286685,-317.2037265232609],[87.86923935324813,-317.2037265232609],[88.61923935324813,-317.2037265232609],[94.59250482953348,-317.20372652326097],[94.59250482953348,-310.62465409170295],[94.59250482953351,-300.7977156292245],[88.25917149620017,-300.7977156292245]]],"type":"Polygon"},"type":"Feature"},{"properties":{"Element":"Room","NCES_Department":"District Court","Number":"1198","occupancyStatus":"","Area_SF":149.4,"Revit_UniqueId":"37696740-3b7a-427d-b68a-5c59f43e5c35-00560773","NCES_Occupancy Status":"","Level":"LEVEL 1","RevitId":5638003,"Name":"DIST. COURT CLERK'S OFFICE","NCES_Type":"Private Office - Enclosed"},"geometry":{"coordinates":[[[78.92583816286688,-300.7977156292245],[64.2392744439571,-300.7977156292244],[64.2392744439571,-302.1102156292244],[64.40594111062379,-302.1102156292244],[64.40594111062376,-311.56413461925877],[64.40594111062376,-311.8078012859254],[78.92583816286685,-311.80780128592545],[78.92583816286688,-300.7977156292245]]],"type":"Polygon"},"type":"Feature"},{"properties":{"Element":"Room","NCES_Department":"District Court","Number":"1196","occupancyStatus":"","Area_SF":600.92,"Revit_UniqueId":"37696740-3b7a-427d-b68a-5c59f43e5c35-00560776","NCES_Occupancy Status":"","Level":"LEVEL 1","RevitId":5638006,"Name":"RECORDS","NCES_Type":"Public Records Review Room"},"geometry":{"coordinates":[[[88.61923935324813,-317.2037265232609],[88.61923935324813,-318.4328931899276],[87.86923935324813,-318.4328931899276],[87.86923935324813,-317.2037265232609],[78.92583816286685,-317.2037265232609],[78.92583816286685,-322.91704713748845],[78.92583816286682,-337.98499430733955],[78.9258381628668,-348.135534284988],[78.84250482953348,-348.135534284988],[78.84250482953348,-350.9272009516547],[78.84250482953348,-357.0938676183214],[94.59250482953342,-357.0938676183214],[94.59250482953342,-349.7637279826167],[94.59250482953345,-330.4643822958912],[94.59250482953348,-320.5370598565943],[94.59250482953348,-317.20372652326097],[88.61923935324813,-317.2037265232609]]],"type":"Polygon"},"type":"Feature"},{"properties":{"Element":"Room","NCES_Department":"Courthouse","Number":"1205","occupancyStatus":"","Area_SF":338.94,"Revit_UniqueId":"37696740-3b7a-427d-b68a-5c59f43e5c35-00560779","NCES_Occupancy Status":"","Level":"LEVEL 1","RevitId":5638009,"Name":"SECURE CORR.","NCES_Type":"Sally Port/Secure Transfer"},"geometry":{"coordinates":[[[97.94065694036175,-294.62226777895575],[70.96320027826064,-294.62226777895563],[62.72190694036183,-294.62226777895563],[54.48061360246308,-294.6222677789556],[41.29673545788117,-294.6222677789556],[41.29673545788117,-300.2957156292244],[41.29673545788117,-300.7977156292244],[41.08840212454783,-300.7977156292244],[41.08840212454783,-301.5477156292244],[41.08840212454783,-303.80475440316314],[46.12806879121453,-303.80475440316314],[46.525902124547855,-303.80475440316314],[46.525902124547855,-300.7977156292244],[64.2392744439571,-300.7977156292244],[78.92583816286688,-300.7977156292245],[88.25917149620017,-300.7977156292245],[94.59250482953351,-300.7977156292245],[97.94065694036175,-300.7977156292245],[97.94065694036175,-294.62226777895575]]],"type":"Polygon"},"type":"Feature"},{"properties":{"Element":"Room","NCES_Department":"County Court","Number":"1211","occupancyStatus":"","Area_SF":321.67,"Revit_UniqueId":"37696740-3b7a-427d-b68a-5c59f43e5c35-005607ed","NCES_Occupancy Status":"","Level":"LEVEL 1","RevitId":5638125,"Name":"SECURE CORR.","NCES_Type":"Sally Port/Secure Transfer"},"geometry":{"coordinates":[[[103.27399027369506,-275.3185489625579],[103.27399027369509,-249.4139344456224],[97.6906569403618,-249.4139344456224],[97.69065694036175,-294.62226777895575],[97.94065694036175,-294.62226777895575],[97.94065694036175,-295.12426777895575],[97.94065694036175,-300.7977156292245],[105.77399027369509,-300.79771562922457],[105.77399027369509,-293.79771562922457],[105.77399027369512,-280.7560489625579],[105.56565694036178,-280.7560489625579],[105.56565694036178,-280.25404896255793],[105.56565694036178,-275.3185489625579],[103.27399027369506,-275.3185489625579]]],"type":"Polygon"},"type":"Feature"},{"properties":{"Element":"Room","NCES_Department":"Courthouse","Number":"1217","occupancyStatus":"","Area_SF":205.04,"Revit_UniqueId":"37696740-3b7a-427d-b68a-5c59f43e5c35-005607f0","NCES_Occupancy Status":"","Level":"LEVEL 1","RevitId":5638128,"Name":"SECURE HALL","NCES_Type":"Sally Port/Secure Transfer"},"geometry":{"coordinates":[[[109.94065694036178,-275.3185489625579],[105.56565694036178,-275.3185489625579],[105.56565694036178,-280.7560489625579],[115.4812742990535,-280.7560489625579],[120.91977123230822,-286.19454589581267],[120.94409295481702,-286.21886761832144],[120.98232360702843,-286.21886761832144],[131.86400302047093,-286.2188676183215],[136.36400302047093,-286.2188676183215],[136.73872078031138,-286.2188676183215],[136.73872078031138,-286.2605342849882],[136.86600302047094,-286.2605342849882],[141.78038744697807,-286.2605342849882],[141.78038744697807,-281.1217935301977],[141.78038744697807,-280.6634601968644],[123.02399027369506,-280.6634601968644],[123.02399027369506,-275.3185489625579],[116.35732360702835,-275.3185489625579],[109.94065694036178,-275.3185489625579]]],"type":"Polygon"},"type":"Feature"},{"properties":{"Element":"Room","NCES_Department":"Community Corrections","Number":"252","occupancyStatus":"","Area_SF":106.97,"Revit_UniqueId":"37696740-3b7a-427d-b68a-5c59f43e5c35-005608ee","NCES_Occupancy Status":"","Level":"LEVEL 1","RevitId":5638382,"Name":"OFFICE","NCES_Type":"Private Office - Enclosed"},"geometry":{"coordinates":[[[106.273990273695,-320.53705985659434],[106.27399027369503,-310.62465409170295],[94.59250482953348,-310.62465409170295],[94.59250482953348,-317.20372652326097],[94.59250482953348,-320.5370598565943],[106.273990273695,-320.53705985659434]]],"type":"Polygon"},"type":"Feature"},{"properties":{"Element":"Room","NCES_Department":"Community Corrections","Number":"253","occupancyStatus":"","Area_SF":106.01,"Revit_UniqueId":"37696740-3b7a-427d-b68a-5c59f43e5c35-005608f1","NCES_Occupancy Status":"","Level":"LEVEL 1","RevitId":5638385,"Name":"OFFICE","NCES_Type":"Private Office - Enclosed"},"geometry":{"coordinates":[[[97.94065694036175,-300.7977156292245],[94.59250482953351,-300.7977156292245],[94.59250482953348,-310.62465409170295],[106.27399027369503,-310.62465409170295],[106.27399027369503,-306.61470095165475],[106.27399027369506,-300.79771562922457],[105.77399027369509,-300.79771562922457],[97.94065694036175,-300.7977156292245]]],"type":"Polygon"},"type":"Feature"},{"properties":{"Element":"Room","NCES_Department":"Community Corrections","Number":"251","occupancyStatus":"","Area_SF":107.14,"Revit_UniqueId":"37696740-3b7a-427d-b68a-5c59f43e5c35-005608f4","NCES_Occupancy Status":"","Level":"LEVEL 1","RevitId":5638388,"Name":"OFFICE","NCES_Type":"Private Office - Enclosed"},"geometry":{"coordinates":[[[106.273990273695,-320.5893822958912],[106.273990273695,-320.53705985659434],[94.59250482953348,-320.5370598565943],[94.59250482953345,-330.4643822958912],[106.27399027369498,-330.46438229589126],[106.273990273695,-320.5893822958912]]],"type":"Polygon"},"type":"Feature"},{"properties":{"Element":"Room","NCES_Department":"District Court","Number":"1200","occupancyStatus":"","Area_SF":693.48,"Revit_UniqueId":"37696740-3b7a-427d-b68a-5c59f43e5c35-00560ac6","NCES_Occupancy Status":"","Level":"LEVEL 1","RevitId":5638854,"Name":"CLERICAL WORKSPACE","NCES_Type":"Open Office - Cubicles"},"geometry":{"coordinates":[[[41.0884021245478,-312.01613461925865],[41.0884021245478,-314.339382295891],[41.29673545788114,-314.339382295891],[41.29673545788114,-314.84138229589104],[41.29673545788114,-318.43289318992754],[41.29673545788114,-321.34439397157115],[45.36960771281912,-321.34439397157115],[45.36960771281912,-328.4340928014088],[45.36960771281912,-335.5237916312464],[45.36960771281912,-337.98499430733943],[58.90660730143071,-337.9849943073395],[65.49030899433501,-337.98499430733955],[65.49030899433501,-335.52379163124596],[65.49030899433501,-328.4340928014083],[65.49030899433501,-322.9170471374884],[78.92583816286685,-322.91704713748845],[78.92583816286685,-317.2037265232609],[78.92583816286685,-311.80780128592545],[64.40594111062376,-311.8078012859254],[64.40594111062376,-312.01613461925876],[63.90394111062375,-312.01613461925876],[41.0884021245478,-312.01613461925865]]],"type":"Polygon"},"type":"Feature"},{"properties":{"Element":"Room","NCES_Department":"District Court","Number":"1194","occupancyStatus":"","Area_SF":219.37,"Revit_UniqueId":"37696740-3b7a-427d-b68a-5c59f43e5c35-00560c3c","NCES_Occupancy Status":"","Level":"LEVEL 1","RevitId":5639228,"Name":"PUBLIC COUNTER","NCES_Type":"Public Kiosk/Self Serve"},"geometry":{"coordinates":[[[58.90660730143071,-348.1933276406728],[58.614940634764054,-348.1933276406728],[58.614940634764054,-350.92720095165464],[78.84250482953348,-350.9272009516547],[78.84250482953348,-348.135534284988],[78.9258381628668,-348.135534284988],[78.92583816286682,-337.98499430733955],[65.71750482953345,-337.98499430733955],[65.49030899433501,-337.98499430733955],[65.49030899433501,-342.6134904610836],[58.90660730143071,-342.6134904610836],[58.90660730143071,-347.69132764067285],[58.90660730143071,-348.1933276406728]]],"type":"Polygon"},"type":"Feature"},{"properties":{"Element":"Room","NCES_Department":"District Court","Number":"1203","occupancyStatus":"","Area_SF":235.06,"Revit_UniqueId":"37696740-3b7a-427d-b68a-5c59f43e5c35-00560d37","NCES_Occupancy Status":"","Level":"LEVEL 1","RevitId":5639479,"Name":"WORK AREA/STORAGE","NCES_Type":"General Storage"},"geometry":{"coordinates":[[[30.96340212454777,-332.7042284817247],[30.96340212454777,-337.98499430733943],[41.29673545788111,-337.98499430733943],[41.29673545788111,-335.5237916312464],[41.29673545788111,-328.4340928014088],[41.29673545788114,-321.34439397157115],[41.29673545788114,-318.43289318992754],[41.29673545788114,-314.339382295891],[30.963402124547798,-314.339382295891],[30.963402124547798,-320.2019630761338],[30.96340212454777,-332.7042284817247]]],"type":"Polygon"},"type":"Feature"},{"properties":{"Element":"Room","NCES_Department":"District Court","Number":"1199","occupancyStatus":"","Area_SF":234.36,"Revit_UniqueId":"37696740-3b7a-427d-b68a-5c59f43e5c35-00560d3a","NCES_Occupancy Status":"","Level":"LEVEL 1","RevitId":5639482,"Name":"DEPUTY CLERK'S AREA","NCES_Type":"Open Office - Cubicles"},"geometry":{"coordinates":[[[41.08840212454783,-303.80475440316314],[41.0884021245478,-312.01613461925865],[64.40594111062376,-312.01613461925876],[64.40594111062379,-302.1102156292244],[64.2392744439571,-302.1102156292244],[64.2392744439571,-300.7977156292244],[46.525902124547855,-300.7977156292244],[46.525902124547855,-303.80475440316314],[41.08840212454783,-303.80475440316314]]],"type":"Polygon"},"type":"Feature"},{"properties":{"Element":"Room","NCES_Department":"District Court","Number":"1201","occupancyStatus":"","Area_SF":404.27,"Revit_UniqueId":"37696740-3b7a-427d-b68a-5c59f43e5c35-00560d3d","NCES_Occupancy Status":"","Level":"LEVEL 1","RevitId":5639485,"Name":"PUBLIC ACCESS AREA","NCES_Type":"Public Observation Area"},"geometry":{"coordinates":[[[30.96340212454774,-357.14138969888165],[31.506996837901028,-356.9957339344288],[53.114940634764054,-351.20590284396235],[53.114940634764054,-348.1933276406728],[58.90660730143071,-348.1933276406728],[58.90660730143071,-343.1154904610836],[58.90660730143071,-342.1114904610836],[58.90660730143071,-337.9849943073395],[45.36960771281912,-337.98499430733943],[41.29673545788111,-337.98499430733943],[30.96340212454777,-337.98499430733943],[30.96340212454774,-357.14138969888165]]],"type":"Polygon"},"type":"Feature"},{"properties":{"Element":"Room","NCES_Department":"County Attorney","Number":"1432","occupancyStatus":"","Area_SF":226.67,"Revit_UniqueId":"37696740-3b7a-427d-b68a-5c59f43e5c35-00560fc4","NCES_Occupancy Status":"","Level":"LEVEL 1","RevitId":5640132,"Name":"PUBLIC LOBBY","NCES_Type":"Lobby/Reception"},"geometry":{"coordinates":[[[-24.934343059638195,-253.86485480331294],[-24.934343059638195,-249.55433448109935],[-40.6572592221205,-249.5543344810993],[-40.6572592221205,-250.22100114776595],[-41.990592555453816,-250.22100114776595],[-41.990592555453816,-249.5543344810993],[-52.93823992202152,-249.55433448109926],[-52.93823992202152,-259.09600114776595],[-53.52157325535484,-259.09600114776595],[-53.52157325535484,-262.6376678144326],[-53.394573255354885,-262.6376678144326],[-42.26767639297151,-262.63766781443263],[-42.26767639297151,-261.226434445622],[-41.39267639297151,-261.226434445622],[-41.226009726304824,-261.226434445622],[-41.226009726304824,-257.2283949081659],[-30.71974375043277,-252.98358791831396],[-30.36368881693312,-253.8648548033129],[-24.934343059638195,-253.86485480331294]]],"type":"Polygon"},"type":"Feature"},{"properties":{"Element":"Room","NCES_Department":"Courthouse","Number":"1438","occupancyStatus":"","Area_SF":226.19,"Revit_UniqueId":"37696740-3b7a-427d-b68a-5c59f43e5c35-00560fc7","NCES_Occupancy Status":"","Level":"LEVEL 1","RevitId":5640135,"Name":"CORRIDOR","NCES_Type":"Corridor/Hallway"},"geometry":{"coordinates":[[[-52.93823992202152,-250.22100114776592],[-81.25516321913648,-250.22100114776583],[-81.25516321913648,-258.7626678144325],[-80.72990658868827,-258.7626678144325],[-80.72990658868827,-259.09600114776583],[-76.18823992202164,-259.09600114776583],[-59.14657325535501,-259.0960011477659],[-52.93823992202152,-259.09600114776595],[-52.93823992202152,-250.22100114776592]]],"type":"Polygon"},"type":"Feature"},{"properties":{"Element":"Room","NCES_Department":"County Court","Number":"1484","occupancyStatus":"","Area_SF":818.74,"Revit_UniqueId":"37696740-3b7a-427d-b68a-5c59f43e5c35-00560fca","NCES_Occupancy Status":"","Level":"LEVEL 1","RevitId":5640138,"Name":"PUBLIC CORR.","NCES_Type":"Corridor/Hallway"},"geometry":{"coordinates":[[[-37.005549721739555,-369.8876678144326],[-27.090480014791183,-369.88766781443263],[-24.423813348124554,-369.8876678144327],[-23.09048001479124,-369.8876678144327],[-20.423813348124668,-369.8876678144327],[-19.090480014791297,-369.8876678144327],[-16.423813348124668,-369.8876678144327],[-15.090480014791353,-369.8876678144327],[-12.423813348124725,-369.8876678144327],[-11.09048001479141,-369.8876678144327],[-8.423813348124781,-369.8876678144327],[-4.5071466814578685,-369.8876678144327],[-1.8404800147912397,-369.8876678144327],[-0.5071466814579253,-369.8876678144327],[2.1595199852087035,-369.88766781443275],[3.492853318542018,-369.88766781443275],[6.159519985208647,-369.88766781443275],[7.492853318541961,-369.88766781443275],[10.15951998520859,-369.8876678144328],[11.492853318541904,-369.8876678144328],[14.159519985208533,-369.8876678144328],[31.184923998542473,-369.8876678144328],[31.1849239985425,-357.089382295891],[17.1300687912144,-357.089382295891],[-25.119931208785545,-357.089382295891],[-32.4400760014575,-357.089382295891],[-32.4400760014575,-357.0060489625577],[-37.005549721739555,-357.0060489625577],[-37.005549721739555,-369.8876678144326]]],"type":"Polygon"},"type":"Feature"},{"properties":{"Element":"Room","NCES_Department":"District Court","Number":"1193","occupancyStatus":"","Area_SF":1413.48,"Revit_UniqueId":"37696740-3b7a-427d-b68a-5c59f43e5c35-0056100d","NCES_Occupancy Status":"","Level":"LEVEL 1","RevitId":5640205,"Name":"PUBLIC CORR.","NCES_Type":"Corridor/Hallway"},"geometry":{"coordinates":[[[31.184923998542473,-369.8876678144328],[36.909519985208675,-369.88766781443286],[39.57618665187539,-369.88766781443286],[40.90951998520862,-369.88766781443286],[43.576186651875304,-369.88766781443286],[44.90951998520856,-369.8876678144329],[47.57618665187525,-369.8876678144329],[48.909519985208505,-369.8876678144329],[51.57618665187519,-369.8876678144329],[52.909519985208476,-369.8876678144329],[55.57618665187513,-369.8876678144329],[59.57618665187533,-369.8876678144329],[62.24285331854202,-369.8876678144329],[63.576186651875275,-369.8876678144329],[66.24285331854196,-369.8876678144329],[67.57618665187522,-369.8876678144329],[70.24285331854193,-369.8876678144329],[71.57618665187516,-369.887667814433],[74.24285331854185,-369.887667814433],[75.5761866518751,-369.887667814433],[78.24285331854179,-369.887667814433],[104.15951998520856,-369.88766781443303],[106.82618665187528,-369.8876678144331],[108.1595199852085,-369.8876678144331],[110.82618665187516,-369.8876678144331],[112.15951998520842,-369.8876678144331],[114.82618665187513,-369.8876678144331],[118.8261866518753,-369.88766781443314],[121.49285331854202,-369.88766781443314],[122.82618665187525,-369.88766781443314],[125.49285331854193,-369.88766781443314],[126.82618665187519,-369.88766781443314],[129.49285331854188,-369.88766781443314],[130.82618665187513,-369.88766781443314],[133.49285331854182,-369.88766781443314],[135.23833816286668,-369.88766781443314],[135.2383381628667,-359.0730342849882],[120.17583816286682,-359.0730342849881],[100.09250482953348,-359.07303428498807],[100.09250482953348,-357.0938676183214],[94.59250482953342,-357.0938676183214],[78.84250482953348,-357.0938676183214],[78.84250482953348,-350.9272009516547],[58.614940634764054,-350.92720095165464],[58.614940634764054,-348.1933276406728],[58.45460730143071,-348.1933276406728],[53.114940634764054,-348.1933276406728],[53.114940634764054,-351.20590284396235],[31.1849239985425,-357.08203309163895],[31.1849239985425,-357.59138229589104],[31.184923998542473,-369.8876678144328]]],"type":"Polygon"},"type":"Feature"},{"properties":{"Element":"Room","NCES_Department":"Community Corrections","Number":"258","occupancyStatus":"","Area_SF":139.05,"Revit_UniqueId":"7f11dc8b-f030-4193-a9bc-c9c14f79dff2-00562ba4","NCES_Occupancy Status":"","Level":"LEVEL 1","RevitId":5647268,"Name":"OFFICE","NCES_Type":"Private Office - Enclosed"},"geometry":{"coordinates":[[[120.17583816286682,-336.54771562922457],[120.17583816286682,-327.69145051072985],[120.17583816286682,-320.7977156292245],[110.69065694036169,-320.7977156292245],[110.69065694036169,-321.0413822958912],[110.69065694036166,-336.54771562922457],[120.17583816286682,-336.54771562922457]]],"type":"Polygon"},"type":"Feature"},{"properties":{"Element":"Room","NCES_Department":"Community Corrections","Number":"1192","occupancyStatus":"","Area_SF":301.34,"Revit_UniqueId":"7f11dc8b-f030-4193-a9bc-c9c14f79dff2-00562ba7","NCES_Occupancy Status":"","Level":"LEVEL 1","RevitId":5647271,"Name":"RECEPT/CLERICAL W.S. 4","NCES_Type":"Lobby/Reception"},"geometry":{"coordinates":[[[106.273990273695,-320.5893822958912],[106.27399027369498,-330.46438229589126],[94.59250482953345,-330.4643822958912],[94.59250482953342,-349.7637279826167],[101.70390349181915,-349.7637279826167],[103.43749688403659,-349.76372798261673],[103.43749688403659,-349.8107446795193],[104.43749688403659,-349.8107446795193],[104.43749688403659,-349.76372798261673],[106.37353131731354,-349.76372798261673],[107.88417149620008,-348.2530878037302],[107.88417149620008,-345.6108268715487],[107.88417149620008,-344.6108268715487],[107.88417149620008,-340.71438229589126],[108.09773866232842,-340.71438229589126],[108.9258381628668,-340.71438229589126],[108.9258381628668,-336.54771562922457],[110.69065694036166,-336.54771562922457],[110.69065694036169,-320.5893822958912],[106.273990273695,-320.5893822958912]]],"type":"Polygon"},"type":"Feature"},{"properties":{"Element":"Room","NCES_Department":"Community Corrections","Number":"257","occupancyStatus":"","Area_SF":108.01,"Revit_UniqueId":"7f11dc8b-f030-4193-a9bc-c9c14f79dff2-00562bae","NCES_Occupancy Status":"","Level":"LEVEL 1","RevitId":5647278,"Name":"OFFICE 4","NCES_Type":"Private Office - Enclosed"},"geometry":{"coordinates":[[[136.36400302047088,-318.35020095165487],[136.36400302047088,-313.0522009516548],[125.56475799461447,-313.0522009516548],[125.56475799461447,-324.6497838440632],[135.03000482953348,-324.6497838440632],[135.03000482953348,-321.4688676183215],[135.03000482953348,-320.3022009516548],[135.03000482953348,-318.5938676183215],[136.36400302047088,-318.5938676183215],[136.36400302047088,-318.35020095165487]]],"type":"Polygon"},"type":"Feature"},{"properties":{"Element":"Room","NCES_Department":"Community Corrections","Number":"256","occupancyStatus":"","Area_SF":108.16,"Revit_UniqueId":"7f11dc8b-f030-4193-a9bc-c9c14f79dff2-00562bb1","NCES_Occupancy Status":"","Level":"LEVEL 1","RevitId":5647281,"Name":"OFFICE 5","NCES_Type":"Private Office - Enclosed"},"geometry":{"coordinates":[[[136.36400302047088,-313.0522009516548],[136.36400302047088,-302.2184326375715],[134.1556696871376,-302.2184326375715],[125.5647579946145,-302.2184326375715],[125.56475799461447,-313.0522009516548],[136.36400302047088,-313.0522009516548]]],"type":"Polygon"},"type":"Feature"},{"properties":{"Element":"Room","NCES_Department":"Community Corrections","Number":"263A","occupancyStatus":"","Area_SF":221.2,"Revit_UniqueId":"7f11dc8b-f030-4193-a9bc-c9c14f79dff2-00562bb4","NCES_Occupancy Status":"","Level":"LEVEL 1","RevitId":5647284,"Name":"HALL","NCES_Type":"Corridor/Hallway"},"geometry":{"coordinates":[[[105.77399027369509,-293.79771562922457],[105.77399027369509,-300.79771562922457],[106.27399027369506,-300.79771562922457],[106.27399027369503,-306.61470095165475],[120.17583816286682,-306.61470095165475],[120.17583816286682,-320.7977156292245],[120.17583816286682,-327.69145051072985],[125.56475799461444,-327.69145051072985],[125.56475799461447,-324.6497838440632],[125.56475799461447,-313.0522009516548],[125.5647579946145,-302.2184326375715],[120.98232360702843,-302.2184326375715],[112.56565694036172,-302.2184326375715],[111.19065694036175,-302.2184326375715],[111.19065694036175,-301.5934326375715],[111.19065694036175,-294.83938229589126],[111.19065694036175,-293.79771562922457],[105.77399027369509,-293.79771562922457]]],"type":"Polygon"},"type":"Feature"},{"properties":{"Element":"Room","NCES_Department":"Community Corrections","Number":"262","occupancyStatus":"","Area_SF":64.3,"Revit_UniqueId":"7f11dc8b-f030-4193-a9bc-c9c14f79dff2-00562bb7","NCES_Occupancy Status":"","Level":"LEVEL 1","RevitId":5647287,"Name":"U.A. RR","NCES_Type":"Single Stall Restroom"},"geometry":{"coordinates":[[[112.56565694036172,-301.5934326375715],[112.56565694036172,-302.2184326375715],[120.98232360702843,-302.2184326375715],[120.98232360702843,-294.83938229589126],[111.19065694036175,-294.83938229589126],[111.19065694036175,-301.5934326375715],[112.56565694036172,-301.5934326375715]]],"type":"Polygon"},"type":"Feature"},{"properties":{"Element":"Room","NCES_Department":"Community Corrections","Number":"255","occupancyStatus":"","Area_SF":132.7,"Revit_UniqueId":"7f11dc8b-f030-4193-a9bc-c9c14f79dff2-00562bba","NCES_Occupancy Status":"","Level":"LEVEL 1","RevitId":5647290,"Name":"OFFICE 6","NCES_Type":"Private Office - Enclosed"},"geometry":{"coordinates":[[[136.3640030204709,-301.5934326375715],[136.36400302047093,-292.8230342849882],[131.86400302047093,-292.8230342849881],[120.98232360702843,-292.8230342849881],[120.98232360702843,-293.7977156292246],[120.98232360702843,-294.83938229589126],[120.98232360702843,-302.2184326375715],[125.5647579946145,-302.2184326375715],[134.1556696871376,-302.2184326375715],[134.1556696871376,-301.5934326375715],[136.3640030204709,-301.5934326375715]]],"type":"Polygon"},"type":"Feature"},{"properties":{"Element":"Room","NCES_Department":"Community Corrections","Number":"1216","occupancyStatus":"","Area_SF":64.75,"Revit_UniqueId":"7f11dc8b-f030-4193-a9bc-c9c14f79dff2-00562bbd","NCES_Occupancy Status":"","Level":"LEVEL 1","RevitId":5647293,"Name":"TECH. ELEC. ROOM","NCES_Type":"Electrical Room"},"geometry":{"coordinates":[[[131.86400302047093,-286.2188676183215],[120.98232360702843,-286.21886761832144],[120.98232360702843,-286.34556068722077],[120.98232360702843,-292.8230342849881],[131.86400302047093,-292.8230342849881],[131.86400302047093,-286.2188676183215]]],"type":"Polygon"},"type":"Feature"},{"properties":{"Element":"Room","NCES_Department":"Community Corrections","Number":"1216A","occupancyStatus":"","Area_SF":25.27,"Revit_UniqueId":"7f11dc8b-f030-4193-a9bc-c9c14f79dff2-00562bc0","NCES_Occupancy Status":"","Level":"LEVEL 1","RevitId":5647296,"Name":"JAN.","NCES_Type":"Janitor/Custodial Closet"},"geometry":{"coordinates":[[[136.36400302047093,-286.2188676183215],[131.86400302047093,-286.2188676183215],[131.86400302047093,-292.8230342849881],[136.36400302047093,-292.8230342849882],[136.36400302047093,-286.7625342849882],[136.36400302047093,-286.2188676183215]]],"type":"Polygon"},"type":"Feature"},{"properties":{"Element":"Room","NCES_Department":"Community Corrections","Number":"254","occupancyStatus":"","Area_SF":172.28,"Revit_UniqueId":"7f11dc8b-f030-4193-a9bc-c9c14f79dff2-00562bc3","NCES_Occupancy Status":"","Level":"LEVEL 1","RevitId":5647299,"Name":"JUV. PROB. MANAGER OFFICE","NCES_Type":"Private Office - Enclosed"},"geometry":{"coordinates":[[[105.77399027369512,-280.7560489625579],[105.77399027369509,-293.79771562922457],[111.19065694036175,-293.79771562922457],[120.98232360702843,-293.7977156292246],[120.98232360702843,-292.8230342849881],[120.98232360702843,-286.2570982705329],[115.4812742990535,-280.7560489625579],[106.01765694036177,-280.7560489625579],[105.77399027369512,-280.7560489625579]]],"type":"Polygon"},"type":"Feature"},{"properties":{"Element":"Room","NCES_Department":"Community Corrections","Number":"259","occupancyStatus":"","Area_SF":106.91,"Revit_UniqueId":"7f11dc8b-f030-4193-a9bc-c9c14f79dff2-00562bc6","NCES_Occupancy Status":"","Level":"LEVEL 1","RevitId":5647302,"Name":"OFFICE 3","NCES_Type":"Private Office - Enclosed"},"geometry":{"coordinates":[[[135.03000482953345,-336.88104896255794],[135.03000482953348,-324.6497838440632],[125.56475799461447,-324.6497838440632],[125.56475799461444,-327.69145051072985],[125.56475799461444,-336.8810489625579],[135.03000482953345,-336.88104896255794]]],"type":"Polygon"},"type":"Feature"},{"properties":{"Element":"Room","NCES_Department":"Community Corrections","Number":"263B","occupancyStatus":"","Area_SF":104.76,"Revit_UniqueId":"7f11dc8b-f030-4193-a9bc-c9c14f79dff2-00562bc9","NCES_Occupancy Status":"","Level":"LEVEL 1","RevitId":5647305,"Name":"SECURE HALL","NCES_Type":"Corridor/Hallway"},"geometry":{"coordinates":[[[120.17583816286682,-336.54771562922457],[120.17583816286682,-349.1767659709048],[125.56475799461441,-349.17676597090485],[125.56475799461444,-336.8810489625579],[125.56475799461444,-327.69145051072985],[120.17583816286682,-327.69145051072985],[120.17583816286682,-336.54771562922457]]],"type":"Polygon"},"type":"Feature"},{"properties":{"Element":"Room","NCES_Department":"Community Corrections","Number":"260","occupancyStatus":"","Area_SF":107.49,"Revit_UniqueId":"7f11dc8b-f030-4193-a9bc-c9c14f79dff2-00562bcc","NCES_Occupancy Status":"","Level":"LEVEL 1","RevitId":5647308,"Name":"OFFICE 2","NCES_Type":"Private Office - Enclosed"},"geometry":{"coordinates":[[[135.03000482953342,-349.17676597090485],[135.03000482953345,-336.88104896255794],[125.56475799461444,-336.8810489625579],[125.56475799461441,-349.17676597090485],[135.03000482953342,-349.17676597090485]]],"type":"Polygon"},"type":"Feature"},{"properties":{"Element":"Room","NCES_Department":"Community Corrections","Number":"250","occupancyStatus":"","Area_SF":366.22,"Revit_UniqueId":"7f11dc8b-f030-4193-a9bc-c9c14f79dff2-00562bcf","NCES_Occupancy Status":"","Level":"LEVEL 1","RevitId":5647311,"Name":"COMMUNITY CORRECTIONS","NCES_Type":"Lobby/Reception"},"geometry":{"coordinates":[[[100.09250482953348,-359.07303428498807],[120.17583816286682,-359.0730342849881],[120.17583816286682,-349.1767659709048],[120.17583816286682,-336.54771562922457],[110.69065694036166,-336.54771562922457],[108.9258381628668,-336.54771562922457],[108.9258381628668,-340.71438229589126],[107.88417149620008,-340.71438229589126],[107.88417149620008,-344.6108268715487],[107.88417149620008,-345.6108268715487],[107.88417149620008,-348.2530878037302],[106.37353131731354,-349.76372798261673],[104.43749688403659,-349.76372798261673],[104.43749688403659,-349.8107446795193],[103.43749688403659,-349.8107446795193],[103.43749688403659,-349.76372798261673],[101.70390349181915,-349.7637279826167],[94.59250482953342,-349.7637279826167],[94.59250482953342,-357.0938676183214],[100.09250482953348,-357.0938676183214],[100.09250482953348,-359.07303428498807]]],"type":"Polygon"},"type":"Feature"},{"properties":{"Element":"Room","NCES_Department":"Community Corrections","Number":"251","occupancyStatus":"","Area_SF":136.86,"Revit_UniqueId":"7f11dc8b-f030-4193-a9bc-c9c14f79dff2-00562bd2","NCES_Occupancy Status":"","Level":"LEVEL 1","RevitId":5647314,"Name":"OFFICE 1","NCES_Type":"Private Office - Enclosed"},"geometry":{"coordinates":[[[135.03000482953342,-359.0730342849882],[135.03000482953342,-349.17676597090485],[125.56475799461441,-349.17676597090485],[120.17583816286682,-349.1767659709048],[120.17583816286682,-359.0730342849881],[134.7863381628667,-359.0730342849882],[135.03000482953342,-359.0730342849882]]],"type":"Polygon"},"type":"Feature"},{"properties":{"Element":"Room","NCES_Department":"Community Corrections","Number":"1189","occupancyStatus":"","Area_SF":185.08,"Revit_UniqueId":"7f11dc8b-f030-4193-a9bc-c9c14f79dff2-00562c3a","NCES_Occupancy Status":"","Level":"LEVEL 1","RevitId":5647418,"Name":"COPY/WORK AREA/STORAGE","NCES_Type":"Break Room"},"geometry":{"coordinates":[[[106.27399027369503,-306.61470095165475],[106.27399027369503,-310.62465409170295],[106.273990273695,-320.53705985659434],[106.273990273695,-320.5893822958912],[110.18865694036168,-320.5893822958912],[110.69065694036169,-320.5893822958912],[110.69065694036169,-320.7977156292245],[120.17583816286682,-320.7977156292245],[120.17583816286682,-306.61470095165475],[106.27399027369503,-306.61470095165475]]],"type":"Polygon"},"type":"Feature"},{"properties":{"Element":"Room","NCES_Department":"County Attorney","Number":"1365A","occupancyStatus":"","Area_SF":27.28,"Revit_UniqueId":"7f11dc8b-f030-4193-a9bc-c9c14f79dff2-00562f4a","NCES_Occupancy Status":"","Level":"LEVEL 1","RevitId":5648202,"Name":"ELEC.","NCES_Type":"Electrical Room"},"geometry":{"coordinates":[[[45.52510624398249,-86.98649549376353],[45.52510624398249,-87.52623550748993],[45.52510624398249,-92.04899549376353],[51.92093957731586,-92.04899549376353],[51.92093957731586,-87.10956884082324],[51.92093957731586,-86.98649549376356],[45.52510624398249,-86.98649549376353]]],"type":"Polygon"},"type":"Feature"},{"properties":{"Element":"Room","NCES_Department":"Courthouse","Number":"1379","occupancyStatus":"","Area_SF":43.33,"Revit_UniqueId":"7f11dc8b-f030-4193-a9bc-c9c14f79dff2-00562f92","NCES_Occupancy Status":"","Level":"LEVEL 1","RevitId":5648274,"Name":"SECURE VEST.","NCES_Type":"Sally Port/Secure Transfer"},"geometry":{"coordinates":[[[40.64224996978757,-0.5416666666666856],[46.52863022877318,-0.541666666666714],[48.329749969788,-0.541666666666714],[48.329749969788,0.7447661672049435],[48.329749969788,1.5885671661282572],[48.32974996978797,6.279030743422567],[40.64224996978771,6.279030743422595],[40.64224996978757,-0.5416666666666856]]],"type":"Polygon"},"type":"Feature"},{"properties":{"Element":"Room","NCES_Department":"Courthouse","Number":"1213","occupancyStatus":"","Area_SF":204.11,"Revit_UniqueId":"9d4840cd-a4b0-468f-b877-fe7e0ad82ee4-005641fd","NCES_Occupancy Status":"","Level":"LEVEL 1","RevitId":5652989,"Name":"WOMEN'S RR","NCES_Type":"Womens Restroom"},"geometry":{"coordinates":[[[110.20405259363292,-249.9139344456224],[110.20405259363292,-250.0806011122891],[103.27399027369509,-250.0806011122891],[103.27399027369506,-275.3185489625579],[105.56565694036178,-275.3185489625579],[109.94065694036178,-275.3185489625579],[109.94065694036178,-270.7802479294055],[113.14899027369506,-270.7802479294055],[113.14899027369506,-249.9139344456224],[110.20405259363292,-249.9139344456224]]],"type":"Polygon"},"type":"Feature"},{"properties":{"Element":"Room","NCES_Department":"Courthouse","Number":"1215","occupancyStatus":"","Area_SF":204.11,"Revit_UniqueId":"9d4840cd-a4b0-468f-b877-fe7e0ad82ee4-00564200","NCES_Occupancy Status":"","Level":"LEVEL 1","RevitId":5652992,"Name":"MEN'S RR","NCES_Type":"Mens Restroom"},"geometry":{"coordinates":[[[116.35732360702835,-275.3185489625579],[123.02399027369506,-275.3185489625579],[123.02399027369509,-250.0806011122891],[122.10116799722181,-250.0806011122891],[122.10116799722181,-249.9139344456224],[116.16238592696627,-249.9139344456224],[113.14899027369506,-249.9139344456224],[113.14899027369506,-270.7802479294055],[116.35732360702835,-270.7802479294055],[116.35732360702835,-275.3185489625579]]],"type":"Polygon"},"type":"Feature"},{"properties":{"Element":"Room","NCES_Department":"Courthouse","Number":"1214","occupancyStatus":"","Area_SF":24.73,"Revit_UniqueId":"9d4840cd-a4b0-468f-b877-fe7e0ad82ee4-00564203","NCES_Occupancy Status":"","Level":"LEVEL 1","RevitId":5652995,"Name":"JAN.","NCES_Type":"Janitor/Custodial Closet"},"geometry":{"coordinates":[[[109.94065694036178,-275.3185489625579],[116.35732360702835,-275.3185489625579],[116.35732360702835,-270.7802479294055],[113.14899027369506,-270.7802479294055],[109.94065694036178,-270.7802479294055],[109.94065694036178,-275.3185489625579]]],"type":"Polygon"},"type":"Feature"},{"properties":{"Element":"Room","NCES_Department":"Courthouse","Number":"1218","occupancyStatus":"","Area_SF":982.58,"Revit_UniqueId":"9d4840cd-a4b0-468f-b877-fe7e0ad82ee4-00564206","NCES_Occupancy Status":"","Level":"LEVEL 1","RevitId":5652998,"Name":"M/E","NCES_Type":"Mechanical Room"},"geometry":{"coordinates":[[[123.02399027369506,-275.3185489625579],[123.02399027369506,-280.6634601968644],[141.78038744697807,-280.6634601968644],[157.07172313230325,-280.6634601968644],[157.0717231323033,-250.24726777895575],[141.96755646563662,-250.24726777895575],[141.96755646563662,-250.0806011122891],[135.10116799722186,-250.0806011122891],[133.85116799722184,-250.0806011122891],[127.0178346638885,-250.0806011122891],[123.02399027369509,-250.0806011122891],[123.02399027369506,-275.3185489625579]]],"type":"Polygon"},"type":"Feature"},{"properties":{"Element":"Room","NCES_Department":"Community Corrections","Number":"1173","occupancyStatus":"","Area_SF":141.51,"Revit_UniqueId":"9d4840cd-a4b0-468f-b877-fe7e0ad82ee4-0056420c","NCES_Occupancy Status":"","Level":"LEVEL 1","RevitId":5653004,"Name":"COMM. SERVICE OFFICE 2","NCES_Type":"Private Office - Enclosed"},"geometry":{"coordinates":[[[141.78038744697807,-286.2605342849882],[141.78038744697807,-291.3855342849882],[156.36338979896993,-291.38553428498824],[156.36338979896993,-281.1217935301977],[141.78038744697807,-281.1217935301977],[141.78038744697807,-286.2605342849882]]],"type":"Polygon"},"type":"Feature"},{"properties":{"Element":"Room","NCES_Department":"Community Corrections","Number":"1172","occupancyStatus":"","Area_SF":141.92,"Revit_UniqueId":"9d4840cd-a4b0-468f-b877-fe7e0ad82ee4-0056420f","NCES_Occupancy Status":"","Level":"LEVEL 1","RevitId":5653007,"Name":"COMM. SERVICE OFFICE 1","NCES_Type":"Private Office - Enclosed"},"geometry":{"coordinates":[[[141.78038744697807,-291.3855342849882],[141.78038744697807,-299.303023654547],[144.38329643000247,-301.9059326375714],[156.19672313230325,-301.9059326375715],[156.19672313230325,-300.63509930423817],[156.36338979896993,-300.63509930423817],[156.36338979896993,-291.38553428498824],[141.78038744697807,-291.3855342849882]]],"type":"Polygon"},"type":"Feature"},{"properties":{"Element":"Room","NCES_Department":"Courthouse","Number":"1433","occupancyStatus":"","Area_SF":991.08,"Revit_UniqueId":"92f62716-234c-4f94-a9d0-0f1f278dca97-0056d314","NCES_Occupancy Status":"","Level":"LEVEL 1","RevitId":5690132,"Name":"ENTRY LOBBY","NCES_Type":"Lobby/Reception"},"geometry":{"coordinates":[[[-40.6572592221205,-244.439869812943],[-41.32392588878713,-244.439869812943],[-41.32392588878713,-230.24596954838353],[-41.32392588878713,-223.70751505428777],[-46.346908871967685,-221.6780981971591],[-50.08785172231205,-213.655620365365],[-66.5984569990373,-218.36509333995718],[-66.7983813871005,-218.2566216623714],[-67.52430737311931,-218.52606127569933],[-67.52430737311931,-219.4918344810992],[-67.42014070645268,-219.4918344810992],[-67.42014070645274,-238.88766781443255],[-67.52430737311937,-238.88766781443255],[-68.77663206020503,-238.88766781443255],[-68.77663206020503,-239.06540743230062],[-73.40163206020503,-239.0654074323006],[-73.40163206020503,-238.88766781443252],[-86.83849655246985,-238.88766781443246],[-87.13016321913642,-238.88766781443246],[-87.13016321913642,-243.4710011477658],[-87.00516321913648,-243.4710011477658],[-87.00516321913648,-249.55433448109915],[-87.13016321913642,-249.55433448109915],[-87.13016321913642,-250.2210011477658],[-81.25516321913648,-250.22100114776583],[-52.93823992202152,-250.22100114776592],[-52.58849655246979,-250.22100114776592],[-52.58849655246979,-249.55433448109926],[-41.990592555453816,-249.5543344810993],[-40.6572592221205,-249.5543344810993],[-40.6572592221205,-244.439869812943]]],"type":"Polygon"},"type":"Feature"},{"properties":{"Element":"Room","NCES_Department":"Courthouse","Number":"1436","occupancyStatus":"","Area_SF":289.19,"Revit_UniqueId":"92f62716-234c-4f94-a9d0-0f1f278dca97-0056d31f","NCES_Occupancy Status":"","Level":"LEVEL 1","RevitId":5690143,"Name":"ENTRY VESTIBULE","NCES_Type":"Corridor/Hallway"},"geometry":{"coordinates":[[[-68.77663206020503,-238.88766781443255],[-67.52430737311937,-238.88766781443255],[-67.52430737311931,-219.4918344810992],[-67.52430737311937,-218.52606127569908],[-68.2268752551393,-218.79196842337817],[-68.15017024643879,-218.9927181876975],[-85.85409820871263,-227.48132819921432],[-85.9568250607968,-227.30695212795013],[-86.83849655246985,-227.82923322847648],[-86.83849655246985,-228.7936774108813],[-86.60932988580339,-228.7936774108813],[-86.60932988580339,-237.3668344810991],[-86.83849655246985,-237.3668344810991],[-86.83849655246985,-238.88766781443246],[-73.40163206020503,-238.88766781443252],[-68.77663206020503,-238.88766781443255]]],"type":"Polygon"},"type":"Feature"},{"properties":{"Element":"Room","NCES_Department":"Courthouse","Number":"1435","occupancyStatus":"","Area_SF":68.86,"Revit_UniqueId":"92f62716-234c-4f94-a9d0-0f1f278dca97-0056d322","NCES_Occupancy Status":"","Level":"LEVEL 1","RevitId":5690146,"Name":"GUN ROOM","NCES_Type":"Armory/Weapons Storage"},"geometry":{"coordinates":[[[-24.958333333341727,-219.9814455374149],[-24.958333333343205,-210.95850185826447],[-24.96171671516504,-210.95847900630147],[-26.4354530840381,-210.95767423972455],[-26.434838847428466,-211.1374802327732],[-34.34745882254322,-211.45402331329865],[-34.34745882254322,-211.94519175314826],[-34.34745882254384,-220.2483368761709],[-29.053092555454498,-219.98912459799413],[-24.958333333341727,-219.9814455374149]]],"type":"Polygon"},"type":"Feature"},{"properties":{"Element":"Room","NCES_Department":"Courthouse","Number":"1193","occupancyStatus":"","Area_SF":437.39,"Revit_UniqueId":"92f62716-234c-4f94-a9d0-0f1f278dca97-0056d751","NCES_Occupancy Status":"","Level":"LEVEL 1","RevitId":5691217,"Name":"PUBLIC CORR.","NCES_Type":"Corridor/Hallway"},"geometry":{"coordinates":[[[135.23833816286668,-369.88766781443314],[144.23833816286674,-369.8876678144332],[144.23833816286677,-361.3880772395903],[144.2383381628668,-350.89267942513806],[144.2383381628668,-334.7418344810999],[144.2383381628668,-329.4501678144332],[144.23833816286682,-318.80220095165487],[136.86600302047088,-318.8022009516548],[136.36400302047088,-318.8022009516548],[136.36400302047088,-318.5938676183215],[135.03000482953348,-318.5938676183215],[135.03000482953348,-320.3022009516548],[135.36333816286682,-320.3022009516548],[135.36333816286682,-321.4688676183215],[135.03000482953348,-321.4688676183215],[135.03000482953348,-324.6497838440632],[135.03000482953345,-336.88104896255794],[135.03000482953342,-349.17676597090485],[135.03000482953342,-359.0730342849882],[135.2383381628667,-359.0730342849882],[135.2383381628667,-359.5750342849882],[135.23833816286668,-369.88766781443314]]],"type":"Polygon"},"type":"Feature"},{"properties":{"Element":"Room","NCES_Department":"Community Corrections","Number":"1174A","occupancyStatus":"","Area_SF":10.88,"Revit_UniqueId":"92f62716-234c-4f94-a9d0-0f1f278dca97-0056d754","NCES_Occupancy Status":"","Level":"LEVEL 1","RevitId":5691220,"Name":"JAN.","NCES_Type":"Janitor/Custodial Closet"},"geometry":{"coordinates":[[[144.2383381628668,-329.4501678144332],[144.2383381628668,-334.7418344810999],[147.03000482953348,-334.7418344810999],[147.03000482953348,-329.4501678144332],[144.2383381628668,-329.4501678144332]]],"type":"Polygon"},"type":"Feature"},{"properties":{"Element":"Room","NCES_Department":"Information Systems","Number":"1169","occupancyStatus":"","Area_SF":128.65,"Revit_UniqueId":"92f62716-234c-4f94-a9d0-0f1f278dca97-0056d757","NCES_Occupancy Status":"","Level":"LEVEL 1","RevitId":5691223,"Name":"IS BREAK ROOM","NCES_Type":"Break Room"},"geometry":{"coordinates":[[[144.23833816286682,-318.80220095165487],[144.2383381628668,-329.4501678144332],[147.03000482953348,-329.4501678144332],[157.03005646563656,-329.45016781443326],[157.03005646563656,-320.8538493042381],[157.03005646563656,-319.4788493042381],[156.21755646563656,-319.4788493042381],[156.21755646563656,-317.6038493042381],[144.8842231323027,-317.6038493042381],[144.23833816286682,-317.6038493042381],[144.23833816286682,-318.80220095165487]]],"type":"Polygon"},"type":"Feature"},{"properties":{"Element":"Room","NCES_Department":"Information Systems","Number":"1167","occupancyStatus":"","Area_SF":185.51,"Revit_UniqueId":"92f62716-234c-4f94-a9d0-0f1f278dca97-0056d75a","NCES_Occupancy Status":"","Level":"LEVEL 1","RevitId":5691226,"Name":"IS STORAGE A","NCES_Type":"General Storage"},"geometry":{"coordinates":[[[144.2383381628668,-334.7418344810999],[144.2383381628668,-350.89267942513806],[147.60054397544786,-350.89267942513806],[157.03005646563656,-350.8926794251381],[157.03005646563656,-334.7418344810999],[147.03000482953348,-334.7418344810999],[144.2383381628668,-334.7418344810999]]],"type":"Polygon"},"type":"Feature"},{"properties":{"Element":"Room","NCES_Department":"Information Systems","Number":"1164","occupancyStatus":"","Area_SF":814.32,"Revit_UniqueId":"92f62716-234c-4f94-a9d0-0f1f278dca97-0056d75d","NCES_Occupancy Status":"","Level":"LEVEL 1","RevitId":5691229,"Name":"INFORMATION SYSTEM","NCES_Type":"Open Office - Workstations"},"geometry":{"coordinates":[[[157.03005646563653,-369.88766781443326],[164.57618665187513,-369.88766781443326],[167.24285331854182,-369.88766781443326],[174.98838979896976,-369.8876678144333],[174.9883897989698,-357.7229305870519],[174.9883897989699,-320.85384930423817],[157.03005646563656,-320.8538493042381],[157.03005646563656,-329.45016781443326],[157.73838979896988,-329.70016781443326],[157.73838979896988,-334.5335011477666],[157.03005646563656,-334.5335011477666],[157.03005646563656,-334.7418344810999],[157.03005646563656,-350.8926794251381],[157.03005646563656,-361.3880772395903],[157.03005646563653,-369.88766781443326]]],"type":"Polygon"},"type":"Feature"},{"properties":{"Element":"Room","NCES_Department":"Information Systems","Number":"1166","occupancyStatus":"","Area_SF":118.96,"Revit_UniqueId":"92f62716-234c-4f94-a9d0-0f1f278dca97-0056d822","NCES_Occupancy Status":"","Level":"LEVEL 1","RevitId":5691426,"Name":"IS STORAGE B","NCES_Type":"General Storage"},"geometry":{"coordinates":[[[144.2383381628668,-350.89267942513806],[144.23833816286677,-361.3880772395903],[147.59048810448195,-361.3880772395903],[157.03005646563656,-361.3880772395903],[157.03005646563656,-350.8926794251381],[147.60054397544786,-350.89267942513806],[144.2383381628668,-350.89267942513806]]],"type":"Polygon"},"type":"Feature"},{"properties":{"Element":"Room","NCES_Department":"Information Systems","Number":"1165","occupancyStatus":"","Area_SF":90.47,"Revit_UniqueId":"92f62716-234c-4f94-a9d0-0f1f278dca97-0056d825","NCES_Occupancy Status":"","Level":"LEVEL 1","RevitId":5691429,"Name":"IS STORAGE C","NCES_Type":"General Storage"},"geometry":{"coordinates":[[[144.23833816286674,-369.8876678144332],[157.03005646563656,-369.88766781443326],[157.03005646563656,-361.3880772395903],[147.59048810448195,-361.3880772395903],[144.23833816286677,-361.3880772395903],[144.23833816286674,-369.8876678144332]]],"type":"Polygon"},"type":"Feature"},{"properties":{"Element":"Room","NCES_Department":"Information Systems","Number":"1168","occupancyStatus":"","Area_SF":50.75,"Revit_UniqueId":"92f62716-234c-4f94-a9d0-0f1f278dca97-0056d828","NCES_Occupancy Status":"","Level":"LEVEL 1","RevitId":5691432,"Name":"HALL","NCES_Type":"Corridor/Hallway"},"geometry":{"coordinates":[[[147.03000482953348,-334.7418344810999],[157.73838979896988,-334.7418344810999],[157.73838979896988,-329.45016781443326],[147.03000482953348,-329.4501678144332],[147.03000482953348,-334.7418344810999]]],"type":"Polygon"},"type":"Feature"},{"properties":{"Element":"Room","NCES_Department":"CASA","Number":"1160","occupancyStatus":"","Area_SF":229.86,"Revit_UniqueId":"92f62716-234c-4f94-a9d0-0f1f278dca97-0056db77","NCES_Occupancy Status":"","Level":"LEVEL 1","RevitId":5692279,"Name":"HUMAN SVCS.","NCES_Type":"Private Office - Enclosed"},"geometry":{"coordinates":[[[174.98838979896976,-369.88766781443326],[175.40951998520848,-369.88766781443326],[178.07618665187513,-369.8876678144333],[196.04222897507654,-369.88766781443337],[196.04222897507654,-357.722930587052],[195.87556230840988,-357.722930587052],[183.63768950792434,-357.72293058705196],[174.9883897989698,-357.7229305870519],[174.98838979896976,-369.88766781443326]]],"type":"Polygon"},"type":"Feature"},{"properties":{"Element":"Room","NCES_Department":"CASA","Number":"1161","occupancyStatus":"","Area_SF":139,"Revit_UniqueId":"92f62716-234c-4f94-a9d0-0f1f278dca97-0056db7a","NCES_Occupancy Status":"","Level":"LEVEL 1","RevitId":5692282,"Name":"HUMAN SVCS.","NCES_Type":"Private Office - Enclosed"},"geometry":{"coordinates":[[[195.87556230840988,-357.722930587052],[195.87556230840988,-351.8895972537187],[195.87556230840988,-345.3687639203854],[195.12556230840988,-345.3687639203854],[183.63768950792434,-345.36876392038533],[183.63768950792434,-345.9381687545709],[183.7479911134625,-345.9381687545709],[183.7479911134625,-353.1048354212375],[183.63768950792434,-353.1048354212375],[183.63768950792434,-357.72293058705196],[195.87556230840988,-357.722930587052]]],"type":"Polygon"},"type":"Feature"},{"properties":{"Element":"Room","NCES_Department":"CASA","Number":"1162","occupancyStatus":"","Area_SF":137.2,"Revit_UniqueId":"92f62716-234c-4f94-a9d0-0f1f278dca97-0056db7d","NCES_Occupancy Status":"","Level":"LEVEL 1","RevitId":5692285,"Name":"HUMAN SVCS.","NCES_Type":"Private Office - Enclosed"},"geometry":{"coordinates":[[[195.12556230840988,-342.3687639203854],[195.87556230840988,-342.3687639203854],[195.87556230840988,-336.1455159709054],[195.87556230840988,-333.0683520454528],[183.63768950792434,-333.0683520454528],[183.63768950792434,-337.6535257528665],[183.74799111346252,-337.6535257528665],[183.7479911134625,-344.82019241953316],[183.63768950792434,-344.82019241953316],[183.63768950792434,-345.36876392038533],[195.12556230840988,-345.3687639203854],[195.12556230840988,-342.3687639203854]]],"type":"Polygon"},"type":"Feature"},{"properties":{"Element":"Room","NCES_Department":"CASA","Number":"1163","occupancyStatus":"","Area_SF":131.62,"Revit_UniqueId":"92f62716-234c-4f94-a9d0-0f1f278dca97-0056db80","NCES_Occupancy Status":"","Level":"LEVEL 1","RevitId":5692288,"Name":"HUMAN SVCS.","NCES_Type":"Private Office - Enclosed"},"geometry":{"coordinates":[[[195.87556230840988,-333.0683520454528],[195.87556230840988,-328.87821874722124],[196.04222897507657,-328.87821874722124],[196.04222897507657,-320.8538493042382],[183.63768950792434,-320.85384930423817],[183.63768950792434,-321.52574980369985],[183.63768950792434,-325.35311387793394],[183.74799111346255,-325.35311387793394],[183.74799111346252,-332.5197805446006],[183.63768950792434,-332.5197805446006],[183.63768950792434,-333.0683520454528],[195.87556230840988,-333.0683520454528]]],"type":"Polygon"},"type":"Feature"},{"properties":{"Element":"Room","NCES_Department":"Clerk's Office","Number":"202","occupancyStatus":"","Area_SF":146.79,"Revit_UniqueId":"92f62716-234c-4f94-a9d0-0f1f278dca97-00570c7f","NCES_Occupancy Status":"","Level":"LEVEL 1","RevitId":5704831,"Name":"OFFICE","NCES_Type":"Conference Room"},"geometry":{"coordinates":[[[308.83708155191863,-263.7492423038467],[305.1810440150884,-263.7492423038467],[301.1810440150884,-263.7492423038467],[297.4515866695539,-263.7492423038467],[297.4515866695539,-277.7897057038793],[308.83708155191863,-277.7897057038793],[308.83708155191863,-263.7492423038467]]],"type":"Polygon"},"type":"Feature"},{"properties":{"Element":"Room","NCES_Department":"Clerk's Office","Number":"203","occupancyStatus":"","Area_SF":213.68,"Revit_UniqueId":"92f62716-234c-4f94-a9d0-0f1f278dca97-00570c82","NCES_Occupancy Status":"","Level":"LEVEL 1","RevitId":5704834,"Name":"OFFICE","NCES_Type":"Private Office - Enclosed"},"geometry":{"coordinates":[[[325.3893773484217,-263.74924230384676],[325.1810440150884,-263.74924230384676],[321.1810440150884,-263.74924230384676],[320.5143773484217,-263.74924230384676],[315.1810440150884,-263.7492423038467],[311.1810440150884,-263.7492423038467],[308.83708155191863,-263.7492423038467],[308.83708155191863,-277.7897057038793],[325.3893773484217,-277.78970570387935],[325.3893773484217,-263.74924230384676]]],"type":"Polygon"},"type":"Feature"},{"properties":{"Element":"Room","NCES_Department":"Clerk's Office","Number":"204","occupancyStatus":"","Area_SF":146.66,"Revit_UniqueId":"92f62716-234c-4f94-a9d0-0f1f278dca97-00570c85","NCES_Occupancy Status":"","Level":"LEVEL 1","RevitId":5704837,"Name":"OFFICE","NCES_Type":"Private Office - Enclosed"},"geometry":{"coordinates":[[[336.806465813993,-263.7492423038468],[335.1810440150884,-263.7492423038468],[331.1810440150884,-263.74924230384676],[325.3893773484217,-263.74924230384676],[325.3893773484217,-277.78970570387935],[336.806465813993,-277.7897057038794],[336.806465813993,-272.0409089705132],[336.806465813993,-263.7492423038468]]],"type":"Polygon"},"type":"Feature"},{"properties":{"Element":"Room","NCES_Department":"Child Support","Number":"1356","occupancyStatus":"","Area_SF":11.79,"Revit_UniqueId":"fe5a1f4d-3b25-4885-af19-7887d9037f31-0056c92b","NCES_Occupancy Status":"","Level":"LEVEL 1","RevitId":5706167,"Name":"T. CL.","NCES_Type":"General Storage"},"geometry":{"coordinates":[[[63.283029841461,-57.41976430588147],[63.283029841461,-52.841582361078224],[59.94600144219123,-52.841582361078196],[59.94600144219123,-57.41976430588147],[63.283029841461,-57.41976430588147]]],"type":"Polygon"},"type":"Feature"},{"properties":{"Element":"Room","NCES_Department":"Child Support","Number":"1353","occupancyStatus":"","Area_SF":128.49,"Revit_UniqueId":"fe5a1f4d-3b25-4885-af19-7887d9037f31-0056c9bd","NCES_Occupancy Status":"","Level":"LEVEL 1","RevitId":5706171,"Name":"FILE ROOM","NCES_Type":"File Room - Active"},"geometry":{"coordinates":[[[45.07088595044081,-36.28048351508397],[45.07088595044081,-52.84158236107817],[53.3417192837741,-52.841582361078196],[53.341719283774125,-36.28048351508397],[45.07088595044081,-36.28048351508397]]],"type":"Polygon"},"type":"Feature"},{"properties":{"Element":"Room","NCES_Department":"Child Support","Number":"1344","occupancyStatus":"","Area_SF":152.46,"Revit_UniqueId":"fe5a1f4d-3b25-4885-af19-7887d9037f31-0056ca1a","NCES_Occupancy Status":"","Level":"LEVEL 1","RevitId":5706174,"Name":"HALL","NCES_Type":"Corridor/Hallway"},"geometry":{"coordinates":[[[76.31741341544517,-13.049980242304713],[74.73346095757066,-13.049980242304713],[74.73346095757066,-17.089900808404735],[74.73346095757066,-17.591900808404745],[74.48346095757066,-17.591900808404745],[74.48346095757066,-26.20804022916721],[74.48346095757066,-34.61381684841734],[74.48346095757066,-41.82215018175066],[74.48346095757066,-48.46586239307774],[79.16826907573207,-48.46586239307774],[79.16826907573207,-39.361967086134996],[79.16826907573207,-30.37500000000034],[79.16826907573207,-21.375000000000313],[79.16826907573207,-16.16405041946831],[80.83587605902724,-14.608981749797067],[77.95663881852903,-11.521377824348946],[76.31741341544517,-13.049980242304713]]],"type":"Polygon"},"type":"Feature"},{"properties":{"Element":"Room","NCES_Department":"Courthouse","Number":"1325","occupancyStatus":"","Area_SF":100,"Revit_UniqueId":"fe5a1f4d-3b25-4885-af19-7887d9037f31-0056caa8","NCES_Occupancy Status":"","Level":"LEVEL 1","RevitId":5706177,"Name":"HALL","NCES_Type":"Corridor/Hallway"},"geometry":{"coordinates":[[[87.73755261710747,-78.84162145087993],[91.32088595044078,-78.84162145087993],[91.32088595044078,-78.29701428470153],[92.27007372544833,-78.29701428470153],[92.27007372544853,-73.01543231582286],[92.27007372544881,-64.53626564915612],[92.27007372544904,-58.34876564915615],[92.27007372544921,-53.67491569441157],[90.98245987788138,-53.67491569441157],[87.73755261710747,-53.67491569441157],[87.73755261710747,-58.46658236107831],[87.73755261710747,-78.84162145087993]]],"type":"Polygon"},"type":"Feature"},{"properties":{"Element":"Room","NCES_Department":"Sheriff","Number":"1315A","occupancyStatus":"","Area_SF":35.99,"Revit_UniqueId":"fe5a1f4d-3b25-4885-af19-7887d9037f31-0056caf0","NCES_Occupancy Status":"","Level":"LEVEL 1","RevitId":5706180,"Name":"HALL","NCES_Type":"Corridor/Hallway"},"geometry":{"coordinates":[[[102.78569872544873,-78.84162145087993],[106.85340645608653,-78.84162145087993],[106.85340645608653,-68.59909761803488],[102.78569872544873,-68.59909761803488],[102.78569872544873,-73.01543231582289],[102.78569872544873,-78.84162145087993]]],"type":"Polygon"},"type":"Feature"},{"properties":{"Element":"Room","NCES_Department":"Sheriff","Number":"1422","occupancyStatus":"","Area_SF":800.17,"Revit_UniqueId":"fe5a1f4d-3b25-4885-af19-7887d9037f31-0056cb3f","NCES_Occupancy Status":"","Level":"LEVEL 1","RevitId":5706182,"Name":"GARAGE","NCES_Type":"Garage/Vehicle Bay"},"geometry":{"coordinates":[[[127.48882372544921,-51.12500000000057],[131.75965705878252,-51.12500000000057],[131.75965705878252,-53.45833333333391],[143.10695426510074,-53.45833333333397],[143.10695426510074,-52.7500000000006],[144.29445426510074,-52.7500000000006],[144.29445426510074,-53.45833333333397],[146.88465705878258,-53.45833333333397],[148.67902602003107,-53.45833333333397],[151.9263237254492,-53.458333333334],[155.96101145513325,-53.458333333334],[156.83601145513387,-53.458333333334],[156.83601145513438,-33.250000000000824],[155.7943447884677,-33.250000000000796],[155.79434478846775,-31.52083333333411],[153.4401781218011,-31.520833333334025],[153.4401781218011,-26.583333333333997],[145.73184478846775,-26.583333333333968],[138.27351145513444,-26.58333333333394],[122.48882372544924,-26.583333333333883],[122.48882372544924,-30.624464281185197],[122.48882372544924,-43.93750000000051],[123.9054903921159,-43.93750000000051],[127.48882372544921,-43.93750000000054],[127.48882372544921,-51.12500000000057]]],"type":"Polygon"},"type":"Feature"},{"properties":{"Element":"Room","NCES_Department":"Sheriff","Number":"1305","occupancyStatus":"","Area_SF":270.38,"Revit_UniqueId":"fe5a1f4d-3b25-4885-af19-7887d9037f31-0056cbde","NCES_Occupancy Status":"","Level":"LEVEL 1","RevitId":5706185,"Name":"DOCK","NCES_Type":"Garage/Vehicle Bay"},"geometry":{"coordinates":[[[155.7735114551333,-13.60416666666734],[155.7735114551333,-13.437500000000682],[151.94017812180113,-13.437500000000682],[151.94017812180113,-18.791666666667368],[153.4401781218011,-18.791666666667368],[153.4401781218011,-20.041666666667368],[153.4401781218011,-26.583333333333997],[153.44017812180113,-31.520833333334025],[155.79434478846775,-31.52083333333411],[156.83601145513444,-31.52083333333414],[157.41934478846775,-31.520833333334167],[157.41934478846775,-31.812500000000824],[169.26187096793836,-31.812500000001222],[169.2618709679384,-13.416666666667425],[156.92853763460496,-13.416666666667197],[156.92853763460496,-13.60416666666734],[155.97020430127162,-13.60416666666734],[155.7735114551333,-13.60416666666734]]],"type":"Polygon"},"type":"Feature"},{"properties":{"Element":"Room","NCES_Department":"Courthouse","Number":"1366","occupancyStatus":"","Area_SF":95,"Revit_UniqueId":"fe5a1f4d-3b25-4885-af19-7887d9037f31-0056cdc5","NCES_Occupancy Status":"","Level":"LEVEL 1","RevitId":5706202,"Name":"SECURE CORR.","NCES_Type":"Sally Port/Secure Transfer"},"geometry":{"coordinates":[[[39.96558313173125,-106.66598395502267],[40.132249798397936,-106.66598395502267],[45.281439577315865,-106.66598395502268],[45.52510624398252,-106.66598395502265],[45.52510624398249,-92.04899549376353],[45.52510624398249,-87.52623550748993],[39.96558313173125,-87.5262355074899],[39.96558313173125,-92.52816216043018],[40.04891646506459,-92.52816216043018],[40.04891646506459,-98.42399549376353],[39.96558313173125,-98.42399549376353],[39.96558313173125,-100.69006761743907],[39.96558313173125,-106.66598395502267]]],"type":"Polygon"},"type":"Feature"},{"properties":{"Element":"Room","NCES_Department":"Courthouse","Number":"1364","occupancyStatus":"","Area_SF":295.3,"Revit_UniqueId":"fe5a1f4d-3b25-4885-af19-7887d9037f31-0056cdd6","NCES_Occupancy Status":"","Level":"LEVEL 1","RevitId":5706204,"Name":"SECURE CORR.","NCES_Type":"Sally Port/Secure Transfer"},"geometry":{"coordinates":[[[51.92093957731586,-87.10956884082324],[51.92093957731586,-92.04899549376353],[51.92093957731586,-113.22885790158529],[51.92093957731586,-114.05573155327157],[51.92093957731586,-121.0785648866049],[51.92093957731586,-123.22242781144112],[51.92093957731586,-134.9131529271201],[58.14229815661247,-134.91315292712014],[58.14229815661247,-134.12148626045348],[58.76729815661247,-134.12148626045348],[58.7672981566125,-121.29635807900874],[58.7672981566125,-117.98559555931124],[58.1422981566125,-117.98559555931124],[58.1422981566125,-117.04809555931124],[58.8922981566125,-117.04809555931124],[58.892298156612526,-112.36059555931124],[58.1422981566125,-112.36059555931124],[58.1422981566125,-111.36059555931124],[58.767298156612526,-111.36059555931124],[58.767298156612526,-109.73559555931124],[58.767298156612526,-98.20853036800227],[58.142298156612526,-98.20853036800227],[58.142298156612526,-97.20853036800227],[58.892298156612526,-97.20853036800227],[58.892298156612554,-92.50019703466893],[58.767298156612554,-92.50019703466893],[58.767298156612554,-87.10956884082327],[51.92093957731586,-87.10956884082324]]],"type":"Polygon"},"type":"Feature"},{"properties":{"Element":"Room","NCES_Department":"Clerk's Office","Number":"205","occupancyStatus":"","Area_SF":207.97,"Revit_UniqueId":"b1bb82b6-62c2-4f80-8ffb-291fa59f5906-00571704","NCES_Occupancy Status":"","Level":"LEVEL 1","RevitId":5707524,"Name":"BREAKROOM","NCES_Type":"Break Room"},"geometry":{"coordinates":[[[372.5140866695539,-274.83257563718024],[372.72242000288725,-274.83257563718024],[372.72242000288725,-274.52541992162384],[372.72242000288725,-263.7492423038469],[372.1810440150884,-263.7492423038469],[368.1810440150884,-263.7492423038469],[360.8060440150884,-263.74924230384687],[360.8060440150884,-265.12424230384687],[357.8893773484217,-265.12424230384687],[357.8893773484217,-272.0409089705132],[357.8893773484217,-276.0710947968742],[360.7539988634436,-279.73764313442683],[360.7654670953301,-279.752321801866],[360.7992728060455,-279.752321801866],[372.5140866695539,-279.75232180186606],[372.5140866695539,-275.3794761366419],[372.5140866695539,-274.83257563718024]]],"type":"Polygon"},"type":"Feature"},{"properties":{"Element":"Room","NCES_Department":"Clerk's Office","Number":"159","occupancyStatus":"","Area_SF":191.1,"Revit_UniqueId":"b1bb82b6-62c2-4f80-8ffb-291fa59f5906-0057170a","NCES_Occupancy Status":"","Level":"LEVEL 1","RevitId":5707530,"Name":"WOMEN'S RR","NCES_Type":"Womens Restroom"},"geometry":{"coordinates":[[[360.7992728060455,-297.2866468250362],[365.2324845558291,-297.2866468250362],[366.8228615374254,-298.87702380663256],[366.8228615374254,-299.9633201204376],[372.5140866695539,-299.96332012043763],[372.5140866695539,-293.3358706180502],[372.5140866695539,-280.9189884685327],[360.7992728060455,-280.9189884685327],[360.7992728060455,-283.8283134917029],[360.7992728060455,-290.4949801583696],[360.7992728060455,-297.2866468250362]]],"type":"Polygon"},"type":"Feature"},{"properties":{"Element":"Room","NCES_Department":"Clerk's Office","Number":"158","occupancyStatus":"","Area_SF":53.17,"Revit_UniqueId":"b1bb82b6-62c2-4f80-8ffb-291fa59f5906-00571a99","NCES_Occupancy Status":"","Level":"LEVEL 1","RevitId":5708441,"Name":"JAN. CL.","NCES_Type":"Janitor/Custodial Closet"},"geometry":{"coordinates":[[[358.96593947271214,-304.9949801583696],[366.8228615374254,-304.9949801583696],[366.8228615374254,-299.9633201204376],[366.8228615374254,-298.87702380663256],[365.2324845558291,-297.2866468250362],[360.7992728060455,-297.2866468250362],[358.9659394727122,-297.2866468250362],[358.96593947271214,-304.9949801583696]]],"type":"Polygon"},"type":"Feature"},{"properties":{"Element":"Room","NCES_Department":"Clerk's Office","Number":"157","occupancyStatus":"","Area_SF":23.96,"Revit_UniqueId":"b1bb82b6-62c2-4f80-8ffb-291fa59f5906-00571aa0","NCES_Occupancy Status":"","Level":"LEVEL 1","RevitId":5708448,"Name":"ALCOVE","NCES_Type":"General Storage"},"geometry":{"coordinates":[[[366.8228615374254,-304.9949801583696],[372.5140866695538,-304.9949801583696],[372.5140866695538,-299.96332012043763],[366.8228615374254,-299.9633201204376],[366.8228615374254,-304.9949801583696]]],"type":"Polygon"},"type":"Feature"},{"properties":{"Element":"Room","NCES_Department":"Clerk's Office","Number":"156","occupancyStatus":"","Area_SF":43.76,"Revit_UniqueId":"b1bb82b6-62c2-4f80-8ffb-291fa59f5906-00571af3","NCES_Occupancy Status":"","Level":"LEVEL 1","RevitId":5708531,"Name":"ELEC. CL.","NCES_Type":"Electrical Room"},"geometry":{"coordinates":[[[352.5271123813235,-304.9949801583696],[356.6416957146568,-304.9949801583696],[356.6416957146568,-304.6824801583696],[357.3916957146568,-304.6824801583696],[357.3916957146568,-304.9949801583696],[358.96593947271214,-304.9949801583696],[358.9659394727122,-297.2866468250362],[352.5271123813235,-297.2866468250362],[352.5271123813235,-304.9949801583696]]],"type":"Polygon"},"type":"Feature"},{"properties":{"Element":"Room","NCES_Department":"Courthouse","Number":"001A","occupancyStatus":"","Area_SF":57.07,"Revit_UniqueId":"ab355745-5367-4068-b352-6b662272ec02-00573d00","NCES_Occupancy Status":"","Level":"LEVEL 1","RevitId":5717248,"Name":"ELEVATOR","NCES_Type":"Elevator/Lift"},"geometry":{"coordinates":[[[413.78492000288713,-297.3710715920797],[404.80575333622045,-297.37107159207966],[404.80575333622045,-297.70440492541303],[404.8057533362204,-304.48028865152503],[404.8057533362204,-304.8692317638595],[413.4932533362205,-304.8692317638595],[413.78492000288713,-304.8692317638595],[413.78492000288713,-297.45963875820803],[413.78492000288713,-297.3710715920797]]],"type":"Polygon"},"type":"Feature"},{"properties":{"Element":"Room","NCES_Department":"Courthouse","Number":"101A","occupancyStatus":"","Area_SF":36.92,"Revit_UniqueId":"ab355745-5367-4068-b352-6b662272ec02-00573d03","NCES_Occupancy Status":"","Level":"LEVEL 1","RevitId":5717251,"Name":"VEST","NCES_Type":"Corridor/Hallway"},"geometry":{"coordinates":[[[418.65695884405943,-297.2460715920797],[413.78492000288713,-297.2460715920797],[413.78492000288713,-304.8692317638595],[413.78492000288713,-304.9942317638595],[419.34261901583926,-304.99423176385955],[419.34261901583926,-303.1793344811008],[419.34261901583926,-298.82940492541303],[419.34261901583926,-297.93173176385955],[418.65695884405943,-297.2460715920797]]],"type":"Polygon"},"type":"Feature"},{"properties":{"Element":"Room","NCES_Department":"Courthouse","Number":"101","occupancyStatus":"","Area_SF":193.99,"Revit_UniqueId":"ab355745-5367-4068-b352-6b662272ec02-00573d06","NCES_Occupancy Status":"","Level":"LEVEL 1","RevitId":5717254,"Name":"MEN'S RR","NCES_Type":"Mens Restroom"},"geometry":{"coordinates":[[[424.0508278641784,-298.82940492541303],[424.0508278641785,-293.39046845809776],[410.75360495143065,-281.51690492541303],[405.8682533362205,-281.51690492541303],[405.8682533362205,-296.0585715920797],[413.8682533362205,-296.0585715920797],[413.8682533362205,-297.2460715920797],[414.0818205023488,-297.2460715920797],[418.65695884405943,-297.2460715920797],[419.34261901583926,-297.93173176385955],[419.34261901583926,-298.82940492541303],[424.0508278641784,-298.82940492541303]]],"type":"Polygon"},"type":"Feature"},{"properties":{"Element":"Room","NCES_Department":"Admin","Number":"104","occupancyStatus":"","Area_SF":66.21,"Revit_UniqueId":"4cb878c8-158b-4fe9-89ac-ba5c555c3887-00574792","NCES_Occupancy Status":"","Level":"LEVEL 1","RevitId":5719954,"Name":"RR","NCES_Type":"Private Restroom"},"geometry":{"coordinates":[[[385.1871796729973,-369.9293344811006],[391.6871796729973,-369.9293344811007],[391.6871796729973,-358.22100114776737],[385.1871796729973,-358.2210011477673],[385.1871796729973,-369.9293344811006]]],"type":"Polygon"},"type":"Feature"},{"properties":{"Element":"Room","NCES_Department":"Admin","Number":"103","occupancyStatus":"","Area_SF":139.35,"Revit_UniqueId":"4cb878c8-158b-4fe9-89ac-ba5c555c3887-00574795","NCES_Occupancy Status":"","Level":"LEVEL 1","RevitId":5719957,"Name":"AUDIO/VISUAL STORAGE","NCES_Type":"Equipment Storage"},"geometry":{"coordinates":[[[391.6871796729973,-369.9293344811007],[404.05082786417836,-369.9293344811007],[404.05082786417836,-357.0543344811007],[391.6871796729973,-357.0543344811007],[391.6871796729973,-358.22100114776737],[391.6871796729973,-369.9293344811007]]],"type":"Polygon"},"type":"Feature"},{"properties":{"Element":"Room","NCES_Department":"District Court","Number":"1258","occupancyStatus":"","Area_SF":156.24,"Revit_UniqueId":"e399cd2b-c7bf-4fba-85a5-6a902949cd24-0057126e","NCES_Occupancy Status":"","Level":"LEVEL 1","RevitId":5721516,"Name":"DISTRICT COURT RECEPTION","NCES_Type":"Lobby/Reception"},"geometry":{"coordinates":[[[124.22282775206276,-182.6009601968645],[124.22282775206276,-182.3509601968645],[119.66032775206278,-182.35096019686446],[119.66032775206278,-182.8509601968645],[119.66032775206276,-196.267626863531],[124.34782775206278,-196.267626863531],[131.76420302450111,-196.26762686353104],[131.76420302450114,-182.60096019686452],[124.72482775206277,-182.6009601968645],[124.22282775206276,-182.6009601968645]]],"type":"Polygon"},"type":"Feature"},{"properties":{"Element":"Room","NCES_Department":"County Court","Number":"1220D","occupancyStatus":"","Area_SF":126.65,"Revit_UniqueId":"e399cd2b-c7bf-4fba-85a5-6a902949cd24-00571335","NCES_Occupancy Status":"","Level":"LEVEL 1","RevitId":5721528,"Name":"HALL","NCES_Type":"Corridor/Hallway"},"geometry":{"coordinates":[[[174.18042226512608,-176.12179353019755],[167.98295302450128,-176.12179353019755],[167.98295302450128,-181.3593768635311],[167.98295302450128,-181.8613768635311],[167.73295302450128,-181.8613768635311],[167.73295302450123,-197.76762686353112],[174.18042226512605,-197.76762686353112],[174.18042226512605,-197.46554353019758],[174.18042226512608,-176.12179353019755]]],"type":"Polygon"},"type":"Feature"},{"properties":{"Element":"Room","NCES_Department":"County Court","Number":"1220C","occupancyStatus":"","Area_SF":330.52,"Revit_UniqueId":"e399cd2b-c7bf-4fba-85a5-6a902949cd24-0057133c","NCES_Occupancy Status":"","Level":"LEVEL 1","RevitId":5721530,"Name":"HALL","NCES_Type":"Corridor/Hallway"},"geometry":{"coordinates":[[[160.63920302450117,-219.57527316793133],[143.57670302450072,-219.57527316793133],[143.57670302450072,-225.9774102405405],[144.4308696911678,-225.9774102405405],[157.3683696911674,-225.97741024054056],[167.5558696911674,-225.9774102405406],[167.55586969116743,-217.91554685322063],[167.55586969116746,-204.47596019686424],[174.18042226512603,-204.47596019686426],[174.18042226512605,-197.76762686353112],[168.23495302450124,-197.76762686353112],[167.73295302450123,-197.76762686353112],[167.73295302450123,-197.55929353019778],[160.63920302450123,-197.55929353019775],[160.6392030245012,-208.60096019686424],[160.63920302450117,-219.57527316793133]]],"type":"Polygon"},"type":"Feature"},{"properties":{"Element":"Room","NCES_Department":"District Court","Number":"1262","occupancyStatus":"","Area_SF":117.89,"Revit_UniqueId":"e399cd2b-c7bf-4fba-85a5-6a902949cd24-00571392","NCES_Occupancy Status":"","Level":"LEVEL 1","RevitId":5721534,"Name":"HALL","NCES_Type":"Corridor/Hallway"},"geometry":{"coordinates":[[[124.22282775206276,-177.49679353019755],[124.22282775206276,-182.6009601968645],[131.76420302450114,-182.60096019686452],[131.76420302450114,-182.35096019686443],[142.63920302450117,-182.35096019686443],[142.63920302450117,-182.1113768635311],[144.05586969116786,-182.1113768635311],[144.05586969116786,-181.8613768635311],[148.66003635783449,-181.8613768635311],[148.6600363578345,-176.12179353019755],[140.84753635783457,-176.12179353019755],[140.84753635783457,-176.62179353019755],[136.3892030245012,-176.62179353019752],[136.3892030245012,-177.49679353019755],[124.22282775206276,-177.49679353019755]]],"type":"Polygon"},"type":"Feature"},{"properties":{"Element":"Room","NCES_Department":"Courthouse","Number":"1298","occupancyStatus":"","Area_SF":308.13,"Revit_UniqueId":"e399cd2b-c7bf-4fba-85a5-6a902949cd24-00571445","NCES_Occupancy Status":"","Level":"LEVEL 1","RevitId":5721555,"Name":"SECURE CORR.","NCES_Type":"Sally Port/Secure Transfer"},"geometry":{"coordinates":[[[97.27788622544864,-78.84162145087993],[92.5200737254483,-78.84162145087993],[92.5200737254483,-85.4168637013357],[98.05616108539616,-85.41686370133573],[104.55616108539613,-85.41686370133573],[117.55616108539607,-85.41686370133579],[117.55616108539607,-88.41346019686418],[124.13949441872941,-88.41346019686421],[124.13949441872941,-88.99679353019752],[128.71241108539604,-88.99679353019752],[128.71241108539604,-85.49679353019752],[139.81657775206273,-85.49679353019752],[139.81657775206273,-79.08012686353092],[139.81657775206273,-78.91346019686426],[135.2332444187294,-78.91346019686426],[122.25285282607504,-78.91346019686426],[122.25285282607504,-78.83012686353092],[117.87423978941985,-78.83012686353092],[117.33618615940838,-78.83012686353092],[117.33618615940838,-78.84162145087993],[106.85340645608653,-78.84162145087993],[102.78569872544873,-78.84162145087993],[97.27788622544864,-78.84162145087993]]],"type":"Polygon"},"type":"Feature"},{"properties":{"Element":"Room","NCES_Department":"District Court","Number":"1287","occupancyStatus":"","Area_SF":383.35,"Revit_UniqueId":"35520bf7-fb82-4d5c-a48e-8ff588b5fb95-00574e62","NCES_Occupancy Status":"","Level":"LEVEL 1","RevitId":5721698,"Name":"SECURE CORR.","NCES_Type":"Sally Port/Secure Transfer"},"geometry":{"coordinates":[[[92.02225077599329,-150.1842935301977],[97.80616108539607,-150.1842935301977],[97.80616108539607,-144.16886370133568],[97.80616108539607,-143.6668637013357],[98.05616108539607,-143.6668637013357],[98.0561610853961,-130.43429353019746],[98.0561610853961,-125.24679353019746],[98.0561610853961,-124.10096019686412],[98.0561610853961,-120.18429353019745],[98.0561610853961,-116.26762686353081],[98.0561610853961,-115.12179353019746],[98.05616108539613,-109.93429353019745],[98.05616108539613,-96.69907009963492],[98.05616108539616,-90.86573676630161],[98.05616108539616,-85.41686370133573],[92.5200737254483,-85.4168637013357],[91.43891744266008,-85.4168637013357],[91.43891744266008,-85.45853036800239],[91.43891744266006,-95.55323676630155],[91.43891744266006,-104.07094729006029],[92.06391744266006,-104.07094729006029],[92.06391744266006,-105.19594729006029],[91.43891744266006,-105.19594729006029],[91.43891744266003,-121.29635807900884],[91.43891744266,-129.792326323648],[92.06391744266,-129.792326323648],[92.06391744266,-130.8339929903147],[91.43891744266,-130.8339929903147],[91.43891744265997,-149.517626863531],[92.02225077599329,-149.517626863531],[92.02225077599329,-150.1842935301977]]],"type":"Polygon"},"type":"Feature"},{"properties":{"Element":"Room","NCES_Department":"Admin","Number":"236","occupancyStatus":"","Area_SF":249.39,"Revit_UniqueId":"3580b227-c831-478f-b2ec-6e80d1e4ee75-00574faa","NCES_Occupancy Status":"","Level":"LEVEL 1","RevitId":5722026,"Name":"COUNTY ADMIN","NCES_Type":"Conference Room"},"geometry":{"coordinates":[[[347.64337949048445,-369.9293344811005],[368.7705130063317,-369.92933448110057],[368.7705130063318,-357.0543344811007],[361.23952820409204,-357.0543344811007],[347.6433794904845,-357.0543344811007],[347.6433794904845,-357.18456831389574],[347.64337949048445,-369.9293344811005]]],"type":"Polygon"},"type":"Feature"},{"properties":{"Element":"Room","NCES_Department":"Admin","Number":"235","occupancyStatus":"","Area_SF":120.56,"Revit_UniqueId":"3580b227-c831-478f-b2ec-6e80d1e4ee75-00574fad","NCES_Occupancy Status":"","Level":"LEVEL 1","RevitId":5722029,"Name":"OFFICE","NCES_Type":"Private Office - Enclosed"},"geometry":{"coordinates":[[[337.3517128238178,-369.92933448110045],[347.64337949048445,-369.9293344811005],[347.6433794904845,-356.97100114776737],[337.3517128238178,-356.97100114776737],[337.3517128238178,-358.05433448110074],[337.3517128238178,-369.92933448110045]]],"type":"Polygon"},"type":"Feature"},{"properties":{"Element":"Room","NCES_Department":"Admin","Number":"233","occupancyStatus":"","Area_SF":119.38,"Revit_UniqueId":"3580b227-c831-478f-b2ec-6e80d1e4ee75-00574fb0","NCES_Occupancy Status":"","Level":"LEVEL 1","RevitId":5722032,"Name":"OFFICE","NCES_Type":"Private Office - Enclosed"},"geometry":{"coordinates":[[[327.06004615715113,-369.92933448110045],[337.3517128238178,-369.92933448110045],[337.3517128238178,-358.05433448110074],[336.26837949048445,-358.05433448110074],[336.26837949048445,-356.97100114776737],[327.06004615715113,-356.97100114776737],[327.06004615715113,-369.92933448110045]]],"type":"Polygon"},"type":"Feature"},{"properties":{"Element":"Room","NCES_Department":"Admin","Number":"232","occupancyStatus":"","Area_SF":145.33,"Revit_UniqueId":"3580b227-c831-478f-b2ec-6e80d1e4ee75-00574fb3","NCES_Occupancy Status":"","Level":"LEVEL 1","RevitId":5722035,"Name":"OFFICE","NCES_Type":"Private Office - Enclosed"},"geometry":{"coordinates":[[[314.7267128238178,-369.9293344811004],[327.06004615715113,-369.92933448110045],[327.06004615715113,-356.97100114776737],[321.01837949048445,-356.97100114776737],[321.01837949048445,-357.2835011477674],[320.26837949048445,-357.2835011477674],[320.26837949048445,-356.97100114776737],[314.7267128238178,-356.97100114776737],[314.7267128238178,-369.9293344811004]]],"type":"Polygon"},"type":"Feature"},{"properties":{"Element":"Room","NCES_Department":"Admin","Number":"228A","occupancyStatus":"","Area_SF":67.82,"Revit_UniqueId":"3580b227-c831-478f-b2ec-6e80d1e4ee75-00575f25","NCES_Occupancy Status":"","Level":"LEVEL 1","RevitId":5725989,"Name":"OFFICE","NCES_Type":"Private Office - Enclosed"},"geometry":{"coordinates":[[[329.15619487075867,-319.6376678144343],[329.0924945308451,-319.6376678144343],[328.5716611975118,-319.6376678144343],[322.5924945308451,-319.6376678144343],[322.19786153742535,-319.6376678144343],[322.19786153742535,-330.54686509664833],[329.15619487075867,-330.54686509664833],[329.15619487075867,-319.6376678144343]]],"type":"Polygon"},"type":"Feature"},{"properties":{"Element":"Room","NCES_Department":"Admin","Number":"228B","occupancyStatus":"","Area_SF":67.9,"Revit_UniqueId":"3580b227-c831-478f-b2ec-6e80d1e4ee75-00575f28","NCES_Occupancy Status":"","Level":"LEVEL 1","RevitId":5725992,"Name":"OFFICE","NCES_Type":"Private Office - Enclosed"},"geometry":{"coordinates":[[[322.19786153742535,-330.54686509664833],[322.19786153742535,-341.3429313705602],[329.15619487075867,-341.3429313705603],[329.15619487075867,-330.54686509664833],[322.19786153742535,-330.54686509664833]]],"type":"Polygon"},"type":"Feature"},{"properties":{"Element":"Room","NCES_Department":"Admin","Number":"234A","occupancyStatus":"","Area_SF":121.92,"Revit_UniqueId":"3580b227-c831-478f-b2ec-6e80d1e4ee75-00575f97","NCES_Occupancy Status":"","Level":"LEVEL 1","RevitId":5726103,"Name":"OFFICE","NCES_Type":"Private Office - Enclosed"},"geometry":{"coordinates":[[[322.19786153742535,-351.8845980372269],[334.65619487075867,-351.8845980372269],[334.65619487075867,-341.25959803722697],[329.15619487075867,-341.25959803722697],[328.94786153742535,-341.25959803722697],[328.94786153742535,-341.3429313705603],[328.9426277046303,-341.3429313705603],[322.19786153742535,-341.3429313705602],[322.19786153742535,-351.6409313705602],[322.19786153742535,-351.8845980372269]]],"type":"Polygon"},"type":"Feature"},{"properties":{"Element":"Room","NCES_Department":"Admin","Number":"234B","occupancyStatus":"","Area_SF":107.65,"Revit_UniqueId":"3580b227-c831-478f-b2ec-6e80d1e4ee75-00575f9a","NCES_Occupancy Status":"","Level":"LEVEL 1","RevitId":5726106,"Name":"OFFICE","NCES_Type":"Private Office - Enclosed"},"geometry":{"coordinates":[[[334.65619487075867,-351.8845980372269],[346.28119487075867,-351.88459803722697],[346.28119487075867,-343.75959803722697],[345.12606204042754,-343.75959803722697],[343.98952820409204,-343.75959803722697],[343.98952820409204,-341.25959803722697],[334.65619487075867,-341.25959803722697],[334.65619487075867,-351.8845980372269]]],"type":"Polygon"},"type":"Feature"},{"properties":{"Element":"Room","NCES_Department":"Admin","Number":"113","occupancyStatus":"","Area_SF":29.36,"Revit_UniqueId":"3580b227-c831-478f-b2ec-6e80d1e4ee75-00575fa0","NCES_Occupancy Status":"","Level":"LEVEL 1","RevitId":5726112,"Name":"ELEC. CL.","NCES_Type":"Electrical Room"},"geometry":{"coordinates":[[[349.17702820409204,-344.53043137056034],[349.17702820409204,-343.75959803722697],[346.28119487075867,-343.75959803722697],[346.28119487075867,-351.88459803722697],[350.69786153742535,-351.88459803722697],[350.69786153742535,-344.53043137056034],[349.17702820409204,-344.53043137056034]]],"type":"Polygon"},"type":"Feature"},{"properties":{"Element":"Room","NCES_Department":"Admin","Number":"108","occupancyStatus":"","Area_SF":105.29,"Revit_UniqueId":"3580b227-c831-478f-b2ec-6e80d1e4ee75-00575fa3","NCES_Occupancy Status":"","Level":"LEVEL 1","RevitId":5726115,"Name":"BREAKROOM","NCES_Type":"Break Room"},"geometry":{"coordinates":[[[361.23952820409204,-351.88459803722697],[361.23952820409204,-341.2595980372271],[349.17702820409204,-341.259598037227],[349.17702820409204,-343.75959803722697],[349.17702820409204,-344.53043137056034],[350.69786153742535,-344.53043137056034],[350.69786153742535,-351.88459803722697],[361.23952820409204,-351.88459803722697]]],"type":"Polygon"},"type":"Feature"},{"properties":{"Element":"Room","NCES_Department":"Admin","Number":"104","occupancyStatus":"","Area_SF":192.67,"Revit_UniqueId":"3580b227-c831-478f-b2ec-6e80d1e4ee75-00575fa9","NCES_Occupancy Status":"","Level":"LEVEL 1","RevitId":5726121,"Name":"COUNTY COMMISSIONS","NCES_Type":"Private Office - Enclosed"},"geometry":{"coordinates":[[[368.7705130063317,-369.92933448110057],[385.1871796729973,-369.9293344811006],[385.1871796729973,-358.2210011477673],[385.1871796729973,-357.0543344811007],[368.7705130063318,-357.0543344811007],[368.7705130063317,-369.92933448110057]]],"type":"Polygon"},"type":"Feature"},{"properties":{"Element":"Room","NCES_Department":"Fiscal","Number":"222","occupancyStatus":"","Area_SF":124.63,"Revit_UniqueId":"3580b227-c831-478f-b2ec-6e80d1e4ee75-0057766a","NCES_Occupancy Status":"","Level":"LEVEL 1","RevitId":5731946,"Name":"OFFICE","NCES_Type":"Private Office - Enclosed"},"geometry":{"coordinates":[[[265.10171282381776,-369.9293344811002],[275.72671282381776,-369.9293344811003],[275.7267128238178,-356.97100114776737],[265.1017128238178,-356.97100114776737],[265.10171282381776,-369.9293344811002]]],"type":"Polygon"},"type":"Feature"},{"properties":{"Element":"Room","NCES_Department":"Fiscal","Number":"224","occupancyStatus":"","Area_SF":109.21,"Revit_UniqueId":"3580b227-c831-478f-b2ec-6e80d1e4ee75-0057766d","NCES_Occupancy Status":"","Level":"LEVEL 1","RevitId":5731949,"Name":"OFFICE","NCES_Type":"Private Office - Enclosed"},"geometry":{"coordinates":[[[275.72671282381776,-369.9293344811003],[285.18504615715113,-369.92933448110034],[285.18504615715113,-358.05433448110074],[284.1017128238178,-358.05433448110074],[284.1017128238178,-356.97100114776737],[275.7267128238178,-356.97100114776737],[275.72671282381776,-369.9293344811003]]],"type":"Polygon"},"type":"Feature"},{"properties":{"Element":"Room","NCES_Department":"Fiscal","Number":"227","occupancyStatus":"","Area_SF":122.08,"Revit_UniqueId":"3580b227-c831-478f-b2ec-6e80d1e4ee75-00577670","NCES_Occupancy Status":"","Level":"LEVEL 1","RevitId":5731952,"Name":"BREAKROOM","NCES_Type":"Break Room"},"geometry":{"coordinates":[[[285.18504615715113,-369.92933448110034],[295.6017128238178,-369.92933448110034],[295.6017128238178,-356.97100114776737],[285.18504615715113,-356.97100114776737],[285.18504615715113,-358.05433448110074],[285.18504615715113,-369.92933448110034]]],"type":"Polygon"},"type":"Feature"},{"properties":{"Element":"Room","NCES_Department":"Admin","Number":"231","occupancyStatus":"","Area_SF":228.24,"Revit_UniqueId":"3580b227-c831-478f-b2ec-6e80d1e4ee75-00577673","NCES_Occupancy Status":"","Level":"LEVEL 1","RevitId":5731955,"Name":"OFFICE","NCES_Type":"Private Office - Enclosed"},"geometry":{"coordinates":[[[295.6017128238178,-369.92933448110034],[314.7267128238178,-369.9293344811004],[314.7267128238178,-356.97100114776737],[310.0392128238178,-356.97100114776737],[303.8517128238178,-356.97100114776737],[303.8517128238178,-357.2835011477674],[303.1017128238178,-357.2835011477674],[303.1017128238178,-356.97100114776737],[295.6017128238178,-356.97100114776737],[295.6017128238178,-369.92933448110034]]],"type":"Polygon"},"type":"Feature"},{"properties":{"Element":"Room","NCES_Department":"Admin","Number":"109","occupancyStatus":"","Area_SF":331.17,"Revit_UniqueId":"3580b227-c831-478f-b2ec-6e80d1e4ee75-005776cb","NCES_Occupancy Status":"","Level":"LEVEL 1","RevitId":5732043,"Name":"CONFERENCE B","NCES_Type":"Open Office - Cubicles"},"geometry":{"coordinates":[[[343.68856204042754,-319.6376678144342],[329.15619487075867,-319.6376678144343],[329.15619487075867,-330.54686509664833],[329.15619487075867,-341.1293642044319],[329.15619487075867,-341.25959803722697],[334.65619487075867,-341.25959803722697],[343.98952820409204,-341.25959803722697],[343.98952820409204,-343.75959803722697],[345.12606204042754,-343.75959803722697],[345.12606204042754,-320.9710011477676],[343.68856204042754,-320.9710011477676],[343.68856204042754,-319.6376678144342]]],"type":"Polygon"},"type":"Feature"},{"properties":{"Element":"Room","NCES_Department":"Admin","Number":"107","occupancyStatus":"","Area_SF":338.85,"Revit_UniqueId":"3580b227-c831-478f-b2ec-6e80d1e4ee75-005776ce","NCES_Occupancy Status":"","Level":"LEVEL 1","RevitId":5732046,"Name":"CONFERENCE A","NCES_Type":"Open Office - Cubicles"},"geometry":{"coordinates":[[[361.23952820409204,-319.6376678144342],[346.5635620404276,-319.6376678144342],[346.5635620404276,-320.9710011477676],[345.12606204042754,-320.9710011477676],[345.12606204042754,-343.75959803722697],[346.28119487075867,-343.75959803722697],[349.17702820409204,-343.75959803722697],[349.17702820409204,-341.259598037227],[361.23952820409204,-341.2595980372271],[361.23952820409204,-324.12949802730054],[361.23952820409204,-319.6376678144342]]],"type":"Polygon"},"type":"Feature"},{"properties":{"Element":"Room","NCES_Department":"Admin","Number":"106","occupancyStatus":"","Area_SF":374.54,"Revit_UniqueId":"3580b227-c831-478f-b2ec-6e80d1e4ee75-00577829","NCES_Occupancy Status":"","Level":"LEVEL 1","RevitId":5732393,"Name":"BOARD ROOM","NCES_Type":"Board/Commission Meeting Room"},"geometry":{"coordinates":[[[361.23952820409204,-324.12949802730054],[361.23952820409204,-341.2595980372271],[361.23952820409204,-351.88459803722697],[361.23952820409204,-352.46793137056034],[364.9895282040919,-352.4679313705604],[364.9895282040919,-352.4736290406197],[375.44289880380205,-352.47362904061976],[378.27623213713537,-352.47362904061976],[378.2762321371354,-348.06909432881605],[375.0631683747641,-345.22362904061964],[375.06316837476413,-331.3738003572414],[378.27623213713554,-328.528335069045],[378.27623213713554,-324.12380035724135],[375.4428988038022,-324.1238003572413],[375.4428988038022,-324.12949802730054],[364.9895282040919,-324.12949802730054],[361.23952820409204,-324.12949802730054]]],"type":"Polygon"},"type":"Feature"},{"properties":{"Element":"Room","NCES_Department":"Admin","Number":"102","occupancyStatus":"","Area_SF":1854.67,"Revit_UniqueId":"3580b227-c831-478f-b2ec-6e80d1e4ee75-0057782c","NCES_Occupancy Status":"","Level":"LEVEL 1","RevitId":5732396,"Name":"BOARD ROOM","NCES_Type":"Board/Commission Meeting Room"},"geometry":{"coordinates":[[[[404.05082786417836,-357.0543344811007],[404.05082786417836,-357.3043344811007],[424.05082786417836,-357.3043344811008],[424.0508278641784,-319.6376678144341],[366.8228615374254,-319.6376678144342],[361.23952820409204,-319.6376678144342],[361.23952820409204,-324.12949802730054],[364.9895282040919,-324.12949802730054],[375.4428988038022,-324.12949802730054],[375.4428988038022,-324.1238003572413],[378.27623213713554,-324.12380035724135],[378.27623213713554,-328.528335069045],[375.06316837476425,-331.3738003572413],[375.063168374764,-345.2236290406196],[378.2762321371354,-348.069094328816],[378.27623213713537,-352.4736290406198],[375.44289880380205,-352.47362904061976],[365.49152820409194,-352.4736290406197],[364.9895282040919,-352.4736290406197],[364.9895282040919,-352.4679313705604],[361.23952820409204,-352.46793137056034],[361.23952820409204,-357.0543344811007],[368.7705130063318,-357.0543344811007],[385.1871796729973,-357.0543344811007],[391.6871796729973,-357.0543344811007],[403.50392736471673,-357.0543344811007],[404.05082786417836,-357.0543344811007]]],[[[378.2703831603195,-339.74148489391246],[378.2703831603195,-336.74148489391246],[381.2703831603195,-336.74148489391246],[381.2703831603195,-339.74148489391246],[378.2703831603195,-339.74148489391246]]]],"type":"MultiPolygon"},"type":"Feature"},{"properties":{"Element":"Room","NCES_Department":"Planning","Number":"216","occupancyStatus":"","Area_SF":258.02,"Revit_UniqueId":"3580b227-c831-478f-b2ec-6e80d1e4ee75-00577bc5","NCES_Occupancy Status":"","Level":"LEVEL 1","RevitId":5733317,"Name":"OFFICE","NCES_Type":"Conference Room"},"geometry":{"coordinates":[[[226.1225461571511,-369.9293344811001],[247.6850461571511,-369.92933448110017],[247.68504615715113,-356.97100114776737],[241.60171282381782,-356.9710011477673],[234.97671282381782,-356.9710011477673],[234.97671282381782,-357.2835011477673],[234.31004615715113,-357.2835011477673],[234.31004615715113,-356.9710011477673],[226.12254615715113,-356.9710011477673],[226.1225461571511,-369.9293344811001]]],"type":"Polygon"},"type":"Feature"},{"properties":{"Element":"Room","NCES_Department":"Planning","Number":"213","occupancyStatus":"","Area_SF":95.56,"Revit_UniqueId":"3580b227-c831-478f-b2ec-6e80d1e4ee75-00577f5e","NCES_Occupancy Status":"","Level":"LEVEL 1","RevitId":5734238,"Name":"OFFICE","NCES_Type":"Private Office - Enclosed"},"geometry":{"coordinates":[[[252.03921282381782,-342.4668804512622],[252.03921282381785,-339.10296290660034],[252.03921282381785,-338.6543804512622],[251.66421282381785,-338.6543804512622],[251.66421282381785,-337.98771378459554],[252.03921282381785,-337.98771378459554],[252.03921282381785,-332.49183448110074],[241.60171282381785,-332.49183448110074],[241.60171282381785,-332.7355011477674],[241.60171282381785,-342.4668804512622],[252.03921282381782,-342.4668804512622]]],"type":"Polygon"},"type":"Feature"},{"properties":{"Element":"Room","NCES_Department":"Planning","Number":"214","occupancyStatus":"","Area_SF":95.73,"Revit_UniqueId":"3580b227-c831-478f-b2ec-6e80d1e4ee75-00577f61","NCES_Occupancy Status":"","Level":"LEVEL 1","RevitId":5734241,"Name":"OFFICE","NCES_Type":"Private Office - Enclosed"},"geometry":{"coordinates":[[[252.03921282381782,-352.4363790310862],[252.03921282381782,-342.4668804512622],[241.60171282381785,-342.4668804512622],[241.60171282381782,-352.4363790310862],[252.03921282381782,-352.4363790310862]]],"type":"Polygon"},"type":"Feature"},{"properties":{"Element":"Room","NCES_Department":"Planning","Number":"215","occupancyStatus":"","Area_SF":41.27,"Revit_UniqueId":"3580b227-c831-478f-b2ec-6e80d1e4ee75-00577f64","NCES_Occupancy Status":"","Level":"LEVEL 1","RevitId":5734244,"Name":"ELEC.","NCES_Type":"Electrical Room"},"geometry":{"coordinates":[[[252.03921282381782,-357.0543344811007],[252.03921282381782,-356.97100114776737],[252.03921282381782,-352.4363790310862],[241.60171282381782,-352.4363790310862],[241.60171282381782,-356.9710011477673],[247.47147899102282,-356.97100114776737],[247.68504615715113,-356.97100114776737],[247.68504615715113,-357.0543344811007],[252.03921282381782,-357.0543344811007]]],"type":"Polygon"},"type":"Feature"},{"properties":{"Element":"Room","NCES_Department":"Fiscal","Number":"218A","occupancyStatus":"","Area_SF":107.96,"Revit_UniqueId":"3580b227-c831-478f-b2ec-6e80d1e4ee75-0057920b","NCES_Occupancy Status":"","Level":"LEVEL 1","RevitId":5739019,"Name":"COPY ROOM","NCES_Type":"Copy/Print/Mail Area"},"geometry":{"coordinates":[[[281.7283298069903,-326.46351060465304],[299.1033298069903,-326.46351060465315],[299.10332980699036,-322.4293344811009],[299.10332980699036,-319.7272600989835],[299.10332980699036,-319.5970262661885],[294.36825333622045,-319.5970262661885],[281.72832980699036,-319.5970262661885],[281.7283298069903,-326.46351060465304]]],"type":"Polygon"},"type":"Feature"},{"properties":{"Element":"Room","NCES_Department":"Admin","Number":"229","occupancyStatus":"","Area_SF":119.97,"Revit_UniqueId":"3580b227-c831-478f-b2ec-6e80d1e4ee75-005792b9","NCES_Occupancy Status":"","Level":"LEVEL 1","RevitId":5739193,"Name":"OFFICE","NCES_Type":"Private Office - Enclosed"},"geometry":{"coordinates":[[[312.7174945308451,-331.9362962399338],[312.7174945308451,-322.42933448110097],[299.10332980699036,-322.4293344811009],[299.1033298069903,-326.46351060465315],[299.1033298069903,-331.93629623993377],[312.7174945308451,-331.9362962399338]]],"type":"Polygon"},"type":"Feature"},{"properties":{"Element":"Room","NCES_Department":"Admin","Number":"230","occupancyStatus":"","Area_SF":232.72,"Revit_UniqueId":"3580b227-c831-478f-b2ec-6e80d1e4ee75-005792bc","NCES_Occupancy Status":"","Level":"LEVEL 1","RevitId":5739196,"Name":"OFFICE","NCES_Type":"Private Office - Enclosed"},"geometry":{"coordinates":[[[312.7174945308451,-339.63016161323975],[312.7174945308451,-331.9362962399338],[299.1033298069903,-331.93629623993377],[299.1033298069903,-335.8893957404721],[299.1033298069903,-336.31653007272877],[299.1033298069903,-352.18368632743],[310.0392128238178,-352.18368632743],[310.0392128238178,-352.0929313705602],[310.0392128238178,-342.8220134595688],[312.7174945308451,-339.63016161323975]]],"type":"Polygon"},"type":"Feature"},{"properties":{"Element":"Room","NCES_Department":"Admin","Number":"225B","occupancyStatus":"","Area_SF":237.27,"Revit_UniqueId":"3580b227-c831-478f-b2ec-6e80d1e4ee75-0057937b","NCES_Occupancy Status":"","Level":"LEVEL 1","RevitId":5739387,"Name":"HALL","NCES_Type":"Corridor/Hallway"},"geometry":{"coordinates":[[[310.0392128238178,-352.0929313705602],[310.0392128238178,-352.18368632743],[310.0392128238178,-352.82951966076337],[310.0392128238178,-356.24618632743],[310.0392128238178,-356.97100114776737],[314.7267128238178,-356.97100114776737],[320.26837949048445,-356.97100114776737],[321.01837949048445,-356.97100114776737],[327.06004615715113,-356.97100114776737],[336.26837949048445,-356.97100114776737],[337.3517128238178,-356.97100114776737],[347.42981232435613,-356.97100114776737],[347.43504615715113,-356.97100114776737],[347.43504615715113,-357.0543344811007],[347.6433794904845,-357.0543344811007],[361.23952820409204,-357.0543344811007],[361.23952820409204,-352.46793137056034],[361.23952820409204,-351.88459803722697],[350.69786153742535,-351.88459803722697],[346.28119487075867,-351.88459803722697],[334.65619487075867,-351.8845980372269],[322.19786153742535,-351.8845980372269],[322.19786153742535,-352.0929313705602],[321.69586153742534,-352.0929313705602],[310.0392128238178,-352.0929313705602]]],"type":"Polygon"},"type":"Feature"},{"properties":{"Element":"Room","NCES_Department":"Admin","Number":"228","occupancyStatus":"","Area_SF":320.04,"Revit_UniqueId":"3580b227-c831-478f-b2ec-6e80d1e4ee75-0057937e","NCES_Occupancy Status":"","Level":"LEVEL 1","RevitId":5739390,"Name":"ADMIN. OFFICE","NCES_Type":"Corridor/Hallway"},"geometry":{"coordinates":[[[322.19786153742535,-319.6376678144343],[317.0924945308451,-319.6376678144343],[312.7174945308451,-319.6376678144343],[312.7174945308451,-319.7272600989835],[312.7174945308451,-322.42933448110097],[312.7174945308451,-331.9362962399338],[312.7174945308451,-339.63016161323975],[310.0392128238178,-342.8220134595688],[310.0392128238178,-352.0929313705602],[322.19786153742535,-352.0929313705602],[322.19786153742535,-341.3429313705602],[322.19786153742535,-330.54686509664833],[322.19786153742535,-319.6376678144343]]],"type":"Polygon"},"type":"Feature"},{"properties":{"Element":"Room","NCES_Department":"Fiscal","Number":"225A","occupancyStatus":"","Area_SF":347.58,"Revit_UniqueId":"3580b227-c831-478f-b2ec-6e80d1e4ee75-00579381","NCES_Occupancy Status":"","Level":"LEVEL 1","RevitId":5739393,"Name":"HALL","NCES_Type":"Corridor/Hallway"},"geometry":{"coordinates":[[[310.0392128238178,-352.82951966076337],[310.0392128238178,-352.18368632743],[299.1033298069903,-352.18368632743],[279.5158425332147,-352.18368632742994],[269.5991758665481,-352.1836863274299],[259.7241758665481,-352.1836863274299],[259.7241758665481,-339.1029629066004],[257.26584253321477,-339.10296290660034],[252.03921282381785,-339.10296290660034],[252.03921282381782,-342.4668804512622],[252.03921282381782,-352.4363790310862],[252.03921282381782,-356.97100114776737],[265.1017128238178,-356.97100114776737],[275.7267128238178,-356.97100114776737],[284.1017128238178,-356.97100114776737],[285.1850461571512,-356.97100114776737],[295.6017128238178,-356.97100114776737],[303.1017128238178,-356.97100114776737],[303.8517128238178,-356.97100114776737],[310.0392128238178,-356.97100114776737],[310.0392128238178,-356.24618632743],[310.0392128238178,-352.82951966076337]]],"type":"Polygon"},"type":"Feature"},{"properties":{"Element":"Room","NCES_Department":"Fiscal","Number":"226","occupancyStatus":"","Area_SF":300.29,"Revit_UniqueId":"3580b227-c831-478f-b2ec-6e80d1e4ee75-00579384","NCES_Occupancy Status":"","Level":"LEVEL 1","RevitId":5739396,"Name":"WORKROOM","NCES_Type":"Open Office - Workstations"},"geometry":{"coordinates":[[[279.5158425332147,-352.18368632742994],[299.1033298069903,-352.18368632743],[299.1033298069903,-336.1029629066004],[279.51584253321477,-336.1029629066004],[279.5158425332147,-352.18368632742994]]],"type":"Polygon"},"type":"Feature"},{"properties":{"Element":"Room","NCES_Department":"Fiscal","Number":"220","occupancyStatus":"","Area_SF":119.78,"Revit_UniqueId":"3580b227-c831-478f-b2ec-6e80d1e4ee75-00579387","NCES_Occupancy Status":"","Level":"LEVEL 1","RevitId":5739399,"Name":"OFFICE","NCES_Type":"Private Office - Enclosed"},"geometry":{"coordinates":[[[259.7241758665481,-352.1836863274299],[269.5991758665481,-352.1836863274299],[269.5991758665481,-339.1029629066004],[259.7241758665481,-339.1029629066004],[259.7241758665481,-352.1836863274299]]],"type":"Polygon"},"type":"Feature"},{"properties":{"Element":"Room","NCES_Department":"Fiscal","Number":"217","occupancyStatus":"","Area_SF":171.42,"Revit_UniqueId":"3580b227-c831-478f-b2ec-6e80d1e4ee75-0057938a","NCES_Occupancy Status":"","Level":"LEVEL 1","RevitId":5739402,"Name":"RECEPTION","NCES_Type":"Lobby/Reception"},"geometry":{"coordinates":[[[273.4325091998814,-333.7036536483125],[273.4325091998814,-326.46351060465304],[281.7283298069903,-326.46351060465304],[281.72832980699036,-319.5970262661885],[281.72832980699036,-317.4928595995218],[270.1866631403237,-317.4928595995218],[270.1866631403237,-319.6178595995218],[266.11622011537094,-319.6178595995218],[266.11622011537094,-332.4918344811008],[266.11622011537094,-333.70365364831247],[273.4325091998814,-333.7036536483125]]],"type":"Polygon"},"type":"Feature"},{"properties":{"Element":"Room","NCES_Department":"Fiscal","Number":"218","occupancyStatus":"","Area_SF":232.91,"Revit_UniqueId":"3580b227-c831-478f-b2ec-6e80d1e4ee75-0057938d","NCES_Occupancy Status":"","Level":"LEVEL 1","RevitId":5739405,"Name":"TRAINING ROOM","NCES_Type":"Training Room"},"geometry":{"coordinates":[[[273.4325091998814,-333.7036536483125],[273.4325091998814,-336.1029629066004],[279.51584253321477,-336.1029629066004],[299.1033298069903,-336.1029629066004],[299.1033298069903,-331.93629623993377],[299.1033298069903,-326.46351060465315],[281.7283298069903,-326.46351060465304],[273.4325091998814,-326.46351060465304],[273.4325091998814,-333.7036536483125]]],"type":"Polygon"},"type":"Feature"},{"properties":{"Element":"Room","NCES_Department":"Fiscal","Number":"221","occupancyStatus":"","Area_SF":206.85,"Revit_UniqueId":"3580b227-c831-478f-b2ec-6e80d1e4ee75-005793a3","NCES_Occupancy Status":"","Level":"LEVEL 1","RevitId":5739427,"Name":"OFFICE","NCES_Type":"Private Office - Enclosed"},"geometry":{"coordinates":[[[247.6850461571511,-369.9293344811002],[265.10171282381776,-369.9293344811002],[265.1017128238178,-356.97100114776737],[252.03921282381782,-356.97100114776737],[252.03921282381782,-357.0543344811007],[247.68504615715113,-357.0543344811007],[247.68504615715113,-357.1845683138957],[247.6850461571511,-369.9293344811002]]],"type":"Polygon"},"type":"Feature"},{"properties":{"Element":"Room","NCES_Department":"Planning","Number":"211","occupancyStatus":"","Area_SF":388.19,"Revit_UniqueId":"3580b227-c831-478f-b2ec-6e80d1e4ee75-00579bce","NCES_Occupancy Status":"","Level":"LEVEL 1","RevitId":5741518,"Name":"PLANNING","NCES_Type":"Open Office - Workstations"},"geometry":{"coordinates":[[[234.97671282381782,-356.9710011477673],[241.60171282381782,-356.9710011477673],[241.60171282381782,-352.4363790310862],[241.60171282381785,-342.4668804512622],[241.60171282381785,-332.2835011477674],[236.7303298069903,-332.28350114776737],[236.2283298069903,-332.28350114776737],[236.2283298069903,-332.1585011477674],[232.70280199645157,-332.1585011477674],[232.70280199645157,-332.45016781443405],[226.31166314032367,-332.45016781443405],[226.31166314032365,-338.7001678144328],[226.31166314032365,-344.95016781443155],[226.31166314032365,-351.1168344810982],[226.01999647365696,-351.1168344810982],[226.01999647365696,-351.60384930423896],[220.93666314032362,-351.60384930423896],[220.93666314032362,-353.91043058705213],[220.93666314032362,-355.07709725371876],[220.93666314032362,-356.97100114776725],[226.12254615715113,-356.9710011477673],[234.31004615715113,-356.9710011477673],[234.97671282381782,-356.9710011477673]]],"type":"Polygon"},"type":"Feature"},{"properties":{"Element":"Room","NCES_Department":"Planning","Number":"212","occupancyStatus":"","Area_SF":134.38,"Revit_UniqueId":"3580b227-c831-478f-b2ec-6e80d1e4ee75-00579bd1","NCES_Occupancy Status":"","Level":"LEVEL 1","RevitId":5741521,"Name":"STORAGE","NCES_Type":"General Storage"},"geometry":{"coordinates":[[[236.22832980699033,-319.6178595995217],[231.31166314032367,-319.6178595995217],[231.31166314032367,-317.52051597090565],[225.519996473657,-317.52051597090565],[225.519996473657,-329.43718263757233],[226.019996473657,-329.43718263757233],[226.019996473657,-332.1585011477674],[233.20480199645158,-332.1585011477674],[236.2283298069903,-332.1585011477674],[236.2283298069903,-331.83150114776737],[236.22832980699033,-319.9928595995217],[236.22832980699033,-319.6178595995217]]],"type":"Polygon"},"type":"Feature"},{"properties":{"Element":"Room","NCES_Department":"HR","Number":"208","occupancyStatus":"","Area_SF":124.78,"Revit_UniqueId":"3580b227-c831-478f-b2ec-6e80d1e4ee75-00579bd4","NCES_Occupancy Status":"","Level":"LEVEL 1","RevitId":5741524,"Name":"OFFICE","NCES_Type":"Private Office - Enclosed"},"geometry":{"coordinates":[[[226.019996473657,-329.43718263757233],[225.519996473657,-329.43718263757233],[215.68666314032367,-329.43718263757233],[215.68666314032365,-338.02953714117933],[215.68666314032365,-338.61287047451265],[215.68666314032365,-342.43718263757233],[226.019996473657,-342.43718263757233],[226.019996473657,-332.1585011477674],[226.019996473657,-329.43718263757233]]],"type":"Polygon"},"type":"Feature"},{"properties":{"Element":"Room","NCES_Department":"HR","Number":"206","occupancyStatus":"","Area_SF":695.15,"Revit_UniqueId":"3580b227-c831-478f-b2ec-6e80d1e4ee75-0057a559","NCES_Occupancy Status":"","Level":"LEVEL 1","RevitId":5743961,"Name":"FISCAL OFFICE","NCES_Type":"Open Office - Workstations"},"geometry":{"coordinates":[[[196.00056230840988,-356.660430587052],[196.04222897507654,-356.660430587052],[196.04222897507654,-356.9937639203853],[206.37556230840988,-356.9937639203854],[215.1672289750755,-356.9937639203854],[215.68806230840988,-356.9937639203854],[215.68806230840988,-355.07709725371876],[215.68806230840988,-353.9104305870521],[220.93666314032362,-353.91043058705213],[220.93666314032362,-351.60384930423896],[226.01999647365696,-351.60384930423896],[226.01999647365696,-351.1168344810982],[226.01999647365696,-347.8760041483737],[225.70749647365696,-347.8760041483737],[225.70749647365696,-346.771837481707],[226.01999647365696,-346.771837481707],[226.019996473657,-342.43718263757233],[215.68666314032365,-342.43718263757233],[215.68666314032365,-338.61287047451265],[215.31166314032365,-338.61287047451265],[215.31166314032365,-338.02953714117933],[215.68666314032365,-338.02953714117933],[215.68666314032367,-329.43718263757233],[225.519996473657,-329.43718263757233],[225.519996473657,-317.52051597090565],[219.72832980699033,-317.52051597090565],[219.72832980699033,-319.56218263757233],[209.269996473657,-319.56218263757216],[209.269996473657,-328.8782187472213],[209.269996473657,-336.1455159709055],[195.87556230840988,-336.1455159709054],[195.87556230840988,-342.3687639203854],[195.87556230840988,-345.3687639203854],[195.87556230840988,-351.8895972537187],[196.00056230840988,-351.8895972537187],[196.00056230840988,-356.660430587052]]],"type":"Polygon"},"type":"Feature"},{"properties":{"Element":"Room","NCES_Department":"Courthouse","Number":"67","occupancyStatus":"","Area_SF":1132.32,"Revit_UniqueId":"3580b227-c831-478f-b2ec-6e80d1e4ee75-0057ab0f","NCES_Occupancy Status":"","Level":"LEVEL 1","RevitId":5745423,"Name":"PUBLIC HALL","NCES_Type":"Corridor/Hallway"},"geometry":{"coordinates":[[[213.78005646563602,-308.0384601968643],[184.53005646563605,-308.0384601968642],[184.53005646563605,-308.3301268635309],[183.54222897507657,-308.3301268635309],[183.54222897507657,-319.68718263757165],[196.04222897507657,-319.6871826375719],[196.75056230840988,-319.6871826375719],[196.75056230840988,-319.5621826375719],[209.269996473657,-319.56218263757216],[219.72832980699033,-319.56218263757233],[219.72832980699033,-317.52051597090565],[225.519996473657,-317.52051597090565],[231.31166314032367,-317.52051597090565],[231.31166314032367,-319.6178595995217],[236.22832980699033,-319.6178595995217],[243.10532980698906,-319.6178595995217],[243.64499647365568,-319.6178595995217],[250.5219964736545,-319.6178595995217],[266.11622011537094,-319.6178595995218],[270.1866631403237,-319.6178595995218],[270.1866631403237,-317.4928595995218],[281.72832980699036,-317.4928595995218],[281.72832980699036,-319.5970262661885],[294.36825333622045,-319.5970262661885],[294.3682533362205,-308.4551268635312],[294.28692000288714,-308.4551268635312],[293.78492000288713,-308.4551268635312],[293.78492000288713,-308.0384601968645],[288.1967231323027,-308.0384601968645],[213.78005646563602,-308.0384601968643]]],"type":"Polygon"},"type":"Feature"},{"properties":{"Element":"Room","NCES_Department":"Courthouse","Number":"147","occupancyStatus":"","Area_SF":518.01,"Revit_UniqueId":"3580b227-c831-478f-b2ec-6e80d1e4ee75-0057ab12","NCES_Occupancy Status":"","Level":"LEVEL 1","RevitId":5745426,"Name":"PUBLIC HALL","NCES_Type":"Corridor/Hallway"},"geometry":{"coordinates":[[[183.54222897507657,-308.3301268635309],[165.38422313230268,-308.33012686353084],[165.3842231323027,-302.46843263757154],[157.6758897989699,-302.4684326375715],[157.03005646563656,-302.4684326375715],[144.8842231323027,-302.4684326375715],[144.8842231323027,-302.49532175655963],[144.8842231323027,-317.6038493042381],[156.21755646563656,-317.6038493042381],[157.03005646563656,-317.6038493042381],[157.03005646563656,-319.4788493042381],[157.03005646563656,-320.8538493042381],[174.9883897989699,-320.85384930423817],[183.46578900846265,-320.85384930423817],[183.53005646563653,-320.85384930423817],[183.63768950792434,-320.85384930423817],[196.04222897507657,-320.8538493042382],[196.04222897507657,-319.6871826375719],[183.54222897507657,-319.68718263757165],[183.54222897507657,-308.3301268635309]]],"type":"Polygon"},"type":"Feature"},{"properties":{"Element":"Room","NCES_Department":"Courthouse","Number":"149","occupancyStatus":"","Area_SF":224.08,"Revit_UniqueId":"3580b227-c831-478f-b2ec-6e80d1e4ee75-0057ab18","NCES_Occupancy Status":"","Level":"LEVEL 1","RevitId":5745432,"Name":"STAFF ENTRY","NCES_Type":"Corridor/Hallway"},"geometry":{"coordinates":[[[176.40505646563656,-286.41346019686443],[157.6758897989699,-286.4134601968644],[157.6758897989699,-302.4684326375715],[165.3842231323027,-302.46843263757154],[165.3842231323027,-297.83012686353084],[176.4050564656363,-297.83012686353084],[176.40505646563633,-297.49679353019775],[176.40505646563656,-286.41346019686443]]],"type":"Polygon"},"type":"Feature"},{"properties":{"Element":"Room","NCES_Department":"Courthouse","Number":"146","occupancyStatus":"","Area_SF":181.19,"Revit_UniqueId":"3580b227-c831-478f-b2ec-6e80d1e4ee75-0057ab1e","NCES_Occupancy Status":"","Level":"LEVEL 1","RevitId":5745438,"Name":"FIRE STAIR","NCES_Type":"Stair"},"geometry":{"coordinates":[[[184.53005646563628,-297.4967935301976],[176.40505646563633,-297.49679353019775],[176.40505646563633,-297.83012686353084],[165.3842231323027,-297.83012686353084],[165.3842231323027,-302.46843263757154],[165.38422313230268,-308.33012686353084],[183.54222897507657,-308.3301268635309],[184.53005646563605,-308.3301268635309],[184.53005646563605,-308.0384601968642],[184.53005646563628,-297.4967935301976]]],"type":"Polygon"},"type":"Feature"},{"properties":{"Element":"Room","NCES_Department":"Fiscal","Number":"223","occupancyStatus":"","Area_SF":137.31,"Revit_UniqueId":"3580b227-c831-478f-b2ec-6e80d1e4ee75-0057aef1","NCES_Occupancy Status":"","Level":"LEVEL 1","RevitId":5746417,"Name":"OFFICE","NCES_Type":"Private Office - Enclosed"},"geometry":{"coordinates":[[[269.5991758665481,-352.1836863274299],[279.5158425332147,-352.18368632742994],[279.51584253321477,-336.1029629066004],[273.4325091998814,-336.1029629066004],[273.4325091998814,-339.1029629066004],[269.5991758665481,-339.1029629066004],[269.5991758665481,-352.1836863274299]]],"type":"Polygon"},"type":"Feature"},{"properties":{"Element":"Room","NCES_Department":"HR","Number":"210","occupancyStatus":"","Area_SF":244.78,"Revit_UniqueId":"3580b227-c831-478f-b2ec-6e80d1e4ee75-0057aef4","NCES_Occupancy Status":"","Level":"LEVEL 1","RevitId":5746420,"Name":"OFFICE","NCES_Type":"Private Office - Enclosed"},"geometry":{"coordinates":[[[206.37556230840988,-369.92933448110006],[226.1225461571511,-369.9293344811001],[226.12254615715113,-356.9710011477673],[220.93666314032362,-356.97100114776725],[220.93666314032362,-355.07709725371876],[215.68806230840988,-355.07709725371876],[215.68806230840988,-357.3062639203854],[215.1672289750755,-357.3062639203854],[215.1672289750755,-356.9937639203854],[206.37556230840988,-356.9937639203854],[206.37556230840988,-369.92933448110006]]],"type":"Polygon"},"type":"Feature"},{"properties":{"Element":"Room","NCES_Department":"HR","Number":"209","occupancyStatus":"","Area_SF":114.75,"Revit_UniqueId":"3580b227-c831-478f-b2ec-6e80d1e4ee75-0057aef7","NCES_Occupancy Status":"","Level":"LEVEL 1","RevitId":5746423,"Name":"OFFICE","NCES_Type":"Private Office - Enclosed"},"geometry":{"coordinates":[[[196.04222897507657,-369.88766781443337],[196.75056230840988,-369.88766781443337],[196.75056230840988,-369.9293344811],[206.37556230840988,-369.92933448110006],[206.37556230840988,-356.9937639203854],[196.5838956417432,-356.9937639203853],[196.5838956417432,-357.55626392038533],[196.04222897507654,-357.55626392038533],[196.04222897507654,-357.722930587052],[196.04222897507657,-369.88766781443337]]],"type":"Polygon"},"type":"Feature"},{"properties":{"Element":"Room","NCES_Department":"HR","Number":"207","occupancyStatus":"","Area_SF":110.07,"Revit_UniqueId":"3580b227-c831-478f-b2ec-6e80d1e4ee75-0057af11","NCES_Occupancy Status":"","Level":"LEVEL 1","RevitId":5746449,"Name":"OFFICE","NCES_Type":"Private Office - Enclosed"},"geometry":{"coordinates":[[[196.04222897507657,-320.8538493042382],[196.04222897507657,-328.87821874722124],[209.269996473657,-328.8782187472213],[209.269996473657,-319.56218263757216],[196.75056230840988,-319.5621826375719],[196.75056230840988,-319.6871826375719],[196.04222897507657,-319.6871826375719],[196.04222897507657,-320.8538493042382]]],"type":"Polygon"},"type":"Feature"},{"properties":{"Element":"Room","NCES_Department":"CASA","Number":"1160A","occupancyStatus":"","Area_SF":298.17,"Revit_UniqueId":"3580b227-c831-478f-b2ec-6e80d1e4ee75-0057af14","NCES_Occupancy Status":"","Level":"LEVEL 1","RevitId":5746452,"Name":"Room","NCES_Type":"Corridor/Hallway"},"geometry":{"coordinates":[[[183.63768950792434,-320.85384930423817],[174.9883897989699,-320.85384930423817],[174.9883897989698,-357.7229305870519],[183.63768950792434,-357.72293058705196],[183.63768950792434,-353.1048354212375],[183.63768950792434,-345.9381687545709],[183.63768950792434,-345.36876392038533],[183.63768950792434,-344.82019241953316],[183.63768950792434,-337.6535257528665],[183.63768950792434,-333.0683520454528],[183.63768950792434,-332.5197805446006],[183.63768950792434,-325.35311387793394],[183.63768950792434,-320.85384930423817]]],"type":"Polygon"},"type":"Feature"},{"properties":{"Element":"Room","NCES_Department":"Courthouse","Number":"200","occupancyStatus":"","Area_SF":1012.41,"Revit_UniqueId":"3580b227-c831-478f-b2ec-6e80d1e4ee75-0057af6f","NCES_Occupancy Status":"","Level":"LEVEL 1","RevitId":5746543,"Name":"CORRIDOR","NCES_Type":"Corridor/Hallway"},"geometry":{"coordinates":[[[297.4515866695538,-308.3301268635312],[297.4515866695538,-308.4551268635312],[294.3682533362205,-308.4551268635312],[294.36825333622045,-319.5970262661885],[299.10332980699036,-319.5970262661885],[299.10332980699036,-319.5136929328552],[299.3168969731187,-319.5136929328552],[303.144996473657,-319.5136929328552],[303.144996473657,-319.5970262661885],[303.8116631403237,-319.5970262661885],[303.8116631403237,-319.5136929328552],[312.5039273647168,-319.5136929328552],[312.7174945308451,-319.5136929328552],[312.7174945308451,-319.6376678144343],[317.0924945308451,-319.6376678144343],[317.0924945308451,-319.1376678144343],[322.5924945308451,-319.1376678144343],[322.5924945308451,-319.6376678144343],[328.5716611975118,-319.6376678144343],[328.5716611975118,-319.1376678144343],[329.0924945308451,-319.1376678144343],[329.0924945308451,-319.6376678144343],[329.15619487075867,-319.6376678144343],[343.68856204042754,-319.6376678144342],[346.5635620404276,-319.6376678144342],[361.23952820409204,-319.6376678144342],[366.8228615374254,-319.6376678144342],[366.8228615374254,-304.9949801583696],[358.96593947271214,-304.9949801583696],[357.3916957146568,-304.9949801583696],[356.6416957146568,-304.9949801583696],[352.5271123813235,-304.9949801583696],[346.26669571465675,-304.9949801583696],[345.51669571465675,-304.9949801583696],[340.9646123813235,-304.9949801583696],[340.9646123813235,-303.9533134917029],[332.1104457146568,-303.9533134917029],[332.1104457146568,-304.9949801583696],[330.0479457146568,-304.9949801583696],[330.0479457146568,-303.95331349170294],[314.6521123813235,-303.9533134917029],[314.6521123813235,-304.9949801583696],[312.4021123813235,-304.9949801583696],[312.4021123813235,-302.8699801583696],[306.3812790479901,-302.8699801583695],[306.3812790479901,-308.3301268635312],[305.9229457146568,-308.3301268635312],[297.4515866695538,-308.3301268635312]]],"type":"Polygon"},"type":"Feature"},{"properties":{"Element":"Room","NCES_Department":"Clerk's Office","Number":"201","occupancyStatus":"","Area_SF":92.44,"Revit_UniqueId":"3580b227-c831-478f-b2ec-6e80d1e4ee75-0057af72","NCES_Occupancy Status":"","Level":"LEVEL 1","RevitId":5746546,"Name":"CLERK'S OFFICE","NCES_Type":"Open Office - Cubicles"},"geometry":{"coordinates":[[[331.3787482185853,-294.99498015836997],[331.3787482185854,-288.3283134917033],[324.21208155191863,-288.32831349170317],[324.045414885252,-288.32831349170317],[316.8787482185852,-288.3283134917033],[316.8787482185853,-294.99498015836997],[324.04541488525194,-294.99498015836986],[324.04541488525194,-292.74498015836986],[324.2120815519187,-292.74498015836986],[324.21208155191863,-294.99498015836986],[331.3787482185853,-294.99498015836997]]],"type":"Polygon"},"type":"Feature"},{"properties":{"Element":"Room","NCES_Department":"Courthouse","Number":"100","occupancyStatus":"","Area_SF":1851.41,"Revit_UniqueId":"3580b227-c831-478f-b2ec-6e80d1e4ee75-0057afe1","NCES_Occupancy Status":"","Level":"LEVEL 1","RevitId":5746657,"Name":"PUBLIC HALL","NCES_Type":"Corridor/Hallway"},"geometry":{"coordinates":[[[424.0508278641784,-319.6376678144341],[424.0508278641784,-319.7626678144341],[429.9674945308451,-319.7626678144341],[429.9674945308451,-304.6793344811008],[424.0508278641784,-304.6793344811008],[424.0508278641784,-303.1793344811008],[419.34261901583926,-303.1793344811008],[419.34261901583926,-304.99423176385955],[413.78492000288713,-304.9942317638595],[413.4932533362205,-304.9942317638595],[413.4932533362205,-304.8692317638595],[404.8057533362204,-304.8692317638595],[404.80575333622045,-297.70440492541303],[404.68075333622045,-297.70440492541303],[404.68075333622045,-297.37107159207966],[404.6807533362205,-281.51690492541303],[404.6807533362205,-278.4252447205554],[404.6807533362205,-277.82940492541303],[405.0557533362205,-277.82940492541303],[405.0557533362205,-274.58257563718024],[373.22242000288725,-274.58257563718024],[373.22242000288725,-274.83257563718024],[372.5140866695539,-274.83257563718024],[372.5140866695539,-279.75232180186606],[372.5140866695539,-280.9189884685327],[372.5140866695539,-293.3358706180502],[372.5140866695539,-299.4613201204376],[372.5140866695538,-300.4653201204376],[372.5140866695538,-304.9949801583696],[366.8228615374254,-304.9949801583696],[366.8228615374254,-319.6376678144342],[423.5455940313834,-319.6376678144341],[424.0508278641784,-319.6376678144341]]],"type":"Polygon"},"type":"Feature"},{"properties":{"Element":"Room","NCES_Department":"County Court","Number":"1220B","occupancyStatus":"","Area_SF":54.2,"Revit_UniqueId":"d3025871-b52e-416f-bd30-0e786a64f30c-00575043","NCES_Occupancy Status":"","Level":"LEVEL 1","RevitId":5752283,"Name":"HALL","NCES_Type":"Corridor/Hallway"},"geometry":{"coordinates":[[[131.535036357834,-220.87324357387382],[119.5561610853961,-220.87324357387376],[119.5561610853961,-225.97741024054042],[125.43116108539607,-225.97741024054045],[131.535036357834,-225.97741024054048],[131.535036357834,-220.87324357387382]]],"type":"Polygon"},"type":"Feature"},{"properties":{"Element":"Room","NCES_Department":"County Court","Number":"1236","occupancyStatus":"","Area_SF":191.36,"Revit_UniqueId":"d3025871-b52e-416f-bd30-0e786a64f30c-0057504a","NCES_Occupancy Status":"","Level":"LEVEL 1","RevitId":5752285,"Name":"COUNTY COURT RECECPT. / WAITING","NCES_Type":"Lobby/Reception"},"geometry":{"coordinates":[[[143.57670302450072,-219.57527316793133],[144.0558696911678,-219.57527316793133],[144.0558696911678,-208.95512686353086],[131.535036357834,-208.9551268635308],[131.535036357834,-220.87324357387382],[131.535036357834,-225.97741024054048],[143.57670302450072,-225.9774102405405],[143.57670302450072,-219.57527316793133]]],"type":"Polygon"},"type":"Feature"},{"properties":{"Element":"Room","NCES_Department":"County Court","Number":"1220A","occupancyStatus":"","Area_SF":116.83,"Revit_UniqueId":"d3025871-b52e-416f-bd30-0e786a64f30c-00575088","NCES_Occupancy Status":"","Level":"LEVEL 1","RevitId":5752288,"Name":"HALL","NCES_Type":"Corridor/Hallway"},"geometry":{"coordinates":[[[157.3683696911674,-225.97741024054056],[157.36836969116737,-238.14262686353095],[167.5558696911674,-238.142626863531],[167.5558696911674,-231.70560111228912],[167.5558696911674,-225.9774102405406],[157.3683696911674,-225.97741024054056]]],"type":"Polygon"},"type":"Feature"},{"properties":{"Element":"Room","NCES_Department":"Courthouse","Number":"1434","occupancyStatus":"","Area_SF":123.16,"Revit_UniqueId":"d3025871-b52e-416f-bd30-0e786a64f30c-0057524a","NCES_Occupancy Status":"","Level":"LEVEL 1","RevitId":5752296,"Name":"SECURITY STATION","NCES_Type":"Security Screening"},"geometry":{"coordinates":[[[-41.32392588878713,-223.70751505428777],[-41.32392588878838,-221.02320314627642],[-40.249928349277184,-220.87148513309722],[-40.23353200245106,-220.99228641947423],[-35.6751983022225,-220.47919617302605],[-35.68599323451474,-220.35859677512292],[-34.34745882254322,-220.2483368761709],[-34.34745882254322,-211.45402331329865],[-46.00670424377216,-212.88556601199713],[-46.04027160689276,-212.69645174088788],[-47.69074266142229,-212.99392407771592],[-47.65703145469422,-213.17370392545223],[-50.08785172231205,-213.6556203653648],[-46.346908871967685,-221.6780981971591],[-41.32392588878713,-223.70751505428777]]],"type":"Polygon"},"type":"Feature"},{"properties":{"Element":"Room","NCES_Department":"Juvenile Court","Number":"1441","occupancyStatus":"","Area_SF":211.96,"Revit_UniqueId":"d3025871-b52e-416f-bd30-0e786a64f30c-0057558b","NCES_Occupancy Status":"","Level":"LEVEL 1","RevitId":5752304,"Name":"JUVENILE COURT WAITING","NCES_Type":"Waiting/Queue Area"},"geometry":{"coordinates":[[[-64.57417213582164,-319.2626678144325],[-61.7437999613162,-319.2626678144325],[-59.27311393813778,-321.73335383761093],[-59.27311393813778,-328.2626678144326],[-59.27311393813784,-340.01250434062223],[-53.89657325535501,-340.0125043406223],[-53.89657325535495,-318.6468420148956],[-53.89657325535495,-308.3876678144326],[-56.00073992202158,-308.3876678144326],[-64.57417213582164,-308.3876678144326],[-64.57417213582164,-319.2626678144325]]],"type":"Polygon"},"type":"Feature"},{"properties":{"Element":"Room","NCES_Department":"Courthouse","Number":"1465","occupancyStatus":"","Area_SF":1689.07,"Revit_UniqueId":"d3025871-b52e-416f-bd30-0e786a64f30c-00575603","NCES_Occupancy Status":"","Level":"LEVEL 1","RevitId":5752307,"Name":"PUBLIC CORR.","NCES_Type":"Corridor/Hallway"},"geometry":{"coordinates":[[[-32.42221638840607,-301.163934445622],[-33.151383055072756,-301.163934445622],[-41.392676392971566,-301.163934445622],[-41.39267639297151,-274.6557912096622],[-41.39267639297151,-262.4347677789553],[-42.26767639297151,-262.4347677789553],[-42.26767639297151,-262.63766781443263],[-42.76967639297152,-262.63766781443263],[-53.896573255354895,-262.6376678144326],[-53.896573255354895,-264.84600114776595],[-55.521573255354895,-264.84600114776595],[-55.521573255354895,-266.79910064830426],[-55.521573255354895,-267.05433448109926],[-55.56323992202158,-267.05433448109926],[-55.56323992202158,-269.30433448109926],[-53.979906588688266,-269.30433448109926],[-53.97990658868832,-293.92933448109926],[-53.89657325535495,-293.92933448109926],[-53.89657325535495,-301.6376678144326],[-56.00073992202158,-301.6376678144326],[-56.00073992202158,-308.3876678144326],[-53.89657325535495,-308.3876678144326],[-53.89657325535495,-318.6468420148956],[-53.89657325535501,-340.0125043406223],[-53.896573255355065,-369.8876678144326],[-51.75714668145781,-369.8876678144326],[-49.09048001479118,-369.8876678144326],[-47.75714668145787,-369.8876678144326],[-45.09048001479124,-369.8876678144326],[-43.757146681457925,-369.8876678144326],[-41.0904800147913,-369.8876678144326],[-37.005549721739555,-369.8876678144326],[-37.005549721739555,-357.0060489625577],[-36.255549721739555,-357.0060489625577],[-36.25554972173944,-317.7681011122886],[-32.42221638840607,-317.7681011122886],[-32.42221638840607,-310.72239069635924],[-32.42221638840607,-306.63905736302706],[-32.42221638840607,-301.74726777895535],[-32.42221638840607,-301.163934445622]]],"type":"Polygon"},"type":"Feature"},{"properties":{"Element":"Room","NCES_Department":"District Court","Number":"1195","occupancyStatus":"","Area_SF":193.82,"Revit_UniqueId":"d3025871-b52e-416f-bd30-0e786a64f30c-005756f3","NCES_Occupancy Status":"","Level":"LEVEL 1","RevitId":5752309,"Name":"COPY/WORK AREA/STORAGE","NCES_Type":"Copy/Print/Mail Area"},"geometry":{"coordinates":[[[78.92583816286682,-337.98499430733955],[78.92583816286685,-322.91704713748845],[65.99230899433502,-322.9170471374884],[65.71750482953348,-322.9170471374884],[65.71750482953348,-328.4340928014083],[65.71750482953345,-335.52379163124596],[65.71750482953345,-337.98499430733955],[78.92583816286682,-337.98499430733955]]],"type":"Polygon"},"type":"Feature"},{"properties":{"Element":"Room","NCES_Department":"Courthouse","Number":"1171","occupancyStatus":"","Area_SF":215.9,"Revit_UniqueId":"d3025871-b52e-416f-bd30-0e786a64f30c-005757e4","NCES_Occupancy Status":"","Level":"LEVEL 1","RevitId":5752324,"Name":"HALL","NCES_Type":"Corridor/Hallway"},"geometry":{"coordinates":[[[141.78038744697807,-299.3030236545471],[141.78038744697807,-291.3855342849882],[141.78038744697807,-286.2605342849882],[136.36400302047093,-286.2605342849882],[136.36400302047093,-292.8230342849882],[136.3640030204709,-301.5934326375715],[136.3640030204709,-302.2184326375715],[136.36400302047088,-313.0522009516548],[136.36400302047088,-318.8022009516548],[144.23833816286682,-318.80220095165487],[144.23833816286682,-317.6038493042381],[144.8842231323027,-317.6038493042381],[144.8842231323027,-302.4068593398717],[144.38329643000247,-301.9059326375714],[141.78038744697807,-299.3030236545471]]],"type":"Polygon"},"type":"Feature"},{"properties":{"Element":"Room","NCES_Department":"Planning","Number":"219","occupancyStatus":"","Area_SF":361.52,"Revit_UniqueId":"ed0426dd-57a9-4be0-9337-75d177aa7e1e-0057c6d6","NCES_Occupancy Status":"","Level":"LEVEL 1","RevitId":5752534,"Name":"HR OFFICE","NCES_Type":"Open Office - Workstations"},"geometry":{"coordinates":[[[241.60171282381785,-332.2835011477674],[241.60171282381785,-332.49183448110074],[252.03921282381785,-332.49183448110074],[266.11622011537094,-332.4918344811008],[266.11622011537094,-319.6178595995218],[250.0199964736545,-319.6178595995217],[250.01999647365446,-319.9928595995217],[247.14464077514603,-319.9928595995217],[247.14464077514603,-320.95119293285507],[246.0613074418127,-320.95119293285507],[246.06130744181272,-319.9928595995217],[243.64499647365568,-319.9928595995217],[243.64499647365568,-319.6178595995217],[242.60332980698908,-319.6178595995217],[242.60332980698905,-319.9928595995217],[236.22832980699033,-319.9928595995217],[236.2283298069903,-332.28350114776737],[241.09971282381787,-332.2835011477674],[241.60171282381785,-332.2835011477674]]],"type":"Polygon"},"type":"Feature"},{"properties":{"Element":"Room","NCES_Department":"County Attorney","Number":"150","occupancyStatus":"","Area_SF":119.87,"Revit_UniqueId":"4f2c8e2c-ed01-4e16-9168-099e39d13cd9-00597663","NCES_Occupancy Status":"","Level":"LEVEL 1","RevitId":5863011,"Name":"OFFICE","NCES_Type":"Private Office - Enclosed"},"geometry":{"coordinates":[[[40.01372763716702,-225.41315292711897],[40.097060970500365,-225.41315292711897],[40.097060970500365,-214.2741586229495],[30.920060573719837,-214.27415862294947],[30.92006057371981,-230.03581786190423],[39.619285634224894,-226.6047667372256],[40.01372763716702,-226.39417998236172],[40.01372763716702,-226.23503340362515],[40.01372763716702,-225.41315292711897]]],"type":"Polygon"},"type":"Feature"},{"properties":{"Element":"Room","NCES_Department":"HR","Number":"152","occupancyStatus":"","Area_SF":89.26,"Revit_UniqueId":"a781cebf-bb24-4cd5-b2a7-40a1686a1613-0059da45","NCES_Occupancy Status":"","Level":"LEVEL 1","RevitId":5893374,"Name":"OFFICE","NCES_Type":"Private Office - Enclosed"},"geometry":{"coordinates":[[[195.87556230840988,-333.0683520454528],[195.87556230840988,-336.1455159709054],[209.269996473657,-336.1455159709055],[209.269996473657,-328.8782187472213],[196.04222897507657,-328.87821874722124],[195.87556230840988,-328.87821874722124],[195.87556230840988,-333.0683520454528]]],"type":"Polygon"},"type":"Feature"},{"properties":{"Element":"Room","NCES_Department":"Fiscal","Number":"153","occupancyStatus":"","Area_SF":125.02,"Revit_UniqueId":"a781cebf-bb24-4cd5-b2a7-40a1686a1613-0059dc61","NCES_Occupancy Status":"","Level":"LEVEL 1","RevitId":5893386,"Name":"HALLWAY","NCES_Type":"Corridor/Hallway"},"geometry":{"coordinates":[[[252.03921282381785,-338.6543804512622],[252.03921282381785,-339.10296290660034],[257.26584253321477,-339.10296290660034],[259.7241758665481,-339.1029629066004],[269.5991758665481,-339.1029629066004],[273.4325091998814,-339.1029629066004],[273.4325091998814,-336.1029629066004],[273.4325091998814,-333.7036536483125],[266.11622011537094,-333.70365364831247],[266.11622011537094,-332.4918344811008],[252.03921282381785,-332.49183448110074],[252.03921282381785,-337.98771378459554],[252.03921282381785,-338.6543804512622]]],"type":"Polygon"},"type":"Feature"},{"properties":{"Element":"Room","NCES_Department":"Courthouse","Number":"154","occupancyStatus":"","Area_SF":55.07,"Revit_UniqueId":"ff174df5-aa56-4cf3-8b96-de91d724416a-0059ee97","NCES_Occupancy Status":"","Level":"LEVEL 1","RevitId":5896916,"Name":"ELEVATOR","NCES_Type":"Elevator/Lift"},"geometry":{"coordinates":[[[31.462457267749215,-62.319643644524774],[24.61390517350901,-62.319643644524746],[24.61390517350901,-66.21234722719703],[24.61390517350901,-71.65118095136822],[29.2853739344159,-71.65118095136822],[31.462457267749215,-71.65118095136822],[31.462457267749215,-64.61851652941385],[31.462457267749215,-62.319643644524774]]],"type":"Polygon"},"type":"Feature"}],"name":"633004_SarpyMP Courthouse_R26 - LEVEL 1","type":"FeatureCollection"}