{
  "type": "FeatureCollection", 
  "features": [
    {
      "type": "Feature", 
      "geometry": {
        "type": "Polygon", 
        "coordinates": [
          [
            [
              -95.576052206781668, 
              42.758594099441083
            ], 
            [
              -95.576052206781668, 
              42.758610010613239
            ], 
            [
              -95.576052206781668, 
              42.758625807316541
            ], 
            [
              -95.576052206781668, 
              42.758628096693826
            ], 
            [
              -95.576089000270798, 
              42.758628096693826
            ], 
            [
              -95.576089000270798, 
              42.758625807316541
            ], 
            [
              -95.576088376652336, 
              42.758625807316541
            ], 
            [
              -95.576088376652336, 
              42.758613559148039
            ], 
            [
              -95.576070291717002, 
              42.758613559148039
            ], 
            [
              -95.576070291717002, 
              42.758594099441083
            ], 
            [
              -95.576052206781668, 
              42.758594099441083
            ]
          ]
        ]
      }, 
      "properties": {
        "Workstations": "", 
        "Area_SF": 66.010000000000005, 
        "NCES_Department": "TRP", 
        "Seat Count": "", 
        "RevitId": 5488467, 
        "NCES_Occupancy Status": "", 
        "Revit_UniqueId": "6ebf26b8-73a3-48fd-a018-c3dd2b164add-0053bf53", 
        "Level": "BASEMENT", 
        "occupancyStatus": "Occupied", 
        "Number": "2.0", 
        "Name": "STAIR", 
        "NCES_Type": "Stair", 
        "Element": "Room"
      }
    }, 
    {
      "type": "Feature", 
      "geometry": {
        "type": "Polygon", 
        "coordinates": [
          [
            [
              -95.576005504411128, 
              42.758623975814707
            ], 
            [
              -95.576005504411128, 
              42.758625807316541
            ], 
            [
              -95.576052206781668, 
              42.758625807316541
            ], 
            [
              -95.576052206781668, 
              42.758610010613239
            ], 
            [
              -95.576005504411128, 
              42.758610010613239
            ], 
            [
              -95.576005504411128, 
              42.758623975814707
            ]
          ]
        ]
      }, 
      "properties": {
        "Workstations": "", 
        "Area_SF": 58.090000000000003, 
        "NCES_Department": "TRP", 
        "Seat Count": "", 
        "RevitId": 5488470, 
        "NCES_Occupancy Status": "", 
        "Revit_UniqueId": "6ebf26b8-73a3-48fd-a018-c3dd2b164add-0053bf56", 
        "Level": "BASEMENT", 
        "occupancyStatus": "Occupied", 
        "Number": "014", 
        "Name": "CORRIDOR", 
        "NCES_Type": "Corridor/Hallway", 
        "Element": "Room"
      }
    }, 
    {
      "type": "Feature", 
      "geometry": {
        "type": "Polygon", 
        "coordinates": [
          [
            [
              -95.575942830755906, 
              42.758673509069979
            ], 
            [
              -95.576005504411128, 
              42.758673509069979
            ], 
            [
              -95.576005504411128, 
              42.758671705979843
            ], 
            [
              -95.576005504411128, 
              42.758625807316541
            ], 
            [
              -95.576005504411128, 
              42.758623975814707
            ], 
            [
              -95.575937818110731, 
              42.758623975814707
            ], 
            [
              -95.575937062285149, 
              42.758623975814707
            ], 
            [
              -95.575937062285149, 
              42.758643689930786
            ], 
            [
              -95.575937062285149, 
              42.758668847609577
            ], 
            [
              -95.575942830755906, 
              42.758668847609577
            ], 
            [
              -95.575942830755906, 
              42.758673509069979
            ]
          ]
        ]
      }, 
      "properties": {
        "Workstations": "", 
        "Area_SF": 290.01999999999998, 
        "NCES_Department": "TRP", 
        "Seat Count": "", 
        "RevitId": 5488481, 
        "NCES_Occupancy Status": "", 
        "Revit_UniqueId": "6ebf26b8-73a3-48fd-a018-c3dd2b164add-0053bf61", 
        "Level": "BASEMENT", 
        "occupancyStatus": "Occupied", 
        "Number": "013E", 
        "Name": "VISITATION/GROUP ROOM", 
        "NCES_Type": "Visitation Room", 
        "Element": "Room"
      }
    }, 
    {
      "type": "Feature", 
      "geometry": {
        "type": "Polygon", 
        "coordinates": [
          [
            [
              -95.576005504411128, 
              42.758623975814707
            ], 
            [
              -95.576005504411128, 
              42.758610010613239
            ], 
            [
              -95.576005504411128, 
              42.758565707811343
            ], 
            [
              -95.576005504411128, 
              42.758564105247238
            ], 
            [
              -95.575936126857471, 
              42.758564105247238
            ], 
            [
              -95.575936126857471, 
              42.758607603415740
            ], 
            [
              -95.575936126857471, 
              42.758623975814707
            ], 
            [
              -95.576005504411128, 
              42.758623975814707
            ]
          ]
        ]
      }, 
      "properties": {
        "Workstations": "", 
        "Area_SF": 362.98000000000002, 
        "NCES_Department": "TRP", 
        "Seat Count": "", 
        "RevitId": 5488484, 
        "NCES_Occupancy Status": "", 
        "Revit_UniqueId": "6ebf26b8-73a3-48fd-a018-c3dd2b164add-0053bf64", 
        "Level": "BASEMENT", 
        "occupancyStatus": "Occupied", 
        "Number": "013", 
        "Name": "EXERCISE / REC ROOM", 
        "NCES_Type": "Fitness Room", 
        "Element": "Room"
      }
    }, 
    {
      "type": "Feature", 
      "geometry": {
        "type": "Polygon", 
        "coordinates": [
          [
            [
              -95.575872361869941, 
              42.758673451835548
            ], 
            [
              -95.575872361869941, 
              42.758676199088292
            ], 
            [
              -95.575930670195945, 
              42.758676199088292
            ], 
            [
              -95.575930670195945, 
              42.758673509069979
            ], 
            [
              -95.575930670195945, 
              42.758671219692694
            ], 
            [
              -95.575929578863636, 
              42.758671219692694
            ], 
            [
              -95.575929578863636, 
              42.758668847609577
            ], 
            [
              -95.575937062285149, 
              42.758668847609577
            ], 
            [
              -95.575937062285149, 
              42.758643689930786
            ], 
            [
              -95.575885925571441, 
              42.758643689930786
            ], 
            [
              -95.575885925571441, 
              42.758670704582798
            ], 
            [
              -95.575872361869941, 
              42.758670704582798
            ], 
            [
              -95.575872361869941, 
              42.758673451835548
            ]
          ]
        ]
      }, 
      "properties": {
        "Workstations": "", 
        "Area_SF": 141.72000000000000, 
        "NCES_Department": "TRP", 
        "Seat Count": "", 
        "RevitId": 5488487, 
        "NCES_Occupancy Status": "", 
        "Revit_UniqueId": "6ebf26b8-73a3-48fd-a018-c3dd2b164add-0053bf67", 
        "Level": "BASEMENT", 
        "occupancyStatus": "Occupied", 
        "Number": "013D", 
        "Name": "VIRTUAL VISIT", 
        "NCES_Type": "Visitation Room", 
        "Element": "Room"
      }
    }, 
    {
      "type": "Feature", 
      "geometry": {
        "type": "Polygon", 
        "coordinates": [
          [
            [
              -95.575872361869941, 
              42.758648268685363
            ], 
            [
              -95.575872361869941, 
              42.758636363923458
            ], 
            [
              -95.575849287986927, 
              42.758636363923458
            ], 
            [
              -95.575849287986927, 
              42.758648268685363
            ], 
            [
              -95.575872361869941, 
              42.758648268685363
            ]
          ]
        ]
      }, 
      "properties": {
        "Workstations": "", 
        "Area_SF": 20.699999999999999, 
        "NCES_Department": "TRP", 
        "Seat Count": "", 
        "RevitId": 5488591, 
        "NCES_Occupancy Status": "", 
        "Revit_UniqueId": "6ebf26b8-73a3-48fd-a018-c3dd2b164add-0053bfcf", 
        "Level": "BASEMENT", 
        "occupancyStatus": "Occupied", 
        "Number": "013C", 
        "Name": "MECH", 
        "NCES_Type": "Mechanical Room", 
        "Element": "Room"
      }
    }, 
    {
      "type": "Feature", 
      "geometry": {
        "type": "Polygon", 
        "coordinates": [
          [
            [
              -95.575795968608602, 
              42.758673451835548
            ], 
            [
              -95.575872361869941, 
              42.758673451835548
            ], 
            [
              -95.575872361869941, 
              42.758670704582798
            ], 
            [
              -95.575872361869941, 
              42.758648268685363
            ], 
            [
              -95.575849287986927, 
              42.758648268685363
            ], 
            [
              -95.575827202079708, 
              42.758648268685363
            ], 
            [
              -95.575810063389056, 
              42.758648268685363
            ], 
            [
              -95.575795968608602, 
              42.758648268685363
            ], 
            [
              -95.575795968608602, 
              42.758673451835548
            ]
          ]
        ]
      }, 
      "properties": {
        "Workstations": "", 
        "Area_SF": 151.33000000000001, 
        "NCES_Department": "TRP", 
        "Seat Count": "", 
        "RevitId": 5488594, 
        "NCES_Occupancy Status": "", 
        "Revit_UniqueId": "6ebf26b8-73a3-48fd-a018-c3dd2b164add-0053bfd2", 
        "Level": "BASEMENT", 
        "occupancyStatus": "Occupied", 
        "Number": "012", 
        "Name": "LEGAL ROOM", 
        "NCES_Type": "Legal Room", 
        "Element": "Room"
      }
    }, 
    {
      "type": "Feature", 
      "geometry": {
        "type": "Polygon", 
        "coordinates": [
          [
            [
              -95.575827202079708, 
              42.758648268685363
            ], 
            [
              -95.575849287986927, 
              42.758648268685363
            ], 
            [
              -95.575849287986927, 
              42.758636363923458
            ], 
            [
              -95.575849287986927, 
              42.758618025939974
            ], 
            [
              -95.575827202079708, 
              42.758618025939974
            ], 
            [
              -95.575827202079708, 
              42.758648268685363
            ]
          ]
        ]
      }, 
      "properties": {
        "Workstations": "", 
        "Area_SF": 57.420000000000002, 
        "NCES_Department": "TRP", 
        "Seat Count": "", 
        "RevitId": 5488597, 
        "NCES_Occupancy Status": "", 
        "Revit_UniqueId": "6ebf26b8-73a3-48fd-a018-c3dd2b164add-0053bfd5", 
        "Level": "BASEMENT", 
        "occupancyStatus": "Occupied", 
        "Number": "013B", 
        "Name": "STORAGE", 
        "NCES_Type": "General Storage", 
        "Element": "Room"
      }
    }, 
    {
      "type": "Feature", 
      "geometry": {
        "type": "Polygon", 
        "coordinates": [
          [
            [
              -95.575810063389056, 
              42.758648268685363
            ], 
            [
              -95.575827202079708, 
              42.758648268685363
            ], 
            [
              -95.575827202079708, 
              42.758618025939974
            ], 
            [
              -95.575810063389056, 
              42.758618025939974
            ], 
            [
              -95.575810063389056, 
              42.758648268685363
            ]
          ]
        ]
      }, 
      "properties": {
        "Workstations": "", 
        "Area_SF": 43.579999999999998, 
        "NCES_Department": "TRP", 
        "Seat Count": "", 
        "RevitId": 5488600, 
        "NCES_Occupancy Status": "", 
        "Revit_UniqueId": "6ebf26b8-73a3-48fd-a018-c3dd2b164add-0053bfd8", 
        "Level": "BASEMENT", 
        "occupancyStatus": "Occupied", 
        "Number": "011", 
        "Name": "ELECT.", 
        "NCES_Type": "Electrical Room", 
        "Element": "Room"
      }
    }, 
    {
      "type": "Feature", 
      "geometry": {
        "type": "Polygon", 
        "coordinates": [
          [
            [
              -95.575872113425817, 
              42.758596843342481
            ], 
            [
              -95.575873360662740, 
              42.758596843342481
            ], 
            [
              -95.575873360662740, 
              42.758591804873902
            ], 
            [
              -95.575865097718136, 
              42.758591804873902
            ], 
            [
              -95.575834243191579, 
              42.758591804873902
            ], 
            [
              -95.575804543362423, 
              42.758591804873902
            ], 
            [
              -95.575798151273219, 
              42.758591804873902
            ], 
            [
              -95.575798151273219, 
              42.758592726764661
            ], 
            [
              -95.575798151273219, 
              42.758593654023258
            ], 
            [
              -95.575798151273219, 
              42.758594105885543
            ], 
            [
              -95.575798151273219, 
              42.758614945232054
            ], 
            [
              -95.575795968608602, 
              42.758614945232054
            ], 
            [
              -95.575795968608602, 
              42.758616730997439
            ], 
            [
              -95.575795968608602, 
              42.758618025939974
            ], 
            [
              -95.575810063389056, 
              42.758618025939974
            ], 
            [
              -95.575827202079708, 
              42.758618025939974
            ], 
            [
              -95.575849287986927, 
              42.758618025939974
            ], 
            [
              -95.575872113425817, 
              42.758618025939974
            ], 
            [
              -95.575872113425817, 
              42.758596843342481
            ]
          ]
        ]
      }, 
      "properties": {
        "Workstations": "", 
        "Area_SF": 174.72000000000000, 
        "NCES_Department": "TRP", 
        "Seat Count": "", 
        "RevitId": 5488603, 
        "NCES_Occupancy Status": "", 
        "Revit_UniqueId": "6ebf26b8-73a3-48fd-a018-c3dd2b164add-0053bfdb", 
        "Level": "BASEMENT", 
        "occupancyStatus": "Occupied", 
        "Number": "015", 
        "Name": "CORRIDOR", 
        "NCES_Type": "Corridor/Hallway", 
        "Element": "Room"
      }
    }, 
    {
      "type": "Feature", 
      "geometry": {
        "type": "Polygon", 
        "coordinates": [
          [
            [
              -95.575863226862765, 
              42.758563189496321
            ], 
            [
              -95.575834243191579, 
              42.758563189496321
            ], 
            [
              -95.575834243191579, 
              42.758591804873902
            ], 
            [
              -95.575865097718136, 
              42.758591804873902
            ], 
            [
              -95.575865097718136, 
              42.758587628598889
            ], 
            [
              -95.575868995333522, 
              42.758587628598889
            ], 
            [
              -95.575868995333522, 
              42.758566337390100
            ], 
            [
              -95.575863226862765, 
              42.758566337390100
            ], 
            [
              -95.575863226862765, 
              42.758563189496321
            ]
          ]
        ]
      }, 
      "properties": {
        "Workstations": "", 
        "Area_SF": 82.0, 
        "NCES_Department": "TRP", 
        "Seat Count": "", 
        "RevitId": 5488606, 
        "NCES_Occupancy Status": "", 
        "Revit_UniqueId": "6ebf26b8-73a3-48fd-a018-c3dd2b164add-0053bfde", 
        "Level": "BASEMENT", 
        "occupancyStatus": "Occupied", 
        "Number": "016", 
        "Name": "TOILET", 
        "NCES_Type": "Single Stall Restroom", 
        "Element": "Room"
      }
    }, 
    {
      "type": "Feature", 
      "geometry": {
        "type": "Polygon", 
        "coordinates": [
          [
            [
              -95.575834243191579, 
              42.758563189496321
            ], 
            [
              -95.575804543362423, 
              42.758563189496321
            ], 
            [
              -95.575804543362423, 
              42.758591804873902
            ], 
            [
              -95.575834243191579, 
              42.758591804873902
            ], 
            [
              -95.575834243191579, 
              42.758563189496321
            ]
          ]
        ]
      }, 
      "properties": {
        "Workstations": "", 
        "Area_SF": 71.799999999999997, 
        "NCES_Department": "TRP", 
        "Seat Count": "", 
        "RevitId": 5488609, 
        "NCES_Occupancy Status": "", 
        "Revit_UniqueId": "6ebf26b8-73a3-48fd-a018-c3dd2b164add-0053bfe1", 
        "Level": "BASEMENT", 
        "occupancyStatus": "Occupied", 
        "Number": "017", 
        "Name": "TOILET", 
        "NCES_Type": "Single Stall Restroom", 
        "Element": "Room"
      }
    }, 
    {
      "type": "Feature", 
      "geometry": {
        "type": "Polygon", 
        "coordinates": [
          [
            [
              -95.575872361869941, 
              42.758648268685363
            ], 
            [
              -95.575872361869941, 
              42.758670704582798
            ], 
            [
              -95.575885925571441, 
              42.758670704582798
            ], 
            [
              -95.575885925571441, 
              42.758643689930786
            ], 
            [
              -95.575937062285149, 
              42.758643689930786
            ], 
            [
              -95.575937062285149, 
              42.758623975814707
            ], 
            [
              -95.575936126857471, 
              42.758623975814707
            ], 
            [
              -95.575936126857471, 
              42.758622596693826
            ], 
            [
              -95.575936126857471, 
              42.758607603415740
            ], 
            [
              -95.575936126857471, 
              42.758564105247238
            ], 
            [
              -95.575873360662740, 
              42.758564105247238
            ], 
            [
              -95.575873360662740, 
              42.758564577501360
            ], 
            [
              -95.575873360662740, 
              42.758591804873902
            ], 
            [
              -95.575873360662740, 
              42.758596843342481
            ], 
            [
              -95.575872113425817, 
              42.758596843342481
            ], 
            [
              -95.575872113425817, 
              42.758618025939974
            ], 
            [
              -95.575849287986927, 
              42.758618025939974
            ], 
            [
              -95.575849287986927, 
              42.758636363923458
            ], 
            [
              -95.575872361869941, 
              42.758636363923458
            ], 
            [
              -95.575872361869941, 
              42.758648268685363
            ]
          ]
        ]
      }, 
      "properties": {
        "Workstations": "", 
        "Area_SF": 524.35000000000002, 
        "NCES_Department": "TRP", 
        "Seat Count": "", 
        "RevitId": 5488612, 
        "NCES_Occupancy Status": "", 
        "Revit_UniqueId": "6ebf26b8-73a3-48fd-a018-c3dd2b164add-0053bfe4", 
        "Level": "BASEMENT", 
        "occupancyStatus": "Occupied", 
        "Number": "013A", 
        "Name": "KITCHEN", 
        "NCES_Type": "Kitchen", 
        "Element": "Room"
      }
    }, 
    {
      "type": "Feature", 
      "geometry": {
        "type": "Polygon", 
        "coordinates": [
          [
            [
              -95.575721446202650, 
              42.758616730997439
            ], 
            [
              -95.575721446202650, 
              42.758684440846537
            ], 
            [
              -95.575726746959560, 
              42.758684440846537
            ], 
            [
              -95.575795033180910, 
              42.758684440846537
            ], 
            [
              -95.575795033180910, 
              42.758673451835548
            ], 
            [
              -95.575795968608602, 
              42.758673451835548
            ], 
            [
              -95.575795968608602, 
              42.758648268685363
            ], 
            [
              -95.575795968608602, 
              42.758618025939974
            ], 
            [
              -95.575795968608602, 
              42.758616730997439
            ], 
            [
              -95.575721446202650, 
              42.758616730997439
            ]
          ]
        ]
      }, 
      "properties": {
        "Workstations": "", 
        "Area_SF": 426.27999999999997, 
        "NCES_Department": "CCUSO", 
        "Seat Count": "", 
        "RevitId": 5488636, 
        "NCES_Occupancy Status": "", 
        "Revit_UniqueId": "6ebf26b8-73a3-48fd-a018-c3dd2b164add-0053bffc", 
        "Level": "BASEMENT", 
        "occupancyStatus": "Occupied", 
        "Number": "009", 
        "Name": "COMPUTER LAB", 
        "NCES_Type": "Computer Lab", 
        "Element": "Room"
      }
    }, 
    {
      "type": "Feature", 
      "geometry": {
        "type": "Polygon", 
        "coordinates": [
          [
            [
              -95.575798151273219, 
              42.758579677314110
            ], 
            [
              -95.575798151273219, 
              42.758566019710521
            ], 
            [
              -95.575794296570393, 
              42.758563189496321
            ], 
            [
              -95.575781198837063, 
              42.758553572829996
            ], 
            [
              -95.575781198837063, 
              42.758551517973451
            ], 
            [
              -95.575730338975475, 
              42.758551517973451
            ], 
            [
              -95.575717491171872, 
              42.758551517973451
            ], 
            [
              -95.575717491171872, 
              42.758579677314110
            ], 
            [
              -95.575739358032877, 
              42.758579677314110
            ], 
            [
              -95.575763228639460, 
              42.758579677314110
            ], 
            [
              -95.575779442719423, 
              42.758579677314110
            ], 
            [
              -95.575798151273219, 
              42.758579677314110
            ]
          ]
        ]
      }, 
      "properties": {
        "Workstations": "", 
        "Area_SF": 181.91000000000000, 
        "NCES_Department": "CCUSO", 
        "Seat Count": "", 
        "RevitId": 5488643, 
        "NCES_Occupancy Status": "", 
        "Revit_UniqueId": "6ebf26b8-73a3-48fd-a018-c3dd2b164add-0053c003", 
        "Level": "BASEMENT", 
        "occupancyStatus": "Occupied", 
        "Number": "018", 
        "Name": "LAUNDRY", 
        "NCES_Type": "Laundry", 
        "Element": "Room"
      }
    }, 
    {
      "type": "Feature", 
      "geometry": {
        "type": "Polygon", 
        "coordinates": [
          [
            [
              -95.575779442719423, 
              42.758579677314110
            ], 
            [
              -95.575763228639460, 
              42.758579677314110
            ], 
            [
              -95.575763228639460, 
              42.758592726764661
            ], 
            [
              -95.575779442719423, 
              42.758592726764661
            ], 
            [
              -95.575779442719423, 
              42.758579677314110
            ]
          ]
        ]
      }, 
      "properties": {
        "Workstations": "", 
        "Area_SF": 16.289999999999999, 
        "NCES_Department": "CCUSO", 
        "Seat Count": "", 
        "RevitId": 5488646, 
        "NCES_Occupancy Status": "", 
        "Revit_UniqueId": "6ebf26b8-73a3-48fd-a018-c3dd2b164add-0053c006", 
        "Level": "BASEMENT", 
        "occupancyStatus": "Occupied", 
        "Number": "005A", 
        "Name": "CLOSET", 
        "NCES_Type": "Closet", 
        "Element": "Room"
      }
    }, 
    {
      "type": "Feature", 
      "geometry": {
        "type": "Polygon", 
        "coordinates": [
          [
            [
              -95.575795968608602, 
              42.758616730997439
            ], 
            [
              -95.575795968608602, 
              42.758614945232054
            ], 
            [
              -95.575798151273219, 
              42.758614945232054
            ], 
            [
              -95.575798151273219, 
              42.758592726764661
            ], 
            [
              -95.575779442719423, 
              42.758592726764661
            ], 
            [
              -95.575763228639460, 
              42.758592726764661
            ], 
            [
              -95.575763228639460, 
              42.758579677314110
            ], 
            [
              -95.575739358032877, 
              42.758579677314110
            ], 
            [
              -95.575739358032877, 
              42.758592664350445
            ], 
            [
              -95.575736551749799, 
              42.758592664350445
            ], 
            [
              -95.575716907103455, 
              42.758579677314110
            ], 
            [
              -95.575715090179287, 
              42.758579677314110
            ], 
            [
              -95.575680958236944, 
              42.758581061097857
            ], 
            [
              -95.575677813668506, 
              42.758581188585559
            ], 
            [
              -95.575612021920989, 
              42.758581188585559
            ], 
            [
              -95.575612021920989, 
              42.758592127733735
            ], 
            [
              -95.575612021920989, 
              42.758593552568151
            ], 
            [
              -95.575612021920989, 
              42.758615705306617
            ], 
            [
              -95.575612242917430, 
              42.758615705306617
            ], 
            [
              -95.575614121256237, 
              42.758615705306617
            ], 
            [
              -95.575614121256237, 
              42.758616730997439
            ], 
            [
              -95.575649418270530, 
              42.758616730997439
            ], 
            [
              -95.575659707975120, 
              42.758616730997439
            ], 
            [
              -95.575659707975120, 
              42.758599560667768
            ], 
            [
              -95.575694006990418, 
              42.758599560667768
            ], 
            [
              -95.575694006990418, 
              42.758616730997439
            ], 
            [
              -95.575721446202650, 
              42.758616730997439
            ], 
            [
              -95.575795968608602, 
              42.758616730997439
            ]
          ]
        ]
      }, 
      "properties": {
        "Workstations": "", 
        "Area_SF": 484.58999999999997, 
        "NCES_Department": "CCUSO", 
        "Seat Count": "", 
        "RevitId": 5488653, 
        "NCES_Occupancy Status": "", 
        "Revit_UniqueId": "6ebf26b8-73a3-48fd-a018-c3dd2b164add-0053c00d", 
        "Level": "BASEMENT", 
        "occupancyStatus": "Occupied", 
        "Number": "005", 
        "Name": "CORRIDOR", 
        "NCES_Type": "Corridor/Hallway", 
        "Element": "Room"
      }
    }, 
    {
      "type": "Feature", 
      "geometry": {
        "type": "Polygon", 
        "coordinates": [
          [
            [
              -95.575688394424276, 
              42.758645463474402
            ], 
            [
              -95.575688394424276, 
              42.758616730997439
            ], 
            [
              -95.575659707975120, 
              42.758616730997439
            ], 
            [
              -95.575649418270530, 
              42.758616730997439
            ], 
            [
              -95.575649418270530, 
              42.758645463474402
            ], 
            [
              -95.575688394424276, 
              42.758645463474402
            ]
          ]
        ]
      }, 
      "properties": {
        "Workstations": "", 
        "Area_SF": 93.040000000000006, 
        "NCES_Department": "CCUSO", 
        "Seat Count": "", 
        "RevitId": 5488660, 
        "NCES_Occupancy Status": "", 
        "Revit_UniqueId": "6ebf26b8-73a3-48fd-a018-c3dd2b164add-0053c014", 
        "Level": "BASEMENT", 
        "occupancyStatus": "Occupied", 
        "Number": "038", 
        "Name": "STORAGE", 
        "NCES_Type": "General Storage", 
        "Element": "Room"
      }
    }, 
    {
      "type": "Feature", 
      "geometry": {
        "type": "Polygon", 
        "coordinates": [
          [
            [
              -95.575649418270530, 
              42.758685356597454
            ], 
            [
              -95.575683093667365, 
              42.758685356597454
            ], 
            [
              -95.575688394424276, 
              42.758685356597454
            ], 
            [
              -95.575688394424276, 
              42.758645463474402
            ], 
            [
              -95.575649418270530, 
              42.758645463474402
            ], 
            [
              -95.575649418270530, 
              42.758685356597454
            ]
          ]
        ]
      }, 
      "properties": {
        "Workstations": "", 
        "Area_SF": 134.09999999999999, 
        "NCES_Department": "CCUSO", 
        "Seat Count": "", 
        "RevitId": 5488663, 
        "NCES_Occupancy Status": "", 
        "Revit_UniqueId": "6ebf26b8-73a3-48fd-a018-c3dd2b164add-0053c017", 
        "Level": "BASEMENT", 
        "occupancyStatus": "Occupied", 
        "Number": "007", 
        "Name": "STORAGE", 
        "NCES_Type": "General Storage", 
        "Element": "Room"
      }
    }, 
    {
      "type": "Feature", 
      "geometry": {
        "type": "Polygon", 
        "coordinates": [
          [
            [
              -95.575688394424276, 
              42.758685356597454
            ], 
            [
              -95.575721446202650, 
              42.758685356597454
            ], 
            [
              -95.575721446202650, 
              42.758684440846537
            ], 
            [
              -95.575721446202650, 
              42.758616730997439
            ], 
            [
              -95.575694006990418, 
              42.758616730997439
            ], 
            [
              -95.575688394424276, 
              42.758616730997439
            ], 
            [
              -95.575688394424276, 
              42.758645463474402
            ], 
            [
              -95.575688394424276, 
              42.758685356597454
            ]
          ]
        ]
      }, 
      "properties": {
        "Workstations": "", 
        "Area_SF": 186.53999999999999, 
        "NCES_Department": "CCUSO", 
        "Seat Count": "", 
        "RevitId": 5488666, 
        "NCES_Occupancy Status": "", 
        "Revit_UniqueId": "6ebf26b8-73a3-48fd-a018-c3dd2b164add-0053c01a", 
        "Level": "BASEMENT", 
        "occupancyStatus": "Occupied", 
        "Number": "008", 
        "Name": "ELECT.", 
        "NCES_Type": "Electrical Room", 
        "Element": "Room"
      }
    }, 
    {
      "type": "Feature", 
      "geometry": {
        "type": "Polygon", 
        "coordinates": [
          [
            [
              -95.575614744874684, 
              42.758673451835548
            ], 
            [
              -95.575614744874684, 
              42.758685356597454
            ], 
            [
              -95.575649418270530, 
              42.758685356597454
            ], 
            [
              -95.575649418270530, 
              42.758645463474402
            ], 
            [
              -95.575649418270530, 
              42.758616730997439
            ], 
            [
              -95.575614121256237, 
              42.758616730997439
            ], 
            [
              -95.575614121256237, 
              42.758617084427499
            ], 
            [
              -95.575614121256237, 
              42.758646655160888
            ], 
            [
              -95.575614121256237, 
              42.758671162458256
            ], 
            [
              -95.575614744874684, 
              42.758671162458256
            ], 
            [
              -95.575614744874684, 
              42.758673451835548
            ]
          ]
        ]
      }, 
      "properties": {
        "Workstations": "", 
        "Area_SF": 195.86000000000001, 
        "NCES_Department": "CCUSO", 
        "Seat Count": "", 
        "RevitId": 5488669, 
        "NCES_Occupancy Status": "", 
        "Revit_UniqueId": "6ebf26b8-73a3-48fd-a018-c3dd2b164add-0053c01d", 
        "Level": "BASEMENT", 
        "occupancyStatus": "Occupied", 
        "Number": "006", 
        "Name": "ELECT.", 
        "NCES_Type": "Electrical Room", 
        "Element": "Room"
      }
    }, 
    {
      "type": "Feature", 
      "geometry": {
        "type": "Polygon", 
        "coordinates": [
          [
            [
              -95.575717491171872, 
              42.758551517973451
            ], 
            [
              -95.575704967547651, 
              42.758551517973451
            ], 
            [
              -95.575680022809266, 
              42.758551517973451
            ], 
            [
              -95.575680022809266, 
              42.758566627863559
            ], 
            [
              -95.575680958236944, 
              42.758566627863559
            ], 
            [
              -95.575680958236944, 
              42.758568006984440
            ], 
            [
              -95.575680958236944, 
              42.758581061097857
            ], 
            [
              -95.575715090179287, 
              42.758579677314110
            ], 
            [
              -95.575717491171872, 
              42.758579579972611
            ], 
            [
              -95.575717491171872, 
              42.758578976122266
            ], 
            [
              -95.575717491171872, 
              42.758551517973451
            ]
          ]
        ]
      }, 
      "properties": {
        "Workstations": "", 
        "Area_SF": 92.670000000000002, 
        "NCES_Department": "CCUSO", 
        "Seat Count": "", 
        "RevitId": 5488692, 
        "NCES_Occupancy Status": "", 
        "Revit_UniqueId": "6ebf26b8-73a3-48fd-a018-c3dd2b164add-0053c034", 
        "Level": "BASEMENT", 
        "occupancyStatus": "Occupied", 
        "Number": "021", 
        "Name": "SECURE VESTIBULE", 
        "NCES_Type": "Sally Port/Secure Transfer", 
        "Element": "Room"
      }
    }, 
    {
      "type": "Feature", 
      "geometry": {
        "type": "Polygon", 
        "coordinates": [
          [
            [
              -95.575680022809266, 
              42.758551517973451
            ], 
            [
              -95.575679788952343, 
              42.758551517973451
            ], 
            [
              -95.575653839255850, 
              42.758551517973451
            ], 
            [
              -95.575641522791258, 
              42.758551517973451
            ], 
            [
              -95.575630453563605, 
              42.758551517973451
            ], 
            [
              -95.575629753249785, 
              42.758551517973451
            ], 
            [
              -95.575628652629959, 
              42.758552326074621
            ], 
            [
              -95.575612021920989, 
              42.758564536735427
            ], 
            [
              -95.575612021920989, 
              42.758581188585559
            ], 
            [
              -95.575677813668506, 
              42.758581188585559
            ], 
            [
              -95.575680958236944, 
              42.758581061097857
            ], 
            [
              -95.575680958236944, 
              42.758566627863559
            ], 
            [
              -95.575680022809266, 
              42.758566627863559
            ], 
            [
              -95.575680022809266, 
              42.758551517973451
            ]
          ]
        ]
      }, 
      "properties": {
        "Workstations": "", 
        "Area_SF": 160.47000000000000, 
        "NCES_Department": "CCUSO", 
        "Seat Count": "", 
        "RevitId": 5488784, 
        "NCES_Occupancy Status": "", 
        "Revit_UniqueId": "6ebf26b8-73a3-48fd-a018-c3dd2b164add-0053c090", 
        "Level": "BASEMENT", 
        "occupancyStatus": "Occupied", 
        "Number": "3.0", 
        "Name": "STAIR", 
        "NCES_Type": "Stair", 
        "Element": "Room"
      }
    }, 
    {
      "type": "Feature", 
      "geometry": {
        "type": "Polygon", 
        "coordinates": [
          [
            [
              -95.575781198837063, 
              42.758551517973451
            ], 
            [
              -95.575781198837063, 
              42.758521935381886
            ], 
            [
              -95.575730338975475, 
              42.758521935381886
            ], 
            [
              -95.575730338975475, 
              42.758551517973451
            ], 
            [
              -95.575781198837063, 
              42.758551517973451
            ]
          ]
        ]
      }, 
      "properties": {
        "Workstations": "", 
        "Area_SF": 125.73999999999999, 
        "NCES_Department": "CCUSO", 
        "Seat Count": "", 
        "RevitId": 5488792, 
        "NCES_Occupancy Status": "", 
        "Revit_UniqueId": "6ebf26b8-73a3-48fd-a018-c3dd2b164add-0053c098", 
        "Level": "BASEMENT", 
        "occupancyStatus": "Occupied", 
        "Number": "024", 
        "Name": "IT EQUIPMENT", 
        "NCES_Type": "IT/Telecom Room", 
        "Element": "Room"
      }
    }, 
    {
      "type": "Feature", 
      "geometry": {
        "type": "Polygon", 
        "coordinates": [
          [
            [
              -95.575704967547651, 
              42.758521820913018
            ], 
            [
              -95.575704967547651, 
              42.758551517973451
            ], 
            [
              -95.575717491171872, 
              42.758551517973451
            ], 
            [
              -95.575730338975475, 
              42.758551517973451
            ], 
            [
              -95.575730338975475, 
              42.758521935381886
            ], 
            [
              -95.575730338975475, 
              42.758521820913018
            ], 
            [
              -95.575704967547651, 
              42.758521820913018
            ]
          ]
        ]
      }, 
      "properties": {
        "Workstations": "", 
        "Area_SF": 60.5, 
        "NCES_Department": "CCUSO", 
        "Seat Count": "", 
        "RevitId": 5488795, 
        "NCES_Occupancy Status": "", 
        "Revit_UniqueId": "6ebf26b8-73a3-48fd-a018-c3dd2b164add-0053c09b", 
        "Level": "BASEMENT", 
        "occupancyStatus": "Occupied", 
        "Number": "023", 
        "Name": "STORAGE", 
        "NCES_Type": "General Storage", 
        "Element": "Room"
      }
    }, 
    {
      "type": "Feature", 
      "geometry": {
        "type": "Polygon", 
        "coordinates": [
          [
            [
              -95.575653839255850, 
              42.758551517973451
            ], 
            [
              -95.575679788952343, 
              42.758551517973451
            ], 
            [
              -95.575679788952343, 
              42.758521473623169
            ], 
            [
              -95.575630453563605, 
              42.758521473623169
            ], 
            [
              -95.575630453563605, 
              42.758547854969791
            ], 
            [
              -95.575641522791258, 
              42.758547854969791
            ], 
            [
              -95.575641522791258, 
              42.758551517973451
            ], 
            [
              -95.575653839255850, 
              42.758551517973451
            ]
          ]
        ]
      }, 
      "properties": {
        "Workstations": "", 
        "Area_SF": 119.70999999999999, 
        "NCES_Department": "CCUSO", 
        "Seat Count": "", 
        "RevitId": 5488805, 
        "NCES_Occupancy Status": "", 
        "Revit_UniqueId": "6ebf26b8-73a3-48fd-a018-c3dd2b164add-0053c0a5", 
        "Level": "BASEMENT", 
        "occupancyStatus": "Occupied", 
        "Number": "034", 
        "Name": "TOILET", 
        "NCES_Type": "Single Stall Restroom", 
        "Element": "Room"
      }
    }, 
    {
      "type": "Feature", 
      "geometry": {
        "type": "Polygon", 
        "coordinates": [
          [
            [
              -95.575630453563605, 
              42.758446958275655
            ], 
            [
              -95.575630453563605, 
              42.758470080986278
            ], 
            [
              -95.575636377938977, 
              42.758470080986278
            ], 
            [
              -95.575636377938977, 
              42.758476033367231
            ], 
            [
              -95.575630453563605, 
              42.758476033367231
            ], 
            [
              -95.575630453563605, 
              42.758521473623169
            ], 
            [
              -95.575679788952343, 
              42.758521473623169
            ], 
            [
              -95.575679788952343, 
              42.758464472011923
            ], 
            [
              -95.575645489937045, 
              42.758464472011923
            ], 
            [
              -95.575645489937045, 
              42.758446958275655
            ], 
            [
              -95.575630453563605, 
              42.758446958275655
            ]
          ]
        ]
      }, 
      "properties": {
        "Workstations": "", 
        "Area_SF": 263.39999999999998, 
        "NCES_Department": "CCUSO", 
        "Seat Count": "", 
        "RevitId": 5488808, 
        "NCES_Occupancy Status": "", 
        "Revit_UniqueId": "6ebf26b8-73a3-48fd-a018-c3dd2b164add-0053c0a8", 
        "Level": "BASEMENT", 
        "occupancyStatus": "Occupied", 
        "Number": "033", 
        "Name": "STORAGE", 
        "NCES_Type": "General Storage", 
        "Element": "Room"
      }
    }, 
    {
      "type": "Feature", 
      "geometry": {
        "type": "Polygon", 
        "coordinates": [
          [
            [
              -95.575698569391136, 
              42.758424064502762
            ], 
            [
              -95.575698569391136, 
              42.758411328332279
            ], 
            [
              -95.575676275031185, 
              42.758411328332279
            ], 
            [
              -95.575676275031185, 
              42.758425980346928
            ], 
            [
              -95.575677522268109, 
              42.758425980346928
            ], 
            [
              -95.575677522268109, 
              42.758427359467809
            ], 
            [
              -95.575677522268109, 
              42.758440891425842
            ], 
            [
              -95.575679788952343, 
              42.758440891425842
            ], 
            [
              -95.575679788952343, 
              42.758446958275655
            ], 
            [
              -95.575679788952343, 
              42.758464472011923
            ], 
            [
              -95.575679788952343, 
              42.758521473623169
            ], 
            [
              -95.575679788952343, 
              42.758551517973451
            ], 
            [
              -95.575680022809266, 
              42.758551517973451
            ], 
            [
              -95.575704967547651, 
              42.758551517973451
            ], 
            [
              -95.575704967547651, 
              42.758521820913018
            ], 
            [
              -95.575704967547651, 
              42.758440891425842
            ], 
            [
              -95.575698569391136, 
              42.758440891425842
            ], 
            [
              -95.575698569391136, 
              42.758424064502762
            ]
          ]
        ]
      }, 
      "properties": {
        "Workstations": "", 
        "Area_SF": 286.63000000000000, 
        "NCES_Department": "CCUSO", 
        "Seat Count": "", 
        "RevitId": 5488811, 
        "NCES_Occupancy Status": "", 
        "Revit_UniqueId": "6ebf26b8-73a3-48fd-a018-c3dd2b164add-0053c0ab", 
        "Level": "BASEMENT", 
        "occupancyStatus": "Occupied", 
        "Number": "022", 
        "Name": "CORRIDOR", 
        "NCES_Type": "Corridor/Hallway", 
        "Element": "Room"
      }
    }, 
    {
      "type": "Feature", 
      "geometry": {
        "type": "Polygon", 
        "coordinates": [
          [
            [
              -95.575781198837063, 
              42.758521935381886
            ], 
            [
              -95.575781198837063, 
              42.758444554429502
            ], 
            [
              -95.575770597323256, 
              42.758444554429502
            ], 
            [
              -95.575770597323256, 
              42.758440891425842
            ], 
            [
              -95.575719760642130, 
              42.758440891425842
            ], 
            [
              -95.575704967547651, 
              42.758440891425842
            ], 
            [
              -95.575704967547651, 
              42.758521820913018
            ], 
            [
              -95.575730338975475, 
              42.758521820913018
            ], 
            [
              -95.575730338975475, 
              42.758521935381886
            ], 
            [
              -95.575781198837063, 
              42.758521935381886
            ]
          ]
        ]
      }, 
      "properties": {
        "Workstations": "", 
        "Area_SF": 542.71000000000004, 
        "NCES_Department": "CCUSO", 
        "Seat Count": "", 
        "RevitId": 5488827, 
        "NCES_Occupancy Status": "", 
        "Revit_UniqueId": "6ebf26b8-73a3-48fd-a018-c3dd2b164add-0053c0bb", 
        "Level": "BASEMENT", 
        "occupancyStatus": "Occupied", 
        "Number": "025", 
        "Name": "RECORD STORAGE", 
        "NCES_Type": "Records Storage - Active", 
        "Element": "Room"
      }
    }, 
    {
      "type": "Feature", 
      "geometry": {
        "type": "Polygon", 
        "coordinates": [
          [
            [
              -95.575679788952343, 
              42.758464472011923
            ], 
            [
              -95.575679788952343, 
              42.758446958275655
            ], 
            [
              -95.575658118210853, 
              42.758446958275655
            ], 
            [
              -95.575645489937045, 
              42.758446958275655
            ], 
            [
              -95.575645489937045, 
              42.758464472011923
            ], 
            [
              -95.575679788952343, 
              42.758464472011923
            ]
          ]
        ]
      }, 
      "properties": {
        "Workstations": "", 
        "Area_SF": 50.890000000000001, 
        "NCES_Department": "CCUSO", 
        "Seat Count": "", 
        "RevitId": 5488853, 
        "NCES_Occupancy Status": "", 
        "Revit_UniqueId": "6ebf26b8-73a3-48fd-a018-c3dd2b164add-0053c0d5", 
        "Level": "BASEMENT", 
        "occupancyStatus": "Occupied", 
        "Number": "031", 
        "Name": "TOILET", 
        "NCES_Type": "Single Stall Restroom", 
        "Element": "Room"
      }
    }, 
    {
      "type": "Feature", 
      "geometry": {
        "type": "Polygon", 
        "coordinates": [
          [
            [
              -95.575629206326681, 
              42.758425980346928
            ], 
            [
              -95.575629206326681, 
              42.758440891425842
            ], 
            [
              -95.575630453563605, 
              42.758440891425842
            ], 
            [
              -95.575677522268109, 
              42.758440891425842
            ], 
            [
              -95.575677522268109, 
              42.758425980346928
            ], 
            [
              -95.575629206326681, 
              42.758425980346928
            ]
          ]
        ]
      }, 
      "properties": {
        "Workstations": "", 
        "Area_SF": 57.030000000000001, 
        "NCES_Department": "CCUSO", 
        "Seat Count": "", 
        "RevitId": 5488938, 
        "NCES_Occupancy Status": "", 
        "Revit_UniqueId": "6ebf26b8-73a3-48fd-a018-c3dd2b164add-0053c12a", 
        "Level": "BASEMENT", 
        "occupancyStatus": "Occupied", 
        "Number": "029", 
        "Name": "HALL", 
        "NCES_Type": "Corridor/Hallway", 
        "Element": "Room"
      }
    }, 
    {
      "type": "Feature", 
      "geometry": {
        "type": "Polygon", 
        "coordinates": [
          [
            [
              -95.575698569391136, 
              42.758424064502762
            ], 
            [
              -95.575698569391136, 
              42.758440891425842
            ], 
            [
              -95.575704967547651, 
              42.758440891425842
            ], 
            [
              -95.575719760642130, 
              42.758440891425842
            ], 
            [
              -95.575719760642130, 
              42.758424064502762
            ], 
            [
              -95.575698569391136, 
              42.758424064502762
            ]
          ]
        ]
      }, 
      "properties": {
        "Workstations": "", 
        "Area_SF": 26.840000000000000, 
        "NCES_Department": "CCUSO", 
        "Seat Count": "", 
        "RevitId": 5488953, 
        "NCES_Occupancy Status": "", 
        "Revit_UniqueId": "6ebf26b8-73a3-48fd-a018-c3dd2b164add-0053c139", 
        "Level": "BASEMENT", 
        "occupancyStatus": "Occupied", 
        "Number": "026A", 
        "Name": "MECH.", 
        "NCES_Type": "Mechanical Room", 
        "Element": "Room"
      }
    }, 
    {
      "type": "Feature", 
      "geometry": {
        "type": "Polygon", 
        "coordinates": [
          [
            [
              -95.575781198837063, 
              42.758440891425842
            ], 
            [
              -95.575781198837063, 
              42.758411328332279
            ], 
            [
              -95.575719850371073, 
              42.758411328332279
            ], 
            [
              -95.575698569391136, 
              42.758411328332279
            ], 
            [
              -95.575698569391136, 
              42.758424064502762
            ], 
            [
              -95.575719760642130, 
              42.758424064502762
            ], 
            [
              -95.575719760642130, 
              42.758440891425842
            ], 
            [
              -95.575770597323256, 
              42.758440891425842
            ], 
            [
              -95.575781198837063, 
              42.758440891425842
            ]
          ]
        ]
      }, 
      "properties": {
        "Workstations": "", 
        "Area_SF": 171.19999999999999, 
        "NCES_Department": "CCUSO", 
        "Seat Count": "", 
        "RevitId": 5488956, 
        "NCES_Occupancy Status": "", 
        "Revit_UniqueId": "6ebf26b8-73a3-48fd-a018-c3dd2b164add-0053c13c", 
        "Level": "BASEMENT", 
        "occupancyStatus": "Occupied", 
        "Number": "026", 
        "Name": "MECH.", 
        "NCES_Type": "Mechanical Room", 
        "Element": "Room"
      }
    }, 
    {
      "type": "Feature", 
      "geometry": {
        "type": "Polygon", 
        "coordinates": [
          [
            [
              -95.575781198837063, 
              42.758411328332279
            ], 
            [
              -95.575781198837063, 
              42.758366227599673
            ], 
            [
              -95.575781198837063, 
              42.758352262398212
            ], 
            [
              -95.575781198837063, 
              42.758346798019247
            ], 
            [
              -95.575705741003418, 
              42.758346798019247
            ], 
            [
              -95.575705741003418, 
              42.758388279298437
            ], 
            [
              -95.575719850371073, 
              42.758388279298437
            ], 
            [
              -95.575719850371073, 
              42.758411328332279
            ], 
            [
              -95.575781198837063, 
              42.758411328332279
            ]
          ]
        ]
      }, 
      "properties": {
        "Workstations": "", 
        "Area_SF": 399.43000000000001, 
        "NCES_Department": "CCUSO", 
        "Seat Count": "", 
        "RevitId": 5488966, 
        "NCES_Occupancy Status": "", 
        "Revit_UniqueId": "6ebf26b8-73a3-48fd-a018-c3dd2b164add-0053c146", 
        "Level": "BASEMENT", 
        "occupancyStatus": "Occupied", 
        "Number": "027", 
        "Name": "STORAGE", 
        "NCES_Type": "General Storage", 
        "Element": "Room"
      }
    }, 
    {
      "type": "Feature", 
      "geometry": {
        "type": "Polygon", 
        "coordinates": [
          [
            [
              -95.575698569391136, 
              42.758346798019247
            ], 
            [
              -95.575694998074198, 
              42.758346798019247
            ], 
            [
              -95.575694998074198, 
              42.758332146004598
            ], 
            [
              -95.575669429717351, 
              42.758332146004598
            ], 
            [
              -95.575669429717351, 
              42.758346798019247
            ], 
            [
              -95.575629206326681, 
              42.758346798019247
            ], 
            [
              -95.575629206326681, 
              42.758381983510887
            ], 
            [
              -95.575689526923469, 
              42.758381983510887
            ], 
            [
              -95.575689526923469, 
              42.758374465987863
            ], 
            [
              -95.575698569391136, 
              42.758374465987863
            ], 
            [
              -95.575698569391136, 
              42.758346798019247
            ]
          ]
        ]
      }, 
      "properties": {
        "Workstations": "", 
        "Area_SF": 237.86000000000001, 
        "NCES_Department": "CCUSO", 
        "Seat Count": "", 
        "RevitId": 5488969, 
        "NCES_Occupancy Status": "", 
        "Revit_UniqueId": "6ebf26b8-73a3-48fd-a018-c3dd2b164add-0053c149", 
        "Level": "BASEMENT", 
        "occupancyStatus": "Occupied", 
        "Number": "030", 
        "Name": "TUNNEL", 
        "NCES_Type": "Corridor/Hallway", 
        "Element": "Room"
      }
    }, 
    {
      "type": "Feature", 
      "geometry": {
        "type": "Polygon", 
        "coordinates": [
          [
            [
              -95.575676275031185, 
              42.758411328332279
            ], 
            [
              -95.575629206326681, 
              42.758411328332279
            ], 
            [
              -95.575629206326681, 
              42.758425980346928
            ], 
            [
              -95.575675831014848, 
              42.758425980346928
            ], 
            [
              -95.575676275031185, 
              42.758425980346928
            ], 
            [
              -95.575676275031185, 
              42.758411328332279
            ]
          ]
        ]
      }, 
      "properties": {
        "Workstations": "", 
        "Area_SF": 52.859999999999999, 
        "NCES_Department": "CCUSO", 
        "Seat Count": "", 
        "RevitId": 5489092, 
        "NCES_Occupancy Status": "", 
        "Revit_UniqueId": "6ebf26b8-73a3-48fd-a018-c3dd2b164add-0053c1c4", 
        "Level": "BASEMENT", 
        "occupancyStatus": "Occupied", 
        "Number": "028", 
        "Name": "STORAGE", 
        "NCES_Type": "General Storage", 
        "Element": "Room"
      }
    }, 
    {
      "type": "Feature", 
      "geometry": {
        "type": "Polygon", 
        "coordinates": [
          [
            [
              -95.575698569391136, 
              42.758388279298437
            ], 
            [
              -95.575698569391136, 
              42.758381983510887
            ], 
            [
              -95.575689526923469, 
              42.758381983510887
            ], 
            [
              -95.575629206326681, 
              42.758381983510887
            ], 
            [
              -95.575629206326681, 
              42.758411328332279
            ], 
            [
              -95.575676275031185, 
              42.758411328332279
            ], 
            [
              -95.575698569391136, 
              42.758411328332279
            ], 
            [
              -95.575698569391136, 
              42.758388279298437
            ]
          ]
        ]
      }, 
      "properties": {
        "Workstations": "", 
        "Area_SF": 169.78999999999999, 
        "NCES_Department": "CCUSO", 
        "Seat Count": "", 
        "RevitId": 5489095, 
        "NCES_Occupancy Status": "", 
        "Revit_UniqueId": "6ebf26b8-73a3-48fd-a018-c3dd2b164add-0053c1c7", 
        "Level": "BASEMENT", 
        "occupancyStatus": "Occupied", 
        "Number": "4.0", 
        "Name": "STAIR", 
        "NCES_Type": "Stair", 
        "Element": "Room"
      }
    }, 
    {
      "type": "Feature", 
      "geometry": {
        "type": "Polygon", 
        "coordinates": [
          [
            [
              -95.575581308711833, 
              42.758592127733735
            ], 
            [
              -95.575604928261001, 
              42.758592127733735
            ], 
            [
              -95.575604928261001, 
              42.758567224729319
            ], 
            [
              -95.575581308711833, 
              42.758567224729319
            ], 
            [
              -95.575581308711833, 
              42.758592127733735
            ]
          ]
        ]
      }, 
      "properties": {
        "Workstations": "", 
        "Area_SF": 50.990000000000002, 
        "NCES_Department": "CCUSO", 
        "Seat Count": "", 
        "RevitId": 5489103, 
        "NCES_Occupancy Status": "", 
        "Revit_UniqueId": "6ebf26b8-73a3-48fd-a018-c3dd2b164add-0053c1cf", 
        "Level": "BASEMENT", 
        "occupancyStatus": "Occupied", 
        "Number": "039", 
        "Name": "TOILET", 
        "NCES_Type": "Single Stall Restroom", 
        "Element": "Room"
      }
    }, 
    {
      "type": "Feature", 
      "geometry": {
        "type": "Polygon", 
        "coordinates": [
          [
            [
              -95.575542467704665, 
              42.758592127733735
            ], 
            [
              -95.575581308711833, 
              42.758592127733735
            ], 
            [
              -95.575581308711833, 
              42.758567224729319
            ], 
            [
              -95.575581308711833, 
              42.758563332787929
            ], 
            [
              -95.575542467704665, 
              42.758563332787929
            ], 
            [
              -95.575542467704665, 
              42.758592127733735
            ]
          ]
        ]
      }, 
      "properties": {
        "Workstations": "", 
        "Area_SF": 96.549999999999997, 
        "NCES_Department": "CCUSO", 
        "Seat Count": "", 
        "RevitId": 5489106, 
        "NCES_Occupancy Status": "", 
        "Revit_UniqueId": "6ebf26b8-73a3-48fd-a018-c3dd2b164add-0053c1d2", 
        "Level": "BASEMENT", 
        "occupancyStatus": "Occupied", 
        "Number": "036", 
        "Name": "MECHANICAL", 
        "NCES_Type": "Mechanical Room", 
        "Element": "Room"
      }
    }, 
    {
      "type": "Feature", 
      "geometry": {
        "type": "Polygon", 
        "coordinates": [
          [
            [
              -95.575562111686153, 
              42.758673451835548
            ], 
            [
              -95.575614744874684, 
              42.758673451835548
            ], 
            [
              -95.575614744874684, 
              42.758671162458256
            ], 
            [
              -95.575614121256237, 
              42.758671162458256
            ], 
            [
              -95.575614121256237, 
              42.758646655160888
            ], 
            [
              -95.575591821599261, 
              42.758646655160888
            ], 
            [
              -95.575562111686153, 
              42.758646655160888
            ], 
            [
              -95.575562111686153, 
              42.758673451835548
            ]
          ]
        ]
      }, 
      "properties": {
        "Workstations": "", 
        "Area_SF": 110.56999999999999, 
        "NCES_Department": "CCUSO", 
        "Seat Count": "", 
        "RevitId": 5489130, 
        "NCES_Occupancy Status": "", 
        "Revit_UniqueId": "6ebf26b8-73a3-48fd-a018-c3dd2b164add-0053c1ea", 
        "Level": "BASEMENT", 
        "occupancyStatus": "Occupied", 
        "Number": "004", 
        "Name": "TOILET", 
        "NCES_Type": "Single Stall Restroom", 
        "Element": "Room"
      }
    }, 
    {
      "type": "Feature", 
      "geometry": {
        "type": "Polygon", 
        "coordinates": [
          [
            [
              -95.575531086667766, 
              42.758673451835548
            ], 
            [
              -95.575562111686153, 
              42.758673451835548
            ], 
            [
              -95.575562111686153, 
              42.758646655160888
            ], 
            [
              -95.575562111686153, 
              42.758645292494890
            ], 
            [
              -95.575531086667766, 
              42.758645292494890
            ], 
            [
              -95.575531086667766, 
              42.758673451835548
            ]
          ]
        ]
      }, 
      "properties": {
        "Workstations": "", 
        "Area_SF": 72.519999999999996, 
        "NCES_Department": "CCUSO", 
        "Seat Count": "", 
        "RevitId": 5489133, 
        "NCES_Occupancy Status": "", 
        "Revit_UniqueId": "6ebf26b8-73a3-48fd-a018-c3dd2b164add-0053c1ed", 
        "Level": "BASEMENT", 
        "occupancyStatus": "Occupied", 
        "Number": "037", 
        "Name": "FIRE RISER", 
        "NCES_Type": "Mechanical Room", 
        "Element": "Room"
      }
    }, 
    {
      "type": "Feature", 
      "geometry": {
        "type": "Polygon", 
        "coordinates": [
          [
            [
              -95.575612021920989, 
              42.758592127733735
            ], 
            [
              -95.575604928261001, 
              42.758592127733735
            ], 
            [
              -95.575581308711833, 
              42.758592127733735
            ], 
            [
              -95.575542467704665, 
              42.758592127733735
            ], 
            [
              -95.575542467704665, 
              42.758607288831882
            ], 
            [
              -95.575476987766379, 
              42.758607288831882
            ], 
            [
              -95.575439882468004, 
              42.758607288831882
            ], 
            [
              -95.575439882468004, 
              42.758591034253129
            ], 
            [
              -95.575406518880413, 
              42.758591034253129
            ], 
            [
              -95.575406518880413, 
              42.758610692012113
            ], 
            [
              -95.575406518880413, 
              42.758625916371081
            ], 
            [
              -95.575406518880413, 
              42.758671849271444
            ], 
            [
              -95.575406518880413, 
              42.758673451835548
            ], 
            [
              -95.575482912141737, 
              42.758673451835548
            ], 
            [
              -95.575482912141737, 
              42.758676199088292
            ], 
            [
              -95.575532178000074, 
              42.758676199088292
            ], 
            [
              -95.575532178000074, 
              42.758673451835548
            ], 
            [
              -95.575531086667766, 
              42.758673451835548
            ], 
            [
              -95.575531086667766, 
              42.758672072714667
            ], 
            [
              -95.575531086667766, 
              42.758645292494890
            ], 
            [
              -95.575562111686153, 
              42.758645292494890
            ], 
            [
              -95.575562111686153, 
              42.758646655160888
            ], 
            [
              -95.575591821599261, 
              42.758646655160888
            ], 
            [
              -95.575591821599261, 
              42.758615705306617
            ], 
            [
              -95.575612021920989, 
              42.758615705306617
            ], 
            [
              -95.575612021920989, 
              42.758593552568151
            ], 
            [
              -95.575612021920989, 
              42.758592127733735
            ]
          ]
        ]
      }, 
      "properties": {
        "Workstations": "", 
        "Area_SF": 1141.3499999999999, 
        "NCES_Department": "CCUSO", 
        "Seat Count": "", 
        "RevitId": 5489141, 
        "NCES_Occupancy Status": "", 
        "Revit_UniqueId": "6ebf26b8-73a3-48fd-a018-c3dd2b164add-0053c1f5", 
        "Level": "BASEMENT", 
        "occupancyStatus": "Occupied", 
        "Number": "002", 
        "Name": "DINING AREA", 
        "NCES_Type": "Dining Room", 
        "Element": "Room"
      }
    }, 
    {
      "type": "Feature", 
      "geometry": {
        "type": "Polygon", 
        "coordinates": [
          [
            [
              -95.575542467704665, 
              42.758592127733735
            ], 
            [
              -95.575542467704665, 
              42.758564949730690
            ], 
            [
              -95.575542467704665, 
              42.758564019601117
            ], 
            [
              -95.575480729477135, 
              42.758564019601117
            ], 
            [
              -95.575476987766379, 
              42.758564019601117
            ], 
            [
              -95.575476987766379, 
              42.758607288831882
            ], 
            [
              -95.575542467704665, 
              42.758607288831882
            ], 
            [
              -95.575542467704665, 
              42.758592127733735
            ]
          ]
        ]
      }, 
      "properties": {
        "Workstations": "", 
        "Area_SF": 255.34999999999999, 
        "NCES_Department": "CCUSO", 
        "Seat Count": "", 
        "RevitId": 5489266, 
        "NCES_Occupancy Status": "", 
        "Revit_UniqueId": "6ebf26b8-73a3-48fd-a018-c3dd2b164add-0053c272", 
        "Level": "BASEMENT", 
        "occupancyStatus": "Occupied", 
        "Number": "002A", 
        "Name": "KITCHEN", 
        "NCES_Type": "Kitchen", 
        "Element": "Room"
      }
    }, 
    {
      "type": "Feature", 
      "geometry": {
        "type": "Polygon", 
        "coordinates": [
          [
            [
              -95.575476987766379, 
              42.758607288831882
            ], 
            [
              -95.575476987766379, 
              42.758564019601117
            ], 
            [
              -95.575448223364916, 
              42.758564019601117
            ], 
            [
              -95.575439882468004, 
              42.758564019601117
            ], 
            [
              -95.575439882468004, 
              42.758591034253129
            ], 
            [
              -95.575439882468004, 
              42.758607288831882
            ], 
            [
              -95.575476987766379, 
              42.758607288831882
            ]
          ]
        ]
      }, 
      "properties": {
        "Workstations": "", 
        "Area_SF": 138.11000000000001, 
        "NCES_Department": "CCUSO", 
        "Seat Count": "", 
        "RevitId": 5489276, 
        "NCES_Occupancy Status": "", 
        "Revit_UniqueId": "6ebf26b8-73a3-48fd-a018-c3dd2b164add-0053c27c", 
        "Level": "BASEMENT", 
        "occupancyStatus": "Occupied", 
        "Number": "E001", 
        "Name": "LOBBY", 
        "NCES_Type": "Lobby/Reception", 
        "Element": "Room"
      }
    }, 
    {
      "type": "Feature", 
      "geometry": {
        "type": "Polygon", 
        "coordinates": [
          [
            [
              -95.575439882468004, 
              42.758564019601117
            ], 
            [
              -95.575406518880413, 
              42.758564019601117
            ], 
            [
              -95.575406518880413, 
              42.758565622165221
            ], 
            [
              -95.575406518880413, 
              42.758591034253129
            ], 
            [
              -95.575439882468004, 
              42.758591034253129
            ], 
            [
              -95.575439882468004, 
              42.758564019601117
            ]
          ]
        ]
      }, 
      "properties": {
        "Workstations": "", 
        "Area_SF": 68.540000000000006, 
        "NCES_Department": "CCUSO", 
        "Seat Count": "", 
        "RevitId": 5489283, 
        "NCES_Occupancy Status": "", 
        "Revit_UniqueId": "6ebf26b8-73a3-48fd-a018-c3dd2b164add-0053c283", 
        "Level": "BASEMENT", 
        "occupancyStatus": "Occupied", 
        "Number": "003", 
        "Name": "ELEVATOR EQUIPMENT", 
        "NCES_Type": "Equipment Storage", 
        "Element": "Room"
      }
    }, 
    {
      "type": "Feature", 
      "geometry": {
        "type": "Polygon", 
        "coordinates": [
          [
            [
              -95.575406518880413, 
              42.758625916371081
            ], 
            [
              -95.575406518880413, 
              42.758610692012113
            ], 
            [
              -95.575360215209756, 
              42.758610692012113
            ], 
            [
              -95.575360215209756, 
              42.758625916371081
            ], 
            [
              -95.575406518880413, 
              42.758625916371081
            ]
          ]
        ]
      }, 
      "properties": {
        "Workstations": "", 
        "Area_SF": 56.590000000000003, 
        "NCES_Department": "CCUSO", 
        "Seat Count": "", 
        "RevitId": 5489290, 
        "NCES_Occupancy Status": "", 
        "Revit_UniqueId": "6ebf26b8-73a3-48fd-a018-c3dd2b164add-0053c28a", 
        "Level": "BASEMENT", 
        "occupancyStatus": "Occupied", 
        "Number": "001", 
        "Name": "CORR.", 
        "NCES_Type": "Corridor/Hallway", 
        "Element": "Room"
      }
    }, 
    {
      "type": "Feature", 
      "geometry": {
        "type": "Polygon", 
        "coordinates": [
          [
            [
              -95.575360215209756, 
              42.758628091279512
            ], 
            [
              -95.575360215209756, 
              42.758625916371081
            ], 
            [
              -95.575360215209756, 
              42.758610692012113
            ], 
            [
              -95.575360215209756, 
              42.758594239381338
            ], 
            [
              -95.575342065931920, 
              42.758594239381338
            ], 
            [
              -95.575342065931920, 
              42.758613553733724
            ], 
            [
              -95.575324069233432, 
              42.758613553733724
            ], 
            [
              -95.575324069233432, 
              42.758625801902220
            ], 
            [
              -95.575323445614970, 
              42.758625801902220
            ], 
            [
              -95.575323445614970, 
              42.758628091279512
            ], 
            [
              -95.575360215209756, 
              42.758628091279512
            ]
          ]
        ]
      }, 
      "properties": {
        "Workstations": "", 
        "Area_SF": 66.849999999999994, 
        "NCES_Department": "CCUSO", 
        "Seat Count": "", 
        "RevitId": 5489293, 
        "NCES_Occupancy Status": "", 
        "Revit_UniqueId": "6ebf26b8-73a3-48fd-a018-c3dd2b164add-0053c28d", 
        "Level": "BASEMENT", 
        "occupancyStatus": "Occupied", 
        "Number": "1.0", 
        "Name": "STAIR", 
        "NCES_Type": "Stair", 
        "Element": "Room"
      }
    }, 
    {
      "type": "Feature", 
      "geometry": {
        "type": "Polygon", 
        "coordinates": [
          [
            [
              -95.575480729477135, 
              42.758538836450931
            ], 
            [
              -95.575480729477135, 
              42.758511011626958
            ], 
            [
              -95.575448223364916, 
              42.758511011626958
            ], 
            [
              -95.575448223364916, 
              42.758538836450931
            ], 
            [
              -95.575480729477135, 
              42.758538836450931
            ]
          ]
        ]
      }, 
      "properties": {
        "Workstations": "", 
        "Area_SF": 69.200000000000003, 
        "NCES_Department": "CCUSO", 
        "Seat Count": "", 
        "RevitId": 5489356, 
        "NCES_Occupancy Status": "", 
        "Revit_UniqueId": "6ebf26b8-73a3-48fd-a018-c3dd2b164add-0053c2cc", 
        "Level": "BASEMENT", 
        "occupancyStatus": "Occupied", 
        "Number": "000", 
        "Name": "ELEVATOR", 
        "NCES_Type": "Elevator/Lift", 
        "Element": "Room"
      }
    }, 
    {
      "type": "Feature", 
      "geometry": {
        "type": "Polygon", 
        "coordinates": [
          [
            [
              -95.575688394424276, 
              42.758616730997439
            ], 
            [
              -95.575694006990418, 
              42.758616730997439
            ], 
            [
              -95.575694006990418, 
              42.758599560667768
            ], 
            [
              -95.575659707975120, 
              42.758599560667768
            ], 
            [
              -95.575659707975120, 
              42.758616730997439
            ], 
            [
              -95.575688394424276, 
              42.758616730997439
            ]
          ]
        ]
      }, 
      "properties": {
        "Workstations": "", 
        "Area_SF": 44.630000000000003, 
        "NCES_Department": "CCUSO", 
        "Seat Count": "", 
        "RevitId": 5565644, 
        "NCES_Occupancy Status": "", 
        "Revit_UniqueId": "8964a51c-fd58-4aa9-bd81-d92a9e3f79ef-0054eccc", 
        "Level": "BASEMENT", 
        "occupancyStatus": "Occupied", 
        "Number": "000", 
        "Name": "ELEV. SHAFT", 
        "NCES_Type": "Elevator/Lift", 
        "Element": "Room"
      }
    }, 
    {
      "properties": {
        "level": "BASEMENT", 
        "type": "drawing", 
        "SubClasses": "AcDbEntity:AcDbHatch", 
        "Layer": "A-WALL-PATT", 
        "EntityHandle": "9A", 
        "source": "BASEMENT.dxf", 
        "Text": "SOLID", 
        "interactive": false
      }, 
      "type": "Feature", 
      "geometry": {
        "type": "MultiPolygon", 
        "coordinates": [
          [
            [
              [
                -95.575543247227742, 
                42.758591555389415
              ], 
              [
                -95.575541688181588, 
                42.758591555389415
              ], 
              [
                -95.575541688181588, 
                42.758592700078061
              ], 
              [
                -95.575567121391870, 
                42.758592700078061
              ], 
              [
                -95.575567121391870, 
                42.758591555389415
              ], 
              [
                -95.575560518812892, 
                42.758591555389415
              ], 
              [
                -95.575543247227742, 
                42.758591555389415
              ]
            ]
          ], 
          [
            [
              [
                -95.575609215637925, 
                42.758591555389415
              ], 
              [
                -95.575595418079487, 
                42.758591555389415
              ], 
              [
                -95.575595418079487, 
                42.758592700078061
              ], 
              [
                -95.575609215637925, 
                42.758592700078061
              ], 
              [
                -95.575609215637925, 
                42.758591555389415
              ]
            ]
          ], 
          [
            [
              [
                -95.575582945710295, 
                42.758591555389415
              ], 
              [
                -95.575579593761077, 
                42.758591555389415
              ], 
              [
                -95.575579593761077, 
                42.758592700078061
              ], 
              [
                -95.575582945710295, 
                42.758592700078061
              ], 
              [
                -95.575582945710295, 
                42.758591555389415
              ]
            ]
          ]
        ]
      }
    }, 
    {
      "properties": {
        "level": "BASEMENT", 
        "type": "drawing", 
        "SubClasses": "AcDbEntity:AcDbHatch", 
        "Layer": "A-WALL-PATT", 
        "EntityHandle": "A0", 
        "source": "BASEMENT.dxf", 
        "Text": "SOLID", 
        "interactive": false
      }, 
      "type": "Feature", 
      "geometry": {
        "type": "MultiPolygon", 
        "coordinates": [
          [
            [
              [
                -95.575543247227742, 
                42.758561730223825
              ], 
              [
                -95.575541688181588, 
                42.758561730223825
              ], 
              [
                -95.575541688181588, 
                42.758591555389415
              ], 
              [
                -95.575543247227742, 
                42.758591555389415
              ], 
              [
                -95.575543247227742, 
                42.758564935352034
              ], 
              [
                -95.575543247227742, 
                42.758561730223825
              ]
            ]
          ]
        ]
      }
    }, 
    {
      "properties": {
        "level": "BASEMENT", 
        "type": "drawing", 
        "SubClasses": "AcDbEntity:AcDbHatch", 
        "Layer": "A-WALL-PATT", 
        "EntityHandle": "A6", 
        "source": "BASEMENT.dxf", 
        "Text": "SOLID", 
        "interactive": false
      }, 
      "type": "Feature", 
      "geometry": {
        "type": "MultiPolygon", 
        "coordinates": [
          [
            [
              [
                -95.575582088234910, 
                42.758564935352034
              ], 
              [
                -95.575580529188770, 
                42.758564935352034
              ], 
              [
                -95.575580529188770, 
                42.758591555389415
              ], 
              [
                -95.575582088234910, 
                42.758591555389415
              ], 
              [
                -95.575582088234910, 
                42.758566652384999
              ], 
              [
                -95.575582088234910, 
                42.758564935352034
              ]
            ]
          ]
        ]
      }
    }, 
    {
      "properties": {
        "level": "BASEMENT", 
        "type": "drawing", 
        "SubClasses": "AcDbEntity:AcDbHatch", 
        "Layer": "A-WALL-PATT", 
        "EntityHandle": "AC", 
        "source": "BASEMENT.dxf", 
        "Text": "SOLID", 
        "interactive": false
      }, 
      "type": "Feature", 
      "geometry": {
        "type": "MultiPolygon", 
        "coordinates": [
          [
            [
              [
                -95.575477923194057, 
                42.758566308978402
              ], 
              [
                -95.575476052338686, 
                42.758566308978402
              ], 
              [
                -95.575476052338686, 
                42.758607975645070
              ], 
              [
                -95.575477923194057, 
                42.758607975645070
              ], 
              [
                -95.575477923194057, 
                42.758578725596863
              ], 
              [
                -95.575477923194057, 
                42.758566308978402
              ]
            ]
          ]
        ]
      }
    }, 
    {
      "properties": {
        "level": "BASEMENT", 
        "type": "drawing", 
        "SubClasses": "AcDbEntity:AcDbHatch", 
        "Layer": "A-WALL-PATT", 
        "EntityHandle": "B6", 
        "source": "BASEMENT.dxf", 
        "Text": "SOLID", 
        "interactive": false
      }, 
      "type": "Feature", 
      "geometry": {
        "type": "MultiPolygon", 
        "coordinates": [
          [
            [
              [
                -95.575476052338686, 
                42.758606602018695
              ], 
              [
                -95.575456408357198, 
                42.758606602018695
              ], 
              [
                -95.575456408357198, 
                42.758607975645070
              ], 
              [
                -95.575476052338686, 
                42.758607975645070
              ], 
              [
                -95.575476052338686, 
                42.758606602018695
              ]
            ]
          ], 
          [
            [
              [
                -95.575438947040325, 
                42.758606602018695
              ], 
              [
                -95.575438947040325, 
                42.758607975645070
              ], 
              [
                -95.575442065132620, 
                42.758607975645070
              ], 
              [
                -95.575442065132620, 
                42.758606602018695
              ], 
              [
                -95.575440817895696, 
                42.758606602018695
              ], 
              [
                -95.575438947040325, 
                42.758606602018695
              ]
            ]
          ]
        ]
      }
    }, 
    {
      "properties": {
        "level": "BASEMENT", 
        "type": "drawing", 
        "SubClasses": "AcDbEntity:AcDbHatch", 
        "Layer": "A-WALL-PATT", 
        "EntityHandle": "BC", 
        "source": "BASEMENT.dxf", 
        "Text": "SOLID", 
        "interactive": false
      }, 
      "type": "Feature", 
      "geometry": {
        "type": "MultiPolygon", 
        "coordinates": [
          [
            [
              [
                -95.575543247227742, 
                42.758561730223825
              ], 
              [
                -95.575543247227742, 
                42.758564935352034
              ], 
              [
                -95.575614124801106, 
                42.758564935352034
              ], 
              [
                -95.575618490130324, 
                42.758561730223825
              ], 
              [
                -95.575560518812892, 
                42.758561730223825
              ], 
              [
                -95.575543247227742, 
                42.758561730223825
              ]
            ]
          ]
        ]
      }
    }, 
    {
      "properties": {
        "level": "BASEMENT", 
        "type": "drawing", 
        "SubClasses": "AcDbEntity:AcDbHatch", 
        "Layer": "A-WALL-PATT", 
        "EntityHandle": "C6", 
        "source": "BASEMENT.dxf", 
        "Text": "SOLID", 
        "interactive": false
      }, 
      "type": "Feature", 
      "geometry": {
        "type": "MultiPolygon", 
        "coordinates": [
          [
            [
              [
                -95.575541688181588, 
                42.758561730223825
              ], 
              [
                -95.575467633489481, 
                42.758561730223825
              ], 
              [
                -95.575467633489481, 
                42.758566308978402
              ], 
              [
                -95.575541688181588, 
                42.758566308978402
              ], 
              [
                -95.575541688181588, 
                42.758561730223825
              ]
            ]
          ], 
          [
            [
              [
                -95.575403400788105, 
                42.758561730223825
              ], 
              [
                -95.575403400788105, 
                42.758566308978402
              ], 
              [
                -95.575455161120274, 
                42.758566308978402
              ], 
              [
                -95.575455161120274, 
                42.758561730223825
              ], 
              [
                -95.575409636972708, 
                42.758561730223825
              ], 
              [
                -95.575403400788105, 
                42.758561730223825
              ]
            ]
          ]
        ]
      }
    }, 
    {
      "properties": {
        "level": "BASEMENT", 
        "type": "drawing", 
        "SubClasses": "AcDbEntity:AcDbHatch", 
        "Layer": "A-WALL-PATT", 
        "EntityHandle": "CB", 
        "source": "BASEMENT.dxf", 
        "Text": "SOLID", 
        "interactive": false
      }, 
      "type": "Feature", 
      "geometry": {
        "type": "MultiPolygon", 
        "coordinates": [
          [
            [
              [
                -95.575438947040325, 
                42.758566308978402
              ], 
              [
                -95.575438947040325, 
                42.758606602018695
              ], 
              [
                -95.575440817895696, 
                42.758606602018695
              ], 
              [
                -95.575440817895696, 
                42.758566308978402
              ], 
              [
                -95.575438947040325, 
                42.758566308978402
              ]
            ]
          ]
        ]
      }
    }, 
    {
      "properties": {
        "level": "BASEMENT", 
        "type": "drawing", 
        "SubClasses": "AcDbEntity:AcDbHatch", 
        "Layer": "A-WALL-PATT", 
        "EntityHandle": "D5", 
        "source": "BASEMENT.dxf", 
        "Text": "SOLID", 
        "interactive": false
      }, 
      "type": "Feature", 
      "geometry": {
        "type": "MultiPolygon", 
        "coordinates": [
          [
            [
              [
                -95.575403400788105, 
                42.758566308978402
              ], 
              [
                -95.575403400788105, 
                42.758614469484634
              ], 
              [
                -95.575409636972708, 
                42.758614469484634
              ], 
              [
                -95.575409636972708, 
                42.758566308978402
              ], 
              [
                -95.575403400788105, 
                42.758566308978402
              ]
            ]
          ], 
          [
            [
              [
                -95.575409636972708, 
                42.758623626993796
              ], 
              [
                -95.575403400788105, 
                42.758623626993796
              ], 
              [
                -95.575403400788105, 
                42.758675741212841
              ], 
              [
                -95.575409636972708, 
                42.758675741212841
              ], 
              [
                -95.575409636972708, 
                42.758625344026761
              ], 
              [
                -95.575409636972708, 
                42.758623626993796
              ]
            ]
          ]
        ]
      }
    }, 
    {
      "properties": {
        "level": "BASEMENT", 
        "type": "drawing", 
        "SubClasses": "AcDbEntity:AcDbHatch", 
        "Layer": "A-WALL-PATT", 
        "EntityHandle": "DB", 
        "source": "BASEMENT.dxf", 
        "Text": "SOLID", 
        "interactive": false
      }, 
      "type": "Feature", 
      "geometry": {
        "type": "MultiPolygon", 
        "coordinates": [
          [
            [
              [
                -95.575409636972708, 
                42.758671162458256
              ], 
              [
                -95.575409636972708, 
                42.758675741212841
              ], 
              [
                -95.575481041286366, 
                42.758675741212841
              ], 
              [
                -95.575481041286366, 
                42.758671162458256
              ], 
              [
                -95.575480979524386, 
                42.758671162458256
              ], 
              [
                -95.575409636972708, 
                42.758671162458256
              ]
            ]
          ]
        ]
      }
    }, 
    {
      "properties": {
        "level": "BASEMENT", 
        "type": "drawing", 
        "SubClasses": "AcDbEntity:AcDbHatch", 
        "Layer": "A-WALL-PATT", 
        "EntityHandle": "E0", 
        "source": "BASEMENT.dxf", 
        "Text": "SOLID", 
        "interactive": false
      }, 
      "type": "Feature", 
      "geometry": {
        "type": "MultiPolygon", 
        "coordinates": [
          [
            [
              [
                -95.575481041286366, 
                42.758671162458256
              ], 
              [
                -95.575481041286366, 
                42.758678488465584
              ], 
              [
                -95.575484782997123, 
                42.758678488465584
              ], 
              [
                -95.575484782997123, 
                42.758671162458256
              ], 
              [
                -95.575481041286366, 
                42.758671162458256
              ]
            ]
          ]
        ]
      }
    }, 
    {
      "properties": {
        "level": "BASEMENT", 
        "type": "drawing", 
        "SubClasses": "AcDbEntity:AcDbHatch", 
        "Layer": "A-WALL-PATT", 
        "EntityHandle": "E5", 
        "source": "BASEMENT.dxf", 
        "Text": "SOLID", 
        "interactive": false
      }, 
      "type": "Feature", 
      "geometry": {
        "type": "MultiPolygon", 
        "coordinates": [
          [
            [
              [
                -95.575530307144689, 
                42.758673909711007
              ], 
              [
                -95.575484782997123, 
                42.758673909711007
              ], 
              [
                -95.575484782997123, 
                42.758678488465584
              ], 
              [
                -95.575530307144689, 
                42.758678488465584
              ], 
              [
                -95.575530307144689, 
                42.758673909711007
              ]
            ]
          ]
        ]
      }
    }, 
    {
      "properties": {
        "level": "BASEMENT", 
        "type": "drawing", 
        "SubClasses": "AcDbEntity:AcDbHatch", 
        "Layer": "A-WALL-PATT", 
        "EntityHandle": "EB", 
        "source": "BASEMENT.dxf", 
        "Text": "SOLID", 
        "interactive": false
      }, 
      "type": "Feature", 
      "geometry": {
        "type": "MultiPolygon", 
        "coordinates": [
          [
            [
              [
                -95.575531866190843, 
                42.758671162458256
              ], 
              [
                -95.575530307144689, 
                42.758671162458256
              ], 
              [
                -95.575530307144689, 
                42.758678488465584
              ], 
              [
                -95.575534048855459, 
                42.758678488465584
              ], 
              [
                -95.575534048855459, 
                42.758671162458256
              ], 
              [
                -95.575531866190843, 
                42.758671162458256
              ]
            ]
          ]
        ]
      }
    }, 
    {
      "properties": {
        "level": "BASEMENT", 
        "type": "drawing", 
        "SubClasses": "AcDbEntity:AcDbHatch", 
        "Layer": "A-WALL-PATT", 
        "EntityHandle": "F1", 
        "source": "BASEMENT.dxf", 
        "Text": "SOLID", 
        "interactive": false
      }, 
      "type": "Feature", 
      "geometry": {
        "type": "MultiPolygon", 
        "coordinates": [
          [
            [
              [
                -95.575534048855459, 
                42.758671162458256
              ], 
              [
                -95.575534048855459, 
                42.758675741212841
              ], 
              [
                -95.575611626782390, 
                42.758675741212841
              ], 
              [
                -95.575611626782390, 
                42.758671162458256
              ], 
              [
                -95.575561332163076, 
                42.758671162458256
              ], 
              [
                -95.575534048855459, 
                42.758671162458256
              ]
            ]
          ]
        ]
      }
    }, 
    {
      "properties": {
        "level": "BASEMENT", 
        "type": "drawing", 
        "SubClasses": "AcDbEntity:AcDbHatch", 
        "Layer": "A-WALL-PATT", 
        "EntityHandle": "F6", 
        "source": "BASEMENT.dxf", 
        "Text": "SOLID", 
        "interactive": false
      }, 
      "type": "Feature", 
      "geometry": {
        "type": "MultiPolygon", 
        "coordinates": [
          [
            [
              [
                -95.575611626782390, 
                42.758671162458256
              ], 
              [
                -95.575611626782390, 
                42.758686730223829
              ], 
              [
                -95.575617862966993, 
                42.758686730223829
              ], 
              [
                -95.575617862966993, 
                42.758671162458256
              ], 
              [
                -95.575611626782390, 
                42.758671162458256
              ]
            ]
          ]
        ]
      }
    }, 
    {
      "properties": {
        "level": "BASEMENT", 
        "type": "drawing", 
        "SubClasses": "AcDbEntity:AcDbHatch", 
        "Layer": "A-WALL-PATT", 
        "EntityHandle": "100", 
        "source": "BASEMENT.dxf", 
        "Text": "SOLID", 
        "interactive": false
      }, 
      "type": "Feature", 
      "geometry": {
        "type": "MultiPolygon", 
        "coordinates": [
          [
            [
              [
                -95.575617862966993, 
                42.758683982971078
              ], 
              [
                -95.575617862966993, 
                42.758686730223829
              ], 
              [
                -95.575698372319636, 
                42.758686730223829
              ], 
              [
                -95.575698372319636, 
                42.758683982971078
              ], 
              [
                -95.575640058101399, 
                42.758683982971078
              ], 
              [
                -95.575617862966993, 
                42.758683982971078
              ]
            ]
          ], 
          [
            [
              [
                -95.575723317058035, 
                42.758683982971078
              ], 
              [
                -95.575711468307290, 
                42.758683982971078
              ], 
              [
                -95.575711468307290, 
                42.758686730223829
              ], 
              [
                -95.575723317058035, 
                42.758686730223829
              ], 
              [
                -95.575723317058035, 
                42.758683982971078
              ]
            ]
          ]
        ]
      }
    }, 
    {
      "properties": {
        "level": "BASEMENT", 
        "type": "drawing", 
        "SubClasses": "AcDbEntity:AcDbHatch", 
        "Layer": "A-WALL-PATT", 
        "EntityHandle": "106", 
        "source": "BASEMENT.dxf", 
        "Text": "SOLID", 
        "interactive": false
      }, 
      "type": "Feature", 
      "geometry": {
        "type": "MultiPolygon", 
        "coordinates": [
          [
            [
              [
                -95.575728617814931, 
                42.758686730223829
              ], 
              [
                -95.575724876104175, 
                42.758686730223829
              ], 
              [
                -95.575724876104175, 
                42.758707334619430
              ], 
              [
                -95.575728617814931, 
                42.758707334619430
              ], 
              [
                -95.575728617814931, 
                42.758704587366687
              ], 
              [
                -95.575728617814931, 
                42.758686730223829
              ]
            ]
          ]
        ]
      }
    }, 
    {
      "properties": {
        "level": "BASEMENT", 
        "type": "drawing", 
        "SubClasses": "AcDbEntity:AcDbHatch", 
        "Layer": "A-WALL-PATT", 
        "EntityHandle": "10C", 
        "source": "BASEMENT.dxf", 
        "Text": "SOLID", 
        "interactive": false
      }, 
      "type": "Feature", 
      "geometry": {
        "type": "MultiPolygon", 
        "coordinates": [
          [
            [
              [
                -95.575723940676482, 
                42.758704587366687
              ], 
              [
                -95.575681222811980, 
                42.758704587366687
              ], 
              [
                -95.575681222811980, 
                42.758707334619430
              ], 
              [
                -95.575724876104175, 
                42.758707334619430
              ], 
              [
                -95.575724876104175, 
                42.758704587366687
              ], 
              [
                -95.575723940676482, 
                42.758704587366687
              ]
            ]
          ]
        ]
      }
    }, 
    {
      "properties": {
        "level": "BASEMENT", 
        "type": "drawing", 
        "SubClasses": "AcDbEntity:AcDbHatch", 
        "Layer": "A-WALL-PATT", 
        "EntityHandle": "111", 
        "source": "BASEMENT.dxf", 
        "Text": "SOLID", 
        "interactive": false
      }, 
      "type": "Feature", 
      "geometry": {
        "type": "MultiPolygon", 
        "coordinates": [
          [
            [
              [
                -95.575684964522750, 
                42.758704587366687
              ], 
              [
                -95.575684964522750, 
                42.758686730223829
              ], 
              [
                -95.575681222811980, 
                42.758686730223829
              ], 
              [
                -95.575681222811980, 
                42.758704587366687
              ], 
              [
                -95.575684964522750, 
                42.758704587366687
              ]
            ]
          ]
        ]
      }
    }, 
    {
      "properties": {
        "level": "BASEMENT", 
        "type": "drawing", 
        "SubClasses": "AcDbEntity:AcDbHatch", 
        "Layer": "A-WALL-PATT", 
        "EntityHandle": "116", 
        "source": "BASEMENT.dxf", 
        "Text": "SOLID", 
        "interactive": false
      }, 
      "type": "Feature", 
      "geometry": {
        "type": "MultiPolygon", 
        "coordinates": [
          [
            [
              [
                -95.575723940676482, 
                42.758707334619430
              ], 
              [
                -95.575720198965726, 
                42.758707334619430
              ], 
              [
                -95.575720198965726, 
                42.758724047073642
              ], 
              [
                -95.575723940676482, 
                42.758724047073642
              ], 
              [
                -95.575723940676482, 
                42.758707334619430
              ]
            ]
          ]
        ]
      }
    }, 
    {
      "properties": {
        "level": "BASEMENT", 
        "type": "drawing", 
        "SubClasses": "AcDbEntity:AcDbHatch", 
        "Layer": "A-WALL-PATT", 
        "EntityHandle": "11B", 
        "source": "BASEMENT.dxf", 
        "Text": "SOLID", 
        "interactive": false
      }, 
      "type": "Feature", 
      "geometry": {
        "type": "MultiPolygon", 
        "coordinates": [
          [
            [
              [
                -95.575689641661199, 
                42.758707334619430
              ], 
              [
                -95.575685899950429, 
                42.758707334619430
              ], 
              [
                -95.575685899950429, 
                42.758724047073642
              ], 
              [
                -95.575689641661199, 
                42.758724047073642
              ], 
              [
                -95.575689641661199, 
                42.758707334619430
              ]
            ]
          ]
        ]
      }
    }, 
    {
      "properties": {
        "level": "BASEMENT", 
        "type": "drawing", 
        "SubClasses": "AcDbEntity:AcDbHatch", 
        "Layer": "A-WALL-PATT", 
        "EntityHandle": "121", 
        "source": "BASEMENT.dxf", 
        "Text": "SOLID", 
        "interactive": false
      }, 
      "type": "Feature", 
      "geometry": {
        "type": "MultiPolygon", 
        "coordinates": [
          [
            [
              [
                -95.575690265279661, 
                42.758618562499265
              ], 
              [
                -95.575686523568891, 
                42.758618562499265
              ], 
              [
                -95.575686523568891, 
                42.758683982971078
              ], 
              [
                -95.575690265279661, 
                42.758683982971078
              ], 
              [
                -95.575690265279661, 
                42.758619582922925
              ], 
              [
                -95.575690265279661, 
                42.758618562499265
              ]
            ]
          ]
        ]
      }
    }, 
    {
      "properties": {
        "level": "BASEMENT", 
        "type": "drawing", 
        "SubClasses": "AcDbEntity:AcDbHatch", 
        "Layer": "A-WALL-PATT", 
        "EntityHandle": "127", 
        "source": "BASEMENT.dxf", 
        "Text": "SOLID", 
        "interactive": false
      }, 
      "type": "Feature", 
      "geometry": {
        "type": "MultiPolygon", 
        "coordinates": [
          [
            [
              [
                -95.575723317058035, 
                42.758614899495605
              ], 
              [
                -95.575719575347264, 
                42.758614899495605
              ], 
              [
                -95.575719575347264, 
                42.758683982971078
              ], 
              [
                -95.575723317058035, 
                42.758683982971078
              ], 
              [
                -95.575723317058035, 
                42.758618562499265
              ], 
              [
                -95.575723317058035, 
                42.758614899495605
              ]
            ]
          ]
        ]
      }
    }, 
    {
      "properties": {
        "level": "BASEMENT", 
        "type": "drawing", 
        "SubClasses": "AcDbEntity:AcDbHatch", 
        "Layer": "A-WALL-PATT", 
        "EntityHandle": "12E", 
        "source": "BASEMENT.dxf", 
        "Text": "SOLID", 
        "interactive": false
      }, 
      "type": "Feature", 
      "geometry": {
        "type": "MultiPolygon", 
        "coordinates": [
          [
            [
              [
                -95.575724876104175, 
                42.758682151469245
              ], 
              [
                -95.575723317058035, 
                42.758682151469245
              ], 
              [
                -95.575723317058035, 
                42.758686730223829
              ], 
              [
                -95.575797839463988, 
                42.758686730223829
              ], 
              [
                -95.575797839463988, 
                42.758682151469245
              ], 
              [
                -95.575728617814931, 
                42.758682151469245
              ], 
              [
                -95.575724876104175, 
                42.758682151469245
              ]
            ]
          ]
        ]
      }
    }, 
    {
      "properties": {
        "level": "BASEMENT", 
        "type": "drawing", 
        "SubClasses": "AcDbEntity:AcDbHatch", 
        "Layer": "A-WALL-PATT", 
        "EntityHandle": "133", 
        "source": "BASEMENT.dxf", 
        "Text": "SOLID", 
        "interactive": false
      }, 
      "type": "Feature", 
      "geometry": {
        "type": "MultiPolygon", 
        "coordinates": [
          [
            [
              [
                -95.575792226897846, 
                42.758671162458256
              ], 
              [
                -95.575792226897846, 
                42.758682151469245
              ], 
              [
                -95.575797839463988, 
                42.758682151469245
              ], 
              [
                -95.575797839463988, 
                42.758671162458256
              ], 
              [
                -95.575792226897846, 
                42.758671162458256
              ]
            ]
          ]
        ]
      }
    }, 
    {
      "properties": {
        "level": "BASEMENT", 
        "type": "drawing", 
        "SubClasses": "AcDbEntity:AcDbHatch", 
        "Layer": "A-WALL-PATT", 
        "EntityHandle": "138", 
        "source": "BASEMENT.dxf", 
        "Text": "SOLID", 
        "interactive": false
      }, 
      "type": "Feature", 
      "geometry": {
        "type": "MultiPolygon", 
        "coordinates": [
          [
            [
              [
                -95.575797839463988, 
                42.758671162458256
              ], 
              [
                -95.575797839463988, 
                42.758675741212841
              ], 
              [
                -95.575799136678427, 
                42.758675741212841
              ], 
              [
                -95.575799136678427, 
                42.758671162458256
              ], 
              [
                -95.575797839463988, 
                42.758671162458256
              ]
            ]
          ]
        ]
      }
    }, 
    {
      "properties": {
        "level": "BASEMENT", 
        "type": "drawing", 
        "SubClasses": "AcDbEntity:AcDbHatch", 
        "Layer": "A-WALL-PATT", 
        "EntityHandle": "13F", 
        "source": "BASEMENT.dxf", 
        "Text": "SOLID", 
        "interactive": false
      }, 
      "type": "Feature", 
      "geometry": {
        "type": "MultiPolygon", 
        "coordinates": [
          [
            [
              [
                -95.575797215845526, 
                42.758614945232054
              ], 
              [
                -95.575792226897846, 
                42.758614945232054
              ], 
              [
                -95.575792226897846, 
                42.758671162458256
              ], 
              [
                -95.575799136678427, 
                42.758671162458256
              ], 
              [
                -95.575799136678427, 
                42.758614945232054
              ], 
              [
                -95.575799086700911, 
                42.758614945232054
              ], 
              [
                -95.575797215845526, 
                42.758614945232054
              ]
            ]
          ]
        ]
      }
    }, 
    {
      "properties": {
        "level": "BASEMENT", 
        "type": "drawing", 
        "SubClasses": "AcDbEntity:AcDbHatch", 
        "Layer": "A-WALL-PATT", 
        "EntityHandle": "148", 
        "source": "BASEMENT.dxf", 
        "Text": "SOLID", 
        "interactive": false
      }, 
      "type": "Feature", 
      "geometry": {
        "type": "MultiPolygon", 
        "coordinates": [
          [
            [
              [
                -95.575723317058035, 
                42.758614899495605
              ], 
              [
                -95.575723317058035, 
                42.758618562499265
              ], 
              [
                -95.575755433408716, 
                42.758618562499265
              ], 
              [
                -95.575755433408716, 
                42.758614899495605
              ], 
              [
                -95.575723317058035, 
                42.758614899495605
              ]
            ]
          ], 
          [
            [
              [
                -95.575767905777909, 
                42.758614899495605
              ], 
              [
                -95.575767905777909, 
                42.758618562499265
              ], 
              [
                -95.575792226897846, 
                42.758618562499265
              ], 
              [
                -95.575792226897846, 
                42.758614899495605
              ], 
              [
                -95.575767905777909, 
                42.758614899495605
              ]
            ]
          ]
        ]
      }
    }, 
    {
      "properties": {
        "level": "BASEMENT", 
        "type": "drawing", 
        "SubClasses": "AcDbEntity:AcDbHatch", 
        "Layer": "A-WALL-PATT", 
        "EntityHandle": "151", 
        "source": "BASEMENT.dxf", 
        "Text": "SOLID", 
        "interactive": false
      }, 
      "type": "Feature", 
      "geometry": {
        "type": "MultiPolygon", 
        "coordinates": [
          [
            [
              [
                -95.575797215845526, 
                42.758593654023258
              ], 
              [
                -95.575797215845526, 
                42.758599590595225
              ], 
              [
                -95.575799086700911, 
                42.758599590595225
              ], 
              [
                -95.575799086700911, 
                42.758593654023258
              ], 
              [
                -95.575797215845526, 
                42.758593654023258
              ]
            ]
          ], 
          [
            [
              [
                -95.575797215845526, 
                42.758610121730754
              ], 
              [
                -95.575797215845526, 
                42.758614945232054
              ], 
              [
                -95.575799086700911, 
                42.758614945232054
              ], 
              [
                -95.575799086700911, 
                42.758610121730754
              ], 
              [
                -95.575797215845526, 
                42.758610121730754
              ]
            ]
          ]
        ]
      }
    }, 
    {
      "properties": {
        "level": "BASEMENT", 
        "type": "drawing", 
        "SubClasses": "AcDbEntity:AcDbHatch", 
        "Layer": "A-WALL-PATT", 
        "EntityHandle": "157", 
        "source": "BASEMENT.dxf", 
        "Text": "SOLID", 
        "interactive": false
      }, 
      "type": "Feature", 
      "geometry": {
        "type": "MultiPolygon", 
        "coordinates": [
          [
            [
              [
                -95.575795344990141, 
                42.758560721602549
              ], 
              [
                -95.575795344990141, 
                42.758593654023258
              ], 
              [
                -95.575799136678427, 
                42.758593654023258
              ], 
              [
                -95.575799136678427, 
                42.758563505549979
              ], 
              [
                -95.575796835363434, 
                42.758561815869953
              ], 
              [
                -95.575795344990141, 
                42.758560721602549
              ]
            ]
          ]
        ]
      }
    }, 
    {
      "properties": {
        "level": "BASEMENT", 
        "type": "drawing", 
        "SubClasses": "AcDbEntity:AcDbHatch", 
        "Layer": "A-WALL-PATT", 
        "EntityHandle": "15D", 
        "source": "BASEMENT.dxf", 
        "Text": "SOLID", 
        "interactive": false
      }, 
      "type": "Feature", 
      "geometry": {
        "type": "MultiPolygon", 
        "coordinates": [
          [
            [
              [
                -95.575778080744769, 
                42.758548045784295
              ], 
              [
                -95.575778080744769, 
                42.758554521121120
              ], 
              [
                -95.575795344990141, 
                42.758567196939374
              ], 
              [
                -95.575795344990141, 
                42.758560721602549
              ], 
              [
                -95.575780938951013, 
                42.758550144347076
              ], 
              [
                -95.575778080744769, 
                42.758548045784295
              ]
            ]
          ]
        ]
      }
    }, 
    {
      "properties": {
        "level": "BASEMENT", 
        "type": "drawing", 
        "SubClasses": "AcDbEntity:AcDbHatch", 
        "Layer": "A-WALL-PATT", 
        "EntityHandle": "163", 
        "source": "BASEMENT.dxf", 
        "Text": "SOLID", 
        "interactive": false
      }, 
      "type": "Feature", 
      "geometry": {
        "type": "MultiPolygon", 
        "coordinates": [
          [
            [
              [
                -95.575784316929372, 
                42.758345424392871
              ], 
              [
                -95.575778080744769, 
                42.758345424392871
              ], 
              [
                -95.575778080744769, 
                42.758548045784295
              ], 
              [
                -95.575784316929372, 
                42.758552624538872
              ], 
              [
                -95.575784316929372, 
                42.758348171645622
              ], 
              [
                -95.575784316929372, 
                42.758345424392871
              ]
            ]
          ]
        ]
      }
    }, 
    {
      "properties": {
        "level": "BASEMENT", 
        "type": "drawing", 
        "SubClasses": "AcDbEntity:AcDbHatch", 
        "Layer": "A-WALL-PATT", 
        "EntityHandle": "169", 
        "source": "BASEMENT.dxf", 
        "Text": "SOLID", 
        "interactive": false
      }, 
      "type": "Feature", 
      "geometry": {
        "type": "MultiPolygon", 
        "coordinates": [
          [
            [
              [
                -95.575784316929372, 
                42.758365311848763
              ], 
              [
                -95.575784316929372, 
                42.758367143350590
              ], 
              [
                -95.575794606633949, 
                42.758367143350590
              ], 
              [
                -95.575794606633949, 
                42.758365311848763
              ], 
              [
                -95.575792112160116, 
                42.758365311848763
              ], 
              [
                -95.575784316929372, 
                42.758365311848763
              ]
            ]
          ]
        ]
      }
    }, 
    {
      "properties": {
        "level": "BASEMENT", 
        "type": "drawing", 
        "SubClasses": "AcDbEntity:AcDbHatch", 
        "Layer": "A-WALL-PATT", 
        "EntityHandle": "16E", 
        "source": "BASEMENT.dxf", 
        "Text": "SOLID", 
        "interactive": false
      }, 
      "type": "Feature", 
      "geometry": {
        "type": "MultiPolygon", 
        "coordinates": [
          [
            [
              [
                -95.575794606633949, 
                42.758365311848763
              ], 
              [
                -95.575794606633949, 
                42.758353178149129
              ], 
              [
                -95.575792112160116, 
                42.758353178149129
              ], 
              [
                -95.575792112160116, 
                42.758365311848763
              ], 
              [
                -95.575794606633949, 
                42.758365311848763
              ]
            ]
          ]
        ]
      }
    }, 
    {
      "properties": {
        "level": "BASEMENT", 
        "type": "drawing", 
        "SubClasses": "AcDbEntity:AcDbHatch", 
        "Layer": "A-WALL-PATT", 
        "EntityHandle": "174", 
        "source": "BASEMENT.dxf", 
        "Text": "SOLID", 
        "interactive": false
      }, 
      "type": "Feature", 
      "geometry": {
        "type": "MultiPolygon", 
        "coordinates": [
          [
            [
              [
                -95.575792112160116, 
                42.758351346647295
              ], 
              [
                -95.575784316929372, 
                42.758351346647295
              ], 
              [
                -95.575784316929372, 
                42.758353178149129
              ], 
              [
                -95.575794606633949, 
                42.758353178149129
              ], 
              [
                -95.575794606633949, 
                42.758351346647295
              ], 
              [
                -95.575792112160116, 
                42.758351346647295
              ]
            ]
          ]
        ]
      }
    }, 
    {
      "properties": {
        "level": "BASEMENT", 
        "type": "drawing", 
        "SubClasses": "AcDbEntity:AcDbHatch", 
        "Layer": "A-WALL-PATT", 
        "EntityHandle": "17A", 
        "source": "BASEMENT.dxf", 
        "Text": "SOLID", 
        "interactive": false
      }, 
      "type": "Feature", 
      "geometry": {
        "type": "MultiPolygon", 
        "coordinates": [
          [
            [
              [
                -95.575693750837274, 
                42.758345424392871
              ], 
              [
                -95.575693750837274, 
                42.758348171645622
              ], 
              [
                -95.575778080744769, 
                42.758348171645622
              ], 
              [
                -95.575778080744769, 
                42.758345424392871
              ], 
              [
                -95.575696245311121, 
                42.758345424392871
              ], 
              [
                -95.575693750837274, 
                42.758345424392871
              ]
            ]
          ]
        ]
      }
    }, 
    {
      "properties": {
        "level": "BASEMENT", 
        "type": "drawing", 
        "SubClasses": "AcDbEntity:AcDbHatch", 
        "Layer": "A-WALL-PATT", 
        "EntityHandle": "184", 
        "source": "BASEMENT.dxf", 
        "Text": "SOLID", 
        "interactive": false
      }, 
      "type": "Feature", 
      "geometry": {
        "type": "MultiPolygon", 
        "coordinates": [
          [
            [
              [
                -95.575696698535751, 
                42.758348171645622
              ], 
              [
                -95.575696698535751, 
                42.758395261899167
              ], 
              [
                -95.575700440246507, 
                42.758395261899167
              ], 
              [
                -95.575700440246507, 
                42.758348171645622
              ], 
              [
                -95.575696698535751, 
                42.758348171645622
              ]
            ]
          ], 
          [
            [
              [
                -95.575700440246507, 
                42.758404419408322
              ], 
              [
                -95.575696698535751, 
                42.758404419408322
              ], 
              [
                -95.575696698535751, 
                42.758439517799467
              ], 
              [
                -95.575700440246507, 
                42.758439517799467
              ], 
              [
                -95.575700440246507, 
                42.758409954705904
              ], 
              [
                -95.575700440246507, 
                42.758404419408322
              ]
            ]
          ]
        ]
      }
    }, 
    {
      "properties": {
        "level": "BASEMENT", 
        "type": "drawing", 
        "SubClasses": "AcDbEntity:AcDbHatch", 
        "Layer": "A-WALL-PATT", 
        "EntityHandle": "18B", 
        "source": "BASEMENT.dxf", 
        "Text": "SOLID", 
        "interactive": false
      }, 
      "type": "Feature", 
      "geometry": {
        "type": "MultiPolygon", 
        "coordinates": [
          [
            [
              [
                -95.575696698535751, 
                42.758439517799467
              ], 
              [
                -95.575695139489596, 
                42.758439517799467
              ], 
              [
                -95.575695139489596, 
                42.758442265052217
              ], 
              [
                -95.575778080744769, 
                42.758442265052217
              ], 
              [
                -95.575778080744769, 
                42.758439517799467
              ], 
              [
                -95.575700440246507, 
                42.758439517799467
              ], 
              [
                -95.575696698535751, 
                42.758439517799467
              ]
            ]
          ]
        ]
      }
    }, 
    {
      "properties": {
        "level": "BASEMENT", 
        "type": "drawing", 
        "SubClasses": "AcDbEntity:AcDbHatch", 
        "Layer": "A-WALL-PATT", 
        "EntityHandle": "191", 
        "source": "BASEMENT.dxf", 
        "Text": "SOLID", 
        "interactive": false
      }, 
      "type": "Feature", 
      "geometry": {
        "type": "MultiPolygon", 
        "coordinates": [
          [
            [
              [
                -95.575771376846319, 
                42.758442265052217
              ], 
              [
                -95.575769817800179, 
                42.758442265052217
              ], 
              [
                -95.575769817800179, 
                42.758445126773829
              ], 
              [
                -95.575771376846319, 
                42.758445126773829
              ], 
              [
                -95.575771376846319, 
                42.758443982085183
              ], 
              [
                -95.575771376846319, 
                42.758442265052217
              ]
            ]
          ]
        ]
      }
    }, 
    {
      "properties": {
        "level": "BASEMENT", 
        "type": "drawing", 
        "SubClasses": "AcDbEntity:AcDbHatch", 
        "Layer": "A-WALL-PATT", 
        "EntityHandle": "196", 
        "source": "BASEMENT.dxf", 
        "Text": "SOLID", 
        "interactive": false
      }, 
      "type": "Feature", 
      "geometry": {
        "type": "MultiPolygon", 
        "coordinates": [
          [
            [
              [
                -95.575778080744769, 
                42.758443982085183
              ], 
              [
                -95.575771376846319, 
                42.758443982085183
              ], 
              [
                -95.575771376846319, 
                42.758445126773829
              ], 
              [
                -95.575778080744769, 
                42.758445126773829
              ], 
              [
                -95.575778080744769, 
                42.758443982085183
              ]
            ]
          ]
        ]
      }
    }, 
    {
      "properties": {
        "level": "BASEMENT", 
        "type": "drawing", 
        "SubClasses": "AcDbEntity:AcDbHatch", 
        "Layer": "A-WALL-PATT", 
        "EntityHandle": "1AD", 
        "source": "BASEMENT.dxf", 
        "Text": "SOLID", 
        "interactive": false
      }, 
      "type": "Feature", 
      "geometry": {
        "type": "MultiPolygon", 
        "coordinates": [
          [
            [
              [
                -95.575647837663979, 
                42.758409954705904
              ], 
              [
                -95.575631077182067, 
                42.758409954705904
              ], 
              [
                -95.575631077182067, 
                42.758412701958648
              ], 
              [
                -95.575680952169634, 
                42.758412701958648
              ], 
              [
                -95.575680952169634, 
                42.758409954705904
              ], 
              [
                -95.575648423856720, 
                42.758409954705904
              ], 
              [
                -95.575648523551536, 
                42.758410111680163
              ], 
              [
                -95.575647837663979, 
                42.758410111680163
              ], 
              [
                -95.575647837663979, 
                42.758409954705904
              ]
            ]
          ], 
          [
            [
              [
                -95.575700440246507, 
                42.758409954705904
              ], 
              [
                -95.575700440246507, 
                42.758412701958648
              ], 
              [
                -95.575701609531123, 
                42.758412701958648
              ], 
              [
                -95.575701609531123, 
                42.758409954705904
              ], 
              [
                -95.575700440246507, 
                42.758409954705904
              ]
            ]
          ], 
          [
            [
              [
                -95.575696698535751, 
                42.758409954705904
              ], 
              [
                -95.575693424538841, 
                42.758409954705904
              ], 
              [
                -95.575693424538841, 
                42.758412701958648
              ], 
              [
                -95.575696698535751, 
                42.758412701958648
              ], 
              [
                -95.575696698535751, 
                42.758409954705904
              ]
            ]
          ], 
          [
            [
              [
                -95.575719597389920, 
                42.758409954705904
              ], 
              [
                -95.575714081900315, 
                42.758409954705904
              ], 
              [
                -95.575714081900315, 
                42.758412701958648
              ], 
              [
                -95.575778080744769, 
                42.758412701958648
              ], 
              [
                -95.575778080744769, 
                42.758409954705904
              ], 
              [
                -95.575720629894150, 
                42.758409954705904
              ], 
              [
                -95.575719597389920, 
                42.758409954705904
              ]
            ]
          ]
        ]
      }
    }, 
    {
      "properties": {
        "level": "BASEMENT", 
        "type": "drawing", 
        "SubClasses": "AcDbEntity:AcDbHatch", 
        "Layer": "A-WALL-PATT", 
        "EntityHandle": "1B3", 
        "source": "BASEMENT.dxf", 
        "Text": "SOLID", 
        "interactive": false
      }, 
      "type": "Feature", 
      "geometry": {
        "type": "MultiPolygon", 
        "coordinates": [
          [
            [
              [
                -95.575719070847995, 
                42.758386831995281
              ], 
              [
                -95.575719070847995, 
                42.758409954705904
              ], 
              [
                -95.575720629894150, 
                42.758409954705904
              ], 
              [
                -95.575720629894150, 
                42.758386831995281
              ], 
              [
                -95.575719597389920, 
                42.758386831995281
              ], 
              [
                -95.575719070847995, 
                42.758386831995281
              ]
            ]
          ]
        ]
      }
    }, 
    {
      "properties": {
        "level": "BASEMENT", 
        "type": "drawing", 
        "SubClasses": "AcDbEntity:AcDbHatch", 
        "Layer": "A-WALL-PATT", 
        "EntityHandle": "1B9", 
        "source": "BASEMENT.dxf", 
        "Text": "SOLID", 
        "interactive": false
      }, 
      "type": "Feature", 
      "geometry": {
        "type": "MultiPolygon", 
        "coordinates": [
          [
            [
              [
                -95.575700440246507, 
                42.758387706954110
              ], 
              [
                -95.575700440246507, 
                42.758388851642756
              ], 
              [
                -95.575706598478803, 
                42.758388851642756
              ], 
              [
                -95.575706598478803, 
                42.758387706954110
              ], 
              [
                -95.575704961480341, 
                42.758387706954110
              ], 
              [
                -95.575700440246507, 
                42.758387706954110
              ]
            ]
          ]
        ]
      }
    }, 
    {
      "properties": {
        "level": "BASEMENT", 
        "type": "drawing", 
        "SubClasses": "AcDbEntity:AcDbHatch", 
        "Layer": "A-WALL-PATT", 
        "EntityHandle": "1BE", 
        "source": "BASEMENT.dxf", 
        "Text": "SOLID", 
        "interactive": false
      }, 
      "type": "Feature", 
      "geometry": {
        "type": "MultiPolygon", 
        "coordinates": [
          [
            [
              [
                -95.575704961480341, 
                42.758348171645622
              ], 
              [
                -95.575704961480341, 
                42.758387706954110
              ], 
              [
                -95.575706520526495, 
                42.758387706954110
              ], 
              [
                -95.575706520526495, 
                42.758348171645622
              ], 
              [
                -95.575704961480341, 
                42.758348171645622
              ]
            ]
          ]
        ]
      }
    }, 
    {
      "properties": {
        "level": "BASEMENT", 
        "type": "drawing", 
        "SubClasses": "AcDbEntity:AcDbHatch", 
        "Layer": "A-WALL-PATT", 
        "EntityHandle": "1C3", 
        "source": "BASEMENT.dxf", 
        "Text": "SOLID", 
        "interactive": false
      }, 
      "type": "Feature", 
      "geometry": {
        "type": "MultiPolygon", 
        "coordinates": [
          [
            [
              [
                -95.575693750837274, 
                42.758332146004598
              ], 
              [
                -95.575693750837274, 
                42.758345424392871
              ], 
              [
                -95.575696245311121, 
                42.758345424392871
              ], 
              [
                -95.575696245311121, 
                42.758332146004598
              ], 
              [
                -95.575693750837274, 
                42.758332146004598
              ]
            ]
          ]
        ]
      }
    }, 
    {
      "properties": {
        "level": "BASEMENT", 
        "type": "drawing", 
        "SubClasses": "AcDbEntity:AcDbHatch", 
        "Layer": "A-WALL-PATT", 
        "EntityHandle": "1C9", 
        "source": "BASEMENT.dxf", 
        "Text": "SOLID", 
        "interactive": false
      }, 
      "type": "Feature", 
      "geometry": {
        "type": "MultiPolygon", 
        "coordinates": [
          [
            [
              [
                -95.575670676954260, 
                42.758332146004598
              ], 
              [
                -95.575668182480428, 
                42.758332146004598
              ], 
              [
                -95.575668182480428, 
                42.758348171645622
              ], 
              [
                -95.575670676954260, 
                42.758348171645622
              ], 
              [
                -95.575670676954260, 
                42.758333581640485
              ], 
              [
                -95.575670676954260, 
                42.758332146004598
              ]
            ]
          ]
        ]
      }
    }, 
    {
      "properties": {
        "level": "BASEMENT", 
        "type": "drawing", 
        "SubClasses": "AcDbEntity:AcDbHatch", 
        "Layer": "A-WALL-PATT", 
        "EntityHandle": "1CF", 
        "source": "BASEMENT.dxf", 
        "Text": "SOLID", 
        "interactive": false
      }, 
      "type": "Feature", 
      "geometry": {
        "type": "MultiPolygon", 
        "coordinates": [
          [
            [
              [
                -95.575631077182067, 
                42.758345424392871
              ], 
              [
                -95.575631077182067, 
                42.758348171645622
              ], 
              [
                -95.575668182480428, 
                42.758348171645622
              ], 
              [
                -95.575668182480428, 
                42.758345424392871
              ], 
              [
                -95.575640058101399, 
                42.758345424392871
              ], 
              [
                -95.575631077182067, 
                42.758345424392871
              ]
            ]
          ]
        ]
      }
    }, 
    {
      "properties": {
        "level": "BASEMENT", 
        "type": "drawing", 
        "SubClasses": "AcDbEntity:AcDbHatch", 
        "Layer": "A-WALL-PATT", 
        "EntityHandle": "1DD", 
        "source": "BASEMENT.dxf", 
        "Text": "SOLID", 
        "interactive": false
      }, 
      "type": "Feature", 
      "geometry": {
        "type": "MultiPolygon", 
        "coordinates": [
          [
            [
              [
                -95.575631077182067, 
                42.758345424392871
              ], 
              [
                -95.575627335471296, 
                42.758345424392871
              ], 
              [
                -95.575627335471296, 
                42.758385245873527
              ], 
              [
                -95.575630960537097, 
                42.758385245873527
              ], 
              [
                -95.575630960537097, 
                42.758383815012721
              ], 
              [
                -95.575631077182067, 
                42.758383815012721
              ], 
              [
                -95.575631077182067, 
                42.758348171645622
              ], 
              [
                -95.575631077182067, 
                42.758345424392871
              ]
            ]
          ], 
          [
            [
              [
                -95.575627335471296, 
                42.758394403382681
              ], 
              [
                -95.575627335471296, 
                42.758442265052217
              ], 
              [
                -95.575631077182067, 
                42.758442265052217
              ], 
              [
                -95.575631077182067, 
                42.758409653804705
              ], 
              [
                -95.575630960537097, 
                42.758409653804705
              ], 
              [
                -95.575630960537097, 
                42.758394403382681
              ], 
              [
                -95.575627335471296, 
                42.758394403382681
              ]
            ]
          ]
        ]
      }
    }, 
    {
      "properties": {
        "level": "BASEMENT", 
        "type": "drawing", 
        "SubClasses": "AcDbEntity:AcDbHatch", 
        "Layer": "A-WALL-PATT", 
        "EntityHandle": "1E4", 
        "source": "BASEMENT.dxf", 
        "Text": "SOLID", 
        "interactive": false
      }, 
      "type": "Feature", 
      "geometry": {
        "type": "MultiPolygon", 
        "coordinates": [
          [
            [
              [
                -95.575633571655899, 
                42.758439517799467
              ], 
              [
                -95.575631077182067, 
                42.758439517799467
              ], 
              [
                -95.575631077182067, 
                42.758442265052217
              ], 
              [
                -95.575682213895774, 
                42.758442265052217
              ], 
              [
                -95.575682213895774, 
                42.758439517799467
              ], 
              [
                -95.575640058101399, 
                42.758439517799467
              ], 
              [
                -95.575633571655899, 
                42.758439517799467
              ]
            ]
          ]
        ]
      }
    }, 
    {
      "properties": {
        "level": "BASEMENT", 
        "type": "drawing", 
        "SubClasses": "AcDbEntity:AcDbHatch", 
        "Layer": "A-WALL-PATT", 
        "EntityHandle": "1F1", 
        "source": "BASEMENT.dxf", 
        "Text": "SOLID", 
        "interactive": false
      }, 
      "type": "Feature", 
      "geometry": {
        "type": "MultiPolygon", 
        "coordinates": [
          [
            [
              [
                -95.575702784883049, 
                42.758442265052217
              ], 
              [
                -95.575702784883049, 
                42.758456917066866
              ], 
              [
                -95.575707150212267, 
                42.758456917066866
              ], 
              [
                -95.575707150212267, 
                42.758442265052217
              ], 
              [
                -95.575702784883049, 
                42.758442265052217
              ]
            ]
          ], 
          [
            [
              [
                -95.575702784883049, 
                42.758466074576020
              ], 
              [
                -95.575702784883049, 
                42.758532008641957
              ], 
              [
                -95.575707150212267, 
                42.758532008641957
              ], 
              [
                -95.575707150212267, 
                42.758466074576020
              ], 
              [
                -95.575702784883049, 
                42.758466074576020
              ]
            ]
          ], 
          [
            [
              [
                -95.575702784883049, 
                42.758541166151112
              ], 
              [
                -95.575702784883049, 
                42.758550144347076
              ], 
              [
                -95.575707150212267, 
                42.758550144347076
              ], 
              [
                -95.575707150212267, 
                42.758541166151112
              ], 
              [
                -95.575702784883049, 
                42.758541166151112
              ]
            ]
          ]
        ]
      }
    }, 
    {
      "properties": {
        "level": "BASEMENT", 
        "type": "drawing", 
        "SubClasses": "AcDbEntity:AcDbHatch", 
        "Layer": "A-WALL-PATT", 
        "EntityHandle": "1FE", 
        "source": "BASEMENT.dxf", 
        "Text": "SOLID", 
        "interactive": false
      }, 
      "type": "Feature", 
      "geometry": {
        "type": "MultiPolygon", 
        "coordinates": [
          [
            [
              [
                -95.575640743268195, 
                42.758550144347076
              ], 
              [
                -95.575628978316118, 
                42.758550144347076
              ], 
              [
                -95.575625236605347, 
                42.758552891599827
              ], 
              [
                -95.575686882612317, 
                42.758552891599827
              ], 
              [
                -95.575686882612317, 
                42.758550144347076
              ], 
              [
                -95.575642302314336, 
                42.758550144347076
              ], 
              [
                -95.575640743268195, 
                42.758550144347076
              ]
            ]
          ], 
          [
            [
              [
                -95.575702784883049, 
                42.758550144347076
              ], 
              [
                -95.575699354981523, 
                42.758550144347076
              ], 
              [
                -95.575699354981523, 
                42.758552891599827
              ], 
              [
                -95.575778080744769, 
                42.758552891599827
              ], 
              [
                -95.575778080744769, 
                42.758550144347076
              ], 
              [
                -95.575707150212267, 
                42.758550144347076
              ], 
              [
                -95.575702784883049, 
                42.758550144347076
              ]
            ]
          ]
        ]
      }
    }, 
    {
      "properties": {
        "level": "BASEMENT", 
        "type": "drawing", 
        "SubClasses": "AcDbEntity:AcDbHatch", 
        "Layer": "A-WALL-PATT", 
        "EntityHandle": "203", 
        "source": "BASEMENT.dxf", 
        "Text": "SOLID", 
        "interactive": false
      }, 
      "type": "Feature", 
      "geometry": {
        "type": "MultiPolygon", 
        "coordinates": [
          [
            [
              [
                -95.575630528183453, 
                42.758552891599827
              ], 
              [
                -95.575625236605347, 
                42.758552891599827
              ], 
              [
                -95.575613198552233, 
                42.758561730223825
              ], 
              [
                -95.575618490130324, 
                42.758561730223825
              ], 
              [
                -95.575630528183453, 
                42.758552891599827
              ]
            ]
          ]
        ]
      }
    }, 
    {
      "properties": {
        "level": "BASEMENT", 
        "type": "drawing", 
        "SubClasses": "AcDbEntity:AcDbHatch", 
        "Layer": "A-WALL-PATT", 
        "EntityHandle": "20A", 
        "source": "BASEMENT.dxf", 
        "Text": "SOLID", 
        "interactive": false
      }, 
      "type": "Feature", 
      "geometry": {
        "type": "MultiPolygon", 
        "coordinates": [
          [
            [
              [
                -95.575614828204053, 
                42.758564418896910
              ], 
              [
                -95.575614124801106, 
                42.758564935352034
              ], 
              [
                -95.575609215637925, 
                42.758564935352034
              ], 
              [
                -95.575609215637925, 
                42.758593552568151
              ], 
              [
                -95.575614828204053, 
                42.758593552568151
              ], 
              [
                -95.575614828204053, 
                42.758564935352034
              ], 
              [
                -95.575614828204053, 
                42.758564418896910
              ]
            ]
          ]
        ]
      }
    }, 
    {
      "properties": {
        "level": "BASEMENT", 
        "type": "drawing", 
        "SubClasses": "AcDbEntity:AcDbHatch", 
        "Layer": "A-WALL-PATT", 
        "EntityHandle": "213", 
        "source": "BASEMENT.dxf", 
        "Text": "SOLID", 
        "interactive": false
      }, 
      "type": "Feature", 
      "geometry": {
        "type": "MultiPolygon", 
        "coordinates": [
          [
            [
              [
                -95.575611086493296, 
                42.758593552568151
              ], 
              [
                -95.575611086493296, 
                42.758599789605498
              ], 
              [
                -95.575612957348682, 
                42.758599789605498
              ], 
              [
                -95.575612957348682, 
                42.758593552568151
              ], 
              [
                -95.575611086493296, 
                42.758593552568151
              ]
            ]
          ], 
          [
            [
              [
                -95.575611086493296, 
                42.758610320741028
              ], 
              [
                -95.575611086493296, 
                42.758614899495605
              ], 
              [
                -95.575612957348682, 
                42.758614899495605
              ], 
              [
                -95.575612957348682, 
                42.758610320741028
              ], 
              [
                -95.575611086493296, 
                42.758610320741028
              ]
            ]
          ]
        ]
      }
    }, 
    {
      "properties": {
        "level": "BASEMENT", 
        "type": "drawing", 
        "SubClasses": "AcDbEntity:AcDbHatch", 
        "Layer": "A-WALL-PATT", 
        "EntityHandle": "219", 
        "source": "BASEMENT.dxf", 
        "Text": "SOLID", 
        "interactive": false
      }, 
      "type": "Feature", 
      "geometry": {
        "type": "MultiPolygon", 
        "coordinates": [
          [
            [
              [
                -95.575614828204053, 
                42.758580501772371
              ], 
              [
                -95.575614828204053, 
                42.758581875398747
              ], 
              [
                -95.575677839474963, 
                42.758581875398747
              ], 
              [
                -95.575677787862048, 
                42.758580501772371
              ], 
              [
                -95.575640058101399, 
                42.758580501772371
              ], 
              [
                -95.575614828204053, 
                42.758580501772371
              ]
            ]
          ]
        ]
      }
    }, 
    {
      "properties": {
        "level": "BASEMENT", 
        "type": "drawing", 
        "SubClasses": "AcDbEntity:AcDbHatch", 
        "Layer": "A-WALL-PATT", 
        "EntityHandle": "222", 
        "source": "BASEMENT.dxf", 
        "Text": "SOLID", 
        "interactive": false
      }, 
      "type": "Feature", 
      "geometry": {
        "type": "MultiPolygon", 
        "coordinates": [
          [
            [
              [
                -95.575681182968893, 
                42.758580364127297
              ], 
              [
                -95.575677787862048, 
                42.758580501772371
              ], 
              [
                -95.575677839474963, 
                42.758581875398747
              ], 
              [
                -95.575690657122166, 
                42.758581355743232
              ], 
              [
                -95.575690582547068, 
                42.758580364127297
              ], 
              [
                -95.575681182968893, 
                42.758580364127297
              ]
            ]
          ], 
          [
            [
              [
                -95.575703073915918, 
                42.758580364127297
              ], 
              [
                -95.575703110520607, 
                42.758580850855168
              ], 
              [
                -95.575715115985744, 
                42.758580364127297
              ], 
              [
                -95.575703073915918, 
                42.758580364127297
              ]
            ]
          ]
        ]
      }
    }, 
    {
      "properties": {
        "level": "BASEMENT", 
        "type": "drawing", 
        "SubClasses": "AcDbEntity:AcDbHatch", 
        "Layer": "A-WALL-PATT", 
        "EntityHandle": "228", 
        "source": "BASEMENT.dxf", 
        "Text": "SOLID", 
        "interactive": false
      }, 
      "type": "Feature", 
      "geometry": {
        "type": "MultiPolygon", 
        "coordinates": [
          [
            [
              [
                -95.575718426599565, 
                42.758552891599827
              ], 
              [
                -95.575716555744179, 
                42.758552891599827
              ], 
              [
                -95.575716555744179, 
                42.758578930037459
              ], 
              [
                -95.575718426599565, 
                42.758578854188883
              ], 
              [
                -95.575718426599565, 
                42.758578725596863
              ], 
              [
                -95.575718426599565, 
                42.758552891599827
              ]
            ]
          ]
        ]
      }
    }, 
    {
      "properties": {
        "level": "BASEMENT", 
        "type": "drawing", 
        "SubClasses": "AcDbEntity:AcDbHatch", 
        "Layer": "A-WALL-PATT", 
        "EntityHandle": "235", 
        "source": "BASEMENT.dxf", 
        "Text": "SOLID", 
        "interactive": false
      }, 
      "type": "Feature", 
      "geometry": {
        "type": "MultiPolygon", 
        "coordinates": [
          [
            [
              [
                -95.575719597389920, 
                42.758578990500922
              ], 
              [
                -95.575718426599565, 
                42.758578990500922
              ], 
              [
                -95.575718426599565, 
                42.758580364127297
              ], 
              [
                -95.575748885414882, 
                42.758580364127297
              ], 
              [
                -95.575748885414882, 
                42.758578990500922
              ], 
              [
                -95.575738422605184, 
                42.758578990500922
              ], 
              [
                -95.575719597389920, 
                42.758578990500922
              ]
            ]
          ], 
          [
            [
              [
                -95.575762293211767, 
                42.758578990500922
              ], 
              [
                -95.575761357784089, 
                42.758578990500922
              ], 
              [
                -95.575761357784089, 
                42.758580364127297
              ], 
              [
                -95.575795344990141, 
                42.758580364127297
              ], 
              [
                -95.575795344990141, 
                42.758578990500922
              ], 
              [
                -95.575764164067152, 
                42.758578990500922
              ], 
              [
                -95.575762293211767, 
                42.758578990500922
              ]
            ]
          ]
        ]
      }
    }, 
    {
      "properties": {
        "level": "BASEMENT", 
        "type": "drawing", 
        "SubClasses": "AcDbEntity:AcDbHatch", 
        "Layer": "A-WALL-PATT", 
        "EntityHandle": "23B", 
        "source": "BASEMENT.dxf", 
        "Text": "SOLID", 
        "interactive": false
      }, 
      "type": "Feature", 
      "geometry": {
        "type": "MultiPolygon", 
        "coordinates": [
          [
            [
              [
                -95.575719343975905, 
                42.758580364127297
              ], 
              [
                -95.575716548026406, 
                42.758580364127297
              ], 
              [
                -95.575734114877363, 
                42.758591977537257
              ], 
              [
                -95.575736910826848, 
                42.758591977537257
              ], 
              [
                -95.575719597389920, 
                42.758580531658794
              ], 
              [
                -95.575719343975905, 
                42.758580364127297
              ]
            ]
          ]
        ]
      }
    }, 
    {
      "properties": {
        "level": "BASEMENT", 
        "type": "drawing", 
        "SubClasses": "AcDbEntity:AcDbHatch", 
        "Layer": "A-WALL-PATT", 
        "EntityHandle": "241", 
        "source": "BASEMENT.dxf", 
        "Text": "SOLID", 
        "interactive": false
      }, 
      "type": "Feature", 
      "geometry": {
        "type": "MultiPolygon", 
        "coordinates": [
          [
            [
              [
                -95.575734114877363, 
                42.758591977537257
              ], 
              [
                -95.575736192672764, 
                42.758593351163633
              ], 
              [
                -95.575740293460569, 
                42.758593351163633
              ], 
              [
                -95.575740293460569, 
                42.758591977537257
              ], 
              [
                -95.575736192672764, 
                42.758591977537257
              ], 
              [
                -95.575734114877363, 
                42.758591977537257
              ]
            ]
          ]
        ]
      }
    }, 
    {
      "properties": {
        "level": "BASEMENT", 
        "type": "drawing", 
        "SubClasses": "AcDbEntity:AcDbHatch", 
        "Layer": "A-WALL-PATT", 
        "EntityHandle": "246", 
        "source": "BASEMENT.dxf", 
        "Text": "SOLID", 
        "interactive": false
      }, 
      "type": "Feature", 
      "geometry": {
        "type": "MultiPolygon", 
        "coordinates": [
          [
            [
              [
                -95.575740293460569, 
                42.758580364127297
              ], 
              [
                -95.575738422605184, 
                42.758580364127297
              ], 
              [
                -95.575738422605184, 
                42.758591977537257
              ], 
              [
                -95.575740293460569, 
                42.758591977537257
              ], 
              [
                -95.575740293460569, 
                42.758580364127297
              ]
            ]
          ]
        ]
      }
    }, 
    {
      "properties": {
        "level": "BASEMENT", 
        "type": "drawing", 
        "SubClasses": "AcDbEntity:AcDbHatch", 
        "Layer": "A-WALL-PATT", 
        "EntityHandle": "24B", 
        "source": "BASEMENT.dxf", 
        "Text": "SOLID", 
        "interactive": false
      }, 
      "type": "Feature", 
      "geometry": {
        "type": "MultiPolygon", 
        "coordinates": [
          [
            [
              [
                -95.575780378147115, 
                42.758580364127297
              ], 
              [
                -95.575778507291730, 
                42.758580364127297
              ], 
              [
                -95.575778507291730, 
                42.758592039951473
              ], 
              [
                -95.575780378147115, 
                42.758592039951473
              ], 
              [
                -95.575780378147115, 
                42.758580364127297
              ]
            ]
          ]
        ]
      }
    }, 
    {
      "properties": {
        "level": "BASEMENT", 
        "type": "drawing", 
        "SubClasses": "AcDbEntity:AcDbHatch", 
        "Layer": "A-WALL-PATT", 
        "EntityHandle": "256", 
        "source": "BASEMENT.dxf", 
        "Text": "SOLID", 
        "interactive": false
      }, 
      "type": "Feature", 
      "geometry": {
        "type": "MultiPolygon", 
        "coordinates": [
          [
            [
              [
                -95.575762293211767, 
                42.758592039951473
              ], 
              [
                -95.575762293211767, 
                42.758593413577849
              ], 
              [
                -95.575765099494845, 
                42.758593413577849
              ], 
              [
                -95.575765099494845, 
                42.758592039951473
              ], 
              [
                -95.575764164067152, 
                42.758592039951473
              ], 
              [
                -95.575762293211767, 
                42.758592039951473
              ]
            ]
          ], 
          [
            [
              [
                -95.575780378147115, 
                42.758592039951473
              ], 
              [
                -95.575777571864037, 
                42.758592039951473
              ], 
              [
                -95.575777571864037, 
                42.758593413577849
              ], 
              [
                -95.575795344990141, 
                42.758593413577849
              ], 
              [
                -95.575795344990141, 
                42.758592039951473
              ], 
              [
                -95.575780378147115, 
                42.758592039951473
              ]
            ]
          ]
        ]
      }
    }, 
    {
      "properties": {
        "level": "BASEMENT", 
        "type": "drawing", 
        "SubClasses": "AcDbEntity:AcDbHatch", 
        "Layer": "A-WALL-PATT", 
        "EntityHandle": "25B", 
        "source": "BASEMENT.dxf", 
        "Text": "SOLID", 
        "interactive": false
      }, 
      "type": "Feature", 
      "geometry": {
        "type": "MultiPolygon", 
        "coordinates": [
          [
            [
              [
                -95.575764164067152, 
                42.758580364127297
              ], 
              [
                -95.575762293211767, 
                42.758580364127297
              ], 
              [
                -95.575762293211767, 
                42.758592039951473
              ], 
              [
                -95.575764164067152, 
                42.758592039951473
              ], 
              [
                -95.575764164067152, 
                42.758580364127297
              ]
            ]
          ]
        ]
      }
    }, 
    {
      "properties": {
        "level": "BASEMENT", 
        "type": "drawing", 
        "SubClasses": "AcDbEntity:AcDbHatch", 
        "Layer": "A-WALL-PATT", 
        "EntityHandle": "25F", 
        "source": "BASEMENT.dxf", 
        "Text": "SOLID", 
        "interactive": false
      }, 
      "type": "Feature", 
      "geometry": {
        "type": "MultiPolygon", 
        "coordinates": [
          [
            [
              [
                -95.575799136678427, 
                42.758561815869953
              ], 
              [
                -95.575796835363434, 
                42.758561815869953
              ], 
              [
                -95.575799136678427, 
                42.758563505549979
              ], 
              [
                -95.575799136678427, 
                42.758561815869953
              ]
            ]
          ]
        ]
      }
    }, 
    {
      "properties": {
        "level": "BASEMENT", 
        "type": "drawing", 
        "SubClasses": "AcDbEntity:AcDbHatch", 
        "Layer": "A-WALL-PATT", 
        "EntityHandle": "266", 
        "source": "BASEMENT.dxf", 
        "Text": "SOLID", 
        "interactive": false
      }, 
      "type": "Feature", 
      "geometry": {
        "type": "MultiPolygon", 
        "coordinates": [
          [
            [
              [
                -95.575627335471296, 
                42.758442265052217
              ], 
              [
                -95.575627335471296, 
                42.758551350562684
              ], 
              [
                -95.575628978316118, 
                42.758550144347076
              ], 
              [
                -95.575633571655899, 
                42.758550144347076
              ], 
              [
                -95.575633571655899, 
                42.758442265052217
              ], 
              [
                -95.575631077182067, 
                42.758442265052217
              ], 
              [
                -95.575627335471296, 
                42.758442265052217
              ]
            ]
          ]
        ]
      }
    }, 
    {
      "properties": {
        "level": "BASEMENT", 
        "type": "drawing", 
        "SubClasses": "AcDbEntity:AcDbHatch", 
        "Layer": "A-WALL-PATT", 
        "EntityHandle": "26C", 
        "source": "BASEMENT.dxf", 
        "Text": "SOLID", 
        "interactive": false
      }, 
      "type": "Feature", 
      "geometry": {
        "type": "MultiPolygon", 
        "coordinates": [
          [
            [
              [
                -95.575700440246507, 
                42.758423492158443
              ], 
              [
                -95.575700440246507, 
                42.758424636847089
              ], 
              [
                -95.575720540165207, 
                42.758424636847089
              ], 
              [
                -95.575720540165207, 
                42.758423492158443
              ], 
              [
                -95.575718981119053, 
                42.758423492158443
              ], 
              [
                -95.575700440246507, 
                42.758423492158443
              ]
            ]
          ]
        ]
      }
    }, 
    {
      "properties": {
        "level": "BASEMENT", 
        "type": "drawing", 
        "SubClasses": "AcDbEntity:AcDbHatch", 
        "Layer": "A-WALL-PATT", 
        "EntityHandle": "276", 
        "source": "BASEMENT.dxf", 
        "Text": "SOLID", 
        "interactive": false
      }, 
      "type": "Feature", 
      "geometry": {
        "type": "MultiPolygon", 
        "coordinates": [
          [
            [
              [
                -95.575720540165207, 
                42.758424636847089
              ], 
              [
                -95.575718981119053, 
                42.758424636847089
              ], 
              [
                -95.575718981119053, 
                42.758430131352583
              ], 
              [
                -95.575720540165207, 
                42.758430131352583
              ], 
              [
                -95.575720540165207, 
                42.758424636847089
              ]
            ]
          ], 
          [
            [
              [
                -95.575718981119053, 
                42.758436541608994
              ], 
              [
                -95.575718981119053, 
                42.758439517799467
              ], 
              [
                -95.575720540165207, 
                42.758439517799467
              ], 
              [
                -95.575720540165207, 
                42.758436541608994
              ], 
              [
                -95.575719597389920, 
                42.758436541608994
              ], 
              [
                -95.575718981119053, 
                42.758436541608994
              ]
            ]
          ]
        ]
      }
    }, 
    {
      "properties": {
        "level": "BASEMENT", 
        "type": "drawing", 
        "SubClasses": "AcDbEntity:AcDbHatch", 
        "Layer": "A-WALL-PATT", 
        "EntityHandle": "27C", 
        "source": "BASEMENT.dxf", 
        "Text": "SOLID", 
        "interactive": false
      }, 
      "type": "Feature", 
      "geometry": {
        "type": "MultiPolygon", 
        "coordinates": [
          [
            [
              [
                -95.575690306446532, 
                42.758373893643537
              ], 
              [
                -95.575688747400392, 
                42.758373893643537
              ], 
              [
                -95.575688747400392, 
                42.758375038332183
              ], 
              [
                -95.575696698535751, 
                42.758375038332183
              ], 
              [
                -95.575696698535751, 
                42.758373893643537
              ], 
              [
                -95.575690306446532, 
                42.758373893643537
              ]
            ]
          ]
        ]
      }
    }, 
    {
      "properties": {
        "level": "BASEMENT", 
        "type": "drawing", 
        "SubClasses": "AcDbEntity:AcDbHatch", 
        "Layer": "A-WALL-PATT", 
        "EntityHandle": "281", 
        "source": "BASEMENT.dxf", 
        "Text": "SOLID", 
        "interactive": false
      }, 
      "type": "Feature", 
      "geometry": {
        "type": "MultiPolygon", 
        "coordinates": [
          [
            [
              [
                -95.575690306446532, 
                42.758380609884512
              ], 
              [
                -95.575690306446532, 
                42.758375038332183
              ], 
              [
                -95.575688747400392, 
                42.758375038332183
              ], 
              [
                -95.575688747400392, 
                42.758380609884512
              ], 
              [
                -95.575690306446532, 
                42.758380609884512
              ]
            ]
          ]
        ]
      }
    }, 
    {
      "properties": {
        "level": "BASEMENT", 
        "type": "drawing", 
        "SubClasses": "AcDbEntity:AcDbHatch", 
        "Layer": "A-WALL-PATT", 
        "EntityHandle": "28C", 
        "source": "BASEMENT.dxf", 
        "Text": "SOLID", 
        "interactive": false
      }, 
      "type": "Feature", 
      "geometry": {
        "type": "MultiPolygon", 
        "coordinates": [
          [
            [
              [
                -95.575631077182067, 
                42.758380609884512
              ], 
              [
                -95.575631077182067, 
                42.758383357137262
              ], 
              [
                -95.575673312843506, 
                42.758383357137262
              ], 
              [
                -95.575673312843506, 
                42.758380609884512
              ], 
              [
                -95.575640058101399, 
                42.758380609884512
              ], 
              [
                -95.575631077182067, 
                42.758380609884512
              ]
            ]
          ], 
          [
            [
              [
                -95.575690306446532, 
                42.758380609884512
              ], 
              [
                -95.575687656068084, 
                42.758380609884512
              ], 
              [
                -95.575687656068084, 
                42.758383357137262
              ], 
              [
                -95.575696698535751, 
                42.758383357137262
              ], 
              [
                -95.575696698535751, 
                42.758380609884512
              ], 
              [
                -95.575690306446532, 
                42.758380609884512
              ]
            ]
          ]
        ]
      }
    }, 
    {
      "properties": {
        "level": "BASEMENT", 
        "type": "drawing", 
        "SubClasses": "AcDbEntity:AcDbHatch", 
        "Layer": "A-WALL-PATT", 
        "EntityHandle": "297", 
        "source": "BASEMENT.dxf", 
        "Text": "SOLID", 
        "interactive": false
      }, 
      "type": "Feature", 
      "geometry": {
        "type": "MultiPolygon", 
        "coordinates": [
          [
            [
              [
                -95.575677522268109, 
                42.758412701958648
              ], 
              [
                -95.575675027794276, 
                42.758412701958648
              ], 
              [
                -95.575675027794276, 
                42.758415678149127
              ], 
              [
                -95.575677522268109, 
                42.758415678149127
              ], 
              [
                -95.575677522268109, 
                42.758415296292611
              ], 
              [
                -95.575677522268109, 
                42.758412701958648
              ]
            ]
          ], 
          [
            [
              [
                -95.575677522268109, 
                42.758422088405538
              ], 
              [
                -95.575675027794276, 
                42.758422088405538
              ], 
              [
                -95.575675027794276, 
                42.758426896097845
              ], 
              [
                -95.575677522268109, 
                42.758426896097845
              ], 
              [
                -95.575677522268109, 
                42.758425064596011
              ], 
              [
                -95.575677522268109, 
                42.758422088405538
              ]
            ]
          ]
        ]
      }
    }, 
    {
      "properties": {
        "level": "BASEMENT", 
        "type": "drawing", 
        "SubClasses": "AcDbEntity:AcDbHatch", 
        "Layer": "A-WALL-PATT", 
        "EntityHandle": "29D", 
        "source": "BASEMENT.dxf", 
        "Text": "SOLID", 
        "interactive": false
      }, 
      "type": "Feature", 
      "geometry": {
        "type": "MultiPolygon", 
        "coordinates": [
          [
            [
              [
                -95.575631077182067, 
                42.758425064596011
              ], 
              [
                -95.575631077182067, 
                42.758426896097845
              ], 
              [
                -95.575675027794276, 
                42.758426896097845
              ], 
              [
                -95.575675027794276, 
                42.758425064596011
              ], 
              [
                -95.575640058101399, 
                42.758425064596011
              ], 
              [
                -95.575631077182067, 
                42.758425064596011
              ]
            ]
          ]
        ]
      }
    }, 
    {
      "properties": {
        "level": "BASEMENT", 
        "type": "drawing", 
        "SubClasses": "AcDbEntity:AcDbHatch", 
        "Layer": "A-WALL-PATT", 
        "EntityHandle": "2A3", 
        "source": "BASEMENT.dxf", 
        "Text": "SOLID", 
        "interactive": false
      }, 
      "type": "Feature", 
      "geometry": {
        "type": "MultiPolygon", 
        "coordinates": [
          [
            [
              [
                -95.575477923194057, 
                42.758489843776943
              ], 
              [
                -95.575477923194057, 
                42.758561730223825
              ], 
              [
                -95.575483535760199, 
                42.758561730223825
              ], 
              [
                -95.575483535760199, 
                42.758489843776943
              ], 
              [
                -95.575480979524386, 
                42.758489843776943
              ], 
              [
                -95.575477923194057, 
                42.758489843776943
              ]
            ]
          ]
        ]
      }
    }, 
    {
      "properties": {
        "level": "BASEMENT", 
        "type": "drawing", 
        "SubClasses": "AcDbEntity:AcDbHatch", 
        "Layer": "A-WALL-PATT", 
        "EntityHandle": "2A9", 
        "source": "BASEMENT.dxf", 
        "Text": "SOLID", 
        "interactive": false
      }, 
      "type": "Feature", 
      "geometry": {
        "type": "MultiPolygon", 
        "coordinates": [
          [
            [
              [
                -95.575451029647979, 
                42.758489843776943
              ], 
              [
                -95.575445417081838, 
                42.758489843776943
              ], 
              [
                -95.575445417081838, 
                42.758493964656061
              ], 
              [
                -95.575477923194057, 
                42.758493964656061
              ], 
              [
                -95.575477923194057, 
                42.758489843776943
              ], 
              [
                -95.575451029647979, 
                42.758489843776943
              ]
            ]
          ]
        ]
      }
    }, 
    {
      "properties": {
        "level": "BASEMENT", 
        "type": "drawing", 
        "SubClasses": "AcDbEntity:AcDbHatch", 
        "Layer": "A-WALL-PATT", 
        "EntityHandle": "2AE", 
        "source": "BASEMENT.dxf", 
        "Text": "SOLID", 
        "interactive": false
      }, 
      "type": "Feature", 
      "geometry": {
        "type": "MultiPolygon", 
        "coordinates": [
          [
            [
              [
                -95.575445417081838, 
                42.758493964656061
              ], 
              [
                -95.575445417081838, 
                42.758561730223825
              ], 
              [
                -95.575451029647979, 
                42.758561730223825
              ], 
              [
                -95.575451029647979, 
                42.758493964656061
              ], 
              [
                -95.575445417081838, 
                42.758493964656061
              ]
            ]
          ]
        ]
      }
    }, 
    {
      "properties": {
        "level": "BASEMENT", 
        "type": "drawing", 
        "SubClasses": "AcDbEntity:AcDbHatch", 
        "Layer": "A-WALL-PATT", 
        "EntityHandle": "2B3", 
        "source": "BASEMENT.dxf", 
        "Text": "SOLID", 
        "interactive": false
      }, 
      "type": "Feature", 
      "geometry": {
        "type": "MultiPolygon", 
        "coordinates": [
          [
            [
              [
                -95.575477923194057, 
                42.758511698440145
              ], 
              [
                -95.575477923194057, 
                42.758510324813770
              ], 
              [
                -95.575451029647979, 
                42.758510324813770
              ], 
              [
                -95.575451029647979, 
                42.758511698440145
              ], 
              [
                -95.575477923194057, 
                42.758511698440145
              ]
            ]
          ]
        ]
      }
    }, 
    {
      "properties": {
        "level": "BASEMENT", 
        "type": "drawing", 
        "SubClasses": "AcDbEntity:AcDbHatch", 
        "Layer": "A-WALL-PATT", 
        "EntityHandle": "2BC", 
        "source": "BASEMENT.dxf", 
        "Text": "SOLID", 
        "interactive": false
      }, 
      "type": "Feature", 
      "geometry": {
        "type": "MultiPolygon", 
        "coordinates": [
          [
            [
              [
                -95.575451029647979, 
                42.758538149637744
              ], 
              [
                -95.575451029647979, 
                42.758539523264119
              ], 
              [
                -95.575453835931057, 
                42.758539523264119
              ], 
              [
                -95.575453835931057, 
                42.758538149637744
              ], 
              [
                -95.575451029647979, 
                42.758538149637744
              ]
            ]
          ], 
          [
            [
              [
                -95.575470050011006, 
                42.758538149637744
              ], 
              [
                -95.575470050011006, 
                42.758539523264119
              ], 
              [
                -95.575477923194057, 
                42.758539523264119
              ], 
              [
                -95.575477923194057, 
                42.758538149637744
              ], 
              [
                -95.575470050011006, 
                42.758538149637744
              ]
            ]
          ]
        ]
      }
    }, 
    {
      "properties": {
        "level": "BASEMENT", 
        "type": "drawing", 
        "SubClasses": "AcDbEntity:AcDbHatch", 
        "Layer": "A-WALL-PATT", 
        "EntityHandle": "2C2", 
        "source": "BASEMENT.dxf", 
        "Text": "SOLID", 
        "interactive": false
      }, 
      "type": "Feature", 
      "geometry": {
        "type": "MultiPolygon", 
        "coordinates": [
          [
            [
              [
                -95.575605707784078, 
                42.758564935352034
              ], 
              [
                -95.575604148737938, 
                42.758564935352034
              ], 
              [
                -95.575604148737938, 
                42.758591555389415
              ], 
              [
                -95.575605707784078, 
                42.758591555389415
              ], 
              [
                -95.575605707784078, 
                42.758566652384999
              ], 
              [
                -95.575605707784078, 
                42.758564935352034
              ]
            ]
          ]
        ]
      }
    }, 
    {
      "properties": {
        "level": "BASEMENT", 
        "type": "drawing", 
        "SubClasses": "AcDbEntity:AcDbHatch", 
        "Layer": "A-WALL-PATT", 
        "EntityHandle": "2C7", 
        "source": "BASEMENT.dxf", 
        "Text": "SOLID", 
        "interactive": false
      }, 
      "type": "Feature", 
      "geometry": {
        "type": "MultiPolygon", 
        "coordinates": [
          [
            [
              [
                -95.575604148737938, 
                42.758567797073646
              ], 
              [
                -95.575604148737938, 
                42.758566652384999
              ], 
              [
                -95.575582088234910, 
                42.758566652384999
              ], 
              [
                -95.575582088234910, 
                42.758567797073646
              ], 
              [
                -95.575604148737938, 
                42.758567797073646
              ]
            ]
          ]
        ]
      }
    }, 
    {
      "properties": {
        "level": "BASEMENT", 
        "type": "drawing", 
        "SubClasses": "AcDbEntity:AcDbHatch", 
        "Layer": "A-WALL-PATT", 
        "EntityHandle": "2CC", 
        "source": "BASEMENT.dxf", 
        "Text": "SOLID", 
        "interactive": false
      }, 
      "type": "Feature", 
      "geometry": {
        "type": "MultiPolygon", 
        "coordinates": [
          [
            [
              [
                -95.575530307144689, 
                42.758644720150564
              ], 
              [
                -95.575530307144689, 
                42.758671162458256
              ], 
              [
                -95.575531866190843, 
                42.758671162458256
              ], 
              [
                -95.575531866190843, 
                42.758644720150564
              ], 
              [
                -95.575530307144689, 
                42.758644720150564
              ]
            ]
          ]
        ]
      }
    }, 
    {
      "properties": {
        "level": "BASEMENT", 
        "type": "drawing", 
        "SubClasses": "AcDbEntity:AcDbHatch", 
        "Layer": "A-WALL-PATT", 
        "EntityHandle": "2D6", 
        "source": "BASEMENT.dxf", 
        "Text": "SOLID", 
        "interactive": false
      }, 
      "type": "Feature", 
      "geometry": {
        "type": "MultiPolygon", 
        "coordinates": [
          [
            [
              [
                -95.575561332163076, 
                42.758644720150564
              ], 
              [
                -95.575560240830768, 
                42.758644720150564
              ], 
              [
                -95.575560240830768, 
                42.758645864839210
              ], 
              [
                -95.575562891209216, 
                42.758645864839210
              ], 
              [
                -95.575562891209216, 
                42.758644720150564
              ], 
              [
                -95.575561332163076, 
                42.758644720150564
              ]
            ]
          ], 
          [
            [
              [
                -95.575531866190843, 
                42.758644720150564
              ], 
              [
                -95.575531866190843, 
                42.758645864839210
              ], 
              [
                -95.575547768461576, 
                42.758645864839210
              ], 
              [
                -95.575547768461576, 
                42.758644720150564
              ], 
              [
                -95.575531866190843, 
                42.758644720150564
              ]
            ]
          ]
        ]
      }
    }, 
    {
      "properties": {
        "level": "BASEMENT", 
        "type": "drawing", 
        "SubClasses": "AcDbEntity:AcDbHatch", 
        "Layer": "A-WALL-PATT", 
        "EntityHandle": "2DC", 
        "source": "BASEMENT.dxf", 
        "Text": "SOLID", 
        "interactive": false
      }, 
      "type": "Feature", 
      "geometry": {
        "type": "MultiPolygon", 
        "coordinates": [
          [
            [
              [
                -95.575562891209216, 
                42.758645864839210
              ], 
              [
                -95.575561332163076, 
                42.758645864839210
              ], 
              [
                -95.575561332163076, 
                42.758671162458256
              ], 
              [
                -95.575562891209216, 
                42.758671162458256
              ], 
              [
                -95.575562891209216, 
                42.758646082816568
              ], 
              [
                -95.575562891209216, 
                42.758645864839210
              ]
            ]
          ]
        ]
      }
    }, 
    {
      "properties": {
        "level": "BASEMENT", 
        "type": "drawing", 
        "SubClasses": "AcDbEntity:AcDbHatch", 
        "Layer": "A-WALL-PATT", 
        "EntityHandle": "2E7", 
        "source": "BASEMENT.dxf", 
        "Text": "SOLID", 
        "interactive": false
      }, 
      "type": "Feature", 
      "geometry": {
        "type": "MultiPolygon", 
        "coordinates": [
          [
            [
              [
                -95.575562891209216, 
                42.758646082816568
              ], 
              [
                -95.575562891209216, 
                42.758647227505215
              ], 
              [
                -95.575564138446140, 
                42.758647227505215
              ], 
              [
                -95.575564138446140, 
                42.758646082816568
              ], 
              [
                -95.575562891209216, 
                42.758646082816568
              ]
            ]
          ], 
          [
            [
              [
                -95.575591042076184, 
                42.758646082816568
              ], 
              [
                -95.575576610815347, 
                42.758646082816568
              ], 
              [
                -95.575576610815347, 
                42.758647227505215
              ], 
              [
                -95.575609430981970, 
                42.758647227505215
              ], 
              [
                -95.575609430981970, 
                42.758646082816568
              ], 
              [
                -95.575592601122338, 
                42.758646082816568
              ], 
              [
                -95.575591042076184, 
                42.758646082816568
              ]
            ]
          ]
        ]
      }
    }, 
    {
      "properties": {
        "level": "BASEMENT", 
        "type": "drawing", 
        "SubClasses": "AcDbEntity:AcDbHatch", 
        "Layer": "A-WALL-PATT", 
        "EntityHandle": "2EC", 
        "source": "BASEMENT.dxf", 
        "Text": "SOLID", 
        "interactive": false
      }, 
      "type": "Feature", 
      "geometry": {
        "type": "MultiPolygon", 
        "coordinates": [
          [
            [
              [
                -95.575591042076184, 
                42.758615132962298
              ], 
              [
                -95.575591042076184, 
                42.758646082816568
              ], 
              [
                -95.575592601122338, 
                42.758646082816568
              ], 
              [
                -95.575592601122338, 
                42.758615132962298
              ], 
              [
                -95.575591042076184, 
                42.758615132962298
              ]
            ]
          ]
        ]
      }
    }, 
    {
      "properties": {
        "level": "BASEMENT", 
        "type": "drawing", 
        "SubClasses": "AcDbEntity:AcDbHatch", 
        "Layer": "A-WALL-PATT", 
        "EntityHandle": "2F2", 
        "source": "BASEMENT.dxf", 
        "Text": "SOLID", 
        "interactive": false
      }, 
      "type": "Feature", 
      "geometry": {
        "type": "MultiPolygon", 
        "coordinates": [
          [
            [
              [
                -95.575592601122338, 
                42.758615132962298
              ], 
              [
                -95.575592601122338, 
                42.758616277650944
              ], 
              [
                -95.575610379545466, 
                42.758616277650944
              ], 
              [
                -95.575610379545466, 
                42.758615132962298
              ], 
              [
                -95.575600288457153, 
                42.758615132962298
              ], 
              [
                -95.575592601122338, 
                42.758615132962298
              ]
            ]
          ]
        ]
      }
    }, 
    {
      "properties": {
        "level": "BASEMENT", 
        "type": "drawing", 
        "SubClasses": "AcDbEntity:AcDbHatch", 
        "Layer": "A-WALL-PATT", 
        "EntityHandle": "2F8", 
        "source": "BASEMENT.dxf", 
        "Text": "SOLID", 
        "interactive": false
      }, 
      "type": "Feature", 
      "geometry": {
        "type": "MultiPolygon", 
        "coordinates": [
          [
            [
              [
                -95.575617862966993, 
                42.758618562499265
              ], 
              [
                -95.575610379545466, 
                42.758618562499265
              ], 
              [
                -95.575610379545466, 
                42.758671162458256
              ], 
              [
                -95.575617862966993, 
                42.758671162458256
              ], 
              [
                -95.575617862966993, 
                42.758619582922925
              ], 
              [
                -95.575617862966993, 
                42.758618562499265
              ]
            ]
          ]
        ]
      }
    }, 
    {
      "properties": {
        "level": "BASEMENT", 
        "type": "drawing", 
        "SubClasses": "AcDbEntity:AcDbHatch", 
        "Layer": "A-WALL-PATT", 
        "EntityHandle": "309", 
        "source": "BASEMENT.dxf", 
        "Text": "SOLID", 
        "interactive": false
      }, 
      "type": "Feature", 
      "geometry": {
        "type": "MultiPolygon", 
        "coordinates": [
          [
            [
              [
                -95.575660955212044, 
                42.758614899495605
              ], 
              [
                -95.575640531707478, 
                42.758614899495605
              ], 
              [
                -95.575640531707478, 
                42.758618562499265
              ], 
              [
                -95.575699619556559, 
                42.758618562499265
              ], 
              [
                -95.575699619556559, 
                42.758614899495605
              ], 
              [
                -95.575679827745660, 
                42.758614899495605
              ], 
              [
                -95.575660955212044, 
                42.758614899495605
              ]
            ]
          ], 
          [
            [
              [
                -95.575719575347264, 
                42.758614899495605
              ], 
              [
                -95.575712091925752, 
                42.758614899495605
              ], 
              [
                -95.575712091925752, 
                42.758618562499265
              ], 
              [
                -95.575719575347264, 
                42.758618562499265
              ], 
              [
                -95.575719575347264, 
                42.758614899495605
              ]
            ]
          ], 
          [
            [
              [
                -95.575612957348682, 
                42.758614899495605
              ], 
              [
                -95.575610379545466, 
                42.758614899495605
              ], 
              [
                -95.575610379545466, 
                42.758618562499265
              ], 
              [
                -95.575628059338285, 
                42.758618562499265
              ], 
              [
                -95.575628059338285, 
                42.758614899495605
              ], 
              [
                -95.575617862966993, 
                42.758614899495605
              ], 
              [
                -95.575612957348682, 
                42.758614899495605
              ]
            ]
          ]
        ]
      }
    }, 
    {
      "properties": {
        "level": "BASEMENT", 
        "type": "drawing", 
        "SubClasses": "AcDbEntity:AcDbHatch", 
        "Layer": "A-WALL-PATT", 
        "EntityHandle": "30E", 
        "source": "BASEMENT.dxf", 
        "Text": "SOLID", 
        "interactive": false
      }, 
      "type": "Feature", 
      "geometry": {
        "type": "MultiPolygon", 
        "coordinates": [
          [
            [
              [
                -95.575658460738197, 
                42.758598644916852
              ], 
              [
                -95.575658460738197, 
                42.758614899495605
              ], 
              [
                -95.575660955212044, 
                42.758614899495605
              ], 
              [
                -95.575660955212044, 
                42.758598644916852
              ], 
              [
                -95.575658460738197, 
                42.758598644916852
              ]
            ]
          ]
        ]
      }
    }, 
    {
      "properties": {
        "level": "BASEMENT", 
        "type": "drawing", 
        "SubClasses": "AcDbEntity:AcDbHatch", 
        "Layer": "A-WALL-PATT", 
        "EntityHandle": "314", 
        "source": "BASEMENT.dxf", 
        "Text": "SOLID", 
        "interactive": false
      }, 
      "type": "Feature", 
      "geometry": {
        "type": "MultiPolygon", 
        "coordinates": [
          [
            [
              [
                -95.575660955212044, 
                42.758598644916852
              ], 
              [
                -95.575660955212044, 
                42.758600476418678
              ], 
              [
                -95.575695254227341, 
                42.758600476418678
              ], 
              [
                -95.575695254227341, 
                42.758598644916852
              ], 
              [
                -95.575679827745660, 
                42.758598644916852
              ], 
              [
                -95.575660955212044, 
                42.758598644916852
              ]
            ]
          ]
        ]
      }
    }, 
    {
      "properties": {
        "level": "BASEMENT", 
        "type": "drawing", 
        "SubClasses": "AcDbEntity:AcDbHatch", 
        "Layer": "A-WALL-PATT", 
        "EntityHandle": "31D", 
        "source": "BASEMENT.dxf", 
        "Text": "SOLID", 
        "interactive": false
      }, 
      "type": "Feature", 
      "geometry": {
        "type": "MultiPolygon", 
        "coordinates": [
          [
            [
              [
                -95.575692759753494, 
                42.758600476418678
              ], 
              [
                -95.575692759753494, 
                42.758603109202568
              ], 
              [
                -95.575695254227341, 
                42.758603109202568
              ], 
              [
                -95.575695254227341, 
                42.758600476418678
              ], 
              [
                -95.575692759753494, 
                42.758600476418678
              ]
            ]
          ], 
          [
            [
              [
                -95.575692759753494, 
                42.758612266711722
              ], 
              [
                -95.575692759753494, 
                42.758614899495605
              ], 
              [
                -95.575695254227341, 
                42.758614899495605
              ], 
              [
                -95.575695254227341, 
                42.758612266711722
              ], 
              [
                -95.575692759753494, 
                42.758612266711722
              ]
            ]
          ]
        ]
      }
    }, 
    {
      "properties": {
        "level": "BASEMENT", 
        "type": "drawing", 
        "SubClasses": "AcDbEntity:AcDbHatch", 
        "Layer": "A-WALL-PATT", 
        "EntityHandle": "322", 
        "source": "BASEMENT.dxf", 
        "Text": "SOLID", 
        "interactive": false
      }, 
      "type": "Feature", 
      "geometry": {
        "type": "MultiPolygon", 
        "coordinates": [
          [
            [
              [
                -95.575686523568891, 
                42.758646035818728
              ], 
              [
                -95.575686523568891, 
                42.758644891130082
              ], 
              [
                -95.575650197793607, 
                42.758644891130082
              ], 
              [
                -95.575650197793607, 
                42.758646035818728
              ], 
              [
                -95.575686523568891, 
                42.758646035818728
              ]
            ]
          ]
        ]
      }
    }, 
    {
      "properties": {
        "level": "BASEMENT", 
        "type": "drawing", 
        "SubClasses": "AcDbEntity:AcDbHatch", 
        "Layer": "A-WALL-PATT", 
        "EntityHandle": "330", 
        "source": "BASEMENT.dxf", 
        "Text": "SOLID", 
        "interactive": false
      }, 
      "type": "Feature", 
      "geometry": {
        "type": "MultiPolygon", 
        "coordinates": [
          [
            [
              [
                -95.575648638747452, 
                42.758618562499265
              ], 
              [
                -95.575648638747452, 
                42.758634817870011
              ], 
              [
                -95.575650197793607, 
                42.758634817870011
              ], 
              [
                -95.575650197793607, 
                42.758618562499265
              ], 
              [
                -95.575648638747452, 
                42.758618562499265
              ]
            ]
          ], 
          [
            [
              [
                -95.575650197793607, 
                42.758643975379165
              ], 
              [
                -95.575648638747452, 
                42.758643975379165
              ], 
              [
                -95.575648638747452, 
                42.758647180507367
              ], 
              [
                -95.575650197793607, 
                42.758647180507367
              ], 
              [
                -95.575650197793607, 
                42.758644891130082
              ], 
              [
                -95.575650197793607, 
                42.758643975379165
              ]
            ]
          ], 
          [
            [
              [
                -95.575648638747452, 
                42.758656338016529
              ], 
              [
                -95.575648638747452, 
                42.758683982971078
              ], 
              [
                -95.575650197793607, 
                42.758683982971078
              ], 
              [
                -95.575650197793607, 
                42.758656338016529
              ], 
              [
                -95.575648638747452, 
                42.758656338016529
              ]
            ]
          ]
        ]
      }
    }, 
    {
      "properties": {
        "level": "BASEMENT", 
        "type": "drawing", 
        "SubClasses": "AcDbEntity:AcDbHatch", 
        "Layer": "A-WALL-PATT", 
        "EntityHandle": "336", 
        "source": "BASEMENT.dxf", 
        "Text": "SOLID", 
        "interactive": false
      }, 
      "type": "Feature", 
      "geometry": {
        "type": "MultiPolygon", 
        "coordinates": [
          [
            [
              [
                -95.575680958236944, 
                42.758552891599827
              ], 
              [
                -95.575679087381573, 
                42.758552891599827
              ], 
              [
                -95.575679087381573, 
                42.758567314676746
              ], 
              [
                -95.575680958236944, 
                42.758567314676746
              ], 
              [
                -95.575680958236944, 
                42.758565941050371
              ], 
              [
                -95.575680958236944, 
                42.758552891599827
              ]
            ]
          ]
        ]
      }
    }, 
    {
      "properties": {
        "level": "BASEMENT", 
        "type": "drawing", 
        "SubClasses": "AcDbEntity:AcDbHatch", 
        "Layer": "A-WALL-PATT", 
        "EntityHandle": "345", 
        "source": "BASEMENT.dxf", 
        "Text": "SOLID", 
        "interactive": false
      }, 
      "type": "Feature", 
      "geometry": {
        "type": "MultiPolygon", 
        "coordinates": [
          [
            [
              [
                -95.575679827745660, 
                42.758442265052217
              ], 
              [
                -95.575679009429265, 
                42.758442265052217
              ], 
              [
                -95.575679009429265, 
                42.758510599081042
              ], 
              [
                -95.575680568475420, 
                42.758510599081042
              ], 
              [
                -95.575680568475420, 
                42.758442265052217
              ], 
              [
                -95.575679827745660, 
                42.758442265052217
              ]
            ]
          ], 
          [
            [
              [
                -95.575679009429265, 
                42.758519756590196
              ], 
              [
                -95.575679009429265, 
                42.758532058266489
              ], 
              [
                -95.575680568475420, 
                42.758532058266489
              ], 
              [
                -95.575680568475420, 
                42.758519756590196
              ], 
              [
                -95.575679009429265, 
                42.758519756590196
              ]
            ]
          ], 
          [
            [
              [
                -95.575679009429265, 
                42.758541215775651
              ], 
              [
                -95.575679009429265, 
                42.758550144347076
              ], 
              [
                -95.575680568475420, 
                42.758550144347076
              ], 
              [
                -95.575680568475420, 
                42.758541215775651
              ], 
              [
                -95.575679827745660, 
                42.758541215775651
              ], 
              [
                -95.575679009429265, 
                42.758541215775651
              ]
            ]
          ]
        ]
      }
    }, 
    {
      "properties": {
        "level": "BASEMENT", 
        "type": "drawing", 
        "SubClasses": "AcDbEntity:AcDbHatch", 
        "Layer": "A-WALL-PATT", 
        "EntityHandle": "34B", 
        "source": "BASEMENT.dxf", 
        "Text": "SOLID", 
        "interactive": false
      }, 
      "type": "Feature", 
      "geometry": {
        "type": "MultiPolygon", 
        "coordinates": [
          [
            [
              [
                -95.575633571655899, 
                42.758446385931336
              ], 
              [
                -95.575633571655899, 
                42.758447530619982
              ], 
              [
                -95.575679009429265, 
                42.758447530619982
              ], 
              [
                -95.575679009429265, 
                42.758446385931336
              ], 
              [
                -95.575640058101399, 
                42.758446385931336
              ], 
              [
                -95.575633571655899, 
                42.758446385931336
              ]
            ]
          ]
        ]
      }
    }, 
    {
      "properties": {
        "level": "BASEMENT", 
        "type": "drawing", 
        "SubClasses": "AcDbEntity:AcDbHatch", 
        "Layer": "A-WALL-PATT", 
        "EntityHandle": "350", 
        "source": "BASEMENT.dxf", 
        "Text": "SOLID", 
        "interactive": false
      }, 
      "type": "Feature", 
      "geometry": {
        "type": "MultiPolygon", 
        "coordinates": [
          [
            [
              [
                -95.575658897733931, 
                42.758455772378220
              ], 
              [
                -95.575658897733931, 
                42.758447530619982
              ], 
              [
                -95.575657338687776, 
                42.758447530619982
              ], 
              [
                -95.575657338687776, 
                42.758455772378220
              ], 
              [
                -95.575658897733931, 
                42.758455772378220
              ]
            ]
          ]
        ]
      }
    }, 
    {
      "properties": {
        "level": "BASEMENT", 
        "type": "drawing", 
        "SubClasses": "AcDbEntity:AcDbHatch", 
        "Layer": "A-WALL-PATT", 
        "EntityHandle": "356", 
        "source": "BASEMENT.dxf", 
        "Text": "SOLID", 
        "interactive": false
      }, 
      "type": "Feature", 
      "geometry": {
        "type": "MultiPolygon", 
        "coordinates": [
          [
            [
              [
                -95.575646269460123, 
                42.758447530619982
              ], 
              [
                -95.575644710413968, 
                42.758447530619982
              ], 
              [
                -95.575644710413968, 
                42.758465044356242
              ], 
              [
                -95.575646269460123, 
                42.758465044356242
              ], 
              [
                -95.575646269460123, 
                42.758456153618674
              ], 
              [
                -95.575646269460123, 
                42.758447530619982
              ]
            ]
          ]
        ]
      }
    }, 
    {
      "properties": {
        "level": "BASEMENT", 
        "type": "drawing", 
        "SubClasses": "AcDbEntity:AcDbHatch", 
        "Layer": "A-WALL-PATT", 
        "EntityHandle": "35F", 
        "source": "BASEMENT.dxf", 
        "Text": "SOLID", 
        "interactive": false
      }, 
      "type": "Feature", 
      "geometry": {
        "type": "MultiPolygon", 
        "coordinates": [
          [
            [
              [
                -95.575646269460123, 
                42.758463899667596
              ], 
              [
                -95.575646269460123, 
                42.758465044356242
              ], 
              [
                -95.575663730776995, 
                42.758465044356242
              ], 
              [
                -95.575663730776995, 
                42.758463899667596
              ], 
              [
                -95.575646269460123, 
                42.758463899667596
              ]
            ]
          ], 
          [
            [
              [
                -95.575676203146188, 
                42.758463899667596
              ], 
              [
                -95.575676203146188, 
                42.758465044356242
              ], 
              [
                -95.575679009429265, 
                42.758465044356242
              ], 
              [
                -95.575679009429265, 
                42.758463899667596
              ], 
              [
                -95.575676203146188, 
                42.758463899667596
              ]
            ]
          ]
        ]
      }
    }, 
    {
      "properties": {
        "level": "BASEMENT", 
        "type": "drawing", 
        "SubClasses": "AcDbEntity:AcDbHatch", 
        "Layer": "A-WALL-PATT", 
        "EntityHandle": "365", 
        "source": "BASEMENT.dxf", 
        "Text": "SOLID", 
        "interactive": false
      }, 
      "type": "Feature", 
      "geometry": {
        "type": "MultiPolygon", 
        "coordinates": [
          [
            [
              [
                -95.575635598415900, 
                42.758469508641959
              ], 
              [
                -95.575633571655899, 
                42.758469508641959
              ], 
              [
                -95.575633571655899, 
                42.758470653330605
              ], 
              [
                -95.575637157462040, 
                42.758470653330605
              ], 
              [
                -95.575637157462040, 
                42.758469508641959
              ], 
              [
                -95.575635598415900, 
                42.758469508641959
              ]
            ]
          ]
        ]
      }
    }, 
    {
      "properties": {
        "level": "BASEMENT", 
        "type": "drawing", 
        "SubClasses": "AcDbEntity:AcDbHatch", 
        "Layer": "A-WALL-PATT", 
        "EntityHandle": "36A", 
        "source": "BASEMENT.dxf", 
        "Text": "SOLID", 
        "interactive": false
      }, 
      "type": "Feature", 
      "geometry": {
        "type": "MultiPolygon", 
        "coordinates": [
          [
            [
              [
                -95.575637157462040, 
                42.758470653330605
              ], 
              [
                -95.575635598415900, 
                42.758470653330605
              ], 
              [
                -95.575635598415900, 
                42.758475461022911
              ], 
              [
                -95.575637157462040, 
                42.758475461022911
              ], 
              [
                -95.575637157462040, 
                42.758470653330605
              ]
            ]
          ]
        ]
      }
    }, 
    {
      "properties": {
        "level": "BASEMENT", 
        "type": "drawing", 
        "SubClasses": "AcDbEntity:AcDbHatch", 
        "Layer": "A-WALL-PATT", 
        "EntityHandle": "370", 
        "source": "BASEMENT.dxf", 
        "Text": "SOLID", 
        "interactive": false
      }, 
      "type": "Feature", 
      "geometry": {
        "type": "MultiPolygon", 
        "coordinates": [
          [
            [
              [
                -95.575633571655899, 
                42.758475461022911
              ], 
              [
                -95.575633571655899, 
                42.758476605711557
              ], 
              [
                -95.575637157462040, 
                42.758476605711557
              ], 
              [
                -95.575637157462040, 
                42.758475461022911
              ], 
              [
                -95.575635598415900, 
                42.758475461022911
              ], 
              [
                -95.575633571655899, 
                42.758475461022911
              ]
            ]
          ]
        ]
      }
    }, 
    {
      "properties": {
        "level": "BASEMENT", 
        "type": "drawing", 
        "SubClasses": "AcDbEntity:AcDbHatch", 
        "Layer": "A-WALL-PATT", 
        "EntityHandle": "379", 
        "source": "BASEMENT.dxf", 
        "Text": "SOLID", 
        "interactive": false
      }, 
      "type": "Feature", 
      "geometry": {
        "type": "MultiPolygon", 
        "coordinates": [
          [
            [
              [
                -95.575633571655899, 
                42.758520901278843
              ], 
              [
                -95.575633571655899, 
                42.758522045967489
              ], 
              [
                -95.575634818892823, 
                42.758522045967489
              ], 
              [
                -95.575634818892823, 
                42.758520901278843
              ], 
              [
                -95.575633571655899, 
                42.758520901278843
              ]
            ]
          ], 
          [
            [
              [
                -95.575679009429265, 
                42.758520901278843
              ], 
              [
                -95.575647291262015, 
                42.758520901278843
              ], 
              [
                -95.575647291262015, 
                42.758522045967489
              ], 
              [
                -95.575679009429265, 
                42.758522045967489
              ], 
              [
                -95.575679009429265, 
                42.758520901278843
              ]
            ]
          ]
        ]
      }
    }, 
    {
      "properties": {
        "level": "BASEMENT", 
        "type": "drawing", 
        "SubClasses": "AcDbEntity:AcDbHatch", 
        "Layer": "A-WALL-PATT", 
        "EntityHandle": "37E", 
        "source": "BASEMENT.dxf", 
        "Text": "SOLID", 
        "interactive": false
      }, 
      "type": "Feature", 
      "geometry": {
        "type": "MultiPolygon", 
        "coordinates": [
          [
            [
              [
                -95.575640743268195, 
                42.758547282625464
              ], 
              [
                -95.575633571655899, 
                42.758547282625464
              ], 
              [
                -95.575633571655899, 
                42.758548427314111
              ], 
              [
                -95.575640743268195, 
                42.758548427314111
              ], 
              [
                -95.575640743268195, 
                42.758547282625464
              ]
            ]
          ]
        ]
      }
    }, 
    {
      "properties": {
        "level": "BASEMENT", 
        "type": "drawing", 
        "SubClasses": "AcDbEntity:AcDbHatch", 
        "Layer": "A-WALL-PATT", 
        "EntityHandle": "383", 
        "source": "BASEMENT.dxf", 
        "Text": "SOLID", 
        "interactive": false
      }, 
      "type": "Feature", 
      "geometry": {
        "type": "MultiPolygon", 
        "coordinates": [
          [
            [
              [
                -95.575640743268195, 
                42.758541902588838
              ], 
              [
                -95.575640743268195, 
                42.758550144347076
              ], 
              [
                -95.575642302314336, 
                42.758550144347076
              ], 
              [
                -95.575642302314336, 
                42.758541902588838
              ], 
              [
                -95.575640743268195, 
                42.758541902588838
              ]
            ]
          ]
        ]
      }
    }, 
    {
      "properties": {
        "level": "BASEMENT", 
        "type": "drawing", 
        "SubClasses": "AcDbEntity:AcDbHatch", 
        "Layer": "A-WALL-PATT", 
        "EntityHandle": "388", 
        "source": "BASEMENT.dxf", 
        "Text": "SOLID", 
        "interactive": false
      }, 
      "type": "Feature", 
      "geometry": {
        "type": "MultiPolygon", 
        "coordinates": [
          [
            [
              [
                -95.575654618778927, 
                42.758550144347076
              ], 
              [
                -95.575654618778927, 
                42.758541902588838
              ], 
              [
                -95.575653059732772, 
                42.758541902588838
              ], 
              [
                -95.575653059732772, 
                42.758550144347076
              ], 
              [
                -95.575654618778927, 
                42.758550144347076
              ]
            ]
          ]
        ]
      }
    }, 
    {
      "properties": {
        "level": "BASEMENT", 
        "type": "drawing", 
        "SubClasses": "AcDbEntity:AcDbHatch", 
        "Layer": "A-WALL-PATT", 
        "EntityHandle": "38E", 
        "source": "BASEMENT.dxf", 
        "Text": "SOLID", 
        "interactive": false
      }, 
      "type": "Feature", 
      "geometry": {
        "type": "MultiPolygon", 
        "coordinates": [
          [
            [
              [
                -95.575707150212267, 
                42.758521248568698
              ], 
              [
                -95.575707150212267, 
                42.758522393257344
              ], 
              [
                -95.575731118498553, 
                42.758522393257344
              ], 
              [
                -95.575731118498553, 
                42.758521248568698
              ], 
              [
                -95.575719597389920, 
                42.758521248568698
              ], 
              [
                -95.575707150212267, 
                42.758521248568698
              ]
            ]
          ]
        ]
      }
    }, 
    {
      "properties": {
        "level": "BASEMENT", 
        "type": "drawing", 
        "SubClasses": "AcDbEntity:AcDbHatch", 
        "Layer": "A-WALL-PATT", 
        "EntityHandle": "393", 
        "source": "BASEMENT.dxf", 
        "Text": "SOLID", 
        "interactive": false
      }, 
      "type": "Feature", 
      "geometry": {
        "type": "MultiPolygon", 
        "coordinates": [
          [
            [
              [
                -95.575729559452412, 
                42.758522393257344
              ], 
              [
                -95.575729559452412, 
                42.758550144347076
              ], 
              [
                -95.575731118498553, 
                42.758550144347076
              ], 
              [
                -95.575731118498553, 
                42.758522393257344
              ], 
              [
                -95.575729559452412, 
                42.758522393257344
              ]
            ]
          ]
        ]
      }
    }, 
    {
      "properties": {
        "level": "BASEMENT", 
        "type": "drawing", 
        "SubClasses": "AcDbEntity:AcDbHatch", 
        "Layer": "A-WALL-PATT", 
        "EntityHandle": "39C", 
        "source": "BASEMENT.dxf", 
        "Text": "SOLID", 
        "interactive": false
      }, 
      "type": "Feature", 
      "geometry": {
        "type": "MultiPolygon", 
        "coordinates": [
          [
            [
              [
                -95.575731118498553, 
                42.758521248568698
              ], 
              [
                -95.575731118498553, 
                42.758522622195073
              ], 
              [
                -95.575764361138653, 
                42.758522622195073
              ], 
              [
                -95.575764361138653, 
                42.758521248568698
              ], 
              [
                -95.575731118498553, 
                42.758521248568698
              ]
            ]
          ], 
          [
            [
              [
                -95.575778080744769, 
                42.758521248568698
              ], 
              [
                -95.575776833507845, 
                42.758521248568698
              ], 
              [
                -95.575776833507845, 
                42.758522622195073
              ], 
              [
                -95.575778080744769, 
                42.758522622195073
              ], 
              [
                -95.575778080744769, 
                42.758521248568698
              ]
            ]
          ]
        ]
      }
    }, 
    {
      "properties": {
        "level": "BASEMENT", 
        "type": "drawing", 
        "SubClasses": "AcDbEntity:AcDbHatch", 
        "Layer": "A-WALL-PATT", 
        "EntityHandle": "3A2", 
        "source": "BASEMENT.dxf", 
        "Text": "SOLID", 
        "interactive": false
      }, 
      "type": "Feature", 
      "geometry": {
        "type": "MultiPolygon", 
        "coordinates": [
          [
            [
              [
                -95.575362086065141, 
                42.758670475645069
              ], 
              [
                -95.575358344354385, 
                42.758670475645069
              ], 
              [
                -95.575358344354385, 
                42.758673222897819
              ], 
              [
                -95.575403400788105, 
                42.758673222897819
              ], 
              [
                -95.575403400788105, 
                42.758670475645069
              ], 
              [
                -95.575362086065141, 
                42.758670475645069
              ]
            ]
          ]
        ]
      }
    }, 
    {
      "properties": {
        "level": "BASEMENT", 
        "type": "drawing", 
        "SubClasses": "AcDbEntity:AcDbHatch", 
        "Layer": "A-WALL-PATT", 
        "EntityHandle": "3AB", 
        "source": "BASEMENT.dxf", 
        "Text": "SOLID", 
        "interactive": false
      }, 
      "type": "Feature", 
      "geometry": {
        "type": "MultiPolygon", 
        "coordinates": [
          [
            [
              [
                -95.575358344354385, 
                42.758564248538846
              ], 
              [
                -95.575358344354385, 
                42.758614469484634
              ], 
              [
                -95.575362086065141, 
                42.758614469484634
              ], 
              [
                -95.575362086065141, 
                42.758564248538846
              ], 
              [
                -95.575358344354385, 
                42.758564248538846
              ]
            ]
          ], 
          [
            [
              [
                -95.575358344354385, 
                42.758623626993796
              ], 
              [
                -95.575358344354385, 
                42.758670475645069
              ], 
              [
                -95.575362086065141, 
                42.758670475645069
              ], 
              [
                -95.575362086065141, 
                42.758623626993796
              ], 
              [
                -95.575358344354385, 
                42.758623626993796
              ]
            ]
          ]
        ]
      }
    }, 
    {
      "properties": {
        "level": "BASEMENT", 
        "type": "drawing", 
        "SubClasses": "AcDbEntity:AcDbHatch", 
        "Layer": "A-WALL-PATT", 
        "EntityHandle": "3B1", 
        "source": "BASEMENT.dxf", 
        "Text": "SOLID", 
        "interactive": false
      }, 
      "type": "Feature", 
      "geometry": {
        "type": "MultiPolygon", 
        "coordinates": [
          [
            [
              [
                -95.575362086065141, 
                42.758564248538846
              ], 
              [
                -95.575362086065141, 
                42.758566995791590
              ], 
              [
                -95.575403400788105, 
                42.758566995791590
              ], 
              [
                -95.575403400788105, 
                42.758564248538846
              ], 
              [
                -95.575401440235865, 
                42.758564248538846
              ], 
              [
                -95.575362086065141, 
                42.758564248538846
              ]
            ]
          ]
        ]
      }
    }, 
    {
      "properties": {
        "level": "BASEMENT", 
        "type": "drawing", 
        "SubClasses": "AcDbEntity:AcDbHatch", 
        "Layer": "A-WALL-PATT", 
        "EntityHandle": "3B6", 
        "source": "BASEMENT.dxf", 
        "Text": "SOLID", 
        "interactive": false
      }, 
      "type": "Feature", 
      "geometry": {
        "type": "MultiPolygon", 
        "coordinates": [
          [
            [
              [
                -95.575358344354385, 
                42.758567110260458
              ], 
              [
                -95.575358344354385, 
                42.758565278758624
              ], 
              [
                -95.575344546795961, 
                42.758565278758624
              ], 
              [
                -95.575344546795961, 
                42.758567110260458
              ], 
              [
                -95.575358344354385, 
                42.758567110260458
              ]
            ]
          ]
        ]
      }
    }, 
    {
      "properties": {
        "level": "BASEMENT", 
        "type": "drawing", 
        "SubClasses": "AcDbEntity:AcDbHatch", 
        "Layer": "A-WALL-PATT", 
        "EntityHandle": "3BB", 
        "source": "BASEMENT.dxf", 
        "Text": "SOLID", 
        "interactive": false
      }, 
      "type": "Feature", 
      "geometry": {
        "type": "MultiPolygon", 
        "coordinates": [
          [
            [
              [
                -95.575339479895973, 
                42.758564363007707
              ], 
              [
                -95.575339479895973, 
                42.758567110260458
              ], 
              [
                -95.575344546795961, 
                42.758567110260458
              ], 
              [
                -95.575344546795961, 
                42.758564363007707
              ], 
              [
                -95.575339479895973, 
                42.758564363007707
              ]
            ]
          ]
        ]
      }
    }, 
    {
      "properties": {
        "level": "BASEMENT", 
        "type": "drawing", 
        "SubClasses": "AcDbEntity:AcDbHatch", 
        "Layer": "A-WALL-PATT", 
        "EntityHandle": "3C0", 
        "source": "BASEMENT.dxf", 
        "Text": "SOLID", 
        "interactive": false
      }, 
      "type": "Feature", 
      "geometry": {
        "type": "MultiPolygon", 
        "coordinates": [
          [
            [
              [
                -95.575339479895973, 
                42.758565278758624
              ], 
              [
                -95.575325940088817, 
                42.758565278758624
              ], 
              [
                -95.575325940088817, 
                42.758567110260458
              ], 
              [
                -95.575339479895973, 
                42.758567110260458
              ], 
              [
                -95.575339479895973, 
                42.758565278758624
              ]
            ]
          ]
        ]
      }
    }, 
    {
      "properties": {
        "level": "BASEMENT", 
        "type": "drawing", 
        "SubClasses": "AcDbEntity:AcDbHatch", 
        "Layer": "A-WALL-PATT", 
        "EntityHandle": "3C6", 
        "source": "BASEMENT.dxf", 
        "Text": "SOLID", 
        "interactive": false
      }, 
      "type": "Feature", 
      "geometry": {
        "type": "MultiPolygon", 
        "coordinates": [
          [
            [
              [
                -95.575320951141137, 
                42.758563588074381
              ], 
              [
                -95.575320951141137, 
                42.758570856847271
              ], 
              [
                -95.575325940088817, 
                42.758570856847271
              ], 
              [
                -95.575325940088817, 
                42.758563588074381
              ], 
              [
                -95.575321900947358, 
                42.758563588074381
              ], 
              [
                -95.575320951141137, 
                42.758563588074381
              ]
            ]
          ]
        ]
      }
    }, 
    {
      "properties": {
        "level": "BASEMENT", 
        "type": "drawing", 
        "SubClasses": "AcDbEntity:AcDbHatch", 
        "Layer": "A-WALL-PATT", 
        "EntityHandle": "3CB", 
        "source": "BASEMENT.dxf", 
        "Text": "SOLID", 
        "interactive": false
      }, 
      "type": "Feature", 
      "geometry": {
        "type": "MultiPolygon", 
        "coordinates": [
          [
            [
              [
                -95.575322198378046, 
                42.758570856847271
              ], 
              [
                -95.575322198378046, 
                42.758594666371081
              ], 
              [
                -95.575325940088817, 
                42.758594666371081
              ], 
              [
                -95.575325940088817, 
                42.758570856847271
              ], 
              [
                -95.575322198378046, 
                42.758570856847271
              ]
            ]
          ]
        ]
      }
    }, 
    {
      "properties": {
        "level": "BASEMENT", 
        "type": "drawing", 
        "SubClasses": "AcDbEntity:AcDbHatch", 
        "Layer": "A-WALL-PATT", 
        "EntityHandle": "3D1", 
        "source": "BASEMENT.dxf", 
        "Text": "SOLID", 
        "interactive": false
      }, 
      "type": "Feature", 
      "geometry": {
        "type": "MultiPolygon", 
        "coordinates": [
          [
            [
              [
                -95.575322198378046, 
                42.758594666371081
              ], 
              [
                -95.575320951141137, 
                42.758594666371081
              ], 
              [
                -95.575320951141137, 
                42.758601992378409
              ], 
              [
                -95.575325940088817, 
                42.758601992378409
              ], 
              [
                -95.575325940088817, 
                42.758594666371081
              ], 
              [
                -95.575322198378046, 
                42.758594666371081
              ]
            ]
          ]
        ]
      }
    }, 
    {
      "properties": {
        "level": "BASEMENT", 
        "type": "drawing", 
        "SubClasses": "AcDbEntity:AcDbHatch", 
        "Layer": "A-WALL-PATT", 
        "EntityHandle": "3D6", 
        "source": "BASEMENT.dxf", 
        "Text": "SOLID", 
        "interactive": false
      }, 
      "type": "Feature", 
      "geometry": {
        "type": "MultiPolygon", 
        "coordinates": [
          [
            [
              [
                -95.575322198378046, 
                42.758601992378409
              ], 
              [
                -95.575322198378046, 
                42.758625801902220
              ], 
              [
                -95.575325940088817, 
                42.758625801902220
              ], 
              [
                -95.575325940088817, 
                42.758601992378409
              ], 
              [
                -95.575322198378046, 
                42.758601992378409
              ]
            ]
          ]
        ]
      }
    }, 
    {
      "properties": {
        "level": "BASEMENT", 
        "type": "drawing", 
        "SubClasses": "AcDbEntity:AcDbHatch", 
        "Layer": "A-WALL-PATT", 
        "EntityHandle": "3DC", 
        "source": "BASEMENT.dxf", 
        "Text": "SOLID", 
        "interactive": false
      }, 
      "type": "Feature", 
      "geometry": {
        "type": "MultiPolygon", 
        "coordinates": [
          [
            [
              [
                -95.575320951141137, 
                42.758625801902220
              ], 
              [
                -95.575320951141137, 
                42.758633127909548
              ], 
              [
                -95.575325940088817, 
                42.758633127909548
              ], 
              [
                -95.575325940088817, 
                42.758625801902220
              ], 
              [
                -95.575321900947358, 
                42.758625801902220
              ], 
              [
                -95.575320951141137, 
                42.758625801902220
              ]
            ]
          ]
        ]
      }
    }, 
    {
      "properties": {
        "level": "BASEMENT", 
        "type": "drawing", 
        "SubClasses": "AcDbEntity:AcDbHatch", 
        "Layer": "A-WALL-PATT", 
        "EntityHandle": "3E2", 
        "source": "BASEMENT.dxf", 
        "Text": "SOLID", 
        "interactive": false
      }, 
      "type": "Feature", 
      "geometry": {
        "type": "MultiPolygon", 
        "coordinates": [
          [
            [
              [
                -95.575325940088817, 
                42.758612637982807
              ], 
              [
                -95.575325940088817, 
                42.758614469484634
              ], 
              [
                -95.575343313168844, 
                42.758614469484634
              ], 
              [
                -95.575343313168844, 
                42.758612637982807
              ], 
              [
                -95.575340818694997, 
                42.758612637982807
              ], 
              [
                -95.575325940088817, 
                42.758612637982807
              ]
            ]
          ]
        ]
      }
    }, 
    {
      "properties": {
        "level": "BASEMENT", 
        "type": "drawing", 
        "SubClasses": "AcDbEntity:AcDbHatch", 
        "Layer": "A-WALL-PATT", 
        "EntityHandle": "3E7", 
        "source": "BASEMENT.dxf", 
        "Text": "SOLID", 
        "interactive": false
      }, 
      "type": "Feature", 
      "geometry": {
        "type": "MultiPolygon", 
        "coordinates": [
          [
            [
              [
                -95.575340818694997, 
                42.758593323630421
              ], 
              [
                -95.575340818694997, 
                42.758612637982807
              ], 
              [
                -95.575343313168844, 
                42.758612637982807
              ], 
              [
                -95.575343313168844, 
                42.758593323630421
              ], 
              [
                -95.575340818694997, 
                42.758593323630421
              ]
            ]
          ]
        ]
      }
    }, 
    {
      "properties": {
        "level": "BASEMENT", 
        "type": "drawing", 
        "SubClasses": "AcDbEntity:AcDbHatch", 
        "Layer": "A-WALL-PATT", 
        "EntityHandle": "3EC", 
        "source": "BASEMENT.dxf", 
        "Text": "SOLID", 
        "interactive": false
      }, 
      "type": "Feature", 
      "geometry": {
        "type": "MultiPolygon", 
        "coordinates": [
          [
            [
              [
                -95.575358344354385, 
                42.758595155132248
              ], 
              [
                -95.575358344354385, 
                42.758593323630421
              ], 
              [
                -95.575343313168844, 
                42.758593323630421
              ], 
              [
                -95.575343313168844, 
                42.758595155132248
              ], 
              [
                -95.575358344354385, 
                42.758595155132248
              ]
            ]
          ]
        ]
      }
    }, 
    {
      "properties": {
        "level": "BASEMENT", 
        "type": "drawing", 
        "SubClasses": "AcDbEntity:AcDbHatch", 
        "Layer": "A-WALL-PATT", 
        "EntityHandle": "3F1", 
        "source": "BASEMENT.dxf", 
        "Text": "SOLID", 
        "interactive": false
      }, 
      "type": "Feature", 
      "geometry": {
        "type": "MultiPolygon", 
        "coordinates": [
          [
            [
              [
                -95.575358344354385, 
                42.758629464905880
              ], 
              [
                -95.575358344354385, 
                42.758626717653136
              ], 
              [
                -95.575325940088817, 
                42.758626717653136
              ], 
              [
                -95.575325940088817, 
                42.758629464905880
              ], 
              [
                -95.575358344354385, 
                42.758629464905880
              ]
            ]
          ]
        ]
      }
    }, 
    {
      "properties": {
        "level": "BASEMENT", 
        "type": "drawing", 
        "SubClasses": "AcDbEntity:AcDbHatch", 
        "Layer": "A-WALL-PATT", 
        "EntityHandle": "3F7", 
        "source": "BASEMENT.dxf", 
        "Text": "SOLID", 
        "interactive": false
      }, 
      "type": "Feature", 
      "geometry": {
        "type": "MultiPolygon", 
        "coordinates": [
          [
            [
              [
                -95.575362086065141, 
                42.758610119667786
              ], 
              [
                -95.575362086065141, 
                42.758611264356432
              ], 
              [
                -95.575403400788105, 
                42.758611264356432
              ], 
              [
                -95.575403400788105, 
                42.758610119667786
              ], 
              [
                -95.575401440235865, 
                42.758610119667786
              ], 
              [
                -95.575362086065141, 
                42.758610119667786
              ]
            ]
          ]
        ]
      }
    }, 
    {
      "properties": {
        "level": "BASEMENT", 
        "type": "drawing", 
        "SubClasses": "AcDbEntity:AcDbHatch", 
        "Layer": "A-WALL-PATT", 
        "EntityHandle": "3FD", 
        "source": "BASEMENT.dxf", 
        "Text": "SOLID", 
        "interactive": false
      }, 
      "type": "Feature", 
      "geometry": {
        "type": "MultiPolygon", 
        "coordinates": [
          [
            [
              [
                -95.575362086065141, 
                42.758625344026761
              ], 
              [
                -95.575362086065141, 
                42.758626488715407
              ], 
              [
                -95.575403400788105, 
                42.758626488715407
              ], 
              [
                -95.575403400788105, 
                42.758625344026761
              ], 
              [
                -95.575401440235865, 
                42.758625344026761
              ], 
              [
                -95.575362086065141, 
                42.758625344026761
              ]
            ]
          ]
        ]
      }
    }, 
    {
      "properties": {
        "level": "BASEMENT", 
        "type": "drawing", 
        "SubClasses": "AcDbEntity:AcDbHatch", 
        "Layer": "A-WALL-PATT", 
        "EntityHandle": "406", 
        "source": "BASEMENT.dxf", 
        "Text": "SOLID", 
        "interactive": false
      }, 
      "type": "Feature", 
      "geometry": {
        "type": "MultiPolygon", 
        "coordinates": [
          [
            [
              [
                -95.575424603815748, 
                42.758590347439942
              ], 
              [
                -95.575409636972708, 
                42.758590347439942
              ], 
              [
                -95.575409636972708, 
                42.758591721066317
              ], 
              [
                -95.575424603815748, 
                42.758591721066317
              ], 
              [
                -95.575424603815748, 
                42.758590347439942
              ]
            ]
          ], 
          [
            [
              [
                -95.575438947040325, 
                42.758590347439942
              ], 
              [
                -95.575437076184940, 
                42.758590347439942
              ], 
              [
                -95.575437076184940, 
                42.758591721066317
              ], 
              [
                -95.575438947040325, 
                42.758591721066317
              ], 
              [
                -95.575438947040325, 
                42.758590347439942
              ]
            ]
          ]
        ]
      }
    }, 
    {
      "properties": {
        "level": "BASEMENT", 
        "type": "drawing", 
        "SubClasses": "AcDbEntity:AcDbHatch", 
        "Layer": "A-WALL-PATT", 
        "EntityHandle": "415", 
        "source": "BASEMENT.dxf", 
        "Text": "SOLID", 
        "interactive": false
      }, 
      "type": "Feature", 
      "geometry": {
        "type": "MultiPolygon", 
        "coordinates": [
          [
            [
              [
                -95.575655219027013, 
                42.758565941050371
              ], 
              [
                -95.575636369517071, 
                42.758565941050371
              ], 
              [
                -95.575636369517071, 
                42.758567314676746
              ], 
              [
                -95.575653427647140, 
                42.758567314676746
              ], 
              [
                -95.575652788351078, 
                42.758566308074514
              ], 
              [
                -95.575655219027013, 
                42.758566308074514
              ], 
              [
                -95.575655219027013, 
                42.758566765949972
              ], 
              [
                -95.575672134818248, 
                42.758566765949972
              ], 
              [
                -95.575672134818248, 
                42.758567223825430
              ], 
              [
                -95.575654011218560, 
                42.758567223825430
              ], 
              [
                -95.575654011218560, 
                42.758567314676746
              ], 
              [
                -95.575679087381573, 
                42.758567314676746
              ], 
              [
                -95.575679087381573, 
                42.758565941050371
              ], 
              [
                -95.575672134818248, 
                42.758565941050371
              ], 
              [
                -95.575655219027013, 
                42.758565941050371
              ]
            ]
          ]
        ]
      }
    }, 
    {
      "properties": {
        "level": "BASEMENT", 
        "type": "drawing", 
        "SubClasses": "AcDbEntity:AcDbLine", 
        "Layer": "I-WALL", 
        "EntityHandle": "416", 
        "source": "BASEMENT.dxf", 
        "interactive": false
      }, 
      "type": "Feature", 
      "geometry": {
        "type": "MultiLineString", 
        "coordinates": [
          [
            [
              -95.575609215637925, 
              42.758591555389415
            ], 
            [
              -95.575605707784078, 
              42.758591555389415
            ]
          ]
        ]
      }
    }, 
    {
      "properties": {
        "level": "BASEMENT", 
        "type": "drawing", 
        "SubClasses": "AcDbEntity:AcDbLine", 
        "Layer": "I-WALL", 
        "EntityHandle": "417", 
        "source": "BASEMENT.dxf", 
        "interactive": false
      }, 
      "type": "Feature", 
      "geometry": {
        "type": "MultiLineString", 
        "coordinates": [
          [
            [
              -95.575604148737938, 
              42.758591555389415
            ], 
            [
              -95.575595418079487, 
              42.758591555389415
            ]
          ]
        ]
      }
    }, 
    {
      "properties": {
        "level": "BASEMENT", 
        "type": "drawing", 
        "SubClasses": "AcDbEntity:AcDbLine", 
        "Layer": "I-WALL", 
        "EntityHandle": "418", 
        "source": "BASEMENT.dxf", 
        "interactive": false
      }, 
      "type": "Feature", 
      "geometry": {
        "type": "MultiLineString", 
        "coordinates": [
          [
            [
              -95.575595418079487, 
              42.758591555389415
            ], 
            [
              -95.575595418079487, 
              42.758592700078061
            ]
          ]
        ]
      }
    }, 
    {
      "properties": {
        "level": "BASEMENT", 
        "type": "drawing", 
        "SubClasses": "AcDbEntity:AcDbLine", 
        "Layer": "I-WALL", 
        "EntityHandle": "419", 
        "source": "BASEMENT.dxf", 
        "interactive": false
      }, 
      "type": "Feature", 
      "geometry": {
        "type": "MultiLineString", 
        "coordinates": [
          [
            [
              -95.575595418079487, 
              42.758592700078061
            ], 
            [
              -95.575609215637925, 
              42.758592700078061
            ]
          ]
        ]
      }
    }, 
    {
      "properties": {
        "level": "BASEMENT", 
        "type": "drawing", 
        "SubClasses": "AcDbEntity:AcDbLine", 
        "Layer": "I-WALL", 
        "EntityHandle": "41A", 
        "source": "BASEMENT.dxf", 
        "interactive": false
      }, 
      "type": "Feature", 
      "geometry": {
        "type": "MultiLineString", 
        "coordinates": [
          [
            [
              -95.575582945710295, 
              42.758591555389415
            ], 
            [
              -95.575582088234910, 
              42.758591555389415
            ]
          ]
        ]
      }
    }, 
    {
      "properties": {
        "level": "BASEMENT", 
        "type": "drawing", 
        "SubClasses": "AcDbEntity:AcDbLine", 
        "Layer": "I-WALL", 
        "EntityHandle": "41B", 
        "source": "BASEMENT.dxf", 
        "interactive": false
      }, 
      "type": "Feature", 
      "geometry": {
        "type": "MultiLineString", 
        "coordinates": [
          [
            [
              -95.575580529188770, 
              42.758591555389415
            ], 
            [
              -95.575579593761077, 
              42.758591555389415
            ]
          ]
        ]
      }
    }, 
    {
      "properties": {
        "level": "BASEMENT", 
        "type": "drawing", 
        "SubClasses": "AcDbEntity:AcDbLine", 
        "Layer": "I-WALL", 
        "EntityHandle": "41C", 
        "source": "BASEMENT.dxf", 
        "interactive": false
      }, 
      "type": "Feature", 
      "geometry": {
        "type": "MultiLineString", 
        "coordinates": [
          [
            [
              -95.575579593761077, 
              42.758591555389415
            ], 
            [
              -95.575579593761077, 
              42.758592700078061
            ]
          ]
        ]
      }
    }, 
    {
      "properties": {
        "level": "BASEMENT", 
        "type": "drawing", 
        "SubClasses": "AcDbEntity:AcDbLine", 
        "Layer": "I-WALL", 
        "EntityHandle": "41D", 
        "source": "BASEMENT.dxf", 
        "interactive": false
      }, 
      "type": "Feature", 
      "geometry": {
        "type": "MultiLineString", 
        "coordinates": [
          [
            [
              -95.575579593761077, 
              42.758592700078061
            ], 
            [
              -95.575582945710295, 
              42.758592700078061
            ]
          ]
        ]
      }
    }, 
    {
      "properties": {
        "level": "BASEMENT", 
        "type": "drawing", 
        "SubClasses": "AcDbEntity:AcDbLine", 
        "Layer": "I-WALL", 
        "EntityHandle": "41E", 
        "source": "BASEMENT.dxf", 
        "interactive": false
      }, 
      "type": "Feature", 
      "geometry": {
        "type": "MultiLineString", 
        "coordinates": [
          [
            [
              -95.575582945710295, 
              42.758592700078061
            ], 
            [
              -95.575582945710295, 
              42.758591555389415
            ]
          ]
        ]
      }
    }, 
    {
      "properties": {
        "level": "BASEMENT", 
        "type": "drawing", 
        "SubClasses": "AcDbEntity:AcDbLine", 
        "Layer": "I-WALL", 
        "EntityHandle": "41F", 
        "source": "BASEMENT.dxf", 
        "interactive": false
      }, 
      "type": "Feature", 
      "geometry": {
        "type": "MultiLineString", 
        "coordinates": [
          [
            [
              -95.575567121391870, 
              42.758591555389415
            ], 
            [
              -95.575543247227742, 
              42.758591555389415
            ]
          ]
        ]
      }
    }, 
    {
      "properties": {
        "level": "BASEMENT", 
        "type": "drawing", 
        "SubClasses": "AcDbEntity:AcDbLine", 
        "Layer": "I-WALL", 
        "EntityHandle": "421", 
        "source": "BASEMENT.dxf", 
        "interactive": false
      }, 
      "type": "Feature", 
      "geometry": {
        "type": "MultiLineString", 
        "coordinates": [
          [
            [
              -95.575541688181588, 
              42.758592700078061
            ], 
            [
              -95.575567121391870, 
              42.758592700078061
            ]
          ]
        ]
      }
    }, 
    {
      "properties": {
        "level": "BASEMENT", 
        "type": "drawing", 
        "SubClasses": "AcDbEntity:AcDbLine", 
        "Layer": "I-WALL", 
        "EntityHandle": "422", 
        "source": "BASEMENT.dxf", 
        "interactive": false
      }, 
      "type": "Feature", 
      "geometry": {
        "type": "MultiLineString", 
        "coordinates": [
          [
            [
              -95.575567121391870, 
              42.758592700078061
            ], 
            [
              -95.575567121391870, 
              42.758591555389415
            ]
          ]
        ]
      }
    }, 
    {
      "properties": {
        "level": "BASEMENT", 
        "type": "drawing", 
        "SubClasses": "AcDbEntity:AcDbLine", 
        "Layer": "I-WALL", 
        "EntityHandle": "456", 
        "source": "BASEMENT.dxf", 
        "interactive": false
      }, 
      "type": "Feature", 
      "geometry": {
        "type": "MultiLineString", 
        "coordinates": [
          [
            [
              -95.575543247227742, 
              42.758591555389415
            ], 
            [
              -95.575543247227742, 
              42.758564935352034
            ]
          ]
        ]
      }
    }, 
    {
      "properties": {
        "level": "BASEMENT", 
        "type": "drawing", 
        "SubClasses": "AcDbEntity:AcDbLine", 
        "Layer": "I-WALL", 
        "EntityHandle": "457", 
        "source": "BASEMENT.dxf", 
        "interactive": false
      }, 
      "type": "Feature", 
      "geometry": {
        "type": "MultiLineString", 
        "coordinates": [
          [
            [
              -95.575543247227742, 
              42.758561730223825
            ], 
            [
              -95.575541688181588, 
              42.758561730223825
            ]
          ]
        ]
      }
    }, 
    {
      "properties": {
        "level": "BASEMENT", 
        "type": "drawing", 
        "SubClasses": "AcDbEntity:AcDbLine", 
        "Layer": "I-WALL", 
        "EntityHandle": "458", 
        "source": "BASEMENT.dxf", 
        "interactive": false
      }, 
      "type": "Feature", 
      "geometry": {
        "type": "MultiLineString", 
        "coordinates": [
          [
            [
              -95.575541688181588, 
              42.758566308978402
            ], 
            [
              -95.575541688181588, 
              42.758592700078061
            ]
          ]
        ]
      }
    }, 
    {
      "properties": {
        "level": "BASEMENT", 
        "type": "drawing", 
        "SubClasses": "AcDbEntity:AcDbLine", 
        "Layer": "I-WALL", 
        "EntityHandle": "459", 
        "source": "BASEMENT.dxf", 
        "interactive": false
      }, 
      "type": "Feature", 
      "geometry": {
        "type": "MultiLineString", 
        "coordinates": [
          [
            [
              -95.575582088234910, 
              42.758591555389415
            ], 
            [
              -95.575582088234910, 
              42.758567797073646
            ]
          ]
        ]
      }
    }, 
    {
      "properties": {
        "level": "BASEMENT", 
        "type": "drawing", 
        "SubClasses": "AcDbEntity:AcDbLine", 
        "Layer": "I-WALL", 
        "EntityHandle": "45A", 
        "source": "BASEMENT.dxf", 
        "interactive": false
      }, 
      "type": "Feature", 
      "geometry": {
        "type": "MultiLineString", 
        "coordinates": [
          [
            [
              -95.575582088234910, 
              42.758566652384999
            ], 
            [
              -95.575582088234910, 
              42.758564935352034
            ]
          ]
        ]
      }
    }, 
    {
      "properties": {
        "level": "BASEMENT", 
        "type": "drawing", 
        "SubClasses": "AcDbEntity:AcDbLine", 
        "Layer": "I-WALL", 
        "EntityHandle": "45B", 
        "source": "BASEMENT.dxf", 
        "interactive": false
      }, 
      "type": "Feature", 
      "geometry": {
        "type": "MultiLineString", 
        "coordinates": [
          [
            [
              -95.575580529188770, 
              42.758564935352034
            ], 
            [
              -95.575580529188770, 
              42.758591555389415
            ]
          ]
        ]
      }
    }, 
    {
      "properties": {
        "level": "BASEMENT", 
        "type": "drawing", 
        "SubClasses": "AcDbEntity:AcDbLine", 
        "Layer": "A-WALL", 
        "EntityHandle": "45C", 
        "source": "BASEMENT.dxf", 
        "interactive": false
      }, 
      "type": "Feature", 
      "geometry": {
        "type": "MultiLineString", 
        "coordinates": [
          [
            [
              -95.575476052338686, 
              42.758566308978402
            ], 
            [
              -95.575476052338686, 
              42.758606602018695
            ]
          ]
        ]
      }
    }, 
    {
      "properties": {
        "level": "BASEMENT", 
        "type": "drawing", 
        "SubClasses": "AcDbEntity:AcDbLine", 
        "Layer": "A-WALL", 
        "EntityHandle": "45E", 
        "source": "BASEMENT.dxf", 
        "interactive": false
      }, 
      "type": "Feature", 
      "geometry": {
        "type": "MultiLineString", 
        "coordinates": [
          [
            [
              -95.575477923194057, 
              42.758607975645070
            ], 
            [
              -95.575477923194057, 
              42.758566308978402
            ]
          ]
        ]
      }
    }, 
    {
      "properties": {
        "level": "BASEMENT", 
        "type": "drawing", 
        "SubClasses": "AcDbEntity:AcDbLine", 
        "Layer": "A-WALL", 
        "EntityHandle": "45F", 
        "source": "BASEMENT.dxf", 
        "interactive": false
      }, 
      "type": "Feature", 
      "geometry": {
        "type": "MultiLineString", 
        "coordinates": [
          [
            [
              -95.575476052338686, 
              42.758606602018695
            ], 
            [
              -95.575456408357198, 
              42.758606602018695
            ]
          ]
        ]
      }
    }, 
    {
      "properties": {
        "level": "BASEMENT", 
        "type": "drawing", 
        "SubClasses": "AcDbEntity:AcDbLine", 
        "Layer": "A-WALL", 
        "EntityHandle": "460", 
        "source": "BASEMENT.dxf", 
        "interactive": false
      }, 
      "type": "Feature", 
      "geometry": {
        "type": "MultiLineString", 
        "coordinates": [
          [
            [
              -95.575456408357198, 
              42.758606602018695
            ], 
            [
              -95.575456408357198, 
              42.758607975645070
            ]
          ]
        ]
      }
    }, 
    {
      "properties": {
        "level": "BASEMENT", 
        "type": "drawing", 
        "SubClasses": "AcDbEntity:AcDbLine", 
        "Layer": "A-WALL", 
        "EntityHandle": "461", 
        "source": "BASEMENT.dxf", 
        "interactive": false
      }, 
      "type": "Feature", 
      "geometry": {
        "type": "MultiLineString", 
        "coordinates": [
          [
            [
              -95.575456408357198, 
              42.758607975645070
            ], 
            [
              -95.575477923194057, 
              42.758607975645070
            ]
          ]
        ]
      }
    }, 
    {
      "properties": {
        "level": "BASEMENT", 
        "type": "drawing", 
        "SubClasses": "AcDbEntity:AcDbLine", 
        "Layer": "A-WALL", 
        "EntityHandle": "462", 
        "source": "BASEMENT.dxf", 
        "interactive": false
      }, 
      "type": "Feature", 
      "geometry": {
        "type": "MultiLineString", 
        "coordinates": [
          [
            [
              -95.575442065132620, 
              42.758606602018695
            ], 
            [
              -95.575440817895696, 
              42.758606602018695
            ]
          ]
        ]
      }
    }, 
    {
      "properties": {
        "level": "BASEMENT", 
        "type": "drawing", 
        "SubClasses": "AcDbEntity:AcDbLine", 
        "Layer": "A-WALL", 
        "EntityHandle": "464", 
        "source": "BASEMENT.dxf", 
        "interactive": false
      }, 
      "type": "Feature", 
      "geometry": {
        "type": "MultiLineString", 
        "coordinates": [
          [
            [
              -95.575438947040325, 
              42.758607975645070
            ], 
            [
              -95.575442065132620, 
              42.758607975645070
            ]
          ]
        ]
      }
    }, 
    {
      "properties": {
        "level": "BASEMENT", 
        "type": "drawing", 
        "SubClasses": "AcDbEntity:AcDbLine", 
        "Layer": "A-WALL", 
        "EntityHandle": "465", 
        "source": "BASEMENT.dxf", 
        "interactive": false
      }, 
      "type": "Feature", 
      "geometry": {
        "type": "MultiLineString", 
        "coordinates": [
          [
            [
              -95.575442065132620, 
              42.758607975645070
            ], 
            [
              -95.575442065132620, 
              42.758606602018695
            ]
          ]
        ]
      }
    }, 
    {
      "properties": {
        "level": "BASEMENT", 
        "type": "drawing", 
        "SubClasses": "AcDbEntity:AcDbLine", 
        "Layer": "A-WALL", 
        "EntityHandle": "497", 
        "source": "BASEMENT.dxf", 
        "interactive": false
      }, 
      "type": "Feature", 
      "geometry": {
        "type": "MultiLineString", 
        "coordinates": [
          [
            [
              -95.575613198552233, 
              42.758561730223825
            ], 
            [
              -95.575543247227742, 
              42.758561730223825
            ]
          ]
        ]
      }
    }, 
    {
      "properties": {
        "level": "BASEMENT", 
        "type": "drawing", 
        "SubClasses": "AcDbEntity:AcDbLine", 
        "Layer": "A-WALL", 
        "EntityHandle": "498", 
        "source": "BASEMENT.dxf", 
        "interactive": false
      }, 
      "type": "Feature", 
      "geometry": {
        "type": "MultiLineString", 
        "coordinates": [
          [
            [
              -95.575543247227742, 
              42.758564935352034
            ], 
            [
              -95.575580529188770, 
              42.758564935352034
            ]
          ]
        ]
      }
    }, 
    {
      "properties": {
        "level": "BASEMENT", 
        "type": "drawing", 
        "SubClasses": "AcDbEntity:AcDbLine", 
        "Layer": "A-WALL", 
        "EntityHandle": "499", 
        "source": "BASEMENT.dxf", 
        "interactive": false
      }, 
      "type": "Feature", 
      "geometry": {
        "type": "MultiLineString", 
        "coordinates": [
          [
            [
              -95.575582088234910, 
              42.758564935352034
            ], 
            [
              -95.575604148737938, 
              42.758564935352034
            ]
          ]
        ]
      }
    }, 
    {
      "properties": {
        "level": "BASEMENT", 
        "type": "drawing", 
        "SubClasses": "AcDbEntity:AcDbLine", 
        "Layer": "A-WALL", 
        "EntityHandle": "49A", 
        "source": "BASEMENT.dxf", 
        "interactive": false
      }, 
      "type": "Feature", 
      "geometry": {
        "type": "MultiLineString", 
        "coordinates": [
          [
            [
              -95.575605707784078, 
              42.758564935352034
            ], 
            [
              -95.575609215637925, 
              42.758564935352034
            ]
          ]
        ]
      }
    }, 
    {
      "properties": {
        "level": "BASEMENT", 
        "type": "drawing", 
        "SubClasses": "AcDbEntity:AcDbLine", 
        "Layer": "A-WALL", 
        "EntityHandle": "49C", 
        "source": "BASEMENT.dxf", 
        "interactive": false
      }, 
      "type": "Feature", 
      "geometry": {
        "type": "MultiLineString", 
        "coordinates": [
          [
            [
              -95.575541688181588, 
              42.758561730223825
            ], 
            [
              -95.575483535760199, 
              42.758561730223825
            ]
          ]
        ]
      }
    }, 
    {
      "properties": {
        "level": "BASEMENT", 
        "type": "drawing", 
        "SubClasses": "AcDbEntity:AcDbLine", 
        "Layer": "A-WALL", 
        "EntityHandle": "49D", 
        "source": "BASEMENT.dxf", 
        "interactive": false
      }, 
      "type": "Feature", 
      "geometry": {
        "type": "MultiLineString", 
        "coordinates": [
          [
            [
              -95.575477923194057, 
              42.758561730223825
            ], 
            [
              -95.575467633489481, 
              42.758561730223825
            ]
          ]
        ]
      }
    }, 
    {
      "properties": {
        "level": "BASEMENT", 
        "type": "drawing", 
        "SubClasses": "AcDbEntity:AcDbLine", 
        "Layer": "A-WALL", 
        "EntityHandle": "49E", 
        "source": "BASEMENT.dxf", 
        "interactive": false
      }, 
      "type": "Feature", 
      "geometry": {
        "type": "MultiLineString", 
        "coordinates": [
          [
            [
              -95.575467633489481, 
              42.758561730223825
            ], 
            [
              -95.575467633489481, 
              42.758566308978402
            ]
          ]
        ]
      }
    }, 
    {
      "properties": {
        "level": "BASEMENT", 
        "type": "drawing", 
        "SubClasses": "AcDbEntity:AcDbLine", 
        "Layer": "A-WALL", 
        "EntityHandle": "49F", 
        "source": "BASEMENT.dxf", 
        "interactive": false
      }, 
      "type": "Feature", 
      "geometry": {
        "type": "MultiLineString", 
        "coordinates": [
          [
            [
              -95.575467633489481, 
              42.758566308978402
            ], 
            [
              -95.575476052338686, 
              42.758566308978402
            ]
          ]
        ]
      }
    }, 
    {
      "properties": {
        "level": "BASEMENT", 
        "type": "drawing", 
        "SubClasses": "AcDbEntity:AcDbLine", 
        "Layer": "A-WALL", 
        "EntityHandle": "4A0", 
        "source": "BASEMENT.dxf", 
        "interactive": false
      }, 
      "type": "Feature", 
      "geometry": {
        "type": "MultiLineString", 
        "coordinates": [
          [
            [
              -95.575477923194057, 
              42.758566308978402
            ], 
            [
              -95.575541688181588, 
              42.758566308978402
            ]
          ]
        ]
      }
    }, 
    {
      "properties": {
        "level": "BASEMENT", 
        "type": "drawing", 
        "SubClasses": "AcDbEntity:AcDbLine", 
        "Layer": "A-WALL", 
        "EntityHandle": "4A1", 
        "source": "BASEMENT.dxf", 
        "interactive": false
      }, 
      "type": "Feature", 
      "geometry": {
        "type": "MultiLineString", 
        "coordinates": [
          [
            [
              -95.575455161120274, 
              42.758561730223825
            ], 
            [
              -95.575451029647979, 
              42.758561730223825
            ]
          ]
        ]
      }
    }, 
    {
      "properties": {
        "level": "BASEMENT", 
        "type": "drawing", 
        "SubClasses": "AcDbEntity:AcDbLine", 
        "Layer": "A-WALL", 
        "EntityHandle": "4A2", 
        "source": "BASEMENT.dxf", 
        "interactive": false
      }, 
      "type": "Feature", 
      "geometry": {
        "type": "MultiLineString", 
        "coordinates": [
          [
            [
              -95.575445417081838, 
              42.758561730223825
            ], 
            [
              -95.575403400788105, 
              42.758561730223825
            ]
          ]
        ]
      }
    }, 
    {
      "properties": {
        "level": "BASEMENT", 
        "type": "drawing", 
        "SubClasses": "AcDbEntity:AcDbLine", 
        "Layer": "A-WALL", 
        "EntityHandle": "4A3", 
        "source": "BASEMENT.dxf", 
        "interactive": false
      }, 
      "type": "Feature", 
      "geometry": {
        "type": "MultiLineString", 
        "coordinates": [
          [
            [
              -95.575403400788105, 
              42.758561730223825
            ], 
            [
              -95.575403400788105, 
              42.758564248538846
            ]
          ]
        ]
      }
    }, 
    {
      "properties": {
        "level": "BASEMENT", 
        "type": "drawing", 
        "SubClasses": "AcDbEntity:AcDbLine", 
        "Layer": "A-WALL", 
        "EntityHandle": "4A4", 
        "source": "BASEMENT.dxf", 
        "interactive": false
      }, 
      "type": "Feature", 
      "geometry": {
        "type": "MultiLineString", 
        "coordinates": [
          [
            [
              -95.575409636972708, 
              42.758566308978402
            ], 
            [
              -95.575438947040325, 
              42.758566308978402
            ]
          ]
        ]
      }
    }, 
    {
      "properties": {
        "level": "BASEMENT", 
        "type": "drawing", 
        "SubClasses": "AcDbEntity:AcDbLine", 
        "Layer": "A-WALL", 
        "EntityHandle": "4A5", 
        "source": "BASEMENT.dxf", 
        "interactive": false
      }, 
      "type": "Feature", 
      "geometry": {
        "type": "MultiLineString", 
        "coordinates": [
          [
            [
              -95.575440817895696, 
              42.758566308978402
            ], 
            [
              -95.575455161120274, 
              42.758566308978402
            ]
          ]
        ]
      }
    }, 
    {
      "properties": {
        "level": "BASEMENT", 
        "type": "drawing", 
        "SubClasses": "AcDbEntity:AcDbLine", 
        "Layer": "A-WALL", 
        "EntityHandle": "4A6", 
        "source": "BASEMENT.dxf", 
        "interactive": false
      }, 
      "type": "Feature", 
      "geometry": {
        "type": "MultiLineString", 
        "coordinates": [
          [
            [
              -95.575455161120274, 
              42.758566308978402
            ], 
            [
              -95.575455161120274, 
              42.758561730223825
            ]
          ]
        ]
      }
    }, 
    {
      "properties": {
        "level": "BASEMENT", 
        "type": "drawing", 
        "SubClasses": "AcDbEntity:AcDbLine", 
        "Layer": "A-WALL", 
        "EntityHandle": "4A7", 
        "source": "BASEMENT.dxf", 
        "interactive": false
      }, 
      "type": "Feature", 
      "geometry": {
        "type": "MultiLineString", 
        "coordinates": [
          [
            [
              -95.575440817895696, 
              42.758606602018695
            ], 
            [
              -95.575440817895696, 
              42.758566308978402
            ]
          ]
        ]
      }
    }, 
    {
      "properties": {
        "level": "BASEMENT", 
        "type": "drawing", 
        "SubClasses": "AcDbEntity:AcDbLine", 
        "Layer": "A-WALL", 
        "EntityHandle": "4A8", 
        "source": "BASEMENT.dxf", 
        "interactive": false
      }, 
      "type": "Feature", 
      "geometry": {
        "type": "MultiLineString", 
        "coordinates": [
          [
            [
              -95.575438947040325, 
              42.758566308978402
            ], 
            [
              -95.575438947040325, 
              42.758590347439942
            ]
          ]
        ]
      }
    }, 
    {
      "properties": {
        "level": "BASEMENT", 
        "type": "drawing", 
        "SubClasses": "AcDbEntity:AcDbLine", 
        "Layer": "A-WALL", 
        "EntityHandle": "4A9", 
        "source": "BASEMENT.dxf", 
        "interactive": false
      }, 
      "type": "Feature", 
      "geometry": {
        "type": "MultiLineString", 
        "coordinates": [
          [
            [
              -95.575438947040325, 
              42.758591721066317
            ], 
            [
              -95.575438947040325, 
              42.758607975645070
            ]
          ]
        ]
      }
    }, 
    {
      "properties": {
        "level": "BASEMENT", 
        "type": "drawing", 
        "SubClasses": "AcDbEntity:AcDbLine", 
        "Layer": "A-WALL", 
        "EntityHandle": "50C", 
        "source": "BASEMENT.dxf", 
        "interactive": false
      }, 
      "type": "Feature", 
      "geometry": {
        "type": "MultiLineString", 
        "coordinates": [
          [
            [
              -95.575403400788105, 
              42.758566995791590
            ], 
            [
              -95.575403400788105, 
              42.758610119667786
            ]
          ]
        ]
      }
    }, 
    {
      "properties": {
        "level": "BASEMENT", 
        "type": "drawing", 
        "SubClasses": "AcDbEntity:AcDbLine", 
        "Layer": "A-WALL", 
        "EntityHandle": "50D", 
        "source": "BASEMENT.dxf", 
        "interactive": false
      }, 
      "type": "Feature", 
      "geometry": {
        "type": "MultiLineString", 
        "coordinates": [
          [
            [
              -95.575403400788105, 
              42.758611264356432
            ], 
            [
              -95.575403400788105, 
              42.758614469484634
            ]
          ]
        ]
      }
    }, 
    {
      "properties": {
        "level": "BASEMENT", 
        "type": "drawing", 
        "SubClasses": "AcDbEntity:AcDbLine", 
        "Layer": "A-WALL", 
        "EntityHandle": "50E", 
        "source": "BASEMENT.dxf", 
        "interactive": false
      }, 
      "type": "Feature", 
      "geometry": {
        "type": "MultiLineString", 
        "coordinates": [
          [
            [
              -95.575403400788105, 
              42.758614469484634
            ], 
            [
              -95.575409636972708, 
              42.758614469484634
            ]
          ]
        ]
      }
    }, 
    {
      "properties": {
        "level": "BASEMENT", 
        "type": "drawing", 
        "SubClasses": "AcDbEntity:AcDbLine", 
        "Layer": "A-WALL", 
        "EntityHandle": "50F", 
        "source": "BASEMENT.dxf", 
        "interactive": false
      }, 
      "type": "Feature", 
      "geometry": {
        "type": "MultiLineString", 
        "coordinates": [
          [
            [
              -95.575409636972708, 
              42.758614469484634
            ], 
            [
              -95.575409636972708, 
              42.758591721066317
            ]
          ]
        ]
      }
    }, 
    {
      "properties": {
        "level": "BASEMENT", 
        "type": "drawing", 
        "SubClasses": "AcDbEntity:AcDbLine", 
        "Layer": "A-WALL", 
        "EntityHandle": "510", 
        "source": "BASEMENT.dxf", 
        "interactive": false
      }, 
      "type": "Feature", 
      "geometry": {
        "type": "MultiLineString", 
        "coordinates": [
          [
            [
              -95.575409636972708, 
              42.758590347439942
            ], 
            [
              -95.575409636972708, 
              42.758566308978402
            ]
          ]
        ]
      }
    }, 
    {
      "properties": {
        "level": "BASEMENT", 
        "type": "drawing", 
        "SubClasses": "AcDbEntity:AcDbLine", 
        "Layer": "A-WALL", 
        "EntityHandle": "511", 
        "source": "BASEMENT.dxf", 
        "interactive": false
      }, 
      "type": "Feature", 
      "geometry": {
        "type": "MultiLineString", 
        "coordinates": [
          [
            [
              -95.575403400788105, 
              42.758623626993796
            ], 
            [
              -95.575403400788105, 
              42.758625344026761
            ]
          ]
        ]
      }
    }, 
    {
      "properties": {
        "level": "BASEMENT", 
        "type": "drawing", 
        "SubClasses": "AcDbEntity:AcDbLine", 
        "Layer": "A-WALL", 
        "EntityHandle": "512", 
        "source": "BASEMENT.dxf", 
        "interactive": false
      }, 
      "type": "Feature", 
      "geometry": {
        "type": "MultiLineString", 
        "coordinates": [
          [
            [
              -95.575403400788105, 
              42.758626488715407
            ], 
            [
              -95.575403400788105, 
              42.758670475645069
            ]
          ]
        ]
      }
    }, 
    {
      "properties": {
        "level": "BASEMENT", 
        "type": "drawing", 
        "SubClasses": "AcDbEntity:AcDbLine", 
        "Layer": "A-WALL", 
        "EntityHandle": "513", 
        "source": "BASEMENT.dxf", 
        "interactive": false
      }, 
      "type": "Feature", 
      "geometry": {
        "type": "MultiLineString", 
        "coordinates": [
          [
            [
              -95.575403400788105, 
              42.758673222897819
            ], 
            [
              -95.575403400788105, 
              42.758675741212841
            ]
          ]
        ]
      }
    }, 
    {
      "properties": {
        "level": "BASEMENT", 
        "type": "drawing", 
        "SubClasses": "AcDbEntity:AcDbLine", 
        "Layer": "A-WALL", 
        "EntityHandle": "515", 
        "source": "BASEMENT.dxf", 
        "interactive": false
      }, 
      "type": "Feature", 
      "geometry": {
        "type": "MultiLineString", 
        "coordinates": [
          [
            [
              -95.575409636972708, 
              42.758671162458256
            ], 
            [
              -95.575409636972708, 
              42.758623626993796
            ]
          ]
        ]
      }
    }, 
    {
      "properties": {
        "level": "BASEMENT", 
        "type": "drawing", 
        "SubClasses": "AcDbEntity:AcDbLine", 
        "Layer": "A-WALL", 
        "EntityHandle": "516", 
        "source": "BASEMENT.dxf", 
        "interactive": false
      }, 
      "type": "Feature", 
      "geometry": {
        "type": "MultiLineString", 
        "coordinates": [
          [
            [
              -95.575409636972708, 
              42.758623626993796
            ], 
            [
              -95.575403400788105, 
              42.758623626993796
            ]
          ]
        ]
      }
    }, 
    {
      "properties": {
        "level": "BASEMENT", 
        "type": "drawing", 
        "SubClasses": "AcDbEntity:AcDbLine", 
        "Layer": "A-WALL", 
        "EntityHandle": "517", 
        "source": "BASEMENT.dxf", 
        "interactive": false
      }, 
      "type": "Feature", 
      "geometry": {
        "type": "MultiLineString", 
        "coordinates": [
          [
            [
              -95.575403400788105, 
              42.758675741212841
            ], 
            [
              -95.575481041286366, 
              42.758675741212841
            ]
          ]
        ]
      }
    }, 
    {
      "properties": {
        "level": "BASEMENT", 
        "type": "drawing", 
        "SubClasses": "AcDbEntity:AcDbLine", 
        "Layer": "A-WALL", 
        "EntityHandle": "518", 
        "source": "BASEMENT.dxf", 
        "interactive": false
      }, 
      "type": "Feature", 
      "geometry": {
        "type": "MultiLineString", 
        "coordinates": [
          [
            [
              -95.575484782997123, 
              42.758671162458256
            ], 
            [
              -95.575409636972708, 
              42.758671162458256
            ]
          ]
        ]
      }
    }, 
    {
      "properties": {
        "level": "BASEMENT", 
        "type": "drawing", 
        "SubClasses": "AcDbEntity:AcDbLine", 
        "Layer": "A-WALL", 
        "EntityHandle": "519", 
        "source": "BASEMENT.dxf", 
        "interactive": false
      }, 
      "type": "Feature", 
      "geometry": {
        "type": "MultiLineString", 
        "coordinates": [
          [
            [
              -95.575481041286366, 
              42.758675741212841
            ], 
            [
              -95.575481041286366, 
              42.758678488465584
            ]
          ]
        ]
      }
    }, 
    {
      "properties": {
        "level": "BASEMENT", 
        "type": "drawing", 
        "SubClasses": "AcDbEntity:AcDbLine", 
        "Layer": "A-WALL", 
        "EntityHandle": "51B", 
        "source": "BASEMENT.dxf", 
        "interactive": false
      }, 
      "type": "Feature", 
      "geometry": {
        "type": "MultiLineString", 
        "coordinates": [
          [
            [
              -95.575484782997123, 
              42.758673909711007
            ], 
            [
              -95.575484782997123, 
              42.758671162458256
            ]
          ]
        ]
      }
    }, 
    {
      "properties": {
        "level": "BASEMENT", 
        "type": "drawing", 
        "SubClasses": "AcDbEntity:AcDbLine", 
        "Layer": "A-WALL", 
        "EntityHandle": "51D", 
        "source": "BASEMENT.dxf", 
        "interactive": false
      }, 
      "type": "Feature", 
      "geometry": {
        "type": "MultiLineString", 
        "coordinates": [
          [
            [
              -95.575481041286366, 
              42.758678488465584
            ], 
            [
              -95.575534048855459, 
              42.758678488465584
            ]
          ]
        ]
      }
    }, 
    {
      "properties": {
        "level": "BASEMENT", 
        "type": "drawing", 
        "SubClasses": "AcDbEntity:AcDbLine", 
        "Layer": "A-WALL", 
        "EntityHandle": "51E", 
        "source": "BASEMENT.dxf", 
        "interactive": false
      }, 
      "type": "Feature", 
      "geometry": {
        "type": "MultiLineString", 
        "coordinates": [
          [
            [
              -95.575530307144689, 
              42.758673909711007
            ], 
            [
              -95.575484782997123, 
              42.758673909711007
            ]
          ]
        ]
      }
    }, 
    {
      "properties": {
        "level": "BASEMENT", 
        "type": "drawing", 
        "SubClasses": "AcDbEntity:AcDbLine", 
        "Layer": "A-WALL", 
        "EntityHandle": "51F", 
        "source": "BASEMENT.dxf", 
        "interactive": false
      }, 
      "type": "Feature", 
      "geometry": {
        "type": "MultiLineString", 
        "coordinates": [
          [
            [
              -95.575534048855459, 
              42.758678488465584
            ], 
            [
              -95.575534048855459, 
              42.758675741212841
            ]
          ]
        ]
      }
    }, 
    {
      "properties": {
        "level": "BASEMENT", 
        "type": "drawing", 
        "SubClasses": "AcDbEntity:AcDbLine", 
        "Layer": "A-WALL", 
        "EntityHandle": "521", 
        "source": "BASEMENT.dxf", 
        "interactive": false
      }, 
      "type": "Feature", 
      "geometry": {
        "type": "MultiLineString", 
        "coordinates": [
          [
            [
              -95.575530307144689, 
              42.758671162458256
            ], 
            [
              -95.575530307144689, 
              42.758673909711007
            ]
          ]
        ]
      }
    }, 
    {
      "properties": {
        "level": "BASEMENT", 
        "type": "drawing", 
        "SubClasses": "AcDbEntity:AcDbLine", 
        "Layer": "A-WALL", 
        "EntityHandle": "523", 
        "source": "BASEMENT.dxf", 
        "interactive": false
      }, 
      "type": "Feature", 
      "geometry": {
        "type": "MultiLineString", 
        "coordinates": [
          [
            [
              -95.575534048855459, 
              42.758675741212841
            ], 
            [
              -95.575611626782390, 
              42.758675741212841
            ]
          ]
        ]
      }
    }, 
    {
      "properties": {
        "level": "BASEMENT", 
        "type": "drawing", 
        "SubClasses": "AcDbEntity:AcDbLine", 
        "Layer": "A-WALL", 
        "EntityHandle": "524", 
        "source": "BASEMENT.dxf", 
        "interactive": false
      }, 
      "type": "Feature", 
      "geometry": {
        "type": "MultiLineString", 
        "coordinates": [
          [
            [
              -95.575610379545466, 
              42.758671162458256
            ], 
            [
              -95.575562891209216, 
              42.758671162458256
            ]
          ]
        ]
      }
    }, 
    {
      "properties": {
        "level": "BASEMENT", 
        "type": "drawing", 
        "SubClasses": "AcDbEntity:AcDbLine", 
        "Layer": "A-WALL", 
        "EntityHandle": "525", 
        "source": "BASEMENT.dxf", 
        "interactive": false
      }, 
      "type": "Feature", 
      "geometry": {
        "type": "MultiLineString", 
        "coordinates": [
          [
            [
              -95.575561332163076, 
              42.758671162458256
            ], 
            [
              -95.575531866190843, 
              42.758671162458256
            ]
          ]
        ]
      }
    }, 
    {
      "properties": {
        "level": "BASEMENT", 
        "type": "drawing", 
        "SubClasses": "AcDbEntity:AcDbLine", 
        "Layer": "A-WALL", 
        "EntityHandle": "527", 
        "source": "BASEMENT.dxf", 
        "interactive": false
      }, 
      "type": "Feature", 
      "geometry": {
        "type": "MultiLineString", 
        "coordinates": [
          [
            [
              -95.575611626782390, 
              42.758675741212841
            ], 
            [
              -95.575611626782390, 
              42.758686730223829
            ]
          ]
        ]
      }
    }, 
    {
      "properties": {
        "level": "BASEMENT", 
        "type": "drawing", 
        "SubClasses": "AcDbEntity:AcDbLine", 
        "Layer": "A-WALL", 
        "EntityHandle": "529", 
        "source": "BASEMENT.dxf", 
        "interactive": false
      }, 
      "type": "Feature", 
      "geometry": {
        "type": "MultiLineString", 
        "coordinates": [
          [
            [
              -95.575611626782390, 
              42.758686730223829
            ], 
            [
              -95.575681222811980, 
              42.758686730223829
            ]
          ]
        ]
      }
    }, 
    {
      "properties": {
        "level": "BASEMENT", 
        "type": "drawing", 
        "SubClasses": "AcDbEntity:AcDbLine", 
        "Layer": "A-WALL", 
        "EntityHandle": "52A", 
        "source": "BASEMENT.dxf", 
        "interactive": false
      }, 
      "type": "Feature", 
      "geometry": {
        "type": "MultiLineString", 
        "coordinates": [
          [
            [
              -95.575684964522750, 
              42.758686730223829
            ], 
            [
              -95.575698372319636, 
              42.758686730223829
            ]
          ]
        ]
      }
    }, 
    {
      "properties": {
        "level": "BASEMENT", 
        "type": "drawing", 
        "SubClasses": "AcDbEntity:AcDbLine", 
        "Layer": "A-WALL", 
        "EntityHandle": "52B", 
        "source": "BASEMENT.dxf", 
        "interactive": false
      }, 
      "type": "Feature", 
      "geometry": {
        "type": "MultiLineString", 
        "coordinates": [
          [
            [
              -95.575698372319636, 
              42.758686730223829
            ], 
            [
              -95.575698372319636, 
              42.758683982971078
            ]
          ]
        ]
      }
    }, 
    {
      "properties": {
        "level": "BASEMENT", 
        "type": "drawing", 
        "SubClasses": "AcDbEntity:AcDbLine", 
        "Layer": "A-WALL", 
        "EntityHandle": "52C", 
        "source": "BASEMENT.dxf", 
        "interactive": false
      }, 
      "type": "Feature", 
      "geometry": {
        "type": "MultiLineString", 
        "coordinates": [
          [
            [
              -95.575698372319636, 
              42.758683982971078
            ], 
            [
              -95.575690265279661, 
              42.758683982971078
            ]
          ]
        ]
      }
    }, 
    {
      "properties": {
        "level": "BASEMENT", 
        "type": "drawing", 
        "SubClasses": "AcDbEntity:AcDbLine", 
        "Layer": "A-WALL", 
        "EntityHandle": "52D", 
        "source": "BASEMENT.dxf", 
        "interactive": false
      }, 
      "type": "Feature", 
      "geometry": {
        "type": "MultiLineString", 
        "coordinates": [
          [
            [
              -95.575686523568891, 
              42.758683982971078
            ], 
            [
              -95.575650197793607, 
              42.758683982971078
            ]
          ]
        ]
      }
    }, 
    {
      "properties": {
        "level": "BASEMENT", 
        "type": "drawing", 
        "SubClasses": "AcDbEntity:AcDbLine", 
        "Layer": "A-WALL", 
        "EntityHandle": "52E", 
        "source": "BASEMENT.dxf", 
        "interactive": false
      }, 
      "type": "Feature", 
      "geometry": {
        "type": "MultiLineString", 
        "coordinates": [
          [
            [
              -95.575648638747452, 
              42.758683982971078
            ], 
            [
              -95.575617862966993, 
              42.758683982971078
            ]
          ]
        ]
      }
    }, 
    {
      "properties": {
        "level": "BASEMENT", 
        "type": "drawing", 
        "SubClasses": "AcDbEntity:AcDbLine", 
        "Layer": "A-WALL", 
        "EntityHandle": "52F", 
        "source": "BASEMENT.dxf", 
        "interactive": false
      }, 
      "type": "Feature", 
      "geometry": {
        "type": "MultiLineString", 
        "coordinates": [
          [
            [
              -95.575711468307290, 
              42.758686730223829
            ], 
            [
              -95.575724876104175, 
              42.758686730223829
            ]
          ]
        ]
      }
    }, 
    {
      "properties": {
        "level": "BASEMENT", 
        "type": "drawing", 
        "SubClasses": "AcDbEntity:AcDbLine", 
        "Layer": "A-WALL", 
        "EntityHandle": "530", 
        "source": "BASEMENT.dxf", 
        "interactive": false
      }, 
      "type": "Feature", 
      "geometry": {
        "type": "MultiLineString", 
        "coordinates": [
          [
            [
              -95.575719575347264, 
              42.758683982971078
            ], 
            [
              -95.575711468307290, 
              42.758683982971078
            ]
          ]
        ]
      }
    }, 
    {
      "properties": {
        "level": "BASEMENT", 
        "type": "drawing", 
        "SubClasses": "AcDbEntity:AcDbLine", 
        "Layer": "A-WALL", 
        "EntityHandle": "531", 
        "source": "BASEMENT.dxf", 
        "interactive": false
      }, 
      "type": "Feature", 
      "geometry": {
        "type": "MultiLineString", 
        "coordinates": [
          [
            [
              -95.575711468307290, 
              42.758683982971078
            ], 
            [
              -95.575711468307290, 
              42.758686730223829
            ]
          ]
        ]
      }
    }, 
    {
      "properties": {
        "level": "BASEMENT", 
        "type": "drawing", 
        "SubClasses": "AcDbEntity:AcDbLine", 
        "Layer": "A-WALL", 
        "EntityHandle": "532", 
        "source": "BASEMENT.dxf", 
        "interactive": false
      }, 
      "type": "Feature", 
      "geometry": {
        "type": "MultiLineString", 
        "coordinates": [
          [
            [
              -95.575724876104175, 
              42.758686730223829
            ], 
            [
              -95.575724876104175, 
              42.758704587366687
            ]
          ]
        ]
      }
    }, 
    {
      "properties": {
        "level": "BASEMENT", 
        "type": "drawing", 
        "SubClasses": "AcDbEntity:AcDbLine", 
        "Layer": "A-WALL", 
        "EntityHandle": "533", 
        "source": "BASEMENT.dxf", 
        "interactive": false
      }, 
      "type": "Feature", 
      "geometry": {
        "type": "MultiLineString", 
        "coordinates": [
          [
            [
              -95.575723940676482, 
              42.758707334619430
            ], 
            [
              -95.575728617814931, 
              42.758707334619430
            ]
          ]
        ]
      }
    }, 
    {
      "properties": {
        "level": "BASEMENT", 
        "type": "drawing", 
        "SubClasses": "AcDbEntity:AcDbLine", 
        "Layer": "A-WALL", 
        "EntityHandle": "534", 
        "source": "BASEMENT.dxf", 
        "interactive": false
      }, 
      "type": "Feature", 
      "geometry": {
        "type": "MultiLineString", 
        "coordinates": [
          [
            [
              -95.575728617814931, 
              42.758707334619430
            ], 
            [
              -95.575728617814931, 
              42.758686730223829
            ]
          ]
        ]
      }
    }, 
    {
      "properties": {
        "level": "BASEMENT", 
        "type": "drawing", 
        "SubClasses": "AcDbEntity:AcDbLine", 
        "Layer": "A-WALL", 
        "EntityHandle": "535", 
        "source": "BASEMENT.dxf", 
        "interactive": false
      }, 
      "type": "Feature", 
      "geometry": {
        "type": "MultiLineString", 
        "coordinates": [
          [
            [
              -95.575724876104175, 
              42.758704587366687
            ], 
            [
              -95.575684964522750, 
              42.758704587366687
            ]
          ]
        ]
      }
    }, 
    {
      "properties": {
        "level": "BASEMENT", 
        "type": "drawing", 
        "SubClasses": "AcDbEntity:AcDbLine", 
        "Layer": "A-WALL", 
        "EntityHandle": "537", 
        "source": "BASEMENT.dxf", 
        "interactive": false
      }, 
      "type": "Feature", 
      "geometry": {
        "type": "MultiLineString", 
        "coordinates": [
          [
            [
              -95.575681222811980, 
              42.758707334619430
            ], 
            [
              -95.575685899950429, 
              42.758707334619430
            ]
          ]
        ]
      }
    }, 
    {
      "properties": {
        "level": "BASEMENT", 
        "type": "drawing", 
        "SubClasses": "AcDbEntity:AcDbLine", 
        "Layer": "A-WALL", 
        "EntityHandle": "538", 
        "source": "BASEMENT.dxf", 
        "interactive": false
      }, 
      "type": "Feature", 
      "geometry": {
        "type": "MultiLineString", 
        "coordinates": [
          [
            [
              -95.575689641661199, 
              42.758707334619430
            ], 
            [
              -95.575720198965726, 
              42.758707334619430
            ]
          ]
        ]
      }
    }, 
    {
      "properties": {
        "level": "BASEMENT", 
        "type": "drawing", 
        "SubClasses": "AcDbEntity:AcDbLine", 
        "Layer": "A-WALL", 
        "EntityHandle": "53A", 
        "source": "BASEMENT.dxf", 
        "interactive": false
      }, 
      "type": "Feature", 
      "geometry": {
        "type": "MultiLineString", 
        "coordinates": [
          [
            [
              -95.575684964522750, 
              42.758704587366687
            ], 
            [
              -95.575684964522750, 
              42.758686730223829
            ]
          ]
        ]
      }
    }, 
    {
      "properties": {
        "level": "BASEMENT", 
        "type": "drawing", 
        "SubClasses": "AcDbEntity:AcDbLine", 
        "Layer": "A-WALL", 
        "EntityHandle": "53B", 
        "source": "BASEMENT.dxf", 
        "interactive": false
      }, 
      "type": "Feature", 
      "geometry": {
        "type": "MultiLineString", 
        "coordinates": [
          [
            [
              -95.575681222811980, 
              42.758686730223829
            ], 
            [
              -95.575681222811980, 
              42.758707334619430
            ]
          ]
        ]
      }
    }, 
    {
      "properties": {
        "level": "BASEMENT", 
        "type": "drawing", 
        "SubClasses": "AcDbEntity:AcDbLine", 
        "Layer": "A-WALL", 
        "EntityHandle": "53C", 
        "source": "BASEMENT.dxf", 
        "interactive": false
      }, 
      "type": "Feature", 
      "geometry": {
        "type": "MultiLineString", 
        "coordinates": [
          [
            [
              -95.575720198965726, 
              42.758707334619430
            ], 
            [
              -95.575720198965726, 
              42.758724047073642
            ]
          ]
        ]
      }
    }, 
    {
      "properties": {
        "level": "BASEMENT", 
        "type": "drawing", 
        "SubClasses": "AcDbEntity:AcDbLine", 
        "Layer": "A-WALL", 
        "EntityHandle": "53D", 
        "source": "BASEMENT.dxf", 
        "interactive": false
      }, 
      "type": "Feature", 
      "geometry": {
        "type": "MultiLineString", 
        "coordinates": [
          [
            [
              -95.575720198965726, 
              42.758724047073642
            ], 
            [
              -95.575723940676482, 
              42.758724047073642
            ]
          ]
        ]
      }
    }, 
    {
      "properties": {
        "level": "BASEMENT", 
        "type": "drawing", 
        "SubClasses": "AcDbEntity:AcDbLine", 
        "Layer": "A-WALL", 
        "EntityHandle": "53E", 
        "source": "BASEMENT.dxf", 
        "interactive": false
      }, 
      "type": "Feature", 
      "geometry": {
        "type": "MultiLineString", 
        "coordinates": [
          [
            [
              -95.575723940676482, 
              42.758724047073642
            ], 
            [
              -95.575723940676482, 
              42.758707334619430
            ]
          ]
        ]
      }
    }, 
    {
      "properties": {
        "level": "BASEMENT", 
        "type": "drawing", 
        "SubClasses": "AcDbEntity:AcDbLine", 
        "Layer": "A-WALL", 
        "EntityHandle": "53F", 
        "source": "BASEMENT.dxf", 
        "interactive": false
      }, 
      "type": "Feature", 
      "geometry": {
        "type": "MultiLineString", 
        "coordinates": [
          [
            [
              -95.575689641661199, 
              42.758724047073642
            ], 
            [
              -95.575689641661199, 
              42.758707334619430
            ]
          ]
        ]
      }
    }, 
    {
      "properties": {
        "level": "BASEMENT", 
        "type": "drawing", 
        "SubClasses": "AcDbEntity:AcDbLine", 
        "Layer": "A-WALL", 
        "EntityHandle": "540", 
        "source": "BASEMENT.dxf", 
        "interactive": false
      }, 
      "type": "Feature", 
      "geometry": {
        "type": "MultiLineString", 
        "coordinates": [
          [
            [
              -95.575685899950429, 
              42.758707334619430
            ], 
            [
              -95.575685899950429, 
              42.758724047073642
            ]
          ]
        ]
      }
    }, 
    {
      "properties": {
        "level": "BASEMENT", 
        "type": "drawing", 
        "SubClasses": "AcDbEntity:AcDbLine", 
        "Layer": "A-WALL", 
        "EntityHandle": "541", 
        "source": "BASEMENT.dxf", 
        "interactive": false
      }, 
      "type": "Feature", 
      "geometry": {
        "type": "MultiLineString", 
        "coordinates": [
          [
            [
              -95.575685899950429, 
              42.758724047073642
            ], 
            [
              -95.575689641661199, 
              42.758724047073642
            ]
          ]
        ]
      }
    }, 
    {
      "properties": {
        "level": "BASEMENT", 
        "type": "drawing", 
        "SubClasses": "AcDbEntity:AcDbLine", 
        "Layer": "A-WALL", 
        "EntityHandle": "542", 
        "source": "BASEMENT.dxf", 
        "interactive": false
      }, 
      "type": "Feature", 
      "geometry": {
        "type": "MultiLineString", 
        "coordinates": [
          [
            [
              -95.575690265279661, 
              42.758683982971078
            ], 
            [
              -95.575690265279661, 
              42.758618562499265
            ]
          ]
        ]
      }
    }, 
    {
      "properties": {
        "level": "BASEMENT", 
        "type": "drawing", 
        "SubClasses": "AcDbEntity:AcDbLine", 
        "Layer": "A-WALL", 
        "EntityHandle": "543", 
        "source": "BASEMENT.dxf", 
        "interactive": false
      }, 
      "type": "Feature", 
      "geometry": {
        "type": "MultiLineString", 
        "coordinates": [
          [
            [
              -95.575686523568891, 
              42.758618562499265
            ], 
            [
              -95.575686523568891, 
              42.758644891130082
            ]
          ]
        ]
      }
    }, 
    {
      "properties": {
        "level": "BASEMENT", 
        "type": "drawing", 
        "SubClasses": "AcDbEntity:AcDbLine", 
        "Layer": "A-WALL", 
        "EntityHandle": "544", 
        "source": "BASEMENT.dxf", 
        "interactive": false
      }, 
      "type": "Feature", 
      "geometry": {
        "type": "MultiLineString", 
        "coordinates": [
          [
            [
              -95.575686523568891, 
              42.758646035818728
            ], 
            [
              -95.575686523568891, 
              42.758683982971078
            ]
          ]
        ]
      }
    }, 
    {
      "properties": {
        "level": "BASEMENT", 
        "type": "drawing", 
        "SubClasses": "AcDbEntity:AcDbLine", 
        "Layer": "A-WALL", 
        "EntityHandle": "545", 
        "source": "BASEMENT.dxf", 
        "interactive": false
      }, 
      "type": "Feature", 
      "geometry": {
        "type": "MultiLineString", 
        "coordinates": [
          [
            [
              -95.575719575347264, 
              42.758618562499265
            ], 
            [
              -95.575719575347264, 
              42.758683982971078
            ]
          ]
        ]
      }
    }, 
    {
      "properties": {
        "level": "BASEMENT", 
        "type": "drawing", 
        "SubClasses": "AcDbEntity:AcDbLine", 
        "Layer": "A-WALL", 
        "EntityHandle": "546", 
        "source": "BASEMENT.dxf", 
        "interactive": false
      }, 
      "type": "Feature", 
      "geometry": {
        "type": "MultiLineString", 
        "coordinates": [
          [
            [
              -95.575723317058035, 
              42.758682151469245
            ], 
            [
              -95.575723317058035, 
              42.758618562499265
            ]
          ]
        ]
      }
    }, 
    {
      "properties": {
        "level": "BASEMENT", 
        "type": "drawing", 
        "SubClasses": "AcDbEntity:AcDbLine", 
        "Layer": "A-WALL", 
        "EntityHandle": "548", 
        "source": "BASEMENT.dxf", 
        "interactive": false
      }, 
      "type": "Feature", 
      "geometry": {
        "type": "MultiLineString", 
        "coordinates": [
          [
            [
              -95.575792226897846, 
              42.758682151469245
            ], 
            [
              -95.575723317058035, 
              42.758682151469245
            ]
          ]
        ]
      }
    }, 
    {
      "properties": {
        "level": "BASEMENT", 
        "type": "drawing", 
        "SubClasses": "AcDbEntity:AcDbLine", 
        "Layer": "A-WALL", 
        "EntityHandle": "54A", 
        "source": "BASEMENT.dxf", 
        "interactive": false
      }, 
      "type": "Feature", 
      "geometry": {
        "type": "MultiLineString", 
        "coordinates": [
          [
            [
              -95.575728617814931, 
              42.758686730223829
            ], 
            [
              -95.575797839463988, 
              42.758686730223829
            ]
          ]
        ]
      }
    }, 
    {
      "properties": {
        "level": "BASEMENT", 
        "type": "drawing", 
        "SubClasses": "AcDbEntity:AcDbLine", 
        "Layer": "A-WALL", 
        "EntityHandle": "54C", 
        "source": "BASEMENT.dxf", 
        "interactive": false
      }, 
      "type": "Feature", 
      "geometry": {
        "type": "MultiLineString", 
        "coordinates": [
          [
            [
              -95.575797839463988, 
              42.758686730223829
            ], 
            [
              -95.575797839463988, 
              42.758675741212841
            ]
          ]
        ]
      }
    }, 
    {
      "properties": {
        "level": "BASEMENT", 
        "type": "drawing", 
        "SubClasses": "AcDbEntity:AcDbLine", 
        "Layer": "A-WALL", 
        "EntityHandle": "54E", 
        "source": "BASEMENT.dxf", 
        "interactive": false
      }, 
      "type": "Feature", 
      "geometry": {
        "type": "MultiLineString", 
        "coordinates": [
          [
            [
              -95.575797839463988, 
              42.758675741212841
            ], 
            [
              -95.575799136678427, 
              42.758675741212841
            ]
          ]
        ]
      }
    }, 
    {
      "properties": {
        "level": "BASEMENT", 
        "type": "drawing", 
        "SubClasses": "AcDbEntity:AcDbLine", 
        "Layer": "A-WALL", 
        "EntityHandle": "54F", 
        "source": "BASEMENT.dxf", 
        "interactive": false
      }, 
      "type": "Feature", 
      "geometry": {
        "type": "MultiLineString", 
        "coordinates": [
          [
            [
              -95.575799136678427, 
              42.758614945232054
            ], 
            [
              -95.575799086700911, 
              42.758614945232054
            ]
          ]
        ]
      }
    }, 
    {
      "properties": {
        "level": "BASEMENT", 
        "type": "drawing", 
        "SubClasses": "AcDbEntity:AcDbLine", 
        "Layer": "A-WALL", 
        "EntityHandle": "550", 
        "source": "BASEMENT.dxf", 
        "interactive": false
      }, 
      "type": "Feature", 
      "geometry": {
        "type": "MultiLineString", 
        "coordinates": [
          [
            [
              -95.575797215845526, 
              42.758614945232054
            ], 
            [
              -95.575792226897846, 
              42.758614945232054
            ]
          ]
        ]
      }
    }, 
    {
      "properties": {
        "level": "BASEMENT", 
        "type": "drawing", 
        "SubClasses": "AcDbEntity:AcDbLine", 
        "Layer": "A-WALL", 
        "EntityHandle": "551", 
        "source": "BASEMENT.dxf", 
        "interactive": false
      }, 
      "type": "Feature", 
      "geometry": {
        "type": "MultiLineString", 
        "coordinates": [
          [
            [
              -95.575792226897846, 
              42.758618562499265
            ], 
            [
              -95.575792226897846, 
              42.758682151469245
            ]
          ]
        ]
      }
    }, 
    {
      "properties": {
        "level": "BASEMENT", 
        "type": "drawing", 
        "SubClasses": "AcDbEntity:AcDbLine", 
        "Layer": "A-WALL", 
        "EntityHandle": "552", 
        "source": "BASEMENT.dxf", 
        "interactive": false
      }, 
      "type": "Feature", 
      "geometry": {
        "type": "MultiLineString", 
        "coordinates": [
          [
            [
              -95.575723317058035, 
              42.758618562499265
            ], 
            [
              -95.575755433408716, 
              42.758618562499265
            ]
          ]
        ]
      }
    }, 
    {
      "properties": {
        "level": "BASEMENT", 
        "type": "drawing", 
        "SubClasses": "AcDbEntity:AcDbLine", 
        "Layer": "A-WALL", 
        "EntityHandle": "553", 
        "source": "BASEMENT.dxf", 
        "interactive": false
      }, 
      "type": "Feature", 
      "geometry": {
        "type": "MultiLineString", 
        "coordinates": [
          [
            [
              -95.575755433408716, 
              42.758618562499265
            ], 
            [
              -95.575755433408716, 
              42.758614899495605
            ]
          ]
        ]
      }
    }, 
    {
      "properties": {
        "level": "BASEMENT", 
        "type": "drawing", 
        "SubClasses": "AcDbEntity:AcDbLine", 
        "Layer": "A-WALL", 
        "EntityHandle": "554", 
        "source": "BASEMENT.dxf", 
        "interactive": false
      }, 
      "type": "Feature", 
      "geometry": {
        "type": "MultiLineString", 
        "coordinates": [
          [
            [
              -95.575755433408716, 
              42.758614899495605
            ], 
            [
              -95.575712091925752, 
              42.758614899495605
            ]
          ]
        ]
      }
    }, 
    {
      "properties": {
        "level": "BASEMENT", 
        "type": "drawing", 
        "SubClasses": "AcDbEntity:AcDbLine", 
        "Layer": "A-WALL", 
        "EntityHandle": "555", 
        "source": "BASEMENT.dxf", 
        "interactive": false
      }, 
      "type": "Feature", 
      "geometry": {
        "type": "MultiLineString", 
        "coordinates": [
          [
            [
              -95.575767905777909, 
              42.758618562499265
            ], 
            [
              -95.575792226897846, 
              42.758618562499265
            ]
          ]
        ]
      }
    }, 
    {
      "properties": {
        "level": "BASEMENT", 
        "type": "drawing", 
        "SubClasses": "AcDbEntity:AcDbLine", 
        "Layer": "A-WALL", 
        "EntityHandle": "556", 
        "source": "BASEMENT.dxf", 
        "interactive": false
      }, 
      "type": "Feature", 
      "geometry": {
        "type": "MultiLineString", 
        "coordinates": [
          [
            [
              -95.575792226897846, 
              42.758614945232054
            ], 
            [
              -95.575792226897846, 
              42.758614899495605
            ]
          ]
        ]
      }
    }, 
    {
      "properties": {
        "level": "BASEMENT", 
        "type": "drawing", 
        "SubClasses": "AcDbEntity:AcDbLine", 
        "Layer": "A-WALL", 
        "EntityHandle": "557", 
        "source": "BASEMENT.dxf", 
        "interactive": false
      }, 
      "type": "Feature", 
      "geometry": {
        "type": "MultiLineString", 
        "coordinates": [
          [
            [
              -95.575792226897846, 
              42.758614899495605
            ], 
            [
              -95.575767905777909, 
              42.758614899495605
            ]
          ]
        ]
      }
    }, 
    {
      "properties": {
        "level": "BASEMENT", 
        "type": "drawing", 
        "SubClasses": "AcDbEntity:AcDbLine", 
        "Layer": "A-WALL", 
        "EntityHandle": "558", 
        "source": "BASEMENT.dxf", 
        "interactive": false
      }, 
      "type": "Feature", 
      "geometry": {
        "type": "MultiLineString", 
        "coordinates": [
          [
            [
              -95.575767905777909, 
              42.758614899495605
            ], 
            [
              -95.575767905777909, 
              42.758618562499265
            ]
          ]
        ]
      }
    }, 
    {
      "properties": {
        "level": "BASEMENT", 
        "type": "drawing", 
        "SubClasses": "AcDbEntity:AcDbLine", 
        "Layer": "A-WALL", 
        "EntityHandle": "559", 
        "source": "BASEMENT.dxf", 
        "interactive": false
      }, 
      "type": "Feature", 
      "geometry": {
        "type": "MultiLineString", 
        "coordinates": [
          [
            [
              -95.575799086700911, 
              42.758614945232054
            ], 
            [
              -95.575799086700911, 
              42.758610121730754
            ]
          ]
        ]
      }
    }, 
    {
      "properties": {
        "level": "BASEMENT", 
        "type": "drawing", 
        "SubClasses": "AcDbEntity:AcDbLine", 
        "Layer": "A-WALL", 
        "EntityHandle": "55A", 
        "source": "BASEMENT.dxf", 
        "interactive": false
      }, 
      "type": "Feature", 
      "geometry": {
        "type": "MultiLineString", 
        "coordinates": [
          [
            [
              -95.575799086700911, 
              42.758610121730754
            ], 
            [
              -95.575797215845526, 
              42.758610121730754
            ]
          ]
        ]
      }
    }, 
    {
      "properties": {
        "level": "BASEMENT", 
        "type": "drawing", 
        "SubClasses": "AcDbEntity:AcDbLine", 
        "Layer": "A-WALL", 
        "EntityHandle": "55B", 
        "source": "BASEMENT.dxf", 
        "interactive": false
      }, 
      "type": "Feature", 
      "geometry": {
        "type": "MultiLineString", 
        "coordinates": [
          [
            [
              -95.575797215845526, 
              42.758610121730754
            ], 
            [
              -95.575797215845526, 
              42.758614945232054
            ]
          ]
        ]
      }
    }, 
    {
      "properties": {
        "level": "BASEMENT", 
        "type": "drawing", 
        "SubClasses": "AcDbEntity:AcDbLine", 
        "Layer": "A-WALL", 
        "EntityHandle": "55C", 
        "source": "BASEMENT.dxf", 
        "interactive": false
      }, 
      "type": "Feature", 
      "geometry": {
        "type": "MultiLineString", 
        "coordinates": [
          [
            [
              -95.575799086700911, 
              42.758599590595225
            ], 
            [
              -95.575799086700911, 
              42.758593654023258
            ]
          ]
        ]
      }
    }, 
    {
      "properties": {
        "level": "BASEMENT", 
        "type": "drawing", 
        "SubClasses": "AcDbEntity:AcDbLine", 
        "Layer": "A-WALL", 
        "EntityHandle": "55D", 
        "source": "BASEMENT.dxf", 
        "interactive": false
      }, 
      "type": "Feature", 
      "geometry": {
        "type": "MultiLineString", 
        "coordinates": [
          [
            [
              -95.575797215845526, 
              42.758593654023258
            ], 
            [
              -95.575797215845526, 
              42.758599590595225
            ]
          ]
        ]
      }
    }, 
    {
      "properties": {
        "level": "BASEMENT", 
        "type": "drawing", 
        "SubClasses": "AcDbEntity:AcDbLine", 
        "Layer": "A-WALL", 
        "EntityHandle": "55E", 
        "source": "BASEMENT.dxf", 
        "interactive": false
      }, 
      "type": "Feature", 
      "geometry": {
        "type": "MultiLineString", 
        "coordinates": [
          [
            [
              -95.575797215845526, 
              42.758599590595225
            ], 
            [
              -95.575799086700911, 
              42.758599590595225
            ]
          ]
        ]
      }
    }, 
    {
      "properties": {
        "level": "BASEMENT", 
        "type": "drawing", 
        "SubClasses": "AcDbEntity:AcDbLine", 
        "Layer": "A-WALL", 
        "EntityHandle": "560", 
        "source": "BASEMENT.dxf", 
        "interactive": false
      }, 
      "type": "Feature", 
      "geometry": {
        "type": "MultiLineString", 
        "coordinates": [
          [
            [
              -95.575795344990141, 
              42.758567196939374
            ], 
            [
              -95.575795344990141, 
              42.758578990500922
            ]
          ]
        ]
      }
    }, 
    {
      "properties": {
        "level": "BASEMENT", 
        "type": "drawing", 
        "SubClasses": "AcDbEntity:AcDbLine", 
        "Layer": "A-WALL", 
        "EntityHandle": "561", 
        "source": "BASEMENT.dxf", 
        "interactive": false
      }, 
      "type": "Feature", 
      "geometry": {
        "type": "MultiLineString", 
        "coordinates": [
          [
            [
              -95.575795344990141, 
              42.758580364127297
            ], 
            [
              -95.575795344990141, 
              42.758592039951473
            ]
          ]
        ]
      }
    }, 
    {
      "properties": {
        "level": "BASEMENT", 
        "type": "drawing", 
        "SubClasses": "AcDbEntity:AcDbLine", 
        "Layer": "A-WALL", 
        "EntityHandle": "562", 
        "source": "BASEMENT.dxf", 
        "interactive": false
      }, 
      "type": "Feature", 
      "geometry": {
        "type": "MultiLineString", 
        "coordinates": [
          [
            [
              -95.575795344990141, 
              42.758593413577849
            ], 
            [
              -95.575795344990141, 
              42.758593654023258
            ]
          ]
        ]
      }
    }, 
    {
      "properties": {
        "level": "BASEMENT", 
        "type": "drawing", 
        "SubClasses": "AcDbEntity:AcDbLine", 
        "Layer": "A-WALL", 
        "EntityHandle": "563", 
        "source": "BASEMENT.dxf", 
        "interactive": false
      }, 
      "type": "Feature", 
      "geometry": {
        "type": "MultiLineString", 
        "coordinates": [
          [
            [
              -95.575795344990141, 
              42.758593654023258
            ], 
            [
              -95.575797215845526, 
              42.758593654023258
            ]
          ]
        ]
      }
    }, 
    {
      "properties": {
        "level": "BASEMENT", 
        "type": "drawing", 
        "SubClasses": "AcDbEntity:AcDbLine", 
        "Layer": "A-WALL", 
        "EntityHandle": "564", 
        "source": "BASEMENT.dxf", 
        "interactive": false
      }, 
      "type": "Feature", 
      "geometry": {
        "type": "MultiLineString", 
        "coordinates": [
          [
            [
              -95.575799086700911, 
              42.758593654023258
            ], 
            [
              -95.575799136678427, 
              42.758593654023258
            ]
          ]
        ]
      }
    }, 
    {
      "properties": {
        "level": "BASEMENT", 
        "type": "drawing", 
        "SubClasses": "AcDbEntity:AcDbLine", 
        "Layer": "A-WALL", 
        "EntityHandle": "565", 
        "source": "BASEMENT.dxf", 
        "interactive": false
      }, 
      "type": "Feature", 
      "geometry": {
        "type": "MultiLineString", 
        "coordinates": [
          [
            [
              -95.575796835363434, 
              42.758561815869953
            ], 
            [
              -95.575784316929372, 
              42.758552624538872
            ]
          ]
        ]
      }
    }, 
    {
      "properties": {
        "level": "BASEMENT", 
        "type": "drawing", 
        "SubClasses": "AcDbEntity:AcDbLine", 
        "Layer": "A-WALL", 
        "EntityHandle": "567", 
        "source": "BASEMENT.dxf", 
        "interactive": false
      }, 
      "type": "Feature", 
      "geometry": {
        "type": "MultiLineString", 
        "coordinates": [
          [
            [
              -95.575778080744769, 
              42.758552891599827
            ], 
            [
              -95.575778080744769, 
              42.758554521121120
            ]
          ]
        ]
      }
    }, 
    {
      "properties": {
        "level": "BASEMENT", 
        "type": "drawing", 
        "SubClasses": "AcDbEntity:AcDbLine", 
        "Layer": "A-WALL", 
        "EntityHandle": "568", 
        "source": "BASEMENT.dxf", 
        "interactive": false
      }, 
      "type": "Feature", 
      "geometry": {
        "type": "MultiLineString", 
        "coordinates": [
          [
            [
              -95.575778080744769, 
              42.758554521121120
            ], 
            [
              -95.575795344990141, 
              42.758567196939374
            ]
          ]
        ]
      }
    }, 
    {
      "properties": {
        "level": "BASEMENT", 
        "type": "drawing", 
        "SubClasses": "AcDbEntity:AcDbLine", 
        "Layer": "A-WALL", 
        "EntityHandle": "569", 
        "source": "BASEMENT.dxf", 
        "interactive": false
      }, 
      "type": "Feature", 
      "geometry": {
        "type": "MultiLineString", 
        "coordinates": [
          [
            [
              -95.575784316929372, 
              42.758552624538872
            ], 
            [
              -95.575784316929372, 
              42.758367143350590
            ]
          ]
        ]
      }
    }, 
    {
      "properties": {
        "level": "BASEMENT", 
        "type": "drawing", 
        "SubClasses": "AcDbEntity:AcDbLine", 
        "Layer": "A-WALL", 
        "EntityHandle": "56A", 
        "source": "BASEMENT.dxf", 
        "interactive": false
      }, 
      "type": "Feature", 
      "geometry": {
        "type": "MultiLineString", 
        "coordinates": [
          [
            [
              -95.575784316929372, 
              42.758365311848763
            ], 
            [
              -95.575784316929372, 
              42.758353178149129
            ]
          ]
        ]
      }
    }, 
    {
      "properties": {
        "level": "BASEMENT", 
        "type": "drawing", 
        "SubClasses": "AcDbEntity:AcDbLine", 
        "Layer": "A-WALL", 
        "EntityHandle": "56B", 
        "source": "BASEMENT.dxf", 
        "interactive": false
      }, 
      "type": "Feature", 
      "geometry": {
        "type": "MultiLineString", 
        "coordinates": [
          [
            [
              -95.575784316929372, 
              42.758351346647295
            ], 
            [
              -95.575784316929372, 
              42.758345424392871
            ]
          ]
        ]
      }
    }, 
    {
      "properties": {
        "level": "BASEMENT", 
        "type": "drawing", 
        "SubClasses": "AcDbEntity:AcDbLine", 
        "Layer": "A-WALL", 
        "EntityHandle": "56D", 
        "source": "BASEMENT.dxf", 
        "interactive": false
      }, 
      "type": "Feature", 
      "geometry": {
        "type": "MultiLineString", 
        "coordinates": [
          [
            [
              -95.575778080744769, 
              42.758348171645622
            ], 
            [
              -95.575778080744769, 
              42.758409954705904
            ]
          ]
        ]
      }
    }, 
    {
      "properties": {
        "level": "BASEMENT", 
        "type": "drawing", 
        "SubClasses": "AcDbEntity:AcDbLine", 
        "Layer": "A-WALL", 
        "EntityHandle": "56E", 
        "source": "BASEMENT.dxf", 
        "interactive": false
      }, 
      "type": "Feature", 
      "geometry": {
        "type": "MultiLineString", 
        "coordinates": [
          [
            [
              -95.575778080744769, 
              42.758412701958648
            ], 
            [
              -95.575778080744769, 
              42.758439517799467
            ]
          ]
        ]
      }
    }, 
    {
      "properties": {
        "level": "BASEMENT", 
        "type": "drawing", 
        "SubClasses": "AcDbEntity:AcDbLine", 
        "Layer": "A-WALL", 
        "EntityHandle": "56F", 
        "source": "BASEMENT.dxf", 
        "interactive": false
      }, 
      "type": "Feature", 
      "geometry": {
        "type": "MultiLineString", 
        "coordinates": [
          [
            [
              -95.575778080744769, 
              42.758442265052217
            ], 
            [
              -95.575778080744769, 
              42.758443982085183
            ]
          ]
        ]
      }
    }, 
    {
      "properties": {
        "level": "BASEMENT", 
        "type": "drawing", 
        "SubClasses": "AcDbEntity:AcDbLine", 
        "Layer": "A-WALL", 
        "EntityHandle": "570", 
        "source": "BASEMENT.dxf", 
        "interactive": false
      }, 
      "type": "Feature", 
      "geometry": {
        "type": "MultiLineString", 
        "coordinates": [
          [
            [
              -95.575778080744769, 
              42.758445126773829
            ], 
            [
              -95.575778080744769, 
              42.758521248568698
            ]
          ]
        ]
      }
    }, 
    {
      "properties": {
        "level": "BASEMENT", 
        "type": "drawing", 
        "SubClasses": "AcDbEntity:AcDbLine", 
        "Layer": "A-WALL", 
        "EntityHandle": "571", 
        "source": "BASEMENT.dxf", 
        "interactive": false
      }, 
      "type": "Feature", 
      "geometry": {
        "type": "MultiLineString", 
        "coordinates": [
          [
            [
              -95.575778080744769, 
              42.758522622195073
            ], 
            [
              -95.575778080744769, 
              42.758550144347076
            ]
          ]
        ]
      }
    }, 
    {
      "properties": {
        "level": "BASEMENT", 
        "type": "drawing", 
        "SubClasses": "AcDbEntity:AcDbLine", 
        "Layer": "A-WALL", 
        "EntityHandle": "572", 
        "source": "BASEMENT.dxf", 
        "interactive": false
      }, 
      "type": "Feature", 
      "geometry": {
        "type": "MultiLineString", 
        "coordinates": [
          [
            [
              -95.575784316929372, 
              42.758367143350590
            ], 
            [
              -95.575794606633949, 
              42.758367143350590
            ]
          ]
        ]
      }
    }, 
    {
      "properties": {
        "level": "BASEMENT", 
        "type": "drawing", 
        "SubClasses": "AcDbEntity:AcDbLine", 
        "Layer": "A-WALL", 
        "EntityHandle": "574", 
        "source": "BASEMENT.dxf", 
        "interactive": false
      }, 
      "type": "Feature", 
      "geometry": {
        "type": "MultiLineString", 
        "coordinates": [
          [
            [
              -95.575792112160116, 
              42.758365311848763
            ], 
            [
              -95.575784316929372, 
              42.758365311848763
            ]
          ]
        ]
      }
    }, 
    {
      "properties": {
        "level": "BASEMENT", 
        "type": "drawing", 
        "SubClasses": "AcDbEntity:AcDbLine", 
        "Layer": "A-WALL", 
        "EntityHandle": "575", 
        "source": "BASEMENT.dxf", 
        "interactive": false
      }, 
      "type": "Feature", 
      "geometry": {
        "type": "MultiLineString", 
        "coordinates": [
          [
            [
              -95.575794606633949, 
              42.758367143350590
            ], 
            [
              -95.575794606633949, 
              42.758351346647295
            ]
          ]
        ]
      }
    }, 
    {
      "properties": {
        "level": "BASEMENT", 
        "type": "drawing", 
        "SubClasses": "AcDbEntity:AcDbLine", 
        "Layer": "A-WALL", 
        "EntityHandle": "576", 
        "source": "BASEMENT.dxf", 
        "interactive": false
      }, 
      "type": "Feature", 
      "geometry": {
        "type": "MultiLineString", 
        "coordinates": [
          [
            [
              -95.575792112160116, 
              42.758353178149129
            ], 
            [
              -95.575792112160116, 
              42.758365311848763
            ]
          ]
        ]
      }
    }, 
    {
      "properties": {
        "level": "BASEMENT", 
        "type": "drawing", 
        "SubClasses": "AcDbEntity:AcDbLine", 
        "Layer": "A-WALL", 
        "EntityHandle": "577", 
        "source": "BASEMENT.dxf", 
        "interactive": false
      }, 
      "type": "Feature", 
      "geometry": {
        "type": "MultiLineString", 
        "coordinates": [
          [
            [
              -95.575794606633949, 
              42.758351346647295
            ], 
            [
              -95.575784316929372, 
              42.758351346647295
            ]
          ]
        ]
      }
    }, 
    {
      "properties": {
        "level": "BASEMENT", 
        "type": "drawing", 
        "SubClasses": "AcDbEntity:AcDbLine", 
        "Layer": "A-WALL", 
        "EntityHandle": "578", 
        "source": "BASEMENT.dxf", 
        "interactive": false
      }, 
      "type": "Feature", 
      "geometry": {
        "type": "MultiLineString", 
        "coordinates": [
          [
            [
              -95.575784316929372, 
              42.758353178149129
            ], 
            [
              -95.575792112160116, 
              42.758353178149129
            ]
          ]
        ]
      }
    }, 
    {
      "properties": {
        "level": "BASEMENT", 
        "type": "drawing", 
        "SubClasses": "AcDbEntity:AcDbLine", 
        "Layer": "A-WALL", 
        "EntityHandle": "57A", 
        "source": "BASEMENT.dxf", 
        "interactive": false
      }, 
      "type": "Feature", 
      "geometry": {
        "type": "MultiLineString", 
        "coordinates": [
          [
            [
              -95.575784316929372, 
              42.758345424392871
            ], 
            [
              -95.575696245311121, 
              42.758345424392871
            ]
          ]
        ]
      }
    }, 
    {
      "properties": {
        "level": "BASEMENT", 
        "type": "drawing", 
        "SubClasses": "AcDbEntity:AcDbLine", 
        "Layer": "A-WALL", 
        "EntityHandle": "57C", 
        "source": "BASEMENT.dxf", 
        "interactive": false
      }, 
      "type": "Feature", 
      "geometry": {
        "type": "MultiLineString", 
        "coordinates": [
          [
            [
              -95.575693750837274, 
              42.758348171645622
            ], 
            [
              -95.575696698535751, 
              42.758348171645622
            ]
          ]
        ]
      }
    }, 
    {
      "properties": {
        "level": "BASEMENT", 
        "type": "drawing", 
        "SubClasses": "AcDbEntity:AcDbLine", 
        "Layer": "A-WALL", 
        "EntityHandle": "57D", 
        "source": "BASEMENT.dxf", 
        "interactive": false
      }, 
      "type": "Feature", 
      "geometry": {
        "type": "MultiLineString", 
        "coordinates": [
          [
            [
              -95.575700440246507, 
              42.758348171645622
            ], 
            [
              -95.575704961480341, 
              42.758348171645622
            ]
          ]
        ]
      }
    }, 
    {
      "properties": {
        "level": "BASEMENT", 
        "type": "drawing", 
        "SubClasses": "AcDbEntity:AcDbLine", 
        "Layer": "A-WALL", 
        "EntityHandle": "57E", 
        "source": "BASEMENT.dxf", 
        "interactive": false
      }, 
      "type": "Feature", 
      "geometry": {
        "type": "MultiLineString", 
        "coordinates": [
          [
            [
              -95.575706520526495, 
              42.758348171645622
            ], 
            [
              -95.575778080744769, 
              42.758348171645622
            ]
          ]
        ]
      }
    }, 
    {
      "properties": {
        "level": "BASEMENT", 
        "type": "drawing", 
        "SubClasses": "AcDbEntity:AcDbLine", 
        "Layer": "A-WALL", 
        "EntityHandle": "57F", 
        "source": "BASEMENT.dxf", 
        "interactive": false
      }, 
      "type": "Feature", 
      "geometry": {
        "type": "MultiLineString", 
        "coordinates": [
          [
            [
              -95.575696698535751, 
              42.758348171645622
            ], 
            [
              -95.575696698535751, 
              42.758373893643537
            ]
          ]
        ]
      }
    }, 
    {
      "properties": {
        "level": "BASEMENT", 
        "type": "drawing", 
        "SubClasses": "AcDbEntity:AcDbLine", 
        "Layer": "A-WALL", 
        "EntityHandle": "580", 
        "source": "BASEMENT.dxf", 
        "interactive": false
      }, 
      "type": "Feature", 
      "geometry": {
        "type": "MultiLineString", 
        "coordinates": [
          [
            [
              -95.575696698535751, 
              42.758375038332183
            ], 
            [
              -95.575696698535751, 
              42.758380609884512
            ]
          ]
        ]
      }
    }, 
    {
      "properties": {
        "level": "BASEMENT", 
        "type": "drawing", 
        "SubClasses": "AcDbEntity:AcDbLine", 
        "Layer": "A-WALL", 
        "EntityHandle": "581", 
        "source": "BASEMENT.dxf", 
        "interactive": false
      }, 
      "type": "Feature", 
      "geometry": {
        "type": "MultiLineString", 
        "coordinates": [
          [
            [
              -95.575696698535751, 
              42.758383357137262
            ], 
            [
              -95.575696698535751, 
              42.758395261899167
            ]
          ]
        ]
      }
    }, 
    {
      "properties": {
        "level": "BASEMENT", 
        "type": "drawing", 
        "SubClasses": "AcDbEntity:AcDbLine", 
        "Layer": "A-WALL", 
        "EntityHandle": "582", 
        "source": "BASEMENT.dxf", 
        "interactive": false
      }, 
      "type": "Feature", 
      "geometry": {
        "type": "MultiLineString", 
        "coordinates": [
          [
            [
              -95.575696698535751, 
              42.758395261899167
            ], 
            [
              -95.575700440246507, 
              42.758395261899167
            ]
          ]
        ]
      }
    }, 
    {
      "properties": {
        "level": "BASEMENT", 
        "type": "drawing", 
        "SubClasses": "AcDbEntity:AcDbLine", 
        "Layer": "A-WALL", 
        "EntityHandle": "583", 
        "source": "BASEMENT.dxf", 
        "interactive": false
      }, 
      "type": "Feature", 
      "geometry": {
        "type": "MultiLineString", 
        "coordinates": [
          [
            [
              -95.575700440246507, 
              42.758395261899167
            ], 
            [
              -95.575700440246507, 
              42.758388851642756
            ]
          ]
        ]
      }
    }, 
    {
      "properties": {
        "level": "BASEMENT", 
        "type": "drawing", 
        "SubClasses": "AcDbEntity:AcDbLine", 
        "Layer": "A-WALL", 
        "EntityHandle": "584", 
        "source": "BASEMENT.dxf", 
        "interactive": false
      }, 
      "type": "Feature", 
      "geometry": {
        "type": "MultiLineString", 
        "coordinates": [
          [
            [
              -95.575700440246507, 
              42.758387706954110
            ], 
            [
              -95.575700440246507, 
              42.758348171645622
            ]
          ]
        ]
      }
    }, 
    {
      "properties": {
        "level": "BASEMENT", 
        "type": "drawing", 
        "SubClasses": "AcDbEntity:AcDbLine", 
        "Layer": "A-WALL", 
        "EntityHandle": "585", 
        "source": "BASEMENT.dxf", 
        "interactive": false
      }, 
      "type": "Feature", 
      "geometry": {
        "type": "MultiLineString", 
        "coordinates": [
          [
            [
              -95.575696698535751, 
              42.758404419408322
            ], 
            [
              -95.575696698535751, 
              42.758409954705904
            ]
          ]
        ]
      }
    }, 
    {
      "properties": {
        "level": "BASEMENT", 
        "type": "drawing", 
        "SubClasses": "AcDbEntity:AcDbLine", 
        "Layer": "A-WALL", 
        "EntityHandle": "586", 
        "source": "BASEMENT.dxf", 
        "interactive": false
      }, 
      "type": "Feature", 
      "geometry": {
        "type": "MultiLineString", 
        "coordinates": [
          [
            [
              -95.575696698535751, 
              42.758412701958648
            ], 
            [
              -95.575696698535751, 
              42.758439517799467
            ]
          ]
        ]
      }
    }, 
    {
      "properties": {
        "level": "BASEMENT", 
        "type": "drawing", 
        "SubClasses": "AcDbEntity:AcDbLine", 
        "Layer": "A-WALL", 
        "EntityHandle": "587", 
        "source": "BASEMENT.dxf", 
        "interactive": false
      }, 
      "type": "Feature", 
      "geometry": {
        "type": "MultiLineString", 
        "coordinates": [
          [
            [
              -95.575700440246507, 
              42.758439517799467
            ], 
            [
              -95.575700440246507, 
              42.758424636847089
            ]
          ]
        ]
      }
    }, 
    {
      "properties": {
        "level": "BASEMENT", 
        "type": "drawing", 
        "SubClasses": "AcDbEntity:AcDbLine", 
        "Layer": "A-WALL", 
        "EntityHandle": "588", 
        "source": "BASEMENT.dxf", 
        "interactive": false
      }, 
      "type": "Feature", 
      "geometry": {
        "type": "MultiLineString", 
        "coordinates": [
          [
            [
              -95.575700440246507, 
              42.758423492158443
            ], 
            [
              -95.575700440246507, 
              42.758412701958648
            ]
          ]
        ]
      }
    }, 
    {
      "properties": {
        "level": "BASEMENT", 
        "type": "drawing", 
        "SubClasses": "AcDbEntity:AcDbLine", 
        "Layer": "A-WALL", 
        "EntityHandle": "589", 
        "source": "BASEMENT.dxf", 
        "interactive": false
      }, 
      "type": "Feature", 
      "geometry": {
        "type": "MultiLineString", 
        "coordinates": [
          [
            [
              -95.575700440246507, 
              42.758409954705904
            ], 
            [
              -95.575700440246507, 
              42.758404419408322
            ]
          ]
        ]
      }
    }, 
    {
      "properties": {
        "level": "BASEMENT", 
        "type": "drawing", 
        "SubClasses": "AcDbEntity:AcDbLine", 
        "Layer": "A-WALL", 
        "EntityHandle": "58A", 
        "source": "BASEMENT.dxf", 
        "interactive": false
      }, 
      "type": "Feature", 
      "geometry": {
        "type": "MultiLineString", 
        "coordinates": [
          [
            [
              -95.575700440246507, 
              42.758404419408322
            ], 
            [
              -95.575696698535751, 
              42.758404419408322
            ]
          ]
        ]
      }
    }, 
    {
      "properties": {
        "level": "BASEMENT", 
        "type": "drawing", 
        "SubClasses": "AcDbEntity:AcDbLine", 
        "Layer": "A-WALL", 
        "EntityHandle": "58B", 
        "source": "BASEMENT.dxf", 
        "interactive": false
      }, 
      "type": "Feature", 
      "geometry": {
        "type": "MultiLineString", 
        "coordinates": [
          [
            [
              -95.575695139489596, 
              42.758442265052217
            ], 
            [
              -95.575702784883049, 
              42.758442265052217
            ]
          ]
        ]
      }
    }, 
    {
      "properties": {
        "level": "BASEMENT", 
        "type": "drawing", 
        "SubClasses": "AcDbEntity:AcDbLine", 
        "Layer": "A-WALL", 
        "EntityHandle": "58C", 
        "source": "BASEMENT.dxf", 
        "interactive": false
      }, 
      "type": "Feature", 
      "geometry": {
        "type": "MultiLineString", 
        "coordinates": [
          [
            [
              -95.575707150212267, 
              42.758442265052217
            ], 
            [
              -95.575769817800179, 
              42.758442265052217
            ]
          ]
        ]
      }
    }, 
    {
      "properties": {
        "level": "BASEMENT", 
        "type": "drawing", 
        "SubClasses": "AcDbEntity:AcDbLine", 
        "Layer": "A-WALL", 
        "EntityHandle": "58D", 
        "source": "BASEMENT.dxf", 
        "interactive": false
      }, 
      "type": "Feature", 
      "geometry": {
        "type": "MultiLineString", 
        "coordinates": [
          [
            [
              -95.575771376846319, 
              42.758442265052217
            ], 
            [
              -95.575778080744769, 
              42.758442265052217
            ]
          ]
        ]
      }
    }, 
    {
      "properties": {
        "level": "BASEMENT", 
        "type": "drawing", 
        "SubClasses": "AcDbEntity:AcDbLine", 
        "Layer": "A-WALL", 
        "EntityHandle": "58E", 
        "source": "BASEMENT.dxf", 
        "interactive": false
      }, 
      "type": "Feature", 
      "geometry": {
        "type": "MultiLineString", 
        "coordinates": [
          [
            [
              -95.575778080744769, 
              42.758439517799467
            ], 
            [
              -95.575720540165207, 
              42.758439517799467
            ]
          ]
        ]
      }
    }, 
    {
      "properties": {
        "level": "BASEMENT", 
        "type": "drawing", 
        "SubClasses": "AcDbEntity:AcDbLine", 
        "Layer": "A-WALL", 
        "EntityHandle": "58F", 
        "source": "BASEMENT.dxf", 
        "interactive": false
      }, 
      "type": "Feature", 
      "geometry": {
        "type": "MultiLineString", 
        "coordinates": [
          [
            [
              -95.575718981119053, 
              42.758439517799467
            ], 
            [
              -95.575700440246507, 
              42.758439517799467
            ]
          ]
        ]
      }
    }, 
    {
      "properties": {
        "level": "BASEMENT", 
        "type": "drawing", 
        "SubClasses": "AcDbEntity:AcDbLine", 
        "Layer": "A-WALL", 
        "EntityHandle": "590", 
        "source": "BASEMENT.dxf", 
        "interactive": false
      }, 
      "type": "Feature", 
      "geometry": {
        "type": "MultiLineString", 
        "coordinates": [
          [
            [
              -95.575696698535751, 
              42.758439517799467
            ], 
            [
              -95.575695139489596, 
              42.758439517799467
            ]
          ]
        ]
      }
    }, 
    {
      "properties": {
        "level": "BASEMENT", 
        "type": "drawing", 
        "SubClasses": "AcDbEntity:AcDbLine", 
        "Layer": "A-WALL", 
        "EntityHandle": "591", 
        "source": "BASEMENT.dxf", 
        "interactive": false
      }, 
      "type": "Feature", 
      "geometry": {
        "type": "MultiLineString", 
        "coordinates": [
          [
            [
              -95.575695139489596, 
              42.758439517799467
            ], 
            [
              -95.575695139489596, 
              42.758442265052217
            ]
          ]
        ]
      }
    }, 
    {
      "properties": {
        "level": "BASEMENT", 
        "type": "drawing", 
        "SubClasses": "AcDbEntity:AcDbLine", 
        "Layer": "I-WALL", 
        "EntityHandle": "592", 
        "source": "BASEMENT.dxf", 
        "interactive": false
      }, 
      "type": "Feature", 
      "geometry": {
        "type": "MultiLineString", 
        "coordinates": [
          [
            [
              -95.575769817800179, 
              42.758442265052217
            ], 
            [
              -95.575769817800179, 
              42.758445126773829
            ]
          ]
        ]
      }
    }, 
    {
      "properties": {
        "level": "BASEMENT", 
        "type": "drawing", 
        "SubClasses": "AcDbEntity:AcDbLine", 
        "Layer": "I-WALL", 
        "EntityHandle": "594", 
        "source": "BASEMENT.dxf", 
        "interactive": false
      }, 
      "type": "Feature", 
      "geometry": {
        "type": "MultiLineString", 
        "coordinates": [
          [
            [
              -95.575771376846319, 
              42.758443982085183
            ], 
            [
              -95.575771376846319, 
              42.758442265052217
            ]
          ]
        ]
      }
    }, 
    {
      "properties": {
        "level": "BASEMENT", 
        "type": "drawing", 
        "SubClasses": "AcDbEntity:AcDbLine", 
        "Layer": "I-WALL", 
        "EntityHandle": "595", 
        "source": "BASEMENT.dxf", 
        "interactive": false
      }, 
      "type": "Feature", 
      "geometry": {
        "type": "MultiLineString", 
        "coordinates": [
          [
            [
              -95.575769817800179, 
              42.758445126773829
            ], 
            [
              -95.575778080744769, 
              42.758445126773829
            ]
          ]
        ]
      }
    }, 
    {
      "properties": {
        "level": "BASEMENT", 
        "type": "drawing", 
        "SubClasses": "AcDbEntity:AcDbLine", 
        "Layer": "I-WALL", 
        "EntityHandle": "596", 
        "source": "BASEMENT.dxf", 
        "interactive": false
      }, 
      "type": "Feature", 
      "geometry": {
        "type": "MultiLineString", 
        "coordinates": [
          [
            [
              -95.575778080744769, 
              42.758443982085183
            ], 
            [
              -95.575771376846319, 
              42.758443982085183
            ]
          ]
        ]
      }
    }, 
    {
      "properties": {
        "level": "BASEMENT", 
        "type": "drawing", 
        "SubClasses": "AcDbEntity:AcDbLine", 
        "Layer": "A-WALL", 
        "EntityHandle": "597", 
        "source": "BASEMENT.dxf", 
        "interactive": false
      }, 
      "type": "Feature", 
      "geometry": {
        "type": "MultiLineString", 
        "coordinates": [
          [
            [
              -95.575778080744769, 
              42.758409954705904
            ], 
            [
              -95.575720629894150, 
              42.758409954705904
            ]
          ]
        ]
      }
    }, 
    {
      "properties": {
        "level": "BASEMENT", 
        "type": "drawing", 
        "SubClasses": "AcDbEntity:AcDbLine", 
        "Layer": "A-WALL", 
        "EntityHandle": "598", 
        "source": "BASEMENT.dxf", 
        "interactive": false
      }, 
      "type": "Feature", 
      "geometry": {
        "type": "MultiLineString", 
        "coordinates": [
          [
            [
              -95.575719070847995, 
              42.758409954705904
            ], 
            [
              -95.575714081900315, 
              42.758409954705904
            ]
          ]
        ]
      }
    }, 
    {
      "properties": {
        "level": "BASEMENT", 
        "type": "drawing", 
        "SubClasses": "AcDbEntity:AcDbLine", 
        "Layer": "A-WALL", 
        "EntityHandle": "599", 
        "source": "BASEMENT.dxf", 
        "interactive": false
      }, 
      "type": "Feature", 
      "geometry": {
        "type": "MultiLineString", 
        "coordinates": [
          [
            [
              -95.575714081900315, 
              42.758409954705904
            ], 
            [
              -95.575714081900315, 
              42.758412701958648
            ]
          ]
        ]
      }
    }, 
    {
      "properties": {
        "level": "BASEMENT", 
        "type": "drawing", 
        "SubClasses": "AcDbEntity:AcDbLine", 
        "Layer": "A-WALL", 
        "EntityHandle": "59A", 
        "source": "BASEMENT.dxf", 
        "interactive": false
      }, 
      "type": "Feature", 
      "geometry": {
        "type": "MultiLineString", 
        "coordinates": [
          [
            [
              -95.575714081900315, 
              42.758412701958648
            ], 
            [
              -95.575778080744769, 
              42.758412701958648
            ]
          ]
        ]
      }
    }, 
    {
      "properties": {
        "level": "BASEMENT", 
        "type": "drawing", 
        "SubClasses": "AcDbEntity:AcDbLine", 
        "Layer": "A-WALL", 
        "EntityHandle": "59B", 
        "source": "BASEMENT.dxf", 
        "interactive": false
      }, 
      "type": "Feature", 
      "geometry": {
        "type": "MultiLineString", 
        "coordinates": [
          [
            [
              -95.575701609531123, 
              42.758409954705904
            ], 
            [
              -95.575700440246507, 
              42.758409954705904
            ]
          ]
        ]
      }
    }, 
    {
      "properties": {
        "level": "BASEMENT", 
        "type": "drawing", 
        "SubClasses": "AcDbEntity:AcDbLine", 
        "Layer": "A-WALL", 
        "EntityHandle": "59C", 
        "source": "BASEMENT.dxf", 
        "interactive": false
      }, 
      "type": "Feature", 
      "geometry": {
        "type": "MultiLineString", 
        "coordinates": [
          [
            [
              -95.575700440246507, 
              42.758412701958648
            ], 
            [
              -95.575701609531123, 
              42.758412701958648
            ]
          ]
        ]
      }
    }, 
    {
      "properties": {
        "level": "BASEMENT", 
        "type": "drawing", 
        "SubClasses": "AcDbEntity:AcDbLine", 
        "Layer": "A-WALL", 
        "EntityHandle": "59D", 
        "source": "BASEMENT.dxf", 
        "interactive": false
      }, 
      "type": "Feature", 
      "geometry": {
        "type": "MultiLineString", 
        "coordinates": [
          [
            [
              -95.575701609531123, 
              42.758412701958648
            ], 
            [
              -95.575701609531123, 
              42.758409954705904
            ]
          ]
        ]
      }
    }, 
    {
      "properties": {
        "level": "BASEMENT", 
        "type": "drawing", 
        "SubClasses": "AcDbEntity:AcDbLine", 
        "Layer": "A-WALL", 
        "EntityHandle": "59E", 
        "source": "BASEMENT.dxf", 
        "interactive": false
      }, 
      "type": "Feature", 
      "geometry": {
        "type": "MultiLineString", 
        "coordinates": [
          [
            [
              -95.575696698535751, 
              42.758409954705904
            ], 
            [
              -95.575693424538841, 
              42.758409954705904
            ]
          ]
        ]
      }
    }, 
    {
      "properties": {
        "level": "BASEMENT", 
        "type": "drawing", 
        "SubClasses": "AcDbEntity:AcDbLine", 
        "Layer": "A-WALL", 
        "EntityHandle": "59F", 
        "source": "BASEMENT.dxf", 
        "interactive": false
      }, 
      "type": "Feature", 
      "geometry": {
        "type": "MultiLineString", 
        "coordinates": [
          [
            [
              -95.575693424538841, 
              42.758409954705904
            ], 
            [
              -95.575693424538841, 
              42.758412701958648
            ]
          ]
        ]
      }
    }, 
    {
      "properties": {
        "level": "BASEMENT", 
        "type": "drawing", 
        "SubClasses": "AcDbEntity:AcDbLine", 
        "Layer": "A-WALL", 
        "EntityHandle": "5A0", 
        "source": "BASEMENT.dxf", 
        "interactive": false
      }, 
      "type": "Feature", 
      "geometry": {
        "type": "MultiLineString", 
        "coordinates": [
          [
            [
              -95.575693424538841, 
              42.758412701958648
            ], 
            [
              -95.575696698535751, 
              42.758412701958648
            ]
          ]
        ]
      }
    }, 
    {
      "properties": {
        "level": "BASEMENT", 
        "type": "drawing", 
        "SubClasses": "AcDbEntity:AcDbLine", 
        "Layer": "A-WALL", 
        "EntityHandle": "5A1", 
        "source": "BASEMENT.dxf", 
        "interactive": false
      }, 
      "type": "Feature", 
      "geometry": {
        "type": "MultiLineString", 
        "coordinates": [
          [
            [
              -95.575680952169634, 
              42.758409954705904
            ], 
            [
              -95.575648423856720, 
              42.758409954705904
            ]
          ]
        ]
      }
    }, 
    {
      "properties": {
        "level": "BASEMENT", 
        "type": "drawing", 
        "SubClasses": "AcDbEntity:AcDbLine", 
        "Layer": "A-WALL", 
        "EntityHandle": "5A2", 
        "source": "BASEMENT.dxf", 
        "interactive": false
      }, 
      "type": "Feature", 
      "geometry": {
        "type": "MultiLineString", 
        "coordinates": [
          [
            [
              -95.575647837663979, 
              42.758409954705904
            ], 
            [
              -95.575631077182067, 
              42.758409954705904
            ]
          ]
        ]
      }
    }, 
    {
      "properties": {
        "level": "BASEMENT", 
        "type": "drawing", 
        "SubClasses": "AcDbEntity:AcDbLine", 
        "Layer": "A-WALL", 
        "EntityHandle": "5A3", 
        "source": "BASEMENT.dxf", 
        "interactive": false
      }, 
      "type": "Feature", 
      "geometry": {
        "type": "MultiLineString", 
        "coordinates": [
          [
            [
              -95.575631077182067, 
              42.758412701958648
            ], 
            [
              -95.575675027794276, 
              42.758412701958648
            ]
          ]
        ]
      }
    }, 
    {
      "properties": {
        "level": "BASEMENT", 
        "type": "drawing", 
        "SubClasses": "AcDbEntity:AcDbLine", 
        "Layer": "A-WALL", 
        "EntityHandle": "5A4", 
        "source": "BASEMENT.dxf", 
        "interactive": false
      }, 
      "type": "Feature", 
      "geometry": {
        "type": "MultiLineString", 
        "coordinates": [
          [
            [
              -95.575677522268109, 
              42.758412701958648
            ], 
            [
              -95.575680952169634, 
              42.758412701958648
            ]
          ]
        ]
      }
    }, 
    {
      "properties": {
        "level": "BASEMENT", 
        "type": "drawing", 
        "SubClasses": "AcDbEntity:AcDbLine", 
        "Layer": "A-WALL", 
        "EntityHandle": "5A5", 
        "source": "BASEMENT.dxf", 
        "interactive": false
      }, 
      "type": "Feature", 
      "geometry": {
        "type": "MultiLineString", 
        "coordinates": [
          [
            [
              -95.575680952169634, 
              42.758412701958648
            ], 
            [
              -95.575680952169634, 
              42.758409954705904
            ]
          ]
        ]
      }
    }, 
    {
      "properties": {
        "level": "BASEMENT", 
        "type": "drawing", 
        "SubClasses": "AcDbEntity:AcDbLine", 
        "Layer": "I-WALL", 
        "EntityHandle": "5A6", 
        "source": "BASEMENT.dxf", 
        "interactive": false
      }, 
      "type": "Feature", 
      "geometry": {
        "type": "MultiLineString", 
        "coordinates": [
          [
            [
              -95.575720629894150, 
              42.758409954705904
            ], 
            [
              -95.575720629894150, 
              42.758386831995281
            ]
          ]
        ]
      }
    }, 
    {
      "properties": {
        "level": "BASEMENT", 
        "type": "drawing", 
        "SubClasses": "AcDbEntity:AcDbLine", 
        "Layer": "I-WALL", 
        "EntityHandle": "5A7", 
        "source": "BASEMENT.dxf", 
        "interactive": false
      }, 
      "type": "Feature", 
      "geometry": {
        "type": "MultiLineString", 
        "coordinates": [
          [
            [
              -95.575720629894150, 
              42.758386831995281
            ], 
            [
              -95.575719070847995, 
              42.758386831995281
            ]
          ]
        ]
      }
    }, 
    {
      "properties": {
        "level": "BASEMENT", 
        "type": "drawing", 
        "SubClasses": "AcDbEntity:AcDbLine", 
        "Layer": "I-WALL", 
        "EntityHandle": "5A8", 
        "source": "BASEMENT.dxf", 
        "interactive": false
      }, 
      "type": "Feature", 
      "geometry": {
        "type": "MultiLineString", 
        "coordinates": [
          [
            [
              -95.575719070847995, 
              42.758386831995281
            ], 
            [
              -95.575719070847995, 
              42.758409954705904
            ]
          ]
        ]
      }
    }, 
    {
      "properties": {
        "level": "BASEMENT", 
        "type": "drawing", 
        "SubClasses": "AcDbEntity:AcDbLine", 
        "Layer": "I-WALL", 
        "EntityHandle": "5A9", 
        "source": "BASEMENT.dxf", 
        "interactive": false
      }, 
      "type": "Feature", 
      "geometry": {
        "type": "MultiLineString", 
        "coordinates": [
          [
            [
              -95.575706598478803, 
              42.758387706954110
            ], 
            [
              -95.575706520526495, 
              42.758387706954110
            ]
          ]
        ]
      }
    }, 
    {
      "properties": {
        "level": "BASEMENT", 
        "type": "drawing", 
        "SubClasses": "AcDbEntity:AcDbLine", 
        "Layer": "I-WALL", 
        "EntityHandle": "5AA", 
        "source": "BASEMENT.dxf", 
        "interactive": false
      }, 
      "type": "Feature", 
      "geometry": {
        "type": "MultiLineString", 
        "coordinates": [
          [
            [
              -95.575704961480341, 
              42.758387706954110
            ], 
            [
              -95.575700440246507, 
              42.758387706954110
            ]
          ]
        ]
      }
    }, 
    {
      "properties": {
        "level": "BASEMENT", 
        "type": "drawing", 
        "SubClasses": "AcDbEntity:AcDbLine", 
        "Layer": "I-WALL", 
        "EntityHandle": "5AB", 
        "source": "BASEMENT.dxf", 
        "interactive": false
      }, 
      "type": "Feature", 
      "geometry": {
        "type": "MultiLineString", 
        "coordinates": [
          [
            [
              -95.575700440246507, 
              42.758388851642756
            ], 
            [
              -95.575706598478803, 
              42.758388851642756
            ]
          ]
        ]
      }
    }, 
    {
      "properties": {
        "level": "BASEMENT", 
        "type": "drawing", 
        "SubClasses": "AcDbEntity:AcDbLine", 
        "Layer": "I-WALL", 
        "EntityHandle": "5AC", 
        "source": "BASEMENT.dxf", 
        "interactive": false
      }, 
      "type": "Feature", 
      "geometry": {
        "type": "MultiLineString", 
        "coordinates": [
          [
            [
              -95.575706598478803, 
              42.758388851642756
            ], 
            [
              -95.575706598478803, 
              42.758387706954110
            ]
          ]
        ]
      }
    }, 
    {
      "properties": {
        "level": "BASEMENT", 
        "type": "drawing", 
        "SubClasses": "AcDbEntity:AcDbLine", 
        "Layer": "I-WALL", 
        "EntityHandle": "5AD", 
        "source": "BASEMENT.dxf", 
        "interactive": false
      }, 
      "type": "Feature", 
      "geometry": {
        "type": "MultiLineString", 
        "coordinates": [
          [
            [
              -95.575706520526495, 
              42.758387706954110
            ], 
            [
              -95.575706520526495, 
              42.758348171645622
            ]
          ]
        ]
      }
    }, 
    {
      "properties": {
        "level": "BASEMENT", 
        "type": "drawing", 
        "SubClasses": "AcDbEntity:AcDbLine", 
        "Layer": "I-WALL", 
        "EntityHandle": "5AE", 
        "source": "BASEMENT.dxf", 
        "interactive": false
      }, 
      "type": "Feature", 
      "geometry": {
        "type": "MultiLineString", 
        "coordinates": [
          [
            [
              -95.575704961480341, 
              42.758348171645622
            ], 
            [
              -95.575704961480341, 
              42.758387706954110
            ]
          ]
        ]
      }
    }, 
    {
      "properties": {
        "level": "BASEMENT", 
        "type": "drawing", 
        "SubClasses": "AcDbEntity:AcDbLine", 
        "Layer": "A-WALL", 
        "EntityHandle": "5E0", 
        "source": "BASEMENT.dxf", 
        "interactive": false
      }, 
      "type": "Feature", 
      "geometry": {
        "type": "MultiLineString", 
        "coordinates": [
          [
            [
              -95.575696245311121, 
              42.758345424392871
            ], 
            [
              -95.575696245311121, 
              42.758332146004598
            ]
          ]
        ]
      }
    }, 
    {
      "properties": {
        "level": "BASEMENT", 
        "type": "drawing", 
        "SubClasses": "AcDbEntity:AcDbLine", 
        "Layer": "A-WALL", 
        "EntityHandle": "5E1", 
        "source": "BASEMENT.dxf", 
        "interactive": false
      }, 
      "type": "Feature", 
      "geometry": {
        "type": "MultiLineString", 
        "coordinates": [
          [
            [
              -95.575696245311121, 
              42.758332146004598
            ], 
            [
              -95.575693750837274, 
              42.758332146004598
            ]
          ]
        ]
      }
    }, 
    {
      "properties": {
        "level": "BASEMENT", 
        "type": "drawing", 
        "SubClasses": "AcDbEntity:AcDbLine", 
        "Layer": "A-WALL", 
        "EntityHandle": "5E2", 
        "source": "BASEMENT.dxf", 
        "interactive": false
      }, 
      "type": "Feature", 
      "geometry": {
        "type": "MultiLineString", 
        "coordinates": [
          [
            [
              -95.575693750837274, 
              42.758332146004598
            ], 
            [
              -95.575693750837274, 
              42.758348171645622
            ]
          ]
        ]
      }
    }, 
    {
      "properties": {
        "level": "BASEMENT", 
        "type": "drawing", 
        "SubClasses": "AcDbEntity:AcDbLine", 
        "Layer": "A-WALL", 
        "EntityHandle": "5E3", 
        "source": "BASEMENT.dxf", 
        "interactive": false
      }, 
      "type": "Feature", 
      "geometry": {
        "type": "MultiLineString", 
        "coordinates": [
          [
            [
              -95.575670676954260, 
              42.758348171645622
            ], 
            [
              -95.575670676954260, 
              42.758332146004598
            ]
          ]
        ]
      }
    }, 
    {
      "properties": {
        "level": "BASEMENT", 
        "type": "drawing", 
        "SubClasses": "AcDbEntity:AcDbLine", 
        "Layer": "A-WALL", 
        "EntityHandle": "5E4", 
        "source": "BASEMENT.dxf", 
        "interactive": false
      }, 
      "type": "Feature", 
      "geometry": {
        "type": "MultiLineString", 
        "coordinates": [
          [
            [
              -95.575670676954260, 
              42.758332146004598
            ], 
            [
              -95.575668182480428, 
              42.758332146004598
            ]
          ]
        ]
      }
    }, 
    {
      "properties": {
        "level": "BASEMENT", 
        "type": "drawing", 
        "SubClasses": "AcDbEntity:AcDbLine", 
        "Layer": "A-WALL", 
        "EntityHandle": "5E5", 
        "source": "BASEMENT.dxf", 
        "interactive": false
      }, 
      "type": "Feature", 
      "geometry": {
        "type": "MultiLineString", 
        "coordinates": [
          [
            [
              -95.575668182480428, 
              42.758332146004598
            ], 
            [
              -95.575668182480428, 
              42.758345424392871
            ]
          ]
        ]
      }
    }, 
    {
      "properties": {
        "level": "BASEMENT", 
        "type": "drawing", 
        "SubClasses": "AcDbEntity:AcDbLine", 
        "Layer": "A-WALL", 
        "EntityHandle": "5E7", 
        "source": "BASEMENT.dxf", 
        "interactive": false
      }, 
      "type": "Feature", 
      "geometry": {
        "type": "MultiLineString", 
        "coordinates": [
          [
            [
              -95.575668182480428, 
              42.758345424392871
            ], 
            [
              -95.575627335471296, 
              42.758345424392871
            ]
          ]
        ]
      }
    }, 
    {
      "properties": {
        "level": "BASEMENT", 
        "type": "drawing", 
        "SubClasses": "AcDbEntity:AcDbLine", 
        "Layer": "A-WALL", 
        "EntityHandle": "5E8", 
        "source": "BASEMENT.dxf", 
        "interactive": false
      }, 
      "type": "Feature", 
      "geometry": {
        "type": "MultiLineString", 
        "coordinates": [
          [
            [
              -95.575631077182067, 
              42.758348171645622
            ], 
            [
              -95.575670676954260, 
              42.758348171645622
            ]
          ]
        ]
      }
    }, 
    {
      "properties": {
        "level": "BASEMENT", 
        "type": "drawing", 
        "SubClasses": "AcDbEntity:AcDbLine", 
        "Layer": "A-WALL", 
        "EntityHandle": "5E9", 
        "source": "BASEMENT.dxf", 
        "interactive": false
      }, 
      "type": "Feature", 
      "geometry": {
        "type": "MultiLineString", 
        "coordinates": [
          [
            [
              -95.575627335471296, 
              42.758345424392871
            ], 
            [
              -95.575627335471296, 
              42.758385245873527
            ]
          ]
        ]
      }
    }, 
    {
      "properties": {
        "level": "BASEMENT", 
        "type": "drawing", 
        "SubClasses": "AcDbEntity:AcDbLine", 
        "Layer": "A-WALL", 
        "EntityHandle": "5EA", 
        "source": "BASEMENT.dxf", 
        "interactive": false
      }, 
      "type": "Feature", 
      "geometry": {
        "type": "MultiLineString", 
        "coordinates": [
          [
            [
              -95.575627335471296, 
              42.758385245873527
            ], 
            [
              -95.575630960537097, 
              42.758385245873527
            ]
          ]
        ]
      }
    }, 
    {
      "properties": {
        "level": "BASEMENT", 
        "type": "drawing", 
        "SubClasses": "AcDbEntity:AcDbLine", 
        "Layer": "A-WALL", 
        "EntityHandle": "5EB", 
        "source": "BASEMENT.dxf", 
        "interactive": false
      }, 
      "type": "Feature", 
      "geometry": {
        "type": "MultiLineString", 
        "coordinates": [
          [
            [
              -95.575631077182067, 
              42.758383815012721
            ], 
            [
              -95.575631077182067, 
              42.758383357137262
            ]
          ]
        ]
      }
    }, 
    {
      "properties": {
        "level": "BASEMENT", 
        "type": "drawing", 
        "SubClasses": "AcDbEntity:AcDbLine", 
        "Layer": "A-WALL", 
        "EntityHandle": "5EC", 
        "source": "BASEMENT.dxf", 
        "interactive": false
      }, 
      "type": "Feature", 
      "geometry": {
        "type": "MultiLineString", 
        "coordinates": [
          [
            [
              -95.575631077182067, 
              42.758380609884512
            ], 
            [
              -95.575631077182067, 
              42.758348171645622
            ]
          ]
        ]
      }
    }, 
    {
      "properties": {
        "level": "BASEMENT", 
        "type": "drawing", 
        "SubClasses": "AcDbEntity:AcDbLine", 
        "Layer": "A-WALL", 
        "EntityHandle": "5EF", 
        "source": "BASEMENT.dxf", 
        "interactive": false
      }, 
      "type": "Feature", 
      "geometry": {
        "type": "MultiLineString", 
        "coordinates": [
          [
            [
              -95.575631077182067, 
              42.758439517799467
            ], 
            [
              -95.575631077182067, 
              42.758426896097845
            ]
          ]
        ]
      }
    }, 
    {
      "properties": {
        "level": "BASEMENT", 
        "type": "drawing", 
        "SubClasses": "AcDbEntity:AcDbLine", 
        "Layer": "A-WALL", 
        "EntityHandle": "5F0", 
        "source": "BASEMENT.dxf", 
        "interactive": false
      }, 
      "type": "Feature", 
      "geometry": {
        "type": "MultiLineString", 
        "coordinates": [
          [
            [
              -95.575631077182067, 
              42.758425064596011
            ], 
            [
              -95.575631077182067, 
              42.758412701958648
            ]
          ]
        ]
      }
    }, 
    {
      "properties": {
        "level": "BASEMENT", 
        "type": "drawing", 
        "SubClasses": "AcDbEntity:AcDbLine", 
        "Layer": "A-WALL", 
        "EntityHandle": "5F1", 
        "source": "BASEMENT.dxf", 
        "interactive": false
      }, 
      "type": "Feature", 
      "geometry": {
        "type": "MultiLineString", 
        "coordinates": [
          [
            [
              -95.575631077182067, 
              42.758409954705904
            ], 
            [
              -95.575631077182067, 
              42.758409653804705
            ]
          ]
        ]
      }
    }, 
    {
      "properties": {
        "level": "BASEMENT", 
        "type": "drawing", 
        "SubClasses": "AcDbEntity:AcDbLine", 
        "Layer": "A-WALL", 
        "EntityHandle": "5F2", 
        "source": "BASEMENT.dxf", 
        "interactive": false
      }, 
      "type": "Feature", 
      "geometry": {
        "type": "MultiLineString", 
        "coordinates": [
          [
            [
              -95.575630960537097, 
              42.758394403382681
            ], 
            [
              -95.575627335471296, 
              42.758394403382681
            ]
          ]
        ]
      }
    }, 
    {
      "properties": {
        "level": "BASEMENT", 
        "type": "drawing", 
        "SubClasses": "AcDbEntity:AcDbLine", 
        "Layer": "A-WALL", 
        "EntityHandle": "5F3", 
        "source": "BASEMENT.dxf", 
        "interactive": false
      }, 
      "type": "Feature", 
      "geometry": {
        "type": "MultiLineString", 
        "coordinates": [
          [
            [
              -95.575682213895774, 
              42.758439517799467
            ], 
            [
              -95.575631077182067, 
              42.758439517799467
            ]
          ]
        ]
      }
    }, 
    {
      "properties": {
        "level": "BASEMENT", 
        "type": "drawing", 
        "SubClasses": "AcDbEntity:AcDbLine", 
        "Layer": "A-WALL", 
        "EntityHandle": "5F4", 
        "source": "BASEMENT.dxf", 
        "interactive": false
      }, 
      "type": "Feature", 
      "geometry": {
        "type": "MultiLineString", 
        "coordinates": [
          [
            [
              -95.575633571655899, 
              42.758442265052217
            ], 
            [
              -95.575679009429265, 
              42.758442265052217
            ]
          ]
        ]
      }
    }, 
    {
      "properties": {
        "level": "BASEMENT", 
        "type": "drawing", 
        "SubClasses": "AcDbEntity:AcDbLine", 
        "Layer": "A-WALL", 
        "EntityHandle": "5F5", 
        "source": "BASEMENT.dxf", 
        "interactive": false
      }, 
      "type": "Feature", 
      "geometry": {
        "type": "MultiLineString", 
        "coordinates": [
          [
            [
              -95.575680568475420, 
              42.758442265052217
            ], 
            [
              -95.575682213895774, 
              42.758442265052217
            ]
          ]
        ]
      }
    }, 
    {
      "properties": {
        "level": "BASEMENT", 
        "type": "drawing", 
        "SubClasses": "AcDbEntity:AcDbLine", 
        "Layer": "A-WALL", 
        "EntityHandle": "5F6", 
        "source": "BASEMENT.dxf", 
        "interactive": false
      }, 
      "type": "Feature", 
      "geometry": {
        "type": "MultiLineString", 
        "coordinates": [
          [
            [
              -95.575682213895774, 
              42.758442265052217
            ], 
            [
              -95.575682213895774, 
              42.758439517799467
            ]
          ]
        ]
      }
    }, 
    {
      "properties": {
        "level": "BASEMENT", 
        "type": "drawing", 
        "SubClasses": "AcDbEntity:AcDbLine", 
        "Layer": "A-WALL", 
        "EntityHandle": "5F7", 
        "source": "BASEMENT.dxf", 
        "interactive": false
      }, 
      "type": "Feature", 
      "geometry": {
        "type": "MultiLineString", 
        "coordinates": [
          [
            [
              -95.575702784883049, 
              42.758442265052217
            ], 
            [
              -95.575702784883049, 
              42.758456917066866
            ]
          ]
        ]
      }
    }, 
    {
      "properties": {
        "level": "BASEMENT", 
        "type": "drawing", 
        "SubClasses": "AcDbEntity:AcDbLine", 
        "Layer": "A-WALL", 
        "EntityHandle": "5F8", 
        "source": "BASEMENT.dxf", 
        "interactive": false
      }, 
      "type": "Feature", 
      "geometry": {
        "type": "MultiLineString", 
        "coordinates": [
          [
            [
              -95.575702784883049, 
              42.758456917066866
            ], 
            [
              -95.575707150212267, 
              42.758456917066866
            ]
          ]
        ]
      }
    }, 
    {
      "properties": {
        "level": "BASEMENT", 
        "type": "drawing", 
        "SubClasses": "AcDbEntity:AcDbLine", 
        "Layer": "A-WALL", 
        "EntityHandle": "5F9", 
        "source": "BASEMENT.dxf", 
        "interactive": false
      }, 
      "type": "Feature", 
      "geometry": {
        "type": "MultiLineString", 
        "coordinates": [
          [
            [
              -95.575707150212267, 
              42.758456917066866
            ], 
            [
              -95.575707150212267, 
              42.758442265052217
            ]
          ]
        ]
      }
    }, 
    {
      "properties": {
        "level": "BASEMENT", 
        "type": "drawing", 
        "SubClasses": "AcDbEntity:AcDbLine", 
        "Layer": "A-WALL", 
        "EntityHandle": "5FA", 
        "source": "BASEMENT.dxf", 
        "interactive": false
      }, 
      "type": "Feature", 
      "geometry": {
        "type": "MultiLineString", 
        "coordinates": [
          [
            [
              -95.575702784883049, 
              42.758466074576020
            ], 
            [
              -95.575702784883049, 
              42.758532008641957
            ]
          ]
        ]
      }
    }, 
    {
      "properties": {
        "level": "BASEMENT", 
        "type": "drawing", 
        "SubClasses": "AcDbEntity:AcDbLine", 
        "Layer": "A-WALL", 
        "EntityHandle": "5FB", 
        "source": "BASEMENT.dxf", 
        "interactive": false
      }, 
      "type": "Feature", 
      "geometry": {
        "type": "MultiLineString", 
        "coordinates": [
          [
            [
              -95.575702784883049, 
              42.758532008641957
            ], 
            [
              -95.575707150212267, 
              42.758532008641957
            ]
          ]
        ]
      }
    }, 
    {
      "properties": {
        "level": "BASEMENT", 
        "type": "drawing", 
        "SubClasses": "AcDbEntity:AcDbLine", 
        "Layer": "A-WALL", 
        "EntityHandle": "5FC", 
        "source": "BASEMENT.dxf", 
        "interactive": false
      }, 
      "type": "Feature", 
      "geometry": {
        "type": "MultiLineString", 
        "coordinates": [
          [
            [
              -95.575707150212267, 
              42.758532008641957
            ], 
            [
              -95.575707150212267, 
              42.758522393257344
            ]
          ]
        ]
      }
    }, 
    {
      "properties": {
        "level": "BASEMENT", 
        "type": "drawing", 
        "SubClasses": "AcDbEntity:AcDbLine", 
        "Layer": "A-WALL", 
        "EntityHandle": "5FD", 
        "source": "BASEMENT.dxf", 
        "interactive": false
      }, 
      "type": "Feature", 
      "geometry": {
        "type": "MultiLineString", 
        "coordinates": [
          [
            [
              -95.575707150212267, 
              42.758521248568698
            ], 
            [
              -95.575707150212267, 
              42.758466074576020
            ]
          ]
        ]
      }
    }, 
    {
      "properties": {
        "level": "BASEMENT", 
        "type": "drawing", 
        "SubClasses": "AcDbEntity:AcDbLine", 
        "Layer": "A-WALL", 
        "EntityHandle": "5FE", 
        "source": "BASEMENT.dxf", 
        "interactive": false
      }, 
      "type": "Feature", 
      "geometry": {
        "type": "MultiLineString", 
        "coordinates": [
          [
            [
              -95.575707150212267, 
              42.758466074576020
            ], 
            [
              -95.575702784883049, 
              42.758466074576020
            ]
          ]
        ]
      }
    }, 
    {
      "properties": {
        "level": "BASEMENT", 
        "type": "drawing", 
        "SubClasses": "AcDbEntity:AcDbLine", 
        "Layer": "A-WALL", 
        "EntityHandle": "5FF", 
        "source": "BASEMENT.dxf", 
        "interactive": false
      }, 
      "type": "Feature", 
      "geometry": {
        "type": "MultiLineString", 
        "coordinates": [
          [
            [
              -95.575702784883049, 
              42.758541166151112
            ], 
            [
              -95.575702784883049, 
              42.758550144347076
            ]
          ]
        ]
      }
    }, 
    {
      "properties": {
        "level": "BASEMENT", 
        "type": "drawing", 
        "SubClasses": "AcDbEntity:AcDbLine", 
        "Layer": "A-WALL", 
        "EntityHandle": "600", 
        "source": "BASEMENT.dxf", 
        "interactive": false
      }, 
      "type": "Feature", 
      "geometry": {
        "type": "MultiLineString", 
        "coordinates": [
          [
            [
              -95.575707150212267, 
              42.758550144347076
            ], 
            [
              -95.575707150212267, 
              42.758541166151112
            ]
          ]
        ]
      }
    }, 
    {
      "properties": {
        "level": "BASEMENT", 
        "type": "drawing", 
        "SubClasses": "AcDbEntity:AcDbLine", 
        "Layer": "A-WALL", 
        "EntityHandle": "601", 
        "source": "BASEMENT.dxf", 
        "interactive": false
      }, 
      "type": "Feature", 
      "geometry": {
        "type": "MultiLineString", 
        "coordinates": [
          [
            [
              -95.575707150212267, 
              42.758541166151112
            ], 
            [
              -95.575702784883049, 
              42.758541166151112
            ]
          ]
        ]
      }
    }, 
    {
      "properties": {
        "level": "BASEMENT", 
        "type": "drawing", 
        "SubClasses": "AcDbEntity:AcDbLine", 
        "Layer": "A-WALL", 
        "EntityHandle": "602", 
        "source": "BASEMENT.dxf", 
        "interactive": false
      }, 
      "type": "Feature", 
      "geometry": {
        "type": "MultiLineString", 
        "coordinates": [
          [
            [
              -95.575778080744769, 
              42.758550144347076
            ], 
            [
              -95.575731118498553, 
              42.758550144347076
            ]
          ]
        ]
      }
    }, 
    {
      "properties": {
        "level": "BASEMENT", 
        "type": "drawing", 
        "SubClasses": "AcDbEntity:AcDbLine", 
        "Layer": "A-WALL", 
        "EntityHandle": "603", 
        "source": "BASEMENT.dxf", 
        "interactive": false
      }, 
      "type": "Feature", 
      "geometry": {
        "type": "MultiLineString", 
        "coordinates": [
          [
            [
              -95.575729559452412, 
              42.758550144347076
            ], 
            [
              -95.575707150212267, 
              42.758550144347076
            ]
          ]
        ]
      }
    }, 
    {
      "properties": {
        "level": "BASEMENT", 
        "type": "drawing", 
        "SubClasses": "AcDbEntity:AcDbLine", 
        "Layer": "A-WALL", 
        "EntityHandle": "604", 
        "source": "BASEMENT.dxf", 
        "interactive": false
      }, 
      "type": "Feature", 
      "geometry": {
        "type": "MultiLineString", 
        "coordinates": [
          [
            [
              -95.575702784883049, 
              42.758550144347076
            ], 
            [
              -95.575699354981523, 
              42.758550144347076
            ]
          ]
        ]
      }
    }, 
    {
      "properties": {
        "level": "BASEMENT", 
        "type": "drawing", 
        "SubClasses": "AcDbEntity:AcDbLine", 
        "Layer": "A-WALL", 
        "EntityHandle": "605", 
        "source": "BASEMENT.dxf", 
        "interactive": false
      }, 
      "type": "Feature", 
      "geometry": {
        "type": "MultiLineString", 
        "coordinates": [
          [
            [
              -95.575699354981523, 
              42.758550144347076
            ], 
            [
              -95.575699354981523, 
              42.758552891599827
            ]
          ]
        ]
      }
    }, 
    {
      "properties": {
        "level": "BASEMENT", 
        "type": "drawing", 
        "SubClasses": "AcDbEntity:AcDbLine", 
        "Layer": "A-WALL", 
        "EntityHandle": "606", 
        "source": "BASEMENT.dxf", 
        "interactive": false
      }, 
      "type": "Feature", 
      "geometry": {
        "type": "MultiLineString", 
        "coordinates": [
          [
            [
              -95.575699354981523, 
              42.758552891599827
            ], 
            [
              -95.575716555744179, 
              42.758552891599827
            ]
          ]
        ]
      }
    }, 
    {
      "properties": {
        "level": "BASEMENT", 
        "type": "drawing", 
        "SubClasses": "AcDbEntity:AcDbLine", 
        "Layer": "A-WALL", 
        "EntityHandle": "607", 
        "source": "BASEMENT.dxf", 
        "interactive": false
      }, 
      "type": "Feature", 
      "geometry": {
        "type": "MultiLineString", 
        "coordinates": [
          [
            [
              -95.575718426599565, 
              42.758552891599827
            ], 
            [
              -95.575778080744769, 
              42.758552891599827
            ]
          ]
        ]
      }
    }, 
    {
      "properties": {
        "level": "BASEMENT", 
        "type": "drawing", 
        "SubClasses": "AcDbEntity:AcDbLine", 
        "Layer": "A-WALL", 
        "EntityHandle": "608", 
        "source": "BASEMENT.dxf", 
        "interactive": false
      }, 
      "type": "Feature", 
      "geometry": {
        "type": "MultiLineString", 
        "coordinates": [
          [
            [
              -95.575686882612317, 
              42.758550144347076
            ], 
            [
              -95.575680568475420, 
              42.758550144347076
            ]
          ]
        ]
      }
    }, 
    {
      "properties": {
        "level": "BASEMENT", 
        "type": "drawing", 
        "SubClasses": "AcDbEntity:AcDbLine", 
        "Layer": "A-WALL", 
        "EntityHandle": "609", 
        "source": "BASEMENT.dxf", 
        "interactive": false
      }, 
      "type": "Feature", 
      "geometry": {
        "type": "MultiLineString", 
        "coordinates": [
          [
            [
              -95.575679009429265, 
              42.758550144347076
            ], 
            [
              -95.575654618778927, 
              42.758550144347076
            ]
          ]
        ]
      }
    }, 
    {
      "properties": {
        "level": "BASEMENT", 
        "type": "drawing", 
        "SubClasses": "AcDbEntity:AcDbLine", 
        "Layer": "A-WALL", 
        "EntityHandle": "60A", 
        "source": "BASEMENT.dxf", 
        "interactive": false
      }, 
      "type": "Feature", 
      "geometry": {
        "type": "MultiLineString", 
        "coordinates": [
          [
            [
              -95.575653059732772, 
              42.758550144347076
            ], 
            [
              -95.575642302314336, 
              42.758550144347076
            ]
          ]
        ]
      }
    }, 
    {
      "properties": {
        "level": "BASEMENT", 
        "type": "drawing", 
        "SubClasses": "AcDbEntity:AcDbLine", 
        "Layer": "A-WALL", 
        "EntityHandle": "60B", 
        "source": "BASEMENT.dxf", 
        "interactive": false
      }, 
      "type": "Feature", 
      "geometry": {
        "type": "MultiLineString", 
        "coordinates": [
          [
            [
              -95.575640743268195, 
              42.758550144347076
            ], 
            [
              -95.575633571655899, 
              42.758550144347076
            ]
          ]
        ]
      }
    }, 
    {
      "properties": {
        "level": "BASEMENT", 
        "type": "drawing", 
        "SubClasses": "AcDbEntity:AcDbLine", 
        "Layer": "A-WALL", 
        "EntityHandle": "60D", 
        "source": "BASEMENT.dxf", 
        "interactive": false
      }, 
      "type": "Feature", 
      "geometry": {
        "type": "MultiLineString", 
        "coordinates": [
          [
            [
              -95.575630528183453, 
              42.758552891599827
            ], 
            [
              -95.575679087381573, 
              42.758552891599827
            ]
          ]
        ]
      }
    }, 
    {
      "properties": {
        "level": "BASEMENT", 
        "type": "drawing", 
        "SubClasses": "AcDbEntity:AcDbLine", 
        "Layer": "A-WALL", 
        "EntityHandle": "60E", 
        "source": "BASEMENT.dxf", 
        "interactive": false
      }, 
      "type": "Feature", 
      "geometry": {
        "type": "MultiLineString", 
        "coordinates": [
          [
            [
              -95.575680958236944, 
              42.758552891599827
            ], 
            [
              -95.575686882612317, 
              42.758552891599827
            ]
          ]
        ]
      }
    }, 
    {
      "properties": {
        "level": "BASEMENT", 
        "type": "drawing", 
        "SubClasses": "AcDbEntity:AcDbLine", 
        "Layer": "A-WALL", 
        "EntityHandle": "60F", 
        "source": "BASEMENT.dxf", 
        "interactive": false
      }, 
      "type": "Feature", 
      "geometry": {
        "type": "MultiLineString", 
        "coordinates": [
          [
            [
              -95.575686882612317, 
              42.758552891599827
            ], 
            [
              -95.575686882612317, 
              42.758550144347076
            ]
          ]
        ]
      }
    }, 
    {
      "properties": {
        "level": "BASEMENT", 
        "type": "drawing", 
        "SubClasses": "AcDbEntity:AcDbLine", 
        "Layer": "A-WALL", 
        "EntityHandle": "610", 
        "source": "BASEMENT.dxf", 
        "interactive": false
      }, 
      "type": "Feature", 
      "geometry": {
        "type": "MultiLineString", 
        "coordinates": [
          [
            [
              -95.575627335471296, 
              42.758551350562684
            ], 
            [
              -95.575613198552233, 
              42.758561730223825
            ]
          ]
        ]
      }
    }, 
    {
      "properties": {
        "level": "BASEMENT", 
        "type": "drawing", 
        "SubClasses": "AcDbEntity:AcDbLine", 
        "Layer": "A-WALL", 
        "EntityHandle": "611", 
        "source": "BASEMENT.dxf", 
        "interactive": false
      }, 
      "type": "Feature", 
      "geometry": {
        "type": "MultiLineString", 
        "coordinates": [
          [
            [
              -95.575614828204053, 
              42.758564418896910
            ], 
            [
              -95.575630528183453, 
              42.758552891599827
            ]
          ]
        ]
      }
    }, 
    {
      "properties": {
        "level": "BASEMENT", 
        "type": "drawing", 
        "SubClasses": "AcDbEntity:AcDbLine", 
        "Layer": "A-WALL", 
        "EntityHandle": "612", 
        "source": "BASEMENT.dxf", 
        "interactive": false
      }, 
      "type": "Feature", 
      "geometry": {
        "type": "MultiLineString", 
        "coordinates": [
          [
            [
              -95.575609215637925, 
              42.758564935352034
            ], 
            [
              -95.575609215637925, 
              42.758591555389415
            ]
          ]
        ]
      }
    }, 
    {
      "properties": {
        "level": "BASEMENT", 
        "type": "drawing", 
        "SubClasses": "AcDbEntity:AcDbLine", 
        "Layer": "A-WALL", 
        "EntityHandle": "613", 
        "source": "BASEMENT.dxf", 
        "interactive": false
      }, 
      "type": "Feature", 
      "geometry": {
        "type": "MultiLineString", 
        "coordinates": [
          [
            [
              -95.575609215637925, 
              42.758592700078061
            ], 
            [
              -95.575609215637925, 
              42.758593552568151
            ]
          ]
        ]
      }
    }, 
    {
      "properties": {
        "level": "BASEMENT", 
        "type": "drawing", 
        "SubClasses": "AcDbEntity:AcDbLine", 
        "Layer": "A-WALL", 
        "EntityHandle": "614", 
        "source": "BASEMENT.dxf", 
        "interactive": false
      }, 
      "type": "Feature", 
      "geometry": {
        "type": "MultiLineString", 
        "coordinates": [
          [
            [
              -95.575609215637925, 
              42.758593552568151
            ], 
            [
              -95.575611086493296, 
              42.758593552568151
            ]
          ]
        ]
      }
    }, 
    {
      "properties": {
        "level": "BASEMENT", 
        "type": "drawing", 
        "SubClasses": "AcDbEntity:AcDbLine", 
        "Layer": "A-WALL", 
        "EntityHandle": "615", 
        "source": "BASEMENT.dxf", 
        "interactive": false
      }, 
      "type": "Feature", 
      "geometry": {
        "type": "MultiLineString", 
        "coordinates": [
          [
            [
              -95.575612957348682, 
              42.758593552568151
            ], 
            [
              -95.575614828204053, 
              42.758593552568151
            ]
          ]
        ]
      }
    }, 
    {
      "properties": {
        "level": "BASEMENT", 
        "type": "drawing", 
        "SubClasses": "AcDbEntity:AcDbLine", 
        "Layer": "A-WALL", 
        "EntityHandle": "616", 
        "source": "BASEMENT.dxf", 
        "interactive": false
      }, 
      "type": "Feature", 
      "geometry": {
        "type": "MultiLineString", 
        "coordinates": [
          [
            [
              -95.575614828204053, 
              42.758593552568151
            ], 
            [
              -95.575614828204053, 
              42.758581875398747
            ]
          ]
        ]
      }
    }, 
    {
      "properties": {
        "level": "BASEMENT", 
        "type": "drawing", 
        "SubClasses": "AcDbEntity:AcDbLine", 
        "Layer": "A-WALL", 
        "EntityHandle": "617", 
        "source": "BASEMENT.dxf", 
        "interactive": false
      }, 
      "type": "Feature", 
      "geometry": {
        "type": "MultiLineString", 
        "coordinates": [
          [
            [
              -95.575614828204053, 
              42.758580501772371
            ], 
            [
              -95.575614828204053, 
              42.758564418896910
            ]
          ]
        ]
      }
    }, 
    {
      "properties": {
        "level": "BASEMENT", 
        "type": "drawing", 
        "SubClasses": "AcDbEntity:AcDbLine", 
        "Layer": "A-WALL", 
        "EntityHandle": "618", 
        "source": "BASEMENT.dxf", 
        "interactive": false
      }, 
      "type": "Feature", 
      "geometry": {
        "type": "MultiLineString", 
        "coordinates": [
          [
            [
              -95.575611086493296, 
              42.758593552568151
            ], 
            [
              -95.575611086493296, 
              42.758599789605498
            ]
          ]
        ]
      }
    }, 
    {
      "properties": {
        "level": "BASEMENT", 
        "type": "drawing", 
        "SubClasses": "AcDbEntity:AcDbLine", 
        "Layer": "A-WALL", 
        "EntityHandle": "619", 
        "source": "BASEMENT.dxf", 
        "interactive": false
      }, 
      "type": "Feature", 
      "geometry": {
        "type": "MultiLineString", 
        "coordinates": [
          [
            [
              -95.575611086493296, 
              42.758599789605498
            ], 
            [
              -95.575612957348682, 
              42.758599789605498
            ]
          ]
        ]
      }
    }, 
    {
      "properties": {
        "level": "BASEMENT", 
        "type": "drawing", 
        "SubClasses": "AcDbEntity:AcDbLine", 
        "Layer": "A-WALL", 
        "EntityHandle": "61A", 
        "source": "BASEMENT.dxf", 
        "interactive": false
      }, 
      "type": "Feature", 
      "geometry": {
        "type": "MultiLineString", 
        "coordinates": [
          [
            [
              -95.575612957348682, 
              42.758599789605498
            ], 
            [
              -95.575612957348682, 
              42.758593552568151
            ]
          ]
        ]
      }
    }, 
    {
      "properties": {
        "level": "BASEMENT", 
        "type": "drawing", 
        "SubClasses": "AcDbEntity:AcDbLine", 
        "Layer": "A-WALL", 
        "EntityHandle": "61B", 
        "source": "BASEMENT.dxf", 
        "interactive": false
      }, 
      "type": "Feature", 
      "geometry": {
        "type": "MultiLineString", 
        "coordinates": [
          [
            [
              -95.575611086493296, 
              42.758610320741028
            ], 
            [
              -95.575611086493296, 
              42.758614899495605
            ]
          ]
        ]
      }
    }, 
    {
      "properties": {
        "level": "BASEMENT", 
        "type": "drawing", 
        "SubClasses": "AcDbEntity:AcDbLine", 
        "Layer": "A-WALL", 
        "EntityHandle": "61C", 
        "source": "BASEMENT.dxf", 
        "interactive": false
      }, 
      "type": "Feature", 
      "geometry": {
        "type": "MultiLineString", 
        "coordinates": [
          [
            [
              -95.575612957348682, 
              42.758614899495605
            ], 
            [
              -95.575612957348682, 
              42.758610320741028
            ]
          ]
        ]
      }
    }, 
    {
      "properties": {
        "level": "BASEMENT", 
        "type": "drawing", 
        "SubClasses": "AcDbEntity:AcDbLine", 
        "Layer": "A-WALL", 
        "EntityHandle": "61D", 
        "source": "BASEMENT.dxf", 
        "interactive": false
      }, 
      "type": "Feature", 
      "geometry": {
        "type": "MultiLineString", 
        "coordinates": [
          [
            [
              -95.575612957348682, 
              42.758610320741028
            ], 
            [
              -95.575611086493296, 
              42.758610320741028
            ]
          ]
        ]
      }
    }, 
    {
      "properties": {
        "level": "BASEMENT", 
        "type": "drawing", 
        "SubClasses": "AcDbEntity:AcDbLine", 
        "Layer": "A-WALL", 
        "EntityHandle": "61E", 
        "source": "BASEMENT.dxf", 
        "interactive": false
      }, 
      "type": "Feature", 
      "geometry": {
        "type": "MultiLineString", 
        "coordinates": [
          [
            [
              -95.575614828204053, 
              42.758581875398747
            ], 
            [
              -95.575677839474963, 
              42.758581875398747
            ]
          ]
        ]
      }
    }, 
    {
      "properties": {
        "level": "BASEMENT", 
        "type": "drawing", 
        "SubClasses": "AcDbEntity:AcDbLine", 
        "Layer": "A-WALL", 
        "EntityHandle": "61F", 
        "source": "BASEMENT.dxf", 
        "interactive": false
      }, 
      "type": "Feature", 
      "geometry": {
        "type": "MultiLineString", 
        "coordinates": [
          [
            [
              -95.575677787862048, 
              42.758580501772371
            ], 
            [
              -95.575672134818248, 
              42.758580501772371
            ]
          ]
        ]
      }
    }, 
    {
      "properties": {
        "level": "BASEMENT", 
        "type": "drawing", 
        "SubClasses": "AcDbEntity:AcDbLine", 
        "Layer": "A-WALL", 
        "EntityHandle": "620", 
        "source": "BASEMENT.dxf", 
        "interactive": false
      }, 
      "type": "Feature", 
      "geometry": {
        "type": "MultiLineString", 
        "coordinates": [
          [
            [
              -95.575661802810757, 
              42.758580501772371
            ], 
            [
              -95.575614828204053, 
              42.758580501772371
            ]
          ]
        ]
      }
    }, 
    {
      "properties": {
        "level": "BASEMENT", 
        "type": "drawing", 
        "SubClasses": "AcDbEntity:AcDbLine", 
        "Layer": "A-WALL", 
        "EntityHandle": "621", 
        "source": "BASEMENT.dxf", 
        "interactive": false
      }, 
      "type": "Feature", 
      "geometry": {
        "type": "MultiLineString", 
        "coordinates": [
          [
            [
              -95.575681182968893, 
              42.758580364127297
            ], 
            [
              -95.575677787862048, 
              42.758580501772371
            ]
          ]
        ]
      }
    }, 
    {
      "properties": {
        "level": "BASEMENT", 
        "type": "drawing", 
        "SubClasses": "AcDbEntity:AcDbLine", 
        "Layer": "A-WALL", 
        "EntityHandle": "622", 
        "source": "BASEMENT.dxf", 
        "interactive": false
      }, 
      "type": "Feature", 
      "geometry": {
        "type": "MultiLineString", 
        "coordinates": [
          [
            [
              -95.575677839474963, 
              42.758581875398747
            ], 
            [
              -95.575690657122166, 
              42.758581355743232
            ]
          ]
        ]
      }
    }, 
    {
      "properties": {
        "level": "BASEMENT", 
        "type": "drawing", 
        "SubClasses": "AcDbEntity:AcDbLine", 
        "Layer": "A-WALL", 
        "EntityHandle": "623", 
        "source": "BASEMENT.dxf", 
        "interactive": false
      }, 
      "type": "Feature", 
      "geometry": {
        "type": "MultiLineString", 
        "coordinates": [
          [
            [
              -95.575690657122166, 
              42.758581355743232
            ], 
            [
              -95.575690582547068, 
              42.758580364127297
            ]
          ]
        ]
      }
    }, 
    {
      "properties": {
        "level": "BASEMENT", 
        "type": "drawing", 
        "SubClasses": "AcDbEntity:AcDbLine", 
        "Layer": "A-WALL", 
        "EntityHandle": "624", 
        "source": "BASEMENT.dxf", 
        "interactive": false
      }, 
      "type": "Feature", 
      "geometry": {
        "type": "MultiLineString", 
        "coordinates": [
          [
            [
              -95.575690582547068, 
              42.758580364127297
            ], 
            [
              -95.575681182968893, 
              42.758580364127297
            ]
          ]
        ]
      }
    }, 
    {
      "properties": {
        "level": "BASEMENT", 
        "type": "drawing", 
        "SubClasses": "AcDbEntity:AcDbLine", 
        "Layer": "A-WALL", 
        "EntityHandle": "625", 
        "source": "BASEMENT.dxf", 
        "interactive": false
      }, 
      "type": "Feature", 
      "geometry": {
        "type": "MultiLineString", 
        "coordinates": [
          [
            [
              -95.575703110520607, 
              42.758580850855168
            ], 
            [
              -95.575715115985744, 
              42.758580364127297
            ]
          ]
        ]
      }
    }, 
    {
      "properties": {
        "level": "BASEMENT", 
        "type": "drawing", 
        "SubClasses": "AcDbEntity:AcDbLine", 
        "Layer": "A-WALL", 
        "EntityHandle": "626", 
        "source": "BASEMENT.dxf", 
        "interactive": false
      }, 
      "type": "Feature", 
      "geometry": {
        "type": "MultiLineString", 
        "coordinates": [
          [
            [
              -95.575715115985744, 
              42.758580364127297
            ], 
            [
              -95.575703073915918, 
              42.758580364127297
            ]
          ]
        ]
      }
    }, 
    {
      "properties": {
        "level": "BASEMENT", 
        "type": "drawing", 
        "SubClasses": "AcDbEntity:AcDbLine", 
        "Layer": "A-WALL", 
        "EntityHandle": "627", 
        "source": "BASEMENT.dxf", 
        "interactive": false
      }, 
      "type": "Feature", 
      "geometry": {
        "type": "MultiLineString", 
        "coordinates": [
          [
            [
              -95.575703073915918, 
              42.758580364127297
            ], 
            [
              -95.575703110520607, 
              42.758580850855168
            ]
          ]
        ]
      }
    }, 
    {
      "properties": {
        "level": "BASEMENT", 
        "type": "drawing", 
        "SubClasses": "AcDbEntity:AcDbLine", 
        "Layer": "A-WALL", 
        "EntityHandle": "628", 
        "source": "BASEMENT.dxf", 
        "interactive": false
      }, 
      "type": "Feature", 
      "geometry": {
        "type": "MultiLineString", 
        "coordinates": [
          [
            [
              -95.575718426599565, 
              42.758578854188883
            ], 
            [
              -95.575718426599565, 
              42.758552891599827
            ]
          ]
        ]
      }
    }, 
    {
      "properties": {
        "level": "BASEMENT", 
        "type": "drawing", 
        "SubClasses": "AcDbEntity:AcDbLine", 
        "Layer": "A-WALL", 
        "EntityHandle": "629", 
        "source": "BASEMENT.dxf", 
        "interactive": false
      }, 
      "type": "Feature", 
      "geometry": {
        "type": "MultiLineString", 
        "coordinates": [
          [
            [
              -95.575716555744179, 
              42.758552891599827
            ], 
            [
              -95.575716555744179, 
              42.758578930037459
            ]
          ]
        ]
      }
    }, 
    {
      "properties": {
        "level": "BASEMENT", 
        "type": "drawing", 
        "SubClasses": "AcDbEntity:AcDbLine", 
        "Layer": "A-WALL", 
        "EntityHandle": "62A", 
        "source": "BASEMENT.dxf", 
        "interactive": false
      }, 
      "type": "Feature", 
      "geometry": {
        "type": "MultiLineString", 
        "coordinates": [
          [
            [
              -95.575716555744179, 
              42.758578930037459
            ], 
            [
              -95.575718426599565, 
              42.758578854188883
            ]
          ]
        ]
      }
    }, 
    {
      "properties": {
        "level": "BASEMENT", 
        "type": "drawing", 
        "SubClasses": "AcDbEntity:AcDbLine", 
        "Layer": "A-WALL", 
        "EntityHandle": "62B", 
        "source": "BASEMENT.dxf", 
        "interactive": false
      }, 
      "type": "Feature", 
      "geometry": {
        "type": "MultiLineString", 
        "coordinates": [
          [
            [
              -95.575795344990141, 
              42.758578990500922
            ], 
            [
              -95.575761357784089, 
              42.758578990500922
            ]
          ]
        ]
      }
    }, 
    {
      "properties": {
        "level": "BASEMENT", 
        "type": "drawing", 
        "SubClasses": "AcDbEntity:AcDbLine", 
        "Layer": "A-WALL", 
        "EntityHandle": "62C", 
        "source": "BASEMENT.dxf", 
        "interactive": false
      }, 
      "type": "Feature", 
      "geometry": {
        "type": "MultiLineString", 
        "coordinates": [
          [
            [
              -95.575761357784089, 
              42.758578990500922
            ], 
            [
              -95.575761357784089, 
              42.758580364127297
            ]
          ]
        ]
      }
    }, 
    {
      "properties": {
        "level": "BASEMENT", 
        "type": "drawing", 
        "SubClasses": "AcDbEntity:AcDbLine", 
        "Layer": "A-WALL", 
        "EntityHandle": "62D", 
        "source": "BASEMENT.dxf", 
        "interactive": false
      }, 
      "type": "Feature", 
      "geometry": {
        "type": "MultiLineString", 
        "coordinates": [
          [
            [
              -95.575761357784089, 
              42.758580364127297
            ], 
            [
              -95.575762293211767, 
              42.758580364127297
            ]
          ]
        ]
      }
    }, 
    {
      "properties": {
        "level": "BASEMENT", 
        "type": "drawing", 
        "SubClasses": "AcDbEntity:AcDbLine", 
        "Layer": "A-WALL", 
        "EntityHandle": "62E", 
        "source": "BASEMENT.dxf", 
        "interactive": false
      }, 
      "type": "Feature", 
      "geometry": {
        "type": "MultiLineString", 
        "coordinates": [
          [
            [
              -95.575764164067152, 
              42.758580364127297
            ], 
            [
              -95.575778507291730, 
              42.758580364127297
            ]
          ]
        ]
      }
    }, 
    {
      "properties": {
        "level": "BASEMENT", 
        "type": "drawing", 
        "SubClasses": "AcDbEntity:AcDbLine", 
        "Layer": "A-WALL", 
        "EntityHandle": "62F", 
        "source": "BASEMENT.dxf", 
        "interactive": false
      }, 
      "type": "Feature", 
      "geometry": {
        "type": "MultiLineString", 
        "coordinates": [
          [
            [
              -95.575780378147115, 
              42.758580364127297
            ], 
            [
              -95.575795344990141, 
              42.758580364127297
            ]
          ]
        ]
      }
    }, 
    {
      "properties": {
        "level": "BASEMENT", 
        "type": "drawing", 
        "SubClasses": "AcDbEntity:AcDbLine", 
        "Layer": "A-WALL", 
        "EntityHandle": "630", 
        "source": "BASEMENT.dxf", 
        "interactive": false
      }, 
      "type": "Feature", 
      "geometry": {
        "type": "MultiLineString", 
        "coordinates": [
          [
            [
              -95.575748885414882, 
              42.758578990500922
            ], 
            [
              -95.575718426599565, 
              42.758578990500922
            ]
          ]
        ]
      }
    }, 
    {
      "properties": {
        "level": "BASEMENT", 
        "type": "drawing", 
        "SubClasses": "AcDbEntity:AcDbLine", 
        "Layer": "A-WALL", 
        "EntityHandle": "631", 
        "source": "BASEMENT.dxf", 
        "interactive": false
      }, 
      "type": "Feature", 
      "geometry": {
        "type": "MultiLineString", 
        "coordinates": [
          [
            [
              -95.575718426599565, 
              42.758578990500922
            ], 
            [
              -95.575718426599565, 
              42.758580364127297
            ]
          ]
        ]
      }
    }, 
    {
      "properties": {
        "level": "BASEMENT", 
        "type": "drawing", 
        "SubClasses": "AcDbEntity:AcDbLine", 
        "Layer": "A-WALL", 
        "EntityHandle": "632", 
        "source": "BASEMENT.dxf", 
        "interactive": false
      }, 
      "type": "Feature", 
      "geometry": {
        "type": "MultiLineString", 
        "coordinates": [
          [
            [
              -95.575719343975905, 
              42.758580364127297
            ], 
            [
              -95.575738422605184, 
              42.758580364127297
            ]
          ]
        ]
      }
    }, 
    {
      "properties": {
        "level": "BASEMENT", 
        "type": "drawing", 
        "SubClasses": "AcDbEntity:AcDbLine", 
        "Layer": "A-WALL", 
        "EntityHandle": "633", 
        "source": "BASEMENT.dxf", 
        "interactive": false
      }, 
      "type": "Feature", 
      "geometry": {
        "type": "MultiLineString", 
        "coordinates": [
          [
            [
              -95.575740293460569, 
              42.758580364127297
            ], 
            [
              -95.575748885414882, 
              42.758580364127297
            ]
          ]
        ]
      }
    }, 
    {
      "properties": {
        "level": "BASEMENT", 
        "type": "drawing", 
        "SubClasses": "AcDbEntity:AcDbLine", 
        "Layer": "A-WALL", 
        "EntityHandle": "634", 
        "source": "BASEMENT.dxf", 
        "interactive": false
      }, 
      "type": "Feature", 
      "geometry": {
        "type": "MultiLineString", 
        "coordinates": [
          [
            [
              -95.575748885414882, 
              42.758580364127297
            ], 
            [
              -95.575748885414882, 
              42.758578990500922
            ]
          ]
        ]
      }
    }, 
    {
      "properties": {
        "level": "BASEMENT", 
        "type": "drawing", 
        "SubClasses": "AcDbEntity:AcDbLine", 
        "Layer": "A-WALL", 
        "EntityHandle": "635", 
        "source": "BASEMENT.dxf", 
        "interactive": false
      }, 
      "type": "Feature", 
      "geometry": {
        "type": "MultiLineString", 
        "coordinates": [
          [
            [
              -95.575716548026406, 
              42.758580364127297
            ], 
            [
              -95.575736192672764, 
              42.758593351163633
            ]
          ]
        ]
      }
    }, 
    {
      "properties": {
        "level": "BASEMENT", 
        "type": "drawing", 
        "SubClasses": "AcDbEntity:AcDbLine", 
        "Layer": "A-WALL", 
        "EntityHandle": "636", 
        "source": "BASEMENT.dxf", 
        "interactive": false
      }, 
      "type": "Feature", 
      "geometry": {
        "type": "MultiLineString", 
        "coordinates": [
          [
            [
              -95.575736910826848, 
              42.758591977537257
            ], 
            [
              -95.575719343975905, 
              42.758580364127297
            ]
          ]
        ]
      }
    }, 
    {
      "properties": {
        "level": "BASEMENT", 
        "type": "drawing", 
        "SubClasses": "AcDbEntity:AcDbLine", 
        "Layer": "A-WALL", 
        "EntityHandle": "637", 
        "source": "BASEMENT.dxf", 
        "interactive": false
      }, 
      "type": "Feature", 
      "geometry": {
        "type": "MultiLineString", 
        "coordinates": [
          [
            [
              -95.575718426599565, 
              42.758580364127297
            ], 
            [
              -95.575716548026406, 
              42.758580364127297
            ]
          ]
        ]
      }
    }, 
    {
      "properties": {
        "level": "BASEMENT", 
        "type": "drawing", 
        "SubClasses": "AcDbEntity:AcDbLine", 
        "Layer": "A-WALL", 
        "EntityHandle": "638", 
        "source": "BASEMENT.dxf", 
        "interactive": false
      }, 
      "type": "Feature", 
      "geometry": {
        "type": "MultiLineString", 
        "coordinates": [
          [
            [
              -95.575736192672764, 
              42.758593351163633
            ], 
            [
              -95.575740293460569, 
              42.758593351163633
            ]
          ]
        ]
      }
    }, 
    {
      "properties": {
        "level": "BASEMENT", 
        "type": "drawing", 
        "SubClasses": "AcDbEntity:AcDbLine", 
        "Layer": "A-WALL", 
        "EntityHandle": "63A", 
        "source": "BASEMENT.dxf", 
        "interactive": false
      }, 
      "type": "Feature", 
      "geometry": {
        "type": "MultiLineString", 
        "coordinates": [
          [
            [
              -95.575738422605184, 
              42.758591977537257
            ], 
            [
              -95.575736910826848, 
              42.758591977537257
            ]
          ]
        ]
      }
    }, 
    {
      "properties": {
        "level": "BASEMENT", 
        "type": "drawing", 
        "SubClasses": "AcDbEntity:AcDbLine", 
        "Layer": "A-WALL", 
        "EntityHandle": "63C", 
        "source": "BASEMENT.dxf", 
        "interactive": false
      }, 
      "type": "Feature", 
      "geometry": {
        "type": "MultiLineString", 
        "coordinates": [
          [
            [
              -95.575740293460569, 
              42.758593351163633
            ], 
            [
              -95.575740293460569, 
              42.758580364127297
            ]
          ]
        ]
      }
    }, 
    {
      "properties": {
        "level": "BASEMENT", 
        "type": "drawing", 
        "SubClasses": "AcDbEntity:AcDbLine", 
        "Layer": "A-WALL", 
        "EntityHandle": "63D", 
        "source": "BASEMENT.dxf", 
        "interactive": false
      }, 
      "type": "Feature", 
      "geometry": {
        "type": "MultiLineString", 
        "coordinates": [
          [
            [
              -95.575738422605184, 
              42.758580364127297
            ], 
            [
              -95.575738422605184, 
              42.758591977537257
            ]
          ]
        ]
      }
    }, 
    {
      "properties": {
        "level": "BASEMENT", 
        "type": "drawing", 
        "SubClasses": "AcDbEntity:AcDbLine", 
        "Layer": "A-WALL", 
        "EntityHandle": "63E", 
        "source": "BASEMENT.dxf", 
        "interactive": false
      }, 
      "type": "Feature", 
      "geometry": {
        "type": "MultiLineString", 
        "coordinates": [
          [
            [
              -95.575778507291730, 
              42.758580364127297
            ], 
            [
              -95.575778507291730, 
              42.758592039951473
            ]
          ]
        ]
      }
    }, 
    {
      "properties": {
        "level": "BASEMENT", 
        "type": "drawing", 
        "SubClasses": "AcDbEntity:AcDbLine", 
        "Layer": "A-WALL", 
        "EntityHandle": "63F", 
        "source": "BASEMENT.dxf", 
        "interactive": false
      }, 
      "type": "Feature", 
      "geometry": {
        "type": "MultiLineString", 
        "coordinates": [
          [
            [
              -95.575780378147115, 
              42.758592039951473
            ], 
            [
              -95.575780378147115, 
              42.758580364127297
            ]
          ]
        ]
      }
    }, 
    {
      "properties": {
        "level": "BASEMENT", 
        "type": "drawing", 
        "SubClasses": "AcDbEntity:AcDbLine", 
        "Layer": "A-WALL", 
        "EntityHandle": "640", 
        "source": "BASEMENT.dxf", 
        "interactive": false
      }, 
      "type": "Feature", 
      "geometry": {
        "type": "MultiLineString", 
        "coordinates": [
          [
            [
              -95.575795344990141, 
              42.758592039951473
            ], 
            [
              -95.575780378147115, 
              42.758592039951473
            ]
          ]
        ]
      }
    }, 
    {
      "properties": {
        "level": "BASEMENT", 
        "type": "drawing", 
        "SubClasses": "AcDbEntity:AcDbLine", 
        "Layer": "A-WALL", 
        "EntityHandle": "641", 
        "source": "BASEMENT.dxf", 
        "interactive": false
      }, 
      "type": "Feature", 
      "geometry": {
        "type": "MultiLineString", 
        "coordinates": [
          [
            [
              -95.575778507291730, 
              42.758592039951473
            ], 
            [
              -95.575777571864037, 
              42.758592039951473
            ]
          ]
        ]
      }
    }, 
    {
      "properties": {
        "level": "BASEMENT", 
        "type": "drawing", 
        "SubClasses": "AcDbEntity:AcDbLine", 
        "Layer": "A-WALL", 
        "EntityHandle": "642", 
        "source": "BASEMENT.dxf", 
        "interactive": false
      }, 
      "type": "Feature", 
      "geometry": {
        "type": "MultiLineString", 
        "coordinates": [
          [
            [
              -95.575777571864037, 
              42.758592039951473
            ], 
            [
              -95.575777571864037, 
              42.758593413577849
            ]
          ]
        ]
      }
    }, 
    {
      "properties": {
        "level": "BASEMENT", 
        "type": "drawing", 
        "SubClasses": "AcDbEntity:AcDbLine", 
        "Layer": "A-WALL", 
        "EntityHandle": "643", 
        "source": "BASEMENT.dxf", 
        "interactive": false
      }, 
      "type": "Feature", 
      "geometry": {
        "type": "MultiLineString", 
        "coordinates": [
          [
            [
              -95.575777571864037, 
              42.758593413577849
            ], 
            [
              -95.575795344990141, 
              42.758593413577849
            ]
          ]
        ]
      }
    }, 
    {
      "properties": {
        "level": "BASEMENT", 
        "type": "drawing", 
        "SubClasses": "AcDbEntity:AcDbLine", 
        "Layer": "A-WALL", 
        "EntityHandle": "644", 
        "source": "BASEMENT.dxf", 
        "interactive": false
      }, 
      "type": "Feature", 
      "geometry": {
        "type": "MultiLineString", 
        "coordinates": [
          [
            [
              -95.575765099494845, 
              42.758592039951473
            ], 
            [
              -95.575764164067152, 
              42.758592039951473
            ]
          ]
        ]
      }
    }, 
    {
      "properties": {
        "level": "BASEMENT", 
        "type": "drawing", 
        "SubClasses": "AcDbEntity:AcDbLine", 
        "Layer": "A-WALL", 
        "EntityHandle": "646", 
        "source": "BASEMENT.dxf", 
        "interactive": false
      }, 
      "type": "Feature", 
      "geometry": {
        "type": "MultiLineString", 
        "coordinates": [
          [
            [
              -95.575762293211767, 
              42.758593413577849
            ], 
            [
              -95.575765099494845, 
              42.758593413577849
            ]
          ]
        ]
      }
    }, 
    {
      "properties": {
        "level": "BASEMENT", 
        "type": "drawing", 
        "SubClasses": "AcDbEntity:AcDbLine", 
        "Layer": "A-WALL", 
        "EntityHandle": "647", 
        "source": "BASEMENT.dxf", 
        "interactive": false
      }, 
      "type": "Feature", 
      "geometry": {
        "type": "MultiLineString", 
        "coordinates": [
          [
            [
              -95.575765099494845, 
              42.758593413577849
            ], 
            [
              -95.575765099494845, 
              42.758592039951473
            ]
          ]
        ]
      }
    }, 
    {
      "properties": {
        "level": "BASEMENT", 
        "type": "drawing", 
        "SubClasses": "AcDbEntity:AcDbLine", 
        "Layer": "A-WALL", 
        "EntityHandle": "648", 
        "source": "BASEMENT.dxf", 
        "interactive": false
      }, 
      "type": "Feature", 
      "geometry": {
        "type": "MultiLineString", 
        "coordinates": [
          [
            [
              -95.575764164067152, 
              42.758592039951473
            ], 
            [
              -95.575764164067152, 
              42.758580364127297
            ]
          ]
        ]
      }
    }, 
    {
      "properties": {
        "level": "BASEMENT", 
        "type": "drawing", 
        "SubClasses": "AcDbEntity:AcDbLine", 
        "Layer": "A-WALL", 
        "EntityHandle": "649", 
        "source": "BASEMENT.dxf", 
        "interactive": false
      }, 
      "type": "Feature", 
      "geometry": {
        "type": "MultiLineString", 
        "coordinates": [
          [
            [
              -95.575762293211767, 
              42.758580364127297
            ], 
            [
              -95.575762293211767, 
              42.758593413577849
            ]
          ]
        ]
      }
    }, 
    {
      "properties": {
        "level": "BASEMENT", 
        "type": "drawing", 
        "SubClasses": "AcDbEntity:AcDbLine", 
        "Layer": "A-WALL", 
        "EntityHandle": "64A", 
        "source": "BASEMENT.dxf", 
        "interactive": false
      }, 
      "type": "Feature", 
      "geometry": {
        "type": "MultiLineString", 
        "coordinates": [
          [
            [
              -95.575799136678427, 
              42.758561815869953
            ], 
            [
              -95.575796835363434, 
              42.758561815869953
            ]
          ]
        ]
      }
    }, 
    {
      "properties": {
        "level": "BASEMENT", 
        "type": "drawing", 
        "SubClasses": "AcDbEntity:AcDbLine", 
        "Layer": "A-WALL", 
        "EntityHandle": "64B", 
        "source": "BASEMENT.dxf", 
        "interactive": false
      }, 
      "type": "Feature", 
      "geometry": {
        "type": "MultiLineString", 
        "coordinates": [
          [
            [
              -95.575627335471296, 
              42.758394403382681
            ], 
            [
              -95.575627335471296, 
              42.758551350562684
            ]
          ]
        ]
      }
    }, 
    {
      "properties": {
        "level": "BASEMENT", 
        "type": "drawing", 
        "SubClasses": "AcDbEntity:AcDbLine", 
        "Layer": "A-WALL", 
        "EntityHandle": "64C", 
        "source": "BASEMENT.dxf", 
        "interactive": false
      }, 
      "type": "Feature", 
      "geometry": {
        "type": "MultiLineString", 
        "coordinates": [
          [
            [
              -95.575633571655899, 
              42.758550144347076
            ], 
            [
              -95.575633571655899, 
              42.758548427314111
            ]
          ]
        ]
      }
    }, 
    {
      "properties": {
        "level": "BASEMENT", 
        "type": "drawing", 
        "SubClasses": "AcDbEntity:AcDbLine", 
        "Layer": "A-WALL", 
        "EntityHandle": "64D", 
        "source": "BASEMENT.dxf", 
        "interactive": false
      }, 
      "type": "Feature", 
      "geometry": {
        "type": "MultiLineString", 
        "coordinates": [
          [
            [
              -95.575633571655899, 
              42.758547282625464
            ], 
            [
              -95.575633571655899, 
              42.758522045967489
            ]
          ]
        ]
      }
    }, 
    {
      "properties": {
        "level": "BASEMENT", 
        "type": "drawing", 
        "SubClasses": "AcDbEntity:AcDbLine", 
        "Layer": "A-WALL", 
        "EntityHandle": "64E", 
        "source": "BASEMENT.dxf", 
        "interactive": false
      }, 
      "type": "Feature", 
      "geometry": {
        "type": "MultiLineString", 
        "coordinates": [
          [
            [
              -95.575633571655899, 
              42.758520901278843
            ], 
            [
              -95.575633571655899, 
              42.758476605711557
            ]
          ]
        ]
      }
    }, 
    {
      "properties": {
        "level": "BASEMENT", 
        "type": "drawing", 
        "SubClasses": "AcDbEntity:AcDbLine", 
        "Layer": "A-WALL", 
        "EntityHandle": "64F", 
        "source": "BASEMENT.dxf", 
        "interactive": false
      }, 
      "type": "Feature", 
      "geometry": {
        "type": "MultiLineString", 
        "coordinates": [
          [
            [
              -95.575633571655899, 
              42.758475461022911
            ], 
            [
              -95.575633571655899, 
              42.758470653330605
            ]
          ]
        ]
      }
    }, 
    {
      "properties": {
        "level": "BASEMENT", 
        "type": "drawing", 
        "SubClasses": "AcDbEntity:AcDbLine", 
        "Layer": "A-WALL", 
        "EntityHandle": "650", 
        "source": "BASEMENT.dxf", 
        "interactive": false
      }, 
      "type": "Feature", 
      "geometry": {
        "type": "MultiLineString", 
        "coordinates": [
          [
            [
              -95.575633571655899, 
              42.758469508641959
            ], 
            [
              -95.575633571655899, 
              42.758447530619982
            ]
          ]
        ]
      }
    }, 
    {
      "properties": {
        "level": "BASEMENT", 
        "type": "drawing", 
        "SubClasses": "AcDbEntity:AcDbLine", 
        "Layer": "A-WALL", 
        "EntityHandle": "651", 
        "source": "BASEMENT.dxf", 
        "interactive": false
      }, 
      "type": "Feature", 
      "geometry": {
        "type": "MultiLineString", 
        "coordinates": [
          [
            [
              -95.575633571655899, 
              42.758446385931336
            ], 
            [
              -95.575633571655899, 
              42.758442265052217
            ]
          ]
        ]
      }
    }, 
    {
      "properties": {
        "level": "BASEMENT", 
        "type": "drawing", 
        "SubClasses": "AcDbEntity:AcDbLine", 
        "Layer": "I-WALL", 
        "EntityHandle": "652", 
        "source": "BASEMENT.dxf", 
        "interactive": false
      }, 
      "type": "Feature", 
      "geometry": {
        "type": "MultiLineString", 
        "coordinates": [
          [
            [
              -95.575700440246507, 
              42.758424636847089
            ], 
            [
              -95.575718981119053, 
              42.758424636847089
            ]
          ]
        ]
      }
    }, 
    {
      "properties": {
        "level": "BASEMENT", 
        "type": "drawing", 
        "SubClasses": "AcDbEntity:AcDbLine", 
        "Layer": "I-WALL", 
        "EntityHandle": "654", 
        "source": "BASEMENT.dxf", 
        "interactive": false
      }, 
      "type": "Feature", 
      "geometry": {
        "type": "MultiLineString", 
        "coordinates": [
          [
            [
              -95.575720540165207, 
              42.758423492158443
            ], 
            [
              -95.575700440246507, 
              42.758423492158443
            ]
          ]
        ]
      }
    }, 
    {
      "properties": {
        "level": "BASEMENT", 
        "type": "drawing", 
        "SubClasses": "AcDbEntity:AcDbLine", 
        "Layer": "I-WALL", 
        "EntityHandle": "655", 
        "source": "BASEMENT.dxf", 
        "interactive": false
      }, 
      "type": "Feature", 
      "geometry": {
        "type": "MultiLineString", 
        "coordinates": [
          [
            [
              -95.575718981119053, 
              42.758424636847089
            ], 
            [
              -95.575718981119053, 
              42.758430131352583
            ]
          ]
        ]
      }
    }, 
    {
      "properties": {
        "level": "BASEMENT", 
        "type": "drawing", 
        "SubClasses": "AcDbEntity:AcDbLine", 
        "Layer": "I-WALL", 
        "EntityHandle": "656", 
        "source": "BASEMENT.dxf", 
        "interactive": false
      }, 
      "type": "Feature", 
      "geometry": {
        "type": "MultiLineString", 
        "coordinates": [
          [
            [
              -95.575718981119053, 
              42.758430131352583
            ], 
            [
              -95.575720540165207, 
              42.758430131352583
            ]
          ]
        ]
      }
    }, 
    {
      "properties": {
        "level": "BASEMENT", 
        "type": "drawing", 
        "SubClasses": "AcDbEntity:AcDbLine", 
        "Layer": "I-WALL", 
        "EntityHandle": "657", 
        "source": "BASEMENT.dxf", 
        "interactive": false
      }, 
      "type": "Feature", 
      "geometry": {
        "type": "MultiLineString", 
        "coordinates": [
          [
            [
              -95.575720540165207, 
              42.758430131352583
            ], 
            [
              -95.575720540165207, 
              42.758423492158443
            ]
          ]
        ]
      }
    }, 
    {
      "properties": {
        "level": "BASEMENT", 
        "type": "drawing", 
        "SubClasses": "AcDbEntity:AcDbLine", 
        "Layer": "I-WALL", 
        "EntityHandle": "658", 
        "source": "BASEMENT.dxf", 
        "interactive": false
      }, 
      "type": "Feature", 
      "geometry": {
        "type": "MultiLineString", 
        "coordinates": [
          [
            [
              -95.575718981119053, 
              42.758436541608994
            ], 
            [
              -95.575718981119053, 
              42.758439517799467
            ]
          ]
        ]
      }
    }, 
    {
      "properties": {
        "level": "BASEMENT", 
        "type": "drawing", 
        "SubClasses": "AcDbEntity:AcDbLine", 
        "Layer": "I-WALL", 
        "EntityHandle": "659", 
        "source": "BASEMENT.dxf", 
        "interactive": false
      }, 
      "type": "Feature", 
      "geometry": {
        "type": "MultiLineString", 
        "coordinates": [
          [
            [
              -95.575720540165207, 
              42.758439517799467
            ], 
            [
              -95.575720540165207, 
              42.758436541608994
            ]
          ]
        ]
      }
    }, 
    {
      "properties": {
        "level": "BASEMENT", 
        "type": "drawing", 
        "SubClasses": "AcDbEntity:AcDbLine", 
        "Layer": "I-WALL", 
        "EntityHandle": "65A", 
        "source": "BASEMENT.dxf", 
        "interactive": false
      }, 
      "type": "Feature", 
      "geometry": {
        "type": "MultiLineString", 
        "coordinates": [
          [
            [
              -95.575720540165207, 
              42.758436541608994
            ], 
            [
              -95.575718981119053, 
              42.758436541608994
            ]
          ]
        ]
      }
    }, 
    {
      "properties": {
        "level": "BASEMENT", 
        "type": "drawing", 
        "SubClasses": "AcDbEntity:AcDbLine", 
        "Layer": "I-WALL", 
        "EntityHandle": "65B", 
        "source": "BASEMENT.dxf", 
        "interactive": false
      }, 
      "type": "Feature", 
      "geometry": {
        "type": "MultiLineString", 
        "coordinates": [
          [
            [
              -95.575696698535751, 
              42.758373893643537
            ], 
            [
              -95.575688747400392, 
              42.758373893643537
            ]
          ]
        ]
      }
    }, 
    {
      "properties": {
        "level": "BASEMENT", 
        "type": "drawing", 
        "SubClasses": "AcDbEntity:AcDbLine", 
        "Layer": "I-WALL", 
        "EntityHandle": "65D", 
        "source": "BASEMENT.dxf", 
        "interactive": false
      }, 
      "type": "Feature", 
      "geometry": {
        "type": "MultiLineString", 
        "coordinates": [
          [
            [
              -95.575690306446532, 
              42.758375038332183
            ], 
            [
              -95.575696698535751, 
              42.758375038332183
            ]
          ]
        ]
      }
    }, 
    {
      "properties": {
        "level": "BASEMENT", 
        "type": "drawing", 
        "SubClasses": "AcDbEntity:AcDbLine", 
        "Layer": "I-WALL", 
        "EntityHandle": "65E", 
        "source": "BASEMENT.dxf", 
        "interactive": false
      }, 
      "type": "Feature", 
      "geometry": {
        "type": "MultiLineString", 
        "coordinates": [
          [
            [
              -95.575688747400392, 
              42.758373893643537
            ], 
            [
              -95.575688747400392, 
              42.758380609884512
            ]
          ]
        ]
      }
    }, 
    {
      "properties": {
        "level": "BASEMENT", 
        "type": "drawing", 
        "SubClasses": "AcDbEntity:AcDbLine", 
        "Layer": "I-WALL", 
        "EntityHandle": "65F", 
        "source": "BASEMENT.dxf", 
        "interactive": false
      }, 
      "type": "Feature", 
      "geometry": {
        "type": "MultiLineString", 
        "coordinates": [
          [
            [
              -95.575690306446532, 
              42.758380609884512
            ], 
            [
              -95.575690306446532, 
              42.758375038332183
            ]
          ]
        ]
      }
    }, 
    {
      "properties": {
        "level": "BASEMENT", 
        "type": "drawing", 
        "SubClasses": "AcDbEntity:AcDbLine", 
        "Layer": "A-WALL", 
        "EntityHandle": "660", 
        "source": "BASEMENT.dxf", 
        "interactive": false
      }, 
      "type": "Feature", 
      "geometry": {
        "type": "MultiLineString", 
        "coordinates": [
          [
            [
              -95.575696698535751, 
              42.758380609884512
            ], 
            [
              -95.575690306446532, 
              42.758380609884512
            ]
          ]
        ]
      }
    }, 
    {
      "properties": {
        "level": "BASEMENT", 
        "type": "drawing", 
        "SubClasses": "AcDbEntity:AcDbLine", 
        "Layer": "A-WALL", 
        "EntityHandle": "661", 
        "source": "BASEMENT.dxf", 
        "interactive": false
      }, 
      "type": "Feature", 
      "geometry": {
        "type": "MultiLineString", 
        "coordinates": [
          [
            [
              -95.575688747400392, 
              42.758380609884512
            ], 
            [
              -95.575687656068084, 
              42.758380609884512
            ]
          ]
        ]
      }
    }, 
    {
      "properties": {
        "level": "BASEMENT", 
        "type": "drawing", 
        "SubClasses": "AcDbEntity:AcDbLine", 
        "Layer": "A-WALL", 
        "EntityHandle": "662", 
        "source": "BASEMENT.dxf", 
        "interactive": false
      }, 
      "type": "Feature", 
      "geometry": {
        "type": "MultiLineString", 
        "coordinates": [
          [
            [
              -95.575687656068084, 
              42.758380609884512
            ], 
            [
              -95.575687656068084, 
              42.758383357137262
            ]
          ]
        ]
      }
    }, 
    {
      "properties": {
        "level": "BASEMENT", 
        "type": "drawing", 
        "SubClasses": "AcDbEntity:AcDbLine", 
        "Layer": "A-WALL", 
        "EntityHandle": "663", 
        "source": "BASEMENT.dxf", 
        "interactive": false
      }, 
      "type": "Feature", 
      "geometry": {
        "type": "MultiLineString", 
        "coordinates": [
          [
            [
              -95.575687656068084, 
              42.758383357137262
            ], 
            [
              -95.575696698535751, 
              42.758383357137262
            ]
          ]
        ]
      }
    }, 
    {
      "properties": {
        "level": "BASEMENT", 
        "type": "drawing", 
        "SubClasses": "AcDbEntity:AcDbLine", 
        "Layer": "A-WALL", 
        "EntityHandle": "664", 
        "source": "BASEMENT.dxf", 
        "interactive": false
      }, 
      "type": "Feature", 
      "geometry": {
        "type": "MultiLineString", 
        "coordinates": [
          [
            [
              -95.575673312843506, 
              42.758380609884512
            ], 
            [
              -95.575631077182067, 
              42.758380609884512
            ]
          ]
        ]
      }
    }, 
    {
      "properties": {
        "level": "BASEMENT", 
        "type": "drawing", 
        "SubClasses": "AcDbEntity:AcDbLine", 
        "Layer": "A-WALL", 
        "EntityHandle": "665", 
        "source": "BASEMENT.dxf", 
        "interactive": false
      }, 
      "type": "Feature", 
      "geometry": {
        "type": "MultiLineString", 
        "coordinates": [
          [
            [
              -95.575631077182067, 
              42.758383357137262
            ], 
            [
              -95.575673312843506, 
              42.758383357137262
            ]
          ]
        ]
      }
    }, 
    {
      "properties": {
        "level": "BASEMENT", 
        "type": "drawing", 
        "SubClasses": "AcDbEntity:AcDbLine", 
        "Layer": "A-WALL", 
        "EntityHandle": "666", 
        "source": "BASEMENT.dxf", 
        "interactive": false
      }, 
      "type": "Feature", 
      "geometry": {
        "type": "MultiLineString", 
        "coordinates": [
          [
            [
              -95.575673312843506, 
              42.758383357137262
            ], 
            [
              -95.575673312843506, 
              42.758380609884512
            ]
          ]
        ]
      }
    }, 
    {
      "properties": {
        "level": "BASEMENT", 
        "type": "drawing", 
        "SubClasses": "AcDbEntity:AcDbLine", 
        "Layer": "A-WALL", 
        "EntityHandle": "667", 
        "source": "BASEMENT.dxf", 
        "interactive": false
      }, 
      "type": "Feature", 
      "geometry": {
        "type": "MultiLineString", 
        "coordinates": [
          [
            [
              -95.575675027794276, 
              42.758412701958648
            ], 
            [
              -95.575675027794276, 
              42.758415678149127
            ]
          ]
        ]
      }
    }, 
    {
      "properties": {
        "level": "BASEMENT", 
        "type": "drawing", 
        "SubClasses": "AcDbEntity:AcDbLine", 
        "Layer": "A-WALL", 
        "EntityHandle": "668", 
        "source": "BASEMENT.dxf", 
        "interactive": false
      }, 
      "type": "Feature", 
      "geometry": {
        "type": "MultiLineString", 
        "coordinates": [
          [
            [
              -95.575675027794276, 
              42.758415678149127
            ], 
            [
              -95.575677522268109, 
              42.758415678149127
            ]
          ]
        ]
      }
    }, 
    {
      "properties": {
        "level": "BASEMENT", 
        "type": "drawing", 
        "SubClasses": "AcDbEntity:AcDbLine", 
        "Layer": "A-WALL", 
        "EntityHandle": "669", 
        "source": "BASEMENT.dxf", 
        "interactive": false
      }, 
      "type": "Feature", 
      "geometry": {
        "type": "MultiLineString", 
        "coordinates": [
          [
            [
              -95.575677522268109, 
              42.758415678149127
            ], 
            [
              -95.575677522268109, 
              42.758412701958648
            ]
          ]
        ]
      }
    }, 
    {
      "properties": {
        "level": "BASEMENT", 
        "type": "drawing", 
        "SubClasses": "AcDbEntity:AcDbLine", 
        "Layer": "A-WALL", 
        "EntityHandle": "66A", 
        "source": "BASEMENT.dxf", 
        "interactive": false
      }, 
      "type": "Feature", 
      "geometry": {
        "type": "MultiLineString", 
        "coordinates": [
          [
            [
              -95.575675027794276, 
              42.758422088405538
            ], 
            [
              -95.575675027794276, 
              42.758425064596011
            ]
          ]
        ]
      }
    }, 
    {
      "properties": {
        "level": "BASEMENT", 
        "type": "drawing", 
        "SubClasses": "AcDbEntity:AcDbLine", 
        "Layer": "A-WALL", 
        "EntityHandle": "66C", 
        "source": "BASEMENT.dxf", 
        "interactive": false
      }, 
      "type": "Feature", 
      "geometry": {
        "type": "MultiLineString", 
        "coordinates": [
          [
            [
              -95.575677522268109, 
              42.758426896097845
            ], 
            [
              -95.575677522268109, 
              42.758422088405538
            ]
          ]
        ]
      }
    }, 
    {
      "properties": {
        "level": "BASEMENT", 
        "type": "drawing", 
        "SubClasses": "AcDbEntity:AcDbLine", 
        "Layer": "A-WALL", 
        "EntityHandle": "66D", 
        "source": "BASEMENT.dxf", 
        "interactive": false
      }, 
      "type": "Feature", 
      "geometry": {
        "type": "MultiLineString", 
        "coordinates": [
          [
            [
              -95.575677522268109, 
              42.758422088405538
            ], 
            [
              -95.575675027794276, 
              42.758422088405538
            ]
          ]
        ]
      }
    }, 
    {
      "properties": {
        "level": "BASEMENT", 
        "type": "drawing", 
        "SubClasses": "AcDbEntity:AcDbLine", 
        "Layer": "A-WALL", 
        "EntityHandle": "66E", 
        "source": "BASEMENT.dxf", 
        "interactive": false
      }, 
      "type": "Feature", 
      "geometry": {
        "type": "MultiLineString", 
        "coordinates": [
          [
            [
              -95.575675027794276, 
              42.758425064596011
            ], 
            [
              -95.575631077182067, 
              42.758425064596011
            ]
          ]
        ]
      }
    }, 
    {
      "properties": {
        "level": "BASEMENT", 
        "type": "drawing", 
        "SubClasses": "AcDbEntity:AcDbLine", 
        "Layer": "A-WALL", 
        "EntityHandle": "66F", 
        "source": "BASEMENT.dxf", 
        "interactive": false
      }, 
      "type": "Feature", 
      "geometry": {
        "type": "MultiLineString", 
        "coordinates": [
          [
            [
              -95.575631077182067, 
              42.758426896097845
            ], 
            [
              -95.575677522268109, 
              42.758426896097845
            ]
          ]
        ]
      }
    }, 
    {
      "properties": {
        "level": "BASEMENT", 
        "type": "drawing", 
        "SubClasses": "AcDbEntity:AcDbLine", 
        "Layer": "A-WALL", 
        "EntityHandle": "670", 
        "source": "BASEMENT.dxf", 
        "interactive": false
      }, 
      "type": "Feature", 
      "geometry": {
        "type": "MultiLineString", 
        "coordinates": [
          [
            [
              -95.575483535760199, 
              42.758561730223825
            ], 
            [
              -95.575483535760199, 
              42.758489843776943
            ]
          ]
        ]
      }
    }, 
    {
      "properties": {
        "level": "BASEMENT", 
        "type": "drawing", 
        "SubClasses": "AcDbEntity:AcDbLine", 
        "Layer": "A-WALL", 
        "EntityHandle": "672", 
        "source": "BASEMENT.dxf", 
        "interactive": false
      }, 
      "type": "Feature", 
      "geometry": {
        "type": "MultiLineString", 
        "coordinates": [
          [
            [
              -95.575477923194057, 
              42.758493964656061
            ], 
            [
              -95.575477923194057, 
              42.758510324813770
            ]
          ]
        ]
      }
    }, 
    {
      "properties": {
        "level": "BASEMENT", 
        "type": "drawing", 
        "SubClasses": "AcDbEntity:AcDbLine", 
        "Layer": "A-WALL", 
        "EntityHandle": "673", 
        "source": "BASEMENT.dxf", 
        "interactive": false
      }, 
      "type": "Feature", 
      "geometry": {
        "type": "MultiLineString", 
        "coordinates": [
          [
            [
              -95.575477923194057, 
              42.758511698440145
            ], 
            [
              -95.575477923194057, 
              42.758538149637744
            ]
          ]
        ]
      }
    }, 
    {
      "properties": {
        "level": "BASEMENT", 
        "type": "drawing", 
        "SubClasses": "AcDbEntity:AcDbLine", 
        "Layer": "A-WALL", 
        "EntityHandle": "674", 
        "source": "BASEMENT.dxf", 
        "interactive": false
      }, 
      "type": "Feature", 
      "geometry": {
        "type": "MultiLineString", 
        "coordinates": [
          [
            [
              -95.575477923194057, 
              42.758539523264119
            ], 
            [
              -95.575477923194057, 
              42.758561730223825
            ]
          ]
        ]
      }
    }, 
    {
      "properties": {
        "level": "BASEMENT", 
        "type": "drawing", 
        "SubClasses": "AcDbEntity:AcDbLine", 
        "Layer": "A-WALL", 
        "EntityHandle": "675", 
        "source": "BASEMENT.dxf", 
        "interactive": false
      }, 
      "type": "Feature", 
      "geometry": {
        "type": "MultiLineString", 
        "coordinates": [
          [
            [
              -95.575483535760199, 
              42.758489843776943
            ], 
            [
              -95.575445417081838, 
              42.758489843776943
            ]
          ]
        ]
      }
    }, 
    {
      "properties": {
        "level": "BASEMENT", 
        "type": "drawing", 
        "SubClasses": "AcDbEntity:AcDbLine", 
        "Layer": "A-WALL", 
        "EntityHandle": "677", 
        "source": "BASEMENT.dxf", 
        "interactive": false
      }, 
      "type": "Feature", 
      "geometry": {
        "type": "MultiLineString", 
        "coordinates": [
          [
            [
              -95.575451029647979, 
              42.758493964656061
            ], 
            [
              -95.575477923194057, 
              42.758493964656061
            ]
          ]
        ]
      }
    }, 
    {
      "properties": {
        "level": "BASEMENT", 
        "type": "drawing", 
        "SubClasses": "AcDbEntity:AcDbLine", 
        "Layer": "A-WALL", 
        "EntityHandle": "678", 
        "source": "BASEMENT.dxf", 
        "interactive": false
      }, 
      "type": "Feature", 
      "geometry": {
        "type": "MultiLineString", 
        "coordinates": [
          [
            [
              -95.575445417081838, 
              42.758489843776943
            ], 
            [
              -95.575445417081838, 
              42.758561730223825
            ]
          ]
        ]
      }
    }, 
    {
      "properties": {
        "level": "BASEMENT", 
        "type": "drawing", 
        "SubClasses": "AcDbEntity:AcDbLine", 
        "Layer": "A-WALL", 
        "EntityHandle": "679", 
        "source": "BASEMENT.dxf", 
        "interactive": false
      }, 
      "type": "Feature", 
      "geometry": {
        "type": "MultiLineString", 
        "coordinates": [
          [
            [
              -95.575451029647979, 
              42.758561730223825
            ], 
            [
              -95.575451029647979, 
              42.758539523264119
            ]
          ]
        ]
      }
    }, 
    {
      "properties": {
        "level": "BASEMENT", 
        "type": "drawing", 
        "SubClasses": "AcDbEntity:AcDbLine", 
        "Layer": "A-WALL", 
        "EntityHandle": "67A", 
        "source": "BASEMENT.dxf", 
        "interactive": false
      }, 
      "type": "Feature", 
      "geometry": {
        "type": "MultiLineString", 
        "coordinates": [
          [
            [
              -95.575451029647979, 
              42.758538149637744
            ], 
            [
              -95.575451029647979, 
              42.758511698440145
            ]
          ]
        ]
      }
    }, 
    {
      "properties": {
        "level": "BASEMENT", 
        "type": "drawing", 
        "SubClasses": "AcDbEntity:AcDbLine", 
        "Layer": "A-WALL", 
        "EntityHandle": "67B", 
        "source": "BASEMENT.dxf", 
        "interactive": false
      }, 
      "type": "Feature", 
      "geometry": {
        "type": "MultiLineString", 
        "coordinates": [
          [
            [
              -95.575451029647979, 
              42.758510324813770
            ], 
            [
              -95.575451029647979, 
              42.758493964656061
            ]
          ]
        ]
      }
    }, 
    {
      "properties": {
        "level": "BASEMENT", 
        "type": "drawing", 
        "SubClasses": "AcDbEntity:AcDbLine", 
        "Layer": "A-WALL", 
        "EntityHandle": "67C", 
        "source": "BASEMENT.dxf", 
        "interactive": false
      }, 
      "type": "Feature", 
      "geometry": {
        "type": "MultiLineString", 
        "coordinates": [
          [
            [
              -95.575477923194057, 
              42.758510324813770
            ], 
            [
              -95.575451029647979, 
              42.758510324813770
            ]
          ]
        ]
      }
    }, 
    {
      "properties": {
        "level": "BASEMENT", 
        "type": "drawing", 
        "SubClasses": "AcDbEntity:AcDbLine", 
        "Layer": "A-WALL", 
        "EntityHandle": "67D", 
        "source": "BASEMENT.dxf", 
        "interactive": false
      }, 
      "type": "Feature", 
      "geometry": {
        "type": "MultiLineString", 
        "coordinates": [
          [
            [
              -95.575451029647979, 
              42.758511698440145
            ], 
            [
              -95.575477923194057, 
              42.758511698440145
            ]
          ]
        ]
      }
    }, 
    {
      "properties": {
        "level": "BASEMENT", 
        "type": "drawing", 
        "SubClasses": "AcDbEntity:AcDbLine", 
        "Layer": "A-WALL", 
        "EntityHandle": "67E", 
        "source": "BASEMENT.dxf", 
        "interactive": false
      }, 
      "type": "Feature", 
      "geometry": {
        "type": "MultiLineString", 
        "coordinates": [
          [
            [
              -95.575477923194057, 
              42.758538149637744
            ], 
            [
              -95.575470050011006, 
              42.758538149637744
            ]
          ]
        ]
      }
    }, 
    {
      "properties": {
        "level": "BASEMENT", 
        "type": "drawing", 
        "SubClasses": "AcDbEntity:AcDbLine", 
        "Layer": "A-WALL", 
        "EntityHandle": "67F", 
        "source": "BASEMENT.dxf", 
        "interactive": false
      }, 
      "type": "Feature", 
      "geometry": {
        "type": "MultiLineString", 
        "coordinates": [
          [
            [
              -95.575470050011006, 
              42.758538149637744
            ], 
            [
              -95.575470050011006, 
              42.758539523264119
            ]
          ]
        ]
      }
    }, 
    {
      "properties": {
        "level": "BASEMENT", 
        "type": "drawing", 
        "SubClasses": "AcDbEntity:AcDbLine", 
        "Layer": "A-WALL", 
        "EntityHandle": "680", 
        "source": "BASEMENT.dxf", 
        "interactive": false
      }, 
      "type": "Feature", 
      "geometry": {
        "type": "MultiLineString", 
        "coordinates": [
          [
            [
              -95.575470050011006, 
              42.758539523264119
            ], 
            [
              -95.575477923194057, 
              42.758539523264119
            ]
          ]
        ]
      }
    }, 
    {
      "properties": {
        "level": "BASEMENT", 
        "type": "drawing", 
        "SubClasses": "AcDbEntity:AcDbLine", 
        "Layer": "A-WALL", 
        "EntityHandle": "681", 
        "source": "BASEMENT.dxf", 
        "interactive": false
      }, 
      "type": "Feature", 
      "geometry": {
        "type": "MultiLineString", 
        "coordinates": [
          [
            [
              -95.575453835931057, 
              42.758538149637744
            ], 
            [
              -95.575451029647979, 
              42.758538149637744
            ]
          ]
        ]
      }
    }, 
    {
      "properties": {
        "level": "BASEMENT", 
        "type": "drawing", 
        "SubClasses": "AcDbEntity:AcDbLine", 
        "Layer": "A-WALL", 
        "EntityHandle": "682", 
        "source": "BASEMENT.dxf", 
        "interactive": false
      }, 
      "type": "Feature", 
      "geometry": {
        "type": "MultiLineString", 
        "coordinates": [
          [
            [
              -95.575451029647979, 
              42.758539523264119
            ], 
            [
              -95.575453835931057, 
              42.758539523264119
            ]
          ]
        ]
      }
    }, 
    {
      "properties": {
        "level": "BASEMENT", 
        "type": "drawing", 
        "SubClasses": "AcDbEntity:AcDbLine", 
        "Layer": "A-WALL", 
        "EntityHandle": "683", 
        "source": "BASEMENT.dxf", 
        "interactive": false
      }, 
      "type": "Feature", 
      "geometry": {
        "type": "MultiLineString", 
        "coordinates": [
          [
            [
              -95.575453835931057, 
              42.758539523264119
            ], 
            [
              -95.575453835931057, 
              42.758538149637744
            ]
          ]
        ]
      }
    }, 
    {
      "properties": {
        "level": "BASEMENT", 
        "type": "drawing", 
        "SubClasses": "AcDbEntity:AcDbLine", 
        "Layer": "I-WALL", 
        "EntityHandle": "684", 
        "source": "BASEMENT.dxf", 
        "interactive": false
      }, 
      "type": "Feature", 
      "geometry": {
        "type": "MultiLineString", 
        "coordinates": [
          [
            [
              -95.575604148737938, 
              42.758564935352034
            ], 
            [
              -95.575604148737938, 
              42.758566652384999
            ]
          ]
        ]
      }
    }, 
    {
      "properties": {
        "level": "BASEMENT", 
        "type": "drawing", 
        "SubClasses": "AcDbEntity:AcDbLine", 
        "Layer": "I-WALL", 
        "EntityHandle": "685", 
        "source": "BASEMENT.dxf", 
        "interactive": false
      }, 
      "type": "Feature", 
      "geometry": {
        "type": "MultiLineString", 
        "coordinates": [
          [
            [
              -95.575604148737938, 
              42.758567797073646
            ], 
            [
              -95.575604148737938, 
              42.758591555389415
            ]
          ]
        ]
      }
    }, 
    {
      "properties": {
        "level": "BASEMENT", 
        "type": "drawing", 
        "SubClasses": "AcDbEntity:AcDbLine", 
        "Layer": "I-WALL", 
        "EntityHandle": "686", 
        "source": "BASEMENT.dxf", 
        "interactive": false
      }, 
      "type": "Feature", 
      "geometry": {
        "type": "MultiLineString", 
        "coordinates": [
          [
            [
              -95.575605707784078, 
              42.758591555389415
            ], 
            [
              -95.575605707784078, 
              42.758564935352034
            ]
          ]
        ]
      }
    }, 
    {
      "properties": {
        "level": "BASEMENT", 
        "type": "drawing", 
        "SubClasses": "AcDbEntity:AcDbLine", 
        "Layer": "I-WALL", 
        "EntityHandle": "687", 
        "source": "BASEMENT.dxf", 
        "interactive": false
      }, 
      "type": "Feature", 
      "geometry": {
        "type": "MultiLineString", 
        "coordinates": [
          [
            [
              -95.575604148737938, 
              42.758566652384999
            ], 
            [
              -95.575582088234910, 
              42.758566652384999
            ]
          ]
        ]
      }
    }, 
    {
      "properties": {
        "level": "BASEMENT", 
        "type": "drawing", 
        "SubClasses": "AcDbEntity:AcDbLine", 
        "Layer": "I-WALL", 
        "EntityHandle": "688", 
        "source": "BASEMENT.dxf", 
        "interactive": false
      }, 
      "type": "Feature", 
      "geometry": {
        "type": "MultiLineString", 
        "coordinates": [
          [
            [
              -95.575582088234910, 
              42.758567797073646
            ], 
            [
              -95.575604148737938, 
              42.758567797073646
            ]
          ]
        ]
      }
    }, 
    {
      "properties": {
        "level": "BASEMENT", 
        "type": "drawing", 
        "SubClasses": "AcDbEntity:AcDbLine", 
        "Layer": "I-WALL", 
        "EntityHandle": "689", 
        "source": "BASEMENT.dxf", 
        "interactive": false
      }, 
      "type": "Feature", 
      "geometry": {
        "type": "MultiLineString", 
        "coordinates": [
          [
            [
              -95.575531866190843, 
              42.758671162458256
            ], 
            [
              -95.575531866190843, 
              42.758645864839210
            ]
          ]
        ]
      }
    }, 
    {
      "properties": {
        "level": "BASEMENT", 
        "type": "drawing", 
        "SubClasses": "AcDbEntity:AcDbLine", 
        "Layer": "I-WALL", 
        "EntityHandle": "68B", 
        "source": "BASEMENT.dxf", 
        "interactive": false
      }, 
      "type": "Feature", 
      "geometry": {
        "type": "MultiLineString", 
        "coordinates": [
          [
            [
              -95.575530307144689, 
              42.758644720150564
            ], 
            [
              -95.575530307144689, 
              42.758671162458256
            ]
          ]
        ]
      }
    }, 
    {
      "properties": {
        "level": "BASEMENT", 
        "type": "drawing", 
        "SubClasses": "AcDbEntity:AcDbLine", 
        "Layer": "I-WALL", 
        "EntityHandle": "68C", 
        "source": "BASEMENT.dxf", 
        "interactive": false
      }, 
      "type": "Feature", 
      "geometry": {
        "type": "MultiLineString", 
        "coordinates": [
          [
            [
              -95.575531866190843, 
              42.758645864839210
            ], 
            [
              -95.575547768461576, 
              42.758645864839210
            ]
          ]
        ]
      }
    }, 
    {
      "properties": {
        "level": "BASEMENT", 
        "type": "drawing", 
        "SubClasses": "AcDbEntity:AcDbLine", 
        "Layer": "I-WALL", 
        "EntityHandle": "68D", 
        "source": "BASEMENT.dxf", 
        "interactive": false
      }, 
      "type": "Feature", 
      "geometry": {
        "type": "MultiLineString", 
        "coordinates": [
          [
            [
              -95.575547768461576, 
              42.758645864839210
            ], 
            [
              -95.575547768461576, 
              42.758644720150564
            ]
          ]
        ]
      }
    }, 
    {
      "properties": {
        "level": "BASEMENT", 
        "type": "drawing", 
        "SubClasses": "AcDbEntity:AcDbLine", 
        "Layer": "I-WALL", 
        "EntityHandle": "68E", 
        "source": "BASEMENT.dxf", 
        "interactive": false
      }, 
      "type": "Feature", 
      "geometry": {
        "type": "MultiLineString", 
        "coordinates": [
          [
            [
              -95.575547768461576, 
              42.758644720150564
            ], 
            [
              -95.575530307144689, 
              42.758644720150564
            ]
          ]
        ]
      }
    }, 
    {
      "properties": {
        "level": "BASEMENT", 
        "type": "drawing", 
        "SubClasses": "AcDbEntity:AcDbLine", 
        "Layer": "I-WALL", 
        "EntityHandle": "68F", 
        "source": "BASEMENT.dxf", 
        "interactive": false
      }, 
      "type": "Feature", 
      "geometry": {
        "type": "MultiLineString", 
        "coordinates": [
          [
            [
              -95.575560240830768, 
              42.758645864839210
            ], 
            [
              -95.575561332163076, 
              42.758645864839210
            ]
          ]
        ]
      }
    }, 
    {
      "properties": {
        "level": "BASEMENT", 
        "type": "drawing", 
        "SubClasses": "AcDbEntity:AcDbLine", 
        "Layer": "I-WALL", 
        "EntityHandle": "690", 
        "source": "BASEMENT.dxf", 
        "interactive": false
      }, 
      "type": "Feature", 
      "geometry": {
        "type": "MultiLineString", 
        "coordinates": [
          [
            [
              -95.575562891209216, 
              42.758646082816568
            ], 
            [
              -95.575562891209216, 
              42.758644720150564
            ]
          ]
        ]
      }
    }, 
    {
      "properties": {
        "level": "BASEMENT", 
        "type": "drawing", 
        "SubClasses": "AcDbEntity:AcDbLine", 
        "Layer": "I-WALL", 
        "EntityHandle": "691", 
        "source": "BASEMENT.dxf", 
        "interactive": false
      }, 
      "type": "Feature", 
      "geometry": {
        "type": "MultiLineString", 
        "coordinates": [
          [
            [
              -95.575562891209216, 
              42.758644720150564
            ], 
            [
              -95.575560240830768, 
              42.758644720150564
            ]
          ]
        ]
      }
    }, 
    {
      "properties": {
        "level": "BASEMENT", 
        "type": "drawing", 
        "SubClasses": "AcDbEntity:AcDbLine", 
        "Layer": "I-WALL", 
        "EntityHandle": "692", 
        "source": "BASEMENT.dxf", 
        "interactive": false
      }, 
      "type": "Feature", 
      "geometry": {
        "type": "MultiLineString", 
        "coordinates": [
          [
            [
              -95.575560240830768, 
              42.758644720150564
            ], 
            [
              -95.575560240830768, 
              42.758645864839210
            ]
          ]
        ]
      }
    }, 
    {
      "properties": {
        "level": "BASEMENT", 
        "type": "drawing", 
        "SubClasses": "AcDbEntity:AcDbLine", 
        "Layer": "I-WALL", 
        "EntityHandle": "693", 
        "source": "BASEMENT.dxf", 
        "interactive": false
      }, 
      "type": "Feature", 
      "geometry": {
        "type": "MultiLineString", 
        "coordinates": [
          [
            [
              -95.575561332163076, 
              42.758645864839210
            ], 
            [
              -95.575561332163076, 
              42.758671162458256
            ]
          ]
        ]
      }
    }, 
    {
      "properties": {
        "level": "BASEMENT", 
        "type": "drawing", 
        "SubClasses": "AcDbEntity:AcDbLine", 
        "Layer": "I-WALL", 
        "EntityHandle": "694", 
        "source": "BASEMENT.dxf", 
        "interactive": false
      }, 
      "type": "Feature", 
      "geometry": {
        "type": "MultiLineString", 
        "coordinates": [
          [
            [
              -95.575562891209216, 
              42.758671162458256
            ], 
            [
              -95.575562891209216, 
              42.758647227505215
            ]
          ]
        ]
      }
    }, 
    {
      "properties": {
        "level": "BASEMENT", 
        "type": "drawing", 
        "SubClasses": "AcDbEntity:AcDbLine", 
        "Layer": "I-WALL", 
        "EntityHandle": "696", 
        "source": "BASEMENT.dxf", 
        "interactive": false
      }, 
      "type": "Feature", 
      "geometry": {
        "type": "MultiLineString", 
        "coordinates": [
          [
            [
              -95.575609430981970, 
              42.758646082816568
            ], 
            [
              -95.575592601122338, 
              42.758646082816568
            ]
          ]
        ]
      }
    }, 
    {
      "properties": {
        "level": "BASEMENT", 
        "type": "drawing", 
        "SubClasses": "AcDbEntity:AcDbLine", 
        "Layer": "I-WALL", 
        "EntityHandle": "697", 
        "source": "BASEMENT.dxf", 
        "interactive": false
      }, 
      "type": "Feature", 
      "geometry": {
        "type": "MultiLineString", 
        "coordinates": [
          [
            [
              -95.575591042076184, 
              42.758646082816568
            ], 
            [
              -95.575576610815347, 
              42.758646082816568
            ]
          ]
        ]
      }
    }, 
    {
      "properties": {
        "level": "BASEMENT", 
        "type": "drawing", 
        "SubClasses": "AcDbEntity:AcDbLine", 
        "Layer": "I-WALL", 
        "EntityHandle": "698", 
        "source": "BASEMENT.dxf", 
        "interactive": false
      }, 
      "type": "Feature", 
      "geometry": {
        "type": "MultiLineString", 
        "coordinates": [
          [
            [
              -95.575576610815347, 
              42.758646082816568
            ], 
            [
              -95.575576610815347, 
              42.758647227505215
            ]
          ]
        ]
      }
    }, 
    {
      "properties": {
        "level": "BASEMENT", 
        "type": "drawing", 
        "SubClasses": "AcDbEntity:AcDbLine", 
        "Layer": "I-WALL", 
        "EntityHandle": "699", 
        "source": "BASEMENT.dxf", 
        "interactive": false
      }, 
      "type": "Feature", 
      "geometry": {
        "type": "MultiLineString", 
        "coordinates": [
          [
            [
              -95.575576610815347, 
              42.758647227505215
            ], 
            [
              -95.575609430981970, 
              42.758647227505215
            ]
          ]
        ]
      }
    }, 
    {
      "properties": {
        "level": "BASEMENT", 
        "type": "drawing", 
        "SubClasses": "AcDbEntity:AcDbLine", 
        "Layer": "I-WALL", 
        "EntityHandle": "69A", 
        "source": "BASEMENT.dxf", 
        "interactive": false
      }, 
      "type": "Feature", 
      "geometry": {
        "type": "MultiLineString", 
        "coordinates": [
          [
            [
              -95.575609430981970, 
              42.758647227505215
            ], 
            [
              -95.575609430981970, 
              42.758646082816568
            ]
          ]
        ]
      }
    }, 
    {
      "properties": {
        "level": "BASEMENT", 
        "type": "drawing", 
        "SubClasses": "AcDbEntity:AcDbLine", 
        "Layer": "I-WALL", 
        "EntityHandle": "69B", 
        "source": "BASEMENT.dxf", 
        "interactive": false
      }, 
      "type": "Feature", 
      "geometry": {
        "type": "MultiLineString", 
        "coordinates": [
          [
            [
              -95.575564138446140, 
              42.758646082816568
            ], 
            [
              -95.575562891209216, 
              42.758646082816568
            ]
          ]
        ]
      }
    }, 
    {
      "properties": {
        "level": "BASEMENT", 
        "type": "drawing", 
        "SubClasses": "AcDbEntity:AcDbLine", 
        "Layer": "I-WALL", 
        "EntityHandle": "69C", 
        "source": "BASEMENT.dxf", 
        "interactive": false
      }, 
      "type": "Feature", 
      "geometry": {
        "type": "MultiLineString", 
        "coordinates": [
          [
            [
              -95.575562891209216, 
              42.758647227505215
            ], 
            [
              -95.575564138446140, 
              42.758647227505215
            ]
          ]
        ]
      }
    }, 
    {
      "properties": {
        "level": "BASEMENT", 
        "type": "drawing", 
        "SubClasses": "AcDbEntity:AcDbLine", 
        "Layer": "I-WALL", 
        "EntityHandle": "69D", 
        "source": "BASEMENT.dxf", 
        "interactive": false
      }, 
      "type": "Feature", 
      "geometry": {
        "type": "MultiLineString", 
        "coordinates": [
          [
            [
              -95.575564138446140, 
              42.758647227505215
            ], 
            [
              -95.575564138446140, 
              42.758646082816568
            ]
          ]
        ]
      }
    }, 
    {
      "properties": {
        "level": "BASEMENT", 
        "type": "drawing", 
        "SubClasses": "AcDbEntity:AcDbLine", 
        "Layer": "I-WALL", 
        "EntityHandle": "69E", 
        "source": "BASEMENT.dxf", 
        "interactive": false
      }, 
      "type": "Feature", 
      "geometry": {
        "type": "MultiLineString", 
        "coordinates": [
          [
            [
              -95.575592601122338, 
              42.758646082816568
            ], 
            [
              -95.575592601122338, 
              42.758616277650944
            ]
          ]
        ]
      }
    }, 
    {
      "properties": {
        "level": "BASEMENT", 
        "type": "drawing", 
        "SubClasses": "AcDbEntity:AcDbLine", 
        "Layer": "I-WALL", 
        "EntityHandle": "6A0", 
        "source": "BASEMENT.dxf", 
        "interactive": false
      }, 
      "type": "Feature", 
      "geometry": {
        "type": "MultiLineString", 
        "coordinates": [
          [
            [
              -95.575591042076184, 
              42.758615132962298
            ], 
            [
              -95.575591042076184, 
              42.758646082816568
            ]
          ]
        ]
      }
    }, 
    {
      "properties": {
        "level": "BASEMENT", 
        "type": "drawing", 
        "SubClasses": "AcDbEntity:AcDbLine", 
        "Layer": "I-WALL", 
        "EntityHandle": "6A1", 
        "source": "BASEMENT.dxf", 
        "interactive": false
      }, 
      "type": "Feature", 
      "geometry": {
        "type": "MultiLineString", 
        "coordinates": [
          [
            [
              -95.575592601122338, 
              42.758616277650944
            ], 
            [
              -95.575610379545466, 
              42.758616277650944
            ]
          ]
        ]
      }
    }, 
    {
      "properties": {
        "level": "BASEMENT", 
        "type": "drawing", 
        "SubClasses": "AcDbEntity:AcDbLine", 
        "Layer": "I-WALL", 
        "EntityHandle": "6A2", 
        "source": "BASEMENT.dxf", 
        "interactive": false
      }, 
      "type": "Feature", 
      "geometry": {
        "type": "MultiLineString", 
        "coordinates": [
          [
            [
              -95.575610379545466, 
              42.758615132962298
            ], 
            [
              -95.575591042076184, 
              42.758615132962298
            ]
          ]
        ]
      }
    }, 
    {
      "properties": {
        "level": "BASEMENT", 
        "type": "drawing", 
        "SubClasses": "AcDbEntity:AcDbLine", 
        "Layer": "A-WALL", 
        "EntityHandle": "6A3", 
        "source": "BASEMENT.dxf", 
        "interactive": false
      }, 
      "type": "Feature", 
      "geometry": {
        "type": "MultiLineString", 
        "coordinates": [
          [
            [
              -95.575617862966993, 
              42.758683982971078
            ], 
            [
              -95.575617862966993, 
              42.758618562499265
            ]
          ]
        ]
      }
    }, 
    {
      "properties": {
        "level": "BASEMENT", 
        "type": "drawing", 
        "SubClasses": "AcDbEntity:AcDbLine", 
        "Layer": "A-WALL", 
        "EntityHandle": "6A4", 
        "source": "BASEMENT.dxf", 
        "interactive": false
      }, 
      "type": "Feature", 
      "geometry": {
        "type": "MultiLineString", 
        "coordinates": [
          [
            [
              -95.575610379545466, 
              42.758616277650944
            ], 
            [
              -95.575610379545466, 
              42.758671162458256
            ]
          ]
        ]
      }
    }, 
    {
      "properties": {
        "level": "BASEMENT", 
        "type": "drawing", 
        "SubClasses": "AcDbEntity:AcDbLine", 
        "Layer": "A-WALL", 
        "EntityHandle": "6A6", 
        "source": "BASEMENT.dxf", 
        "interactive": false
      }, 
      "type": "Feature", 
      "geometry": {
        "type": "MultiLineString", 
        "coordinates": [
          [
            [
              -95.575712091925752, 
              42.758614899495605
            ], 
            [
              -95.575712091925752, 
              42.758618562499265
            ]
          ]
        ]
      }
    }, 
    {
      "properties": {
        "level": "BASEMENT", 
        "type": "drawing", 
        "SubClasses": "AcDbEntity:AcDbLine", 
        "Layer": "A-WALL", 
        "EntityHandle": "6A7", 
        "source": "BASEMENT.dxf", 
        "interactive": false
      }, 
      "type": "Feature", 
      "geometry": {
        "type": "MultiLineString", 
        "coordinates": [
          [
            [
              -95.575712091925752, 
              42.758618562499265
            ], 
            [
              -95.575719575347264, 
              42.758618562499265
            ]
          ]
        ]
      }
    }, 
    {
      "properties": {
        "level": "BASEMENT", 
        "type": "drawing", 
        "SubClasses": "AcDbEntity:AcDbLine", 
        "Layer": "A-WALL", 
        "EntityHandle": "6A8", 
        "source": "BASEMENT.dxf", 
        "interactive": false
      }, 
      "type": "Feature", 
      "geometry": {
        "type": "MultiLineString", 
        "coordinates": [
          [
            [
              -95.575699619556559, 
              42.758614899495605
            ], 
            [
              -95.575695254227341, 
              42.758614899495605
            ]
          ]
        ]
      }
    }, 
    {
      "properties": {
        "level": "BASEMENT", 
        "type": "drawing", 
        "SubClasses": "AcDbEntity:AcDbLine", 
        "Layer": "A-WALL", 
        "EntityHandle": "6A9", 
        "source": "BASEMENT.dxf", 
        "interactive": false
      }, 
      "type": "Feature", 
      "geometry": {
        "type": "MultiLineString", 
        "coordinates": [
          [
            [
              -95.575692759753494, 
              42.758614899495605
            ], 
            [
              -95.575660955212044, 
              42.758614899495605
            ]
          ]
        ]
      }
    }, 
    {
      "properties": {
        "level": "BASEMENT", 
        "type": "drawing", 
        "SubClasses": "AcDbEntity:AcDbLine", 
        "Layer": "A-WALL", 
        "EntityHandle": "6AA", 
        "source": "BASEMENT.dxf", 
        "interactive": false
      }, 
      "type": "Feature", 
      "geometry": {
        "type": "MultiLineString", 
        "coordinates": [
          [
            [
              -95.575658460738197, 
              42.758614899495605
            ], 
            [
              -95.575640531707478, 
              42.758614899495605
            ]
          ]
        ]
      }
    }, 
    {
      "properties": {
        "level": "BASEMENT", 
        "type": "drawing", 
        "SubClasses": "AcDbEntity:AcDbLine", 
        "Layer": "A-WALL", 
        "EntityHandle": "6AB", 
        "source": "BASEMENT.dxf", 
        "interactive": false
      }, 
      "type": "Feature", 
      "geometry": {
        "type": "MultiLineString", 
        "coordinates": [
          [
            [
              -95.575640531707478, 
              42.758614899495605
            ], 
            [
              -95.575640531707478, 
              42.758618562499265
            ]
          ]
        ]
      }
    }, 
    {
      "properties": {
        "level": "BASEMENT", 
        "type": "drawing", 
        "SubClasses": "AcDbEntity:AcDbLine", 
        "Layer": "A-WALL", 
        "EntityHandle": "6AC", 
        "source": "BASEMENT.dxf", 
        "interactive": false
      }, 
      "type": "Feature", 
      "geometry": {
        "type": "MultiLineString", 
        "coordinates": [
          [
            [
              -95.575640531707478, 
              42.758618562499265
            ], 
            [
              -95.575648638747452, 
              42.758618562499265
            ]
          ]
        ]
      }
    }, 
    {
      "properties": {
        "level": "BASEMENT", 
        "type": "drawing", 
        "SubClasses": "AcDbEntity:AcDbLine", 
        "Layer": "A-WALL", 
        "EntityHandle": "6AD", 
        "source": "BASEMENT.dxf", 
        "interactive": false
      }, 
      "type": "Feature", 
      "geometry": {
        "type": "MultiLineString", 
        "coordinates": [
          [
            [
              -95.575650197793607, 
              42.758618562499265
            ], 
            [
              -95.575686523568891, 
              42.758618562499265
            ]
          ]
        ]
      }
    }, 
    {
      "properties": {
        "level": "BASEMENT", 
        "type": "drawing", 
        "SubClasses": "AcDbEntity:AcDbLine", 
        "Layer": "A-WALL", 
        "EntityHandle": "6AE", 
        "source": "BASEMENT.dxf", 
        "interactive": false
      }, 
      "type": "Feature", 
      "geometry": {
        "type": "MultiLineString", 
        "coordinates": [
          [
            [
              -95.575690265279661, 
              42.758618562499265
            ], 
            [
              -95.575699619556559, 
              42.758618562499265
            ]
          ]
        ]
      }
    }, 
    {
      "properties": {
        "level": "BASEMENT", 
        "type": "drawing", 
        "SubClasses": "AcDbEntity:AcDbLine", 
        "Layer": "A-WALL", 
        "EntityHandle": "6AF", 
        "source": "BASEMENT.dxf", 
        "interactive": false
      }, 
      "type": "Feature", 
      "geometry": {
        "type": "MultiLineString", 
        "coordinates": [
          [
            [
              -95.575699619556559, 
              42.758618562499265
            ], 
            [
              -95.575699619556559, 
              42.758614899495605
            ]
          ]
        ]
      }
    }, 
    {
      "properties": {
        "level": "BASEMENT", 
        "type": "drawing", 
        "SubClasses": "AcDbEntity:AcDbLine", 
        "Layer": "A-WALL", 
        "EntityHandle": "6B0", 
        "source": "BASEMENT.dxf", 
        "interactive": false
      }, 
      "type": "Feature", 
      "geometry": {
        "type": "MultiLineString", 
        "coordinates": [
          [
            [
              -95.575628059338285, 
              42.758614899495605
            ], 
            [
              -95.575612957348682, 
              42.758614899495605
            ]
          ]
        ]
      }
    }, 
    {
      "properties": {
        "level": "BASEMENT", 
        "type": "drawing", 
        "SubClasses": "AcDbEntity:AcDbLine", 
        "Layer": "A-WALL", 
        "EntityHandle": "6B1", 
        "source": "BASEMENT.dxf", 
        "interactive": false
      }, 
      "type": "Feature", 
      "geometry": {
        "type": "MultiLineString", 
        "coordinates": [
          [
            [
              -95.575611086493296, 
              42.758614899495605
            ], 
            [
              -95.575610379545466, 
              42.758614899495605
            ]
          ]
        ]
      }
    }, 
    {
      "properties": {
        "level": "BASEMENT", 
        "type": "drawing", 
        "SubClasses": "AcDbEntity:AcDbLine", 
        "Layer": "A-WALL", 
        "EntityHandle": "6B2", 
        "source": "BASEMENT.dxf", 
        "interactive": false
      }, 
      "type": "Feature", 
      "geometry": {
        "type": "MultiLineString", 
        "coordinates": [
          [
            [
              -95.575610379545466, 
              42.758614899495605
            ], 
            [
              -95.575610379545466, 
              42.758615132962298
            ]
          ]
        ]
      }
    }, 
    {
      "properties": {
        "level": "BASEMENT", 
        "type": "drawing", 
        "SubClasses": "AcDbEntity:AcDbLine", 
        "Layer": "A-WALL", 
        "EntityHandle": "6B4", 
        "source": "BASEMENT.dxf", 
        "interactive": false
      }, 
      "type": "Feature", 
      "geometry": {
        "type": "MultiLineString", 
        "coordinates": [
          [
            [
              -95.575617862966993, 
              42.758618562499265
            ], 
            [
              -95.575628059338285, 
              42.758618562499265
            ]
          ]
        ]
      }
    }, 
    {
      "properties": {
        "level": "BASEMENT", 
        "type": "drawing", 
        "SubClasses": "AcDbEntity:AcDbLine", 
        "Layer": "A-WALL", 
        "EntityHandle": "6B5", 
        "source": "BASEMENT.dxf", 
        "interactive": false
      }, 
      "type": "Feature", 
      "geometry": {
        "type": "MultiLineString", 
        "coordinates": [
          [
            [
              -95.575628059338285, 
              42.758618562499265
            ], 
            [
              -95.575628059338285, 
              42.758614899495605
            ]
          ]
        ]
      }
    }, 
    {
      "properties": {
        "level": "BASEMENT", 
        "type": "drawing", 
        "SubClasses": "AcDbEntity:AcDbLine", 
        "Layer": "A-WALL", 
        "EntityHandle": "6B6", 
        "source": "BASEMENT.dxf", 
        "interactive": false
      }, 
      "type": "Feature", 
      "geometry": {
        "type": "MultiLineString", 
        "coordinates": [
          [
            [
              -95.575660955212044, 
              42.758614899495605
            ], 
            [
              -95.575660955212044, 
              42.758600476418678
            ]
          ]
        ]
      }
    }, 
    {
      "properties": {
        "level": "BASEMENT", 
        "type": "drawing", 
        "SubClasses": "AcDbEntity:AcDbLine", 
        "Layer": "A-WALL", 
        "EntityHandle": "6B8", 
        "source": "BASEMENT.dxf", 
        "interactive": false
      }, 
      "type": "Feature", 
      "geometry": {
        "type": "MultiLineString", 
        "coordinates": [
          [
            [
              -95.575658460738197, 
              42.758598644916852
            ], 
            [
              -95.575658460738197, 
              42.758614899495605
            ]
          ]
        ]
      }
    }, 
    {
      "properties": {
        "level": "BASEMENT", 
        "type": "drawing", 
        "SubClasses": "AcDbEntity:AcDbLine", 
        "Layer": "A-WALL", 
        "EntityHandle": "6B9", 
        "source": "BASEMENT.dxf", 
        "interactive": false
      }, 
      "type": "Feature", 
      "geometry": {
        "type": "MultiLineString", 
        "coordinates": [
          [
            [
              -95.575660955212044, 
              42.758600476418678
            ], 
            [
              -95.575692759753494, 
              42.758600476418678
            ]
          ]
        ]
      }
    }, 
    {
      "properties": {
        "level": "BASEMENT", 
        "type": "drawing", 
        "SubClasses": "AcDbEntity:AcDbLine", 
        "Layer": "A-WALL", 
        "EntityHandle": "6BB", 
        "source": "BASEMENT.dxf", 
        "interactive": false
      }, 
      "type": "Feature", 
      "geometry": {
        "type": "MultiLineString", 
        "coordinates": [
          [
            [
              -95.575695254227341, 
              42.758598644916852
            ], 
            [
              -95.575658460738197, 
              42.758598644916852
            ]
          ]
        ]
      }
    }, 
    {
      "properties": {
        "level": "BASEMENT", 
        "type": "drawing", 
        "SubClasses": "AcDbEntity:AcDbLine", 
        "Layer": "A-WALL", 
        "EntityHandle": "6BC", 
        "source": "BASEMENT.dxf", 
        "interactive": false
      }, 
      "type": "Feature", 
      "geometry": {
        "type": "MultiLineString", 
        "coordinates": [
          [
            [
              -95.575692759753494, 
              42.758600476418678
            ], 
            [
              -95.575692759753494, 
              42.758603109202568
            ]
          ]
        ]
      }
    }, 
    {
      "properties": {
        "level": "BASEMENT", 
        "type": "drawing", 
        "SubClasses": "AcDbEntity:AcDbLine", 
        "Layer": "A-WALL", 
        "EntityHandle": "6BD", 
        "source": "BASEMENT.dxf", 
        "interactive": false
      }, 
      "type": "Feature", 
      "geometry": {
        "type": "MultiLineString", 
        "coordinates": [
          [
            [
              -95.575692759753494, 
              42.758603109202568
            ], 
            [
              -95.575695254227341, 
              42.758603109202568
            ]
          ]
        ]
      }
    }, 
    {
      "properties": {
        "level": "BASEMENT", 
        "type": "drawing", 
        "SubClasses": "AcDbEntity:AcDbLine", 
        "Layer": "A-WALL", 
        "EntityHandle": "6BE", 
        "source": "BASEMENT.dxf", 
        "interactive": false
      }, 
      "type": "Feature", 
      "geometry": {
        "type": "MultiLineString", 
        "coordinates": [
          [
            [
              -95.575695254227341, 
              42.758603109202568
            ], 
            [
              -95.575695254227341, 
              42.758598644916852
            ]
          ]
        ]
      }
    }, 
    {
      "properties": {
        "level": "BASEMENT", 
        "type": "drawing", 
        "SubClasses": "AcDbEntity:AcDbLine", 
        "Layer": "A-WALL", 
        "EntityHandle": "6BF", 
        "source": "BASEMENT.dxf", 
        "interactive": false
      }, 
      "type": "Feature", 
      "geometry": {
        "type": "MultiLineString", 
        "coordinates": [
          [
            [
              -95.575692759753494, 
              42.758612266711722
            ], 
            [
              -95.575692759753494, 
              42.758614899495605
            ]
          ]
        ]
      }
    }, 
    {
      "properties": {
        "level": "BASEMENT", 
        "type": "drawing", 
        "SubClasses": "AcDbEntity:AcDbLine", 
        "Layer": "A-WALL", 
        "EntityHandle": "6C0", 
        "source": "BASEMENT.dxf", 
        "interactive": false
      }, 
      "type": "Feature", 
      "geometry": {
        "type": "MultiLineString", 
        "coordinates": [
          [
            [
              -95.575695254227341, 
              42.758614899495605
            ], 
            [
              -95.575695254227341, 
              42.758612266711722
            ]
          ]
        ]
      }
    }, 
    {
      "properties": {
        "level": "BASEMENT", 
        "type": "drawing", 
        "SubClasses": "AcDbEntity:AcDbLine", 
        "Layer": "A-WALL", 
        "EntityHandle": "6C1", 
        "source": "BASEMENT.dxf", 
        "interactive": false
      }, 
      "type": "Feature", 
      "geometry": {
        "type": "MultiLineString", 
        "coordinates": [
          [
            [
              -95.575695254227341, 
              42.758612266711722
            ], 
            [
              -95.575692759753494, 
              42.758612266711722
            ]
          ]
        ]
      }
    }, 
    {
      "properties": {
        "level": "BASEMENT", 
        "type": "drawing", 
        "SubClasses": "AcDbEntity:AcDbLine", 
        "Layer": "I-WALL", 
        "EntityHandle": "6C2", 
        "source": "BASEMENT.dxf", 
        "interactive": false
      }, 
      "type": "Feature", 
      "geometry": {
        "type": "MultiLineString", 
        "coordinates": [
          [
            [
              -95.575686523568891, 
              42.758644891130082
            ], 
            [
              -95.575650197793607, 
              42.758644891130082
            ]
          ]
        ]
      }
    }, 
    {
      "properties": {
        "level": "BASEMENT", 
        "type": "drawing", 
        "SubClasses": "AcDbEntity:AcDbLine", 
        "Layer": "I-WALL", 
        "EntityHandle": "6C3", 
        "source": "BASEMENT.dxf", 
        "interactive": false
      }, 
      "type": "Feature", 
      "geometry": {
        "type": "MultiLineString", 
        "coordinates": [
          [
            [
              -95.575650197793607, 
              42.758646035818728
            ], 
            [
              -95.575686523568891, 
              42.758646035818728
            ]
          ]
        ]
      }
    }, 
    {
      "properties": {
        "level": "BASEMENT", 
        "type": "drawing", 
        "SubClasses": "AcDbEntity:AcDbLine", 
        "Layer": "I-WALL", 
        "EntityHandle": "6C4", 
        "source": "BASEMENT.dxf", 
        "interactive": false
      }, 
      "type": "Feature", 
      "geometry": {
        "type": "MultiLineString", 
        "coordinates": [
          [
            [
              -95.575650197793607, 
              42.758683982971078
            ], 
            [
              -95.575650197793607, 
              42.758656338016529
            ]
          ]
        ]
      }
    }, 
    {
      "properties": {
        "level": "BASEMENT", 
        "type": "drawing", 
        "SubClasses": "AcDbEntity:AcDbLine", 
        "Layer": "I-WALL", 
        "EntityHandle": "6C5", 
        "source": "BASEMENT.dxf", 
        "interactive": false
      }, 
      "type": "Feature", 
      "geometry": {
        "type": "MultiLineString", 
        "coordinates": [
          [
            [
              -95.575650197793607, 
              42.758656338016529
            ], 
            [
              -95.575648638747452, 
              42.758656338016529
            ]
          ]
        ]
      }
    }, 
    {
      "properties": {
        "level": "BASEMENT", 
        "type": "drawing", 
        "SubClasses": "AcDbEntity:AcDbLine", 
        "Layer": "I-WALL", 
        "EntityHandle": "6C6", 
        "source": "BASEMENT.dxf", 
        "interactive": false
      }, 
      "type": "Feature", 
      "geometry": {
        "type": "MultiLineString", 
        "coordinates": [
          [
            [
              -95.575648638747452, 
              42.758656338016529
            ], 
            [
              -95.575648638747452, 
              42.758683982971078
            ]
          ]
        ]
      }
    }, 
    {
      "properties": {
        "level": "BASEMENT", 
        "type": "drawing", 
        "SubClasses": "AcDbEntity:AcDbLine", 
        "Layer": "I-WALL", 
        "EntityHandle": "6C7", 
        "source": "BASEMENT.dxf", 
        "interactive": false
      }, 
      "type": "Feature", 
      "geometry": {
        "type": "MultiLineString", 
        "coordinates": [
          [
            [
              -95.575650197793607, 
              42.758647180507367
            ], 
            [
              -95.575650197793607, 
              42.758646035818728
            ]
          ]
        ]
      }
    }, 
    {
      "properties": {
        "level": "BASEMENT", 
        "type": "drawing", 
        "SubClasses": "AcDbEntity:AcDbLine", 
        "Layer": "I-WALL", 
        "EntityHandle": "6C8", 
        "source": "BASEMENT.dxf", 
        "interactive": false
      }, 
      "type": "Feature", 
      "geometry": {
        "type": "MultiLineString", 
        "coordinates": [
          [
            [
              -95.575650197793607, 
              42.758644891130082
            ], 
            [
              -95.575650197793607, 
              42.758643975379165
            ]
          ]
        ]
      }
    }, 
    {
      "properties": {
        "level": "BASEMENT", 
        "type": "drawing", 
        "SubClasses": "AcDbEntity:AcDbLine", 
        "Layer": "I-WALL", 
        "EntityHandle": "6C9", 
        "source": "BASEMENT.dxf", 
        "interactive": false
      }, 
      "type": "Feature", 
      "geometry": {
        "type": "MultiLineString", 
        "coordinates": [
          [
            [
              -95.575650197793607, 
              42.758643975379165
            ], 
            [
              -95.575648638747452, 
              42.758643975379165
            ]
          ]
        ]
      }
    }, 
    {
      "properties": {
        "level": "BASEMENT", 
        "type": "drawing", 
        "SubClasses": "AcDbEntity:AcDbLine", 
        "Layer": "I-WALL", 
        "EntityHandle": "6CA", 
        "source": "BASEMENT.dxf", 
        "interactive": false
      }, 
      "type": "Feature", 
      "geometry": {
        "type": "MultiLineString", 
        "coordinates": [
          [
            [
              -95.575648638747452, 
              42.758643975379165
            ], 
            [
              -95.575648638747452, 
              42.758647180507367
            ]
          ]
        ]
      }
    }, 
    {
      "properties": {
        "level": "BASEMENT", 
        "type": "drawing", 
        "SubClasses": "AcDbEntity:AcDbLine", 
        "Layer": "I-WALL", 
        "EntityHandle": "6CB", 
        "source": "BASEMENT.dxf", 
        "interactive": false
      }, 
      "type": "Feature", 
      "geometry": {
        "type": "MultiLineString", 
        "coordinates": [
          [
            [
              -95.575648638747452, 
              42.758647180507367
            ], 
            [
              -95.575650197793607, 
              42.758647180507367
            ]
          ]
        ]
      }
    }, 
    {
      "properties": {
        "level": "BASEMENT", 
        "type": "drawing", 
        "SubClasses": "AcDbEntity:AcDbLine", 
        "Layer": "I-WALL", 
        "EntityHandle": "6CC", 
        "source": "BASEMENT.dxf", 
        "interactive": false
      }, 
      "type": "Feature", 
      "geometry": {
        "type": "MultiLineString", 
        "coordinates": [
          [
            [
              -95.575650197793607, 
              42.758634817870011
            ], 
            [
              -95.575650197793607, 
              42.758618562499265
            ]
          ]
        ]
      }
    }, 
    {
      "properties": {
        "level": "BASEMENT", 
        "type": "drawing", 
        "SubClasses": "AcDbEntity:AcDbLine", 
        "Layer": "I-WALL", 
        "EntityHandle": "6CD", 
        "source": "BASEMENT.dxf", 
        "interactive": false
      }, 
      "type": "Feature", 
      "geometry": {
        "type": "MultiLineString", 
        "coordinates": [
          [
            [
              -95.575648638747452, 
              42.758618562499265
            ], 
            [
              -95.575648638747452, 
              42.758634817870011
            ]
          ]
        ]
      }
    }, 
    {
      "properties": {
        "level": "BASEMENT", 
        "type": "drawing", 
        "SubClasses": "AcDbEntity:AcDbLine", 
        "Layer": "I-WALL", 
        "EntityHandle": "6CE", 
        "source": "BASEMENT.dxf", 
        "interactive": false
      }, 
      "type": "Feature", 
      "geometry": {
        "type": "MultiLineString", 
        "coordinates": [
          [
            [
              -95.575648638747452, 
              42.758634817870011
            ], 
            [
              -95.575650197793607, 
              42.758634817870011
            ]
          ]
        ]
      }
    }, 
    {
      "properties": {
        "level": "BASEMENT", 
        "type": "drawing", 
        "SubClasses": "AcDbEntity:AcDbLine", 
        "Layer": "A-WALL", 
        "EntityHandle": "6CF", 
        "source": "BASEMENT.dxf", 
        "interactive": false
      }, 
      "type": "Feature", 
      "geometry": {
        "type": "MultiLineString", 
        "coordinates": [
          [
            [
              -95.575679087381573, 
              42.758552891599827
            ], 
            [
              -95.575679087381573, 
              42.758565941050371
            ]
          ]
        ]
      }
    }, 
    {
      "properties": {
        "level": "BASEMENT", 
        "type": "drawing", 
        "SubClasses": "AcDbEntity:AcDbLine", 
        "Layer": "A-WALL", 
        "EntityHandle": "6D1", 
        "source": "BASEMENT.dxf", 
        "interactive": false
      }, 
      "type": "Feature", 
      "geometry": {
        "type": "MultiLineString", 
        "coordinates": [
          [
            [
              -95.575680958236944, 
              42.758567314676746
            ], 
            [
              -95.575680958236944, 
              42.758552891599827
            ]
          ]
        ]
      }
    }, 
    {
      "properties": {
        "level": "BASEMENT", 
        "type": "drawing", 
        "SubClasses": "AcDbEntity:AcDbLine", 
        "Layer": "I-WALL", 
        "EntityHandle": "6D2", 
        "source": "BASEMENT.dxf", 
        "interactive": false
      }, 
      "type": "Feature", 
      "geometry": {
        "type": "MultiLineString", 
        "coordinates": [
          [
            [
              -95.575680568475420, 
              42.758550144347076
            ], 
            [
              -95.575680568475420, 
              42.758541215775651
            ]
          ]
        ]
      }
    }, 
    {
      "properties": {
        "level": "BASEMENT", 
        "type": "drawing", 
        "SubClasses": "AcDbEntity:AcDbLine", 
        "Layer": "I-WALL", 
        "EntityHandle": "6D3", 
        "source": "BASEMENT.dxf", 
        "interactive": false
      }, 
      "type": "Feature", 
      "geometry": {
        "type": "MultiLineString", 
        "coordinates": [
          [
            [
              -95.575680568475420, 
              42.758541215775651
            ], 
            [
              -95.575679009429265, 
              42.758541215775651
            ]
          ]
        ]
      }
    }, 
    {
      "properties": {
        "level": "BASEMENT", 
        "type": "drawing", 
        "SubClasses": "AcDbEntity:AcDbLine", 
        "Layer": "I-WALL", 
        "EntityHandle": "6D4", 
        "source": "BASEMENT.dxf", 
        "interactive": false
      }, 
      "type": "Feature", 
      "geometry": {
        "type": "MultiLineString", 
        "coordinates": [
          [
            [
              -95.575679009429265, 
              42.758541215775651
            ], 
            [
              -95.575679009429265, 
              42.758550144347076
            ]
          ]
        ]
      }
    }, 
    {
      "properties": {
        "level": "BASEMENT", 
        "type": "drawing", 
        "SubClasses": "AcDbEntity:AcDbLine", 
        "Layer": "I-WALL", 
        "EntityHandle": "6D5", 
        "source": "BASEMENT.dxf", 
        "interactive": false
      }, 
      "type": "Feature", 
      "geometry": {
        "type": "MultiLineString", 
        "coordinates": [
          [
            [
              -95.575680568475420, 
              42.758532058266489
            ], 
            [
              -95.575680568475420, 
              42.758519756590196
            ]
          ]
        ]
      }
    }, 
    {
      "properties": {
        "level": "BASEMENT", 
        "type": "drawing", 
        "SubClasses": "AcDbEntity:AcDbLine", 
        "Layer": "I-WALL", 
        "EntityHandle": "6D6", 
        "source": "BASEMENT.dxf", 
        "interactive": false
      }, 
      "type": "Feature", 
      "geometry": {
        "type": "MultiLineString", 
        "coordinates": [
          [
            [
              -95.575680568475420, 
              42.758519756590196
            ], 
            [
              -95.575679009429265, 
              42.758519756590196
            ]
          ]
        ]
      }
    }, 
    {
      "properties": {
        "level": "BASEMENT", 
        "type": "drawing", 
        "SubClasses": "AcDbEntity:AcDbLine", 
        "Layer": "I-WALL", 
        "EntityHandle": "6D7", 
        "source": "BASEMENT.dxf", 
        "interactive": false
      }, 
      "type": "Feature", 
      "geometry": {
        "type": "MultiLineString", 
        "coordinates": [
          [
            [
              -95.575679009429265, 
              42.758519756590196
            ], 
            [
              -95.575679009429265, 
              42.758520901278843
            ]
          ]
        ]
      }
    }, 
    {
      "properties": {
        "level": "BASEMENT", 
        "type": "drawing", 
        "SubClasses": "AcDbEntity:AcDbLine", 
        "Layer": "I-WALL", 
        "EntityHandle": "6D8", 
        "source": "BASEMENT.dxf", 
        "interactive": false
      }, 
      "type": "Feature", 
      "geometry": {
        "type": "MultiLineString", 
        "coordinates": [
          [
            [
              -95.575679009429265, 
              42.758522045967489
            ], 
            [
              -95.575679009429265, 
              42.758532058266489
            ]
          ]
        ]
      }
    }, 
    {
      "properties": {
        "level": "BASEMENT", 
        "type": "drawing", 
        "SubClasses": "AcDbEntity:AcDbLine", 
        "Layer": "I-WALL", 
        "EntityHandle": "6D9", 
        "source": "BASEMENT.dxf", 
        "interactive": false
      }, 
      "type": "Feature", 
      "geometry": {
        "type": "MultiLineString", 
        "coordinates": [
          [
            [
              -95.575679009429265, 
              42.758532058266489
            ], 
            [
              -95.575680568475420, 
              42.758532058266489
            ]
          ]
        ]
      }
    }, 
    {
      "properties": {
        "level": "BASEMENT", 
        "type": "drawing", 
        "SubClasses": "AcDbEntity:AcDbLine", 
        "Layer": "I-WALL", 
        "EntityHandle": "6DA", 
        "source": "BASEMENT.dxf", 
        "interactive": false
      }, 
      "type": "Feature", 
      "geometry": {
        "type": "MultiLineString", 
        "coordinates": [
          [
            [
              -95.575680568475420, 
              42.758510599081042
            ], 
            [
              -95.575680568475420, 
              42.758442265052217
            ]
          ]
        ]
      }
    }, 
    {
      "properties": {
        "level": "BASEMENT", 
        "type": "drawing", 
        "SubClasses": "AcDbEntity:AcDbLine", 
        "Layer": "I-WALL", 
        "EntityHandle": "6DB", 
        "source": "BASEMENT.dxf", 
        "interactive": false
      }, 
      "type": "Feature", 
      "geometry": {
        "type": "MultiLineString", 
        "coordinates": [
          [
            [
              -95.575679009429265, 
              42.758442265052217
            ], 
            [
              -95.575679009429265, 
              42.758446385931336
            ]
          ]
        ]
      }
    }, 
    {
      "properties": {
        "level": "BASEMENT", 
        "type": "drawing", 
        "SubClasses": "AcDbEntity:AcDbLine", 
        "Layer": "I-WALL", 
        "EntityHandle": "6DC", 
        "source": "BASEMENT.dxf", 
        "interactive": false
      }, 
      "type": "Feature", 
      "geometry": {
        "type": "MultiLineString", 
        "coordinates": [
          [
            [
              -95.575679009429265, 
              42.758447530619982
            ], 
            [
              -95.575679009429265, 
              42.758463899667596
            ]
          ]
        ]
      }
    }, 
    {
      "properties": {
        "level": "BASEMENT", 
        "type": "drawing", 
        "SubClasses": "AcDbEntity:AcDbLine", 
        "Layer": "I-WALL", 
        "EntityHandle": "6DD", 
        "source": "BASEMENT.dxf", 
        "interactive": false
      }, 
      "type": "Feature", 
      "geometry": {
        "type": "MultiLineString", 
        "coordinates": [
          [
            [
              -95.575679009429265, 
              42.758465044356242
            ], 
            [
              -95.575679009429265, 
              42.758510599081042
            ]
          ]
        ]
      }
    }, 
    {
      "properties": {
        "level": "BASEMENT", 
        "type": "drawing", 
        "SubClasses": "AcDbEntity:AcDbLine", 
        "Layer": "I-WALL", 
        "EntityHandle": "6DE", 
        "source": "BASEMENT.dxf", 
        "interactive": false
      }, 
      "type": "Feature", 
      "geometry": {
        "type": "MultiLineString", 
        "coordinates": [
          [
            [
              -95.575679009429265, 
              42.758510599081042
            ], 
            [
              -95.575680568475420, 
              42.758510599081042
            ]
          ]
        ]
      }
    }, 
    {
      "properties": {
        "level": "BASEMENT", 
        "type": "drawing", 
        "SubClasses": "AcDbEntity:AcDbLine", 
        "Layer": "I-WALL", 
        "EntityHandle": "6DF", 
        "source": "BASEMENT.dxf", 
        "interactive": false
      }, 
      "type": "Feature", 
      "geometry": {
        "type": "MultiLineString", 
        "coordinates": [
          [
            [
              -95.575679009429265, 
              42.758446385931336
            ], 
            [
              -95.575633571655899, 
              42.758446385931336
            ]
          ]
        ]
      }
    }, 
    {
      "properties": {
        "level": "BASEMENT", 
        "type": "drawing", 
        "SubClasses": "AcDbEntity:AcDbLine", 
        "Layer": "I-WALL", 
        "EntityHandle": "6E0", 
        "source": "BASEMENT.dxf", 
        "interactive": false
      }, 
      "type": "Feature", 
      "geometry": {
        "type": "MultiLineString", 
        "coordinates": [
          [
            [
              -95.575633571655899, 
              42.758447530619982
            ], 
            [
              -95.575644710413968, 
              42.758447530619982
            ]
          ]
        ]
      }
    }, 
    {
      "properties": {
        "level": "BASEMENT", 
        "type": "drawing", 
        "SubClasses": "AcDbEntity:AcDbLine", 
        "Layer": "I-WALL", 
        "EntityHandle": "6E1", 
        "source": "BASEMENT.dxf", 
        "interactive": false
      }, 
      "type": "Feature", 
      "geometry": {
        "type": "MultiLineString", 
        "coordinates": [
          [
            [
              -95.575646269460123, 
              42.758447530619982
            ], 
            [
              -95.575657338687776, 
              42.758447530619982
            ]
          ]
        ]
      }
    }, 
    {
      "properties": {
        "level": "BASEMENT", 
        "type": "drawing", 
        "SubClasses": "AcDbEntity:AcDbLine", 
        "Layer": "I-WALL", 
        "EntityHandle": "6E2", 
        "source": "BASEMENT.dxf", 
        "interactive": false
      }, 
      "type": "Feature", 
      "geometry": {
        "type": "MultiLineString", 
        "coordinates": [
          [
            [
              -95.575658897733931, 
              42.758447530619982
            ], 
            [
              -95.575679009429265, 
              42.758447530619982
            ]
          ]
        ]
      }
    }, 
    {
      "properties": {
        "level": "BASEMENT", 
        "type": "drawing", 
        "SubClasses": "AcDbEntity:AcDbLine", 
        "Layer": "I-WALL", 
        "EntityHandle": "6E3", 
        "source": "BASEMENT.dxf", 
        "interactive": false
      }, 
      "type": "Feature", 
      "geometry": {
        "type": "MultiLineString", 
        "coordinates": [
          [
            [
              -95.575657338687776, 
              42.758447530619982
            ], 
            [
              -95.575657338687776, 
              42.758455772378220
            ]
          ]
        ]
      }
    }, 
    {
      "properties": {
        "level": "BASEMENT", 
        "type": "drawing", 
        "SubClasses": "AcDbEntity:AcDbLine", 
        "Layer": "I-WALL", 
        "EntityHandle": "6E4", 
        "source": "BASEMENT.dxf", 
        "interactive": false
      }, 
      "type": "Feature", 
      "geometry": {
        "type": "MultiLineString", 
        "coordinates": [
          [
            [
              -95.575657338687776, 
              42.758455772378220
            ], 
            [
              -95.575658897733931, 
              42.758455772378220
            ]
          ]
        ]
      }
    }, 
    {
      "properties": {
        "level": "BASEMENT", 
        "type": "drawing", 
        "SubClasses": "AcDbEntity:AcDbLine", 
        "Layer": "I-WALL", 
        "EntityHandle": "6E5", 
        "source": "BASEMENT.dxf", 
        "interactive": false
      }, 
      "type": "Feature", 
      "geometry": {
        "type": "MultiLineString", 
        "coordinates": [
          [
            [
              -95.575658897733931, 
              42.758455772378220
            ], 
            [
              -95.575658897733931, 
              42.758447530619982
            ]
          ]
        ]
      }
    }, 
    {
      "properties": {
        "level": "BASEMENT", 
        "type": "drawing", 
        "SubClasses": "AcDbEntity:AcDbLine", 
        "Layer": "I-WALL", 
        "EntityHandle": "6E6", 
        "source": "BASEMENT.dxf", 
        "interactive": false
      }, 
      "type": "Feature", 
      "geometry": {
        "type": "MultiLineString", 
        "coordinates": [
          [
            [
              -95.575644710413968, 
              42.758447530619982
            ], 
            [
              -95.575644710413968, 
              42.758465044356242
            ]
          ]
        ]
      }
    }, 
    {
      "properties": {
        "level": "BASEMENT", 
        "type": "drawing", 
        "SubClasses": "AcDbEntity:AcDbLine", 
        "Layer": "I-WALL", 
        "EntityHandle": "6E8", 
        "source": "BASEMENT.dxf", 
        "interactive": false
      }, 
      "type": "Feature", 
      "geometry": {
        "type": "MultiLineString", 
        "coordinates": [
          [
            [
              -95.575646269460123, 
              42.758463899667596
            ], 
            [
              -95.575646269460123, 
              42.758447530619982
            ]
          ]
        ]
      }
    }, 
    {
      "properties": {
        "level": "BASEMENT", 
        "type": "drawing", 
        "SubClasses": "AcDbEntity:AcDbLine", 
        "Layer": "I-WALL", 
        "EntityHandle": "6E9", 
        "source": "BASEMENT.dxf", 
        "interactive": false
      }, 
      "type": "Feature", 
      "geometry": {
        "type": "MultiLineString", 
        "coordinates": [
          [
            [
              -95.575644710413968, 
              42.758465044356242
            ], 
            [
              -95.575663730776995, 
              42.758465044356242
            ]
          ]
        ]
      }
    }, 
    {
      "properties": {
        "level": "BASEMENT", 
        "type": "drawing", 
        "SubClasses": "AcDbEntity:AcDbLine", 
        "Layer": "I-WALL", 
        "EntityHandle": "6EA", 
        "source": "BASEMENT.dxf", 
        "interactive": false
      }, 
      "type": "Feature", 
      "geometry": {
        "type": "MultiLineString", 
        "coordinates": [
          [
            [
              -95.575663730776995, 
              42.758465044356242
            ], 
            [
              -95.575663730776995, 
              42.758463899667596
            ]
          ]
        ]
      }
    }, 
    {
      "properties": {
        "level": "BASEMENT", 
        "type": "drawing", 
        "SubClasses": "AcDbEntity:AcDbLine", 
        "Layer": "I-WALL", 
        "EntityHandle": "6EB", 
        "source": "BASEMENT.dxf", 
        "interactive": false
      }, 
      "type": "Feature", 
      "geometry": {
        "type": "MultiLineString", 
        "coordinates": [
          [
            [
              -95.575663730776995, 
              42.758463899667596
            ], 
            [
              -95.575646269460123, 
              42.758463899667596
            ]
          ]
        ]
      }
    }, 
    {
      "properties": {
        "level": "BASEMENT", 
        "type": "drawing", 
        "SubClasses": "AcDbEntity:AcDbLine", 
        "Layer": "I-WALL", 
        "EntityHandle": "6EC", 
        "source": "BASEMENT.dxf", 
        "interactive": false
      }, 
      "type": "Feature", 
      "geometry": {
        "type": "MultiLineString", 
        "coordinates": [
          [
            [
              -95.575676203146188, 
              42.758465044356242
            ], 
            [
              -95.575679009429265, 
              42.758465044356242
            ]
          ]
        ]
      }
    }, 
    {
      "properties": {
        "level": "BASEMENT", 
        "type": "drawing", 
        "SubClasses": "AcDbEntity:AcDbLine", 
        "Layer": "I-WALL", 
        "EntityHandle": "6ED", 
        "source": "BASEMENT.dxf", 
        "interactive": false
      }, 
      "type": "Feature", 
      "geometry": {
        "type": "MultiLineString", 
        "coordinates": [
          [
            [
              -95.575679009429265, 
              42.758463899667596
            ], 
            [
              -95.575676203146188, 
              42.758463899667596
            ]
          ]
        ]
      }
    }, 
    {
      "properties": {
        "level": "BASEMENT", 
        "type": "drawing", 
        "SubClasses": "AcDbEntity:AcDbLine", 
        "Layer": "I-WALL", 
        "EntityHandle": "6EE", 
        "source": "BASEMENT.dxf", 
        "interactive": false
      }, 
      "type": "Feature", 
      "geometry": {
        "type": "MultiLineString", 
        "coordinates": [
          [
            [
              -95.575676203146188, 
              42.758463899667596
            ], 
            [
              -95.575676203146188, 
              42.758465044356242
            ]
          ]
        ]
      }
    }, 
    {
      "properties": {
        "level": "BASEMENT", 
        "type": "drawing", 
        "SubClasses": "AcDbEntity:AcDbLine", 
        "Layer": "I-WALL", 
        "EntityHandle": "6EF", 
        "source": "BASEMENT.dxf", 
        "interactive": false
      }, 
      "type": "Feature", 
      "geometry": {
        "type": "MultiLineString", 
        "coordinates": [
          [
            [
              -95.575633571655899, 
              42.758470653330605
            ], 
            [
              -95.575635598415900, 
              42.758470653330605
            ]
          ]
        ]
      }
    }, 
    {
      "properties": {
        "level": "BASEMENT", 
        "type": "drawing", 
        "SubClasses": "AcDbEntity:AcDbLine", 
        "Layer": "I-WALL", 
        "EntityHandle": "6F1", 
        "source": "BASEMENT.dxf", 
        "interactive": false
      }, 
      "type": "Feature", 
      "geometry": {
        "type": "MultiLineString", 
        "coordinates": [
          [
            [
              -95.575637157462040, 
              42.758469508641959
            ], 
            [
              -95.575633571655899, 
              42.758469508641959
            ]
          ]
        ]
      }
    }, 
    {
      "properties": {
        "level": "BASEMENT", 
        "type": "drawing", 
        "SubClasses": "AcDbEntity:AcDbLine", 
        "Layer": "I-WALL", 
        "EntityHandle": "6F2", 
        "source": "BASEMENT.dxf", 
        "interactive": false
      }, 
      "type": "Feature", 
      "geometry": {
        "type": "MultiLineString", 
        "coordinates": [
          [
            [
              -95.575635598415900, 
              42.758470653330605
            ], 
            [
              -95.575635598415900, 
              42.758475461022911
            ]
          ]
        ]
      }
    }, 
    {
      "properties": {
        "level": "BASEMENT", 
        "type": "drawing", 
        "SubClasses": "AcDbEntity:AcDbLine", 
        "Layer": "I-WALL", 
        "EntityHandle": "6F3", 
        "source": "BASEMENT.dxf", 
        "interactive": false
      }, 
      "type": "Feature", 
      "geometry": {
        "type": "MultiLineString", 
        "coordinates": [
          [
            [
              -95.575637157462040, 
              42.758476605711557
            ], 
            [
              -95.575637157462040, 
              42.758469508641959
            ]
          ]
        ]
      }
    }, 
    {
      "properties": {
        "level": "BASEMENT", 
        "type": "drawing", 
        "SubClasses": "AcDbEntity:AcDbLine", 
        "Layer": "I-WALL", 
        "EntityHandle": "6F4", 
        "source": "BASEMENT.dxf", 
        "interactive": false
      }, 
      "type": "Feature", 
      "geometry": {
        "type": "MultiLineString", 
        "coordinates": [
          [
            [
              -95.575635598415900, 
              42.758475461022911
            ], 
            [
              -95.575633571655899, 
              42.758475461022911
            ]
          ]
        ]
      }
    }, 
    {
      "properties": {
        "level": "BASEMENT", 
        "type": "drawing", 
        "SubClasses": "AcDbEntity:AcDbLine", 
        "Layer": "I-WALL", 
        "EntityHandle": "6F5", 
        "source": "BASEMENT.dxf", 
        "interactive": false
      }, 
      "type": "Feature", 
      "geometry": {
        "type": "MultiLineString", 
        "coordinates": [
          [
            [
              -95.575633571655899, 
              42.758476605711557
            ], 
            [
              -95.575637157462040, 
              42.758476605711557
            ]
          ]
        ]
      }
    }, 
    {
      "properties": {
        "level": "BASEMENT", 
        "type": "drawing", 
        "SubClasses": "AcDbEntity:AcDbLine", 
        "Layer": "I-WALL", 
        "EntityHandle": "6F7", 
        "source": "BASEMENT.dxf", 
        "interactive": false
      }, 
      "type": "Feature", 
      "geometry": {
        "type": "MultiLineString", 
        "coordinates": [
          [
            [
              -95.575679009429265, 
              42.758520901278843
            ], 
            [
              -95.575647291262015, 
              42.758520901278843
            ]
          ]
        ]
      }
    }, 
    {
      "properties": {
        "level": "BASEMENT", 
        "type": "drawing", 
        "SubClasses": "AcDbEntity:AcDbLine", 
        "Layer": "I-WALL", 
        "EntityHandle": "6F8", 
        "source": "BASEMENT.dxf", 
        "interactive": false
      }, 
      "type": "Feature", 
      "geometry": {
        "type": "MultiLineString", 
        "coordinates": [
          [
            [
              -95.575647291262015, 
              42.758520901278843
            ], 
            [
              -95.575647291262015, 
              42.758522045967489
            ]
          ]
        ]
      }
    }, 
    {
      "properties": {
        "level": "BASEMENT", 
        "type": "drawing", 
        "SubClasses": "AcDbEntity:AcDbLine", 
        "Layer": "I-WALL", 
        "EntityHandle": "6F9", 
        "source": "BASEMENT.dxf", 
        "interactive": false
      }, 
      "type": "Feature", 
      "geometry": {
        "type": "MultiLineString", 
        "coordinates": [
          [
            [
              -95.575647291262015, 
              42.758522045967489
            ], 
            [
              -95.575679009429265, 
              42.758522045967489
            ]
          ]
        ]
      }
    }, 
    {
      "properties": {
        "level": "BASEMENT", 
        "type": "drawing", 
        "SubClasses": "AcDbEntity:AcDbLine", 
        "Layer": "I-WALL", 
        "EntityHandle": "6FA", 
        "source": "BASEMENT.dxf", 
        "interactive": false
      }, 
      "type": "Feature", 
      "geometry": {
        "type": "MultiLineString", 
        "coordinates": [
          [
            [
              -95.575634818892823, 
              42.758520901278843
            ], 
            [
              -95.575633571655899, 
              42.758520901278843
            ]
          ]
        ]
      }
    }, 
    {
      "properties": {
        "level": "BASEMENT", 
        "type": "drawing", 
        "SubClasses": "AcDbEntity:AcDbLine", 
        "Layer": "I-WALL", 
        "EntityHandle": "6FB", 
        "source": "BASEMENT.dxf", 
        "interactive": false
      }, 
      "type": "Feature", 
      "geometry": {
        "type": "MultiLineString", 
        "coordinates": [
          [
            [
              -95.575633571655899, 
              42.758522045967489
            ], 
            [
              -95.575634818892823, 
              42.758522045967489
            ]
          ]
        ]
      }
    }, 
    {
      "properties": {
        "level": "BASEMENT", 
        "type": "drawing", 
        "SubClasses": "AcDbEntity:AcDbLine", 
        "Layer": "I-WALL", 
        "EntityHandle": "6FC", 
        "source": "BASEMENT.dxf", 
        "interactive": false
      }, 
      "type": "Feature", 
      "geometry": {
        "type": "MultiLineString", 
        "coordinates": [
          [
            [
              -95.575634818892823, 
              42.758522045967489
            ], 
            [
              -95.575634818892823, 
              42.758520901278843
            ]
          ]
        ]
      }
    }, 
    {
      "properties": {
        "level": "BASEMENT", 
        "type": "drawing", 
        "SubClasses": "AcDbEntity:AcDbLine", 
        "Layer": "I-WALL", 
        "EntityHandle": "6FD", 
        "source": "BASEMENT.dxf", 
        "interactive": false
      }, 
      "type": "Feature", 
      "geometry": {
        "type": "MultiLineString", 
        "coordinates": [
          [
            [
              -95.575633571655899, 
              42.758548427314111
            ], 
            [
              -95.575640743268195, 
              42.758548427314111
            ]
          ]
        ]
      }
    }, 
    {
      "properties": {
        "level": "BASEMENT", 
        "type": "drawing", 
        "SubClasses": "AcDbEntity:AcDbLine", 
        "Layer": "I-WALL", 
        "EntityHandle": "6FE", 
        "source": "BASEMENT.dxf", 
        "interactive": false
      }, 
      "type": "Feature", 
      "geometry": {
        "type": "MultiLineString", 
        "coordinates": [
          [
            [
              -95.575640743268195, 
              42.758547282625464
            ], 
            [
              -95.575633571655899, 
              42.758547282625464
            ]
          ]
        ]
      }
    }, 
    {
      "properties": {
        "level": "BASEMENT", 
        "type": "drawing", 
        "SubClasses": "AcDbEntity:AcDbLine", 
        "Layer": "I-WALL", 
        "EntityHandle": "6FF", 
        "source": "BASEMENT.dxf", 
        "interactive": false
      }, 
      "type": "Feature", 
      "geometry": {
        "type": "MultiLineString", 
        "coordinates": [
          [
            [
              -95.575642302314336, 
              42.758550144347076
            ], 
            [
              -95.575642302314336, 
              42.758541902588838
            ]
          ]
        ]
      }
    }, 
    {
      "properties": {
        "level": "BASEMENT", 
        "type": "drawing", 
        "SubClasses": "AcDbEntity:AcDbLine", 
        "Layer": "I-WALL", 
        "EntityHandle": "700", 
        "source": "BASEMENT.dxf", 
        "interactive": false
      }, 
      "type": "Feature", 
      "geometry": {
        "type": "MultiLineString", 
        "coordinates": [
          [
            [
              -95.575642302314336, 
              42.758541902588838
            ], 
            [
              -95.575640743268195, 
              42.758541902588838
            ]
          ]
        ]
      }
    }, 
    {
      "properties": {
        "level": "BASEMENT", 
        "type": "drawing", 
        "SubClasses": "AcDbEntity:AcDbLine", 
        "Layer": "I-WALL", 
        "EntityHandle": "701", 
        "source": "BASEMENT.dxf", 
        "interactive": false
      }, 
      "type": "Feature", 
      "geometry": {
        "type": "MultiLineString", 
        "coordinates": [
          [
            [
              -95.575640743268195, 
              42.758541902588838
            ], 
            [
              -95.575640743268195, 
              42.758547282625464
            ]
          ]
        ]
      }
    }, 
    {
      "properties": {
        "level": "BASEMENT", 
        "type": "drawing", 
        "SubClasses": "AcDbEntity:AcDbLine", 
        "Layer": "I-WALL", 
        "EntityHandle": "702", 
        "source": "BASEMENT.dxf", 
        "interactive": false
      }, 
      "type": "Feature", 
      "geometry": {
        "type": "MultiLineString", 
        "coordinates": [
          [
            [
              -95.575640743268195, 
              42.758548427314111
            ], 
            [
              -95.575640743268195, 
              42.758550144347076
            ]
          ]
        ]
      }
    }, 
    {
      "properties": {
        "level": "BASEMENT", 
        "type": "drawing", 
        "SubClasses": "AcDbEntity:AcDbLine", 
        "Layer": "I-WALL", 
        "EntityHandle": "703", 
        "source": "BASEMENT.dxf", 
        "interactive": false
      }, 
      "type": "Feature", 
      "geometry": {
        "type": "MultiLineString", 
        "coordinates": [
          [
            [
              -95.575654618778927, 
              42.758550144347076
            ], 
            [
              -95.575654618778927, 
              42.758541902588838
            ]
          ]
        ]
      }
    }, 
    {
      "properties": {
        "level": "BASEMENT", 
        "type": "drawing", 
        "SubClasses": "AcDbEntity:AcDbLine", 
        "Layer": "I-WALL", 
        "EntityHandle": "704", 
        "source": "BASEMENT.dxf", 
        "interactive": false
      }, 
      "type": "Feature", 
      "geometry": {
        "type": "MultiLineString", 
        "coordinates": [
          [
            [
              -95.575654618778927, 
              42.758541902588838
            ], 
            [
              -95.575653059732772, 
              42.758541902588838
            ]
          ]
        ]
      }
    }, 
    {
      "properties": {
        "level": "BASEMENT", 
        "type": "drawing", 
        "SubClasses": "AcDbEntity:AcDbLine", 
        "Layer": "I-WALL", 
        "EntityHandle": "705", 
        "source": "BASEMENT.dxf", 
        "interactive": false
      }, 
      "type": "Feature", 
      "geometry": {
        "type": "MultiLineString", 
        "coordinates": [
          [
            [
              -95.575653059732772, 
              42.758541902588838
            ], 
            [
              -95.575653059732772, 
              42.758550144347076
            ]
          ]
        ]
      }
    }, 
    {
      "properties": {
        "level": "BASEMENT", 
        "type": "drawing", 
        "SubClasses": "AcDbEntity:AcDbLine", 
        "Layer": "I-WALL", 
        "EntityHandle": "706", 
        "source": "BASEMENT.dxf", 
        "interactive": false
      }, 
      "type": "Feature", 
      "geometry": {
        "type": "MultiLineString", 
        "coordinates": [
          [
            [
              -95.575707150212267, 
              42.758522393257344
            ], 
            [
              -95.575729559452412, 
              42.758522393257344
            ]
          ]
        ]
      }
    }, 
    {
      "properties": {
        "level": "BASEMENT", 
        "type": "drawing", 
        "SubClasses": "AcDbEntity:AcDbLine", 
        "Layer": "I-WALL", 
        "EntityHandle": "707", 
        "source": "BASEMENT.dxf", 
        "interactive": false
      }, 
      "type": "Feature", 
      "geometry": {
        "type": "MultiLineString", 
        "coordinates": [
          [
            [
              -95.575731118498553, 
              42.758521248568698
            ], 
            [
              -95.575707150212267, 
              42.758521248568698
            ]
          ]
        ]
      }
    }, 
    {
      "properties": {
        "level": "BASEMENT", 
        "type": "drawing", 
        "SubClasses": "AcDbEntity:AcDbLine", 
        "Layer": "I-WALL", 
        "EntityHandle": "708", 
        "source": "BASEMENT.dxf", 
        "interactive": false
      }, 
      "type": "Feature", 
      "geometry": {
        "type": "MultiLineString", 
        "coordinates": [
          [
            [
              -95.575729559452412, 
              42.758522393257344
            ], 
            [
              -95.575729559452412, 
              42.758550144347076
            ]
          ]
        ]
      }
    }, 
    {
      "properties": {
        "level": "BASEMENT", 
        "type": "drawing", 
        "SubClasses": "AcDbEntity:AcDbLine", 
        "Layer": "I-WALL", 
        "EntityHandle": "709", 
        "source": "BASEMENT.dxf", 
        "interactive": false
      }, 
      "type": "Feature", 
      "geometry": {
        "type": "MultiLineString", 
        "coordinates": [
          [
            [
              -95.575731118498553, 
              42.758550144347076
            ], 
            [
              -95.575731118498553, 
              42.758522622195073
            ]
          ]
        ]
      }
    }, 
    {
      "properties": {
        "level": "BASEMENT", 
        "type": "drawing", 
        "SubClasses": "AcDbEntity:AcDbLine", 
        "Layer": "A-WALL", 
        "EntityHandle": "70A", 
        "source": "BASEMENT.dxf", 
        "interactive": false
      }, 
      "type": "Feature", 
      "geometry": {
        "type": "MultiLineString", 
        "coordinates": [
          [
            [
              -95.575731118498553, 
              42.758522622195073
            ], 
            [
              -95.575764361138653, 
              42.758522622195073
            ]
          ]
        ]
      }
    }, 
    {
      "properties": {
        "level": "BASEMENT", 
        "type": "drawing", 
        "SubClasses": "AcDbEntity:AcDbLine", 
        "Layer": "A-WALL", 
        "EntityHandle": "70B", 
        "source": "BASEMENT.dxf", 
        "interactive": false
      }, 
      "type": "Feature", 
      "geometry": {
        "type": "MultiLineString", 
        "coordinates": [
          [
            [
              -95.575764361138653, 
              42.758522622195073
            ], 
            [
              -95.575764361138653, 
              42.758521248568698
            ]
          ]
        ]
      }
    }, 
    {
      "properties": {
        "level": "BASEMENT", 
        "type": "drawing", 
        "SubClasses": "AcDbEntity:AcDbLine", 
        "Layer": "A-WALL", 
        "EntityHandle": "70C", 
        "source": "BASEMENT.dxf", 
        "interactive": false
      }, 
      "type": "Feature", 
      "geometry": {
        "type": "MultiLineString", 
        "coordinates": [
          [
            [
              -95.575764361138653, 
              42.758521248568698
            ], 
            [
              -95.575731118498553, 
              42.758521248568698
            ]
          ]
        ]
      }
    }, 
    {
      "properties": {
        "level": "BASEMENT", 
        "type": "drawing", 
        "SubClasses": "AcDbEntity:AcDbLine", 
        "Layer": "A-WALL", 
        "EntityHandle": "70D", 
        "source": "BASEMENT.dxf", 
        "interactive": false
      }, 
      "type": "Feature", 
      "geometry": {
        "type": "MultiLineString", 
        "coordinates": [
          [
            [
              -95.575776833507845, 
              42.758522622195073
            ], 
            [
              -95.575778080744769, 
              42.758522622195073
            ]
          ]
        ]
      }
    }, 
    {
      "properties": {
        "level": "BASEMENT", 
        "type": "drawing", 
        "SubClasses": "AcDbEntity:AcDbLine", 
        "Layer": "A-WALL", 
        "EntityHandle": "70E", 
        "source": "BASEMENT.dxf", 
        "interactive": false
      }, 
      "type": "Feature", 
      "geometry": {
        "type": "MultiLineString", 
        "coordinates": [
          [
            [
              -95.575778080744769, 
              42.758521248568698
            ], 
            [
              -95.575776833507845, 
              42.758521248568698
            ]
          ]
        ]
      }
    }, 
    {
      "properties": {
        "level": "BASEMENT", 
        "type": "drawing", 
        "SubClasses": "AcDbEntity:AcDbLine", 
        "Layer": "A-WALL", 
        "EntityHandle": "70F", 
        "source": "BASEMENT.dxf", 
        "interactive": false
      }, 
      "type": "Feature", 
      "geometry": {
        "type": "MultiLineString", 
        "coordinates": [
          [
            [
              -95.575776833507845, 
              42.758521248568698
            ], 
            [
              -95.575776833507845, 
              42.758522622195073
            ]
          ]
        ]
      }
    }, 
    {
      "properties": {
        "level": "BASEMENT", 
        "type": "drawing", 
        "SubClasses": "AcDbEntity:AcDbLine", 
        "Layer": "A-WALL", 
        "EntityHandle": "710", 
        "source": "BASEMENT.dxf", 
        "interactive": false
      }, 
      "type": "Feature", 
      "geometry": {
        "type": "MultiLineString", 
        "coordinates": [
          [
            [
              -95.575403400788105, 
              42.758670475645069
            ], 
            [
              -95.575362086065141, 
              42.758670475645069
            ]
          ]
        ]
      }
    }, 
    {
      "properties": {
        "level": "BASEMENT", 
        "type": "drawing", 
        "SubClasses": "AcDbEntity:AcDbLine", 
        "Layer": "A-WALL", 
        "EntityHandle": "712", 
        "source": "BASEMENT.dxf", 
        "interactive": false
      }, 
      "type": "Feature", 
      "geometry": {
        "type": "MultiLineString", 
        "coordinates": [
          [
            [
              -95.575358344354385, 
              42.758673222897819
            ], 
            [
              -95.575403400788105, 
              42.758673222897819
            ]
          ]
        ]
      }
    }, 
    {
      "properties": {
        "level": "BASEMENT", 
        "type": "drawing", 
        "SubClasses": "AcDbEntity:AcDbLine", 
        "Layer": "A-WALL", 
        "EntityHandle": "713", 
        "source": "BASEMENT.dxf", 
        "interactive": false
      }, 
      "type": "Feature", 
      "geometry": {
        "type": "MultiLineString", 
        "coordinates": [
          [
            [
              -95.575362086065141, 
              42.758670475645069
            ], 
            [
              -95.575362086065141, 
              42.758626488715407
            ]
          ]
        ]
      }
    }, 
    {
      "properties": {
        "level": "BASEMENT", 
        "type": "drawing", 
        "SubClasses": "AcDbEntity:AcDbLine", 
        "Layer": "A-WALL", 
        "EntityHandle": "714", 
        "source": "BASEMENT.dxf", 
        "interactive": false
      }, 
      "type": "Feature", 
      "geometry": {
        "type": "MultiLineString", 
        "coordinates": [
          [
            [
              -95.575362086065141, 
              42.758625344026761
            ], 
            [
              -95.575362086065141, 
              42.758623626993796
            ]
          ]
        ]
      }
    }, 
    {
      "properties": {
        "level": "BASEMENT", 
        "type": "drawing", 
        "SubClasses": "AcDbEntity:AcDbLine", 
        "Layer": "A-WALL", 
        "EntityHandle": "715", 
        "source": "BASEMENT.dxf", 
        "interactive": false
      }, 
      "type": "Feature", 
      "geometry": {
        "type": "MultiLineString", 
        "coordinates": [
          [
            [
              -95.575362086065141, 
              42.758623626993796
            ], 
            [
              -95.575358344354385, 
              42.758623626993796
            ]
          ]
        ]
      }
    }, 
    {
      "properties": {
        "level": "BASEMENT", 
        "type": "drawing", 
        "SubClasses": "AcDbEntity:AcDbLine", 
        "Layer": "A-WALL", 
        "EntityHandle": "716", 
        "source": "BASEMENT.dxf", 
        "interactive": false
      }, 
      "type": "Feature", 
      "geometry": {
        "type": "MultiLineString", 
        "coordinates": [
          [
            [
              -95.575358344354385, 
              42.758623626993796
            ], 
            [
              -95.575358344354385, 
              42.758626717653136
            ]
          ]
        ]
      }
    }, 
    {
      "properties": {
        "level": "BASEMENT", 
        "type": "drawing", 
        "SubClasses": "AcDbEntity:AcDbLine", 
        "Layer": "A-WALL", 
        "EntityHandle": "717", 
        "source": "BASEMENT.dxf", 
        "interactive": false
      }, 
      "type": "Feature", 
      "geometry": {
        "type": "MultiLineString", 
        "coordinates": [
          [
            [
              -95.575358344354385, 
              42.758629464905880
            ], 
            [
              -95.575358344354385, 
              42.758673222897819
            ]
          ]
        ]
      }
    }, 
    {
      "properties": {
        "level": "BASEMENT", 
        "type": "drawing", 
        "SubClasses": "AcDbEntity:AcDbLine", 
        "Layer": "A-WALL", 
        "EntityHandle": "718", 
        "source": "BASEMENT.dxf", 
        "interactive": false
      }, 
      "type": "Feature", 
      "geometry": {
        "type": "MultiLineString", 
        "coordinates": [
          [
            [
              -95.575362086065141, 
              42.758614469484634
            ], 
            [
              -95.575362086065141, 
              42.758611264356432
            ]
          ]
        ]
      }
    }, 
    {
      "properties": {
        "level": "BASEMENT", 
        "type": "drawing", 
        "SubClasses": "AcDbEntity:AcDbLine", 
        "Layer": "A-WALL", 
        "EntityHandle": "719", 
        "source": "BASEMENT.dxf", 
        "interactive": false
      }, 
      "type": "Feature", 
      "geometry": {
        "type": "MultiLineString", 
        "coordinates": [
          [
            [
              -95.575362086065141, 
              42.758610119667786
            ], 
            [
              -95.575362086065141, 
              42.758566995791590
            ]
          ]
        ]
      }
    }, 
    {
      "properties": {
        "level": "BASEMENT", 
        "type": "drawing", 
        "SubClasses": "AcDbEntity:AcDbLine", 
        "Layer": "A-WALL", 
        "EntityHandle": "71B", 
        "source": "BASEMENT.dxf", 
        "interactive": false
      }, 
      "type": "Feature", 
      "geometry": {
        "type": "MultiLineString", 
        "coordinates": [
          [
            [
              -95.575358344354385, 
              42.758564248538846
            ], 
            [
              -95.575358344354385, 
              42.758565278758624
            ]
          ]
        ]
      }
    }, 
    {
      "properties": {
        "level": "BASEMENT", 
        "type": "drawing", 
        "SubClasses": "AcDbEntity:AcDbLine", 
        "Layer": "A-WALL", 
        "EntityHandle": "71C", 
        "source": "BASEMENT.dxf", 
        "interactive": false
      }, 
      "type": "Feature", 
      "geometry": {
        "type": "MultiLineString", 
        "coordinates": [
          [
            [
              -95.575358344354385, 
              42.758567110260458
            ], 
            [
              -95.575358344354385, 
              42.758593323630421
            ]
          ]
        ]
      }
    }, 
    {
      "properties": {
        "level": "BASEMENT", 
        "type": "drawing", 
        "SubClasses": "AcDbEntity:AcDbLine", 
        "Layer": "A-WALL", 
        "EntityHandle": "71D", 
        "source": "BASEMENT.dxf", 
        "interactive": false
      }, 
      "type": "Feature", 
      "geometry": {
        "type": "MultiLineString", 
        "coordinates": [
          [
            [
              -95.575358344354385, 
              42.758595155132248
            ], 
            [
              -95.575358344354385, 
              42.758614469484634
            ]
          ]
        ]
      }
    }, 
    {
      "properties": {
        "level": "BASEMENT", 
        "type": "drawing", 
        "SubClasses": "AcDbEntity:AcDbLine", 
        "Layer": "A-WALL", 
        "EntityHandle": "71E", 
        "source": "BASEMENT.dxf", 
        "interactive": false
      }, 
      "type": "Feature", 
      "geometry": {
        "type": "MultiLineString", 
        "coordinates": [
          [
            [
              -95.575358344354385, 
              42.758614469484634
            ], 
            [
              -95.575362086065141, 
              42.758614469484634
            ]
          ]
        ]
      }
    }, 
    {
      "properties": {
        "level": "BASEMENT", 
        "type": "drawing", 
        "SubClasses": "AcDbEntity:AcDbLine", 
        "Layer": "A-WALL", 
        "EntityHandle": "71F", 
        "source": "BASEMENT.dxf", 
        "interactive": false
      }, 
      "type": "Feature", 
      "geometry": {
        "type": "MultiLineString", 
        "coordinates": [
          [
            [
              -95.575403400788105, 
              42.758564248538846
            ], 
            [
              -95.575358344354385, 
              42.758564248538846
            ]
          ]
        ]
      }
    }, 
    {
      "properties": {
        "level": "BASEMENT", 
        "type": "drawing", 
        "SubClasses": "AcDbEntity:AcDbLine", 
        "Layer": "A-WALL", 
        "EntityHandle": "720", 
        "source": "BASEMENT.dxf", 
        "interactive": false
      }, 
      "type": "Feature", 
      "geometry": {
        "type": "MultiLineString", 
        "coordinates": [
          [
            [
              -95.575362086065141, 
              42.758566995791590
            ], 
            [
              -95.575403400788105, 
              42.758566995791590
            ]
          ]
        ]
      }
    }, 
    {
      "properties": {
        "level": "BASEMENT", 
        "type": "drawing", 
        "SubClasses": "AcDbEntity:AcDbLine", 
        "Layer": "A-WALL", 
        "EntityHandle": "721", 
        "source": "BASEMENT.dxf", 
        "interactive": false
      }, 
      "type": "Feature", 
      "geometry": {
        "type": "MultiLineString", 
        "coordinates": [
          [
            [
              -95.575358344354385, 
              42.758565278758624
            ], 
            [
              -95.575344546795961, 
              42.758565278758624
            ]
          ]
        ]
      }
    }, 
    {
      "properties": {
        "level": "BASEMENT", 
        "type": "drawing", 
        "SubClasses": "AcDbEntity:AcDbLine", 
        "Layer": "A-WALL", 
        "EntityHandle": "722", 
        "source": "BASEMENT.dxf", 
        "interactive": false
      }, 
      "type": "Feature", 
      "geometry": {
        "type": "MultiLineString", 
        "coordinates": [
          [
            [
              -95.575325940088817, 
              42.758567110260458
            ], 
            [
              -95.575358344354385, 
              42.758567110260458
            ]
          ]
        ]
      }
    }, 
    {
      "properties": {
        "level": "BASEMENT", 
        "type": "drawing", 
        "SubClasses": "AcDbEntity:AcDbLine", 
        "Layer": "A-WALL", 
        "EntityHandle": "723", 
        "source": "BASEMENT.dxf", 
        "interactive": false
      }, 
      "type": "Feature", 
      "geometry": {
        "type": "MultiLineString", 
        "coordinates": [
          [
            [
              -95.575344546795961, 
              42.758564363007707
            ], 
            [
              -95.575339479895973, 
              42.758564363007707
            ]
          ]
        ]
      }
    }, 
    {
      "properties": {
        "level": "BASEMENT", 
        "type": "drawing", 
        "SubClasses": "AcDbEntity:AcDbLine", 
        "Layer": "A-WALL", 
        "EntityHandle": "724", 
        "source": "BASEMENT.dxf", 
        "interactive": false
      }, 
      "type": "Feature", 
      "geometry": {
        "type": "MultiLineString", 
        "coordinates": [
          [
            [
              -95.575339479895973, 
              42.758564363007707
            ], 
            [
              -95.575339479895973, 
              42.758565278758624
            ]
          ]
        ]
      }
    }, 
    {
      "properties": {
        "level": "BASEMENT", 
        "type": "drawing", 
        "SubClasses": "AcDbEntity:AcDbLine", 
        "Layer": "A-WALL", 
        "EntityHandle": "726", 
        "source": "BASEMENT.dxf", 
        "interactive": false
      }, 
      "type": "Feature", 
      "geometry": {
        "type": "MultiLineString", 
        "coordinates": [
          [
            [
              -95.575344546795961, 
              42.758565278758624
            ], 
            [
              -95.575344546795961, 
              42.758564363007707
            ]
          ]
        ]
      }
    }, 
    {
      "properties": {
        "level": "BASEMENT", 
        "type": "drawing", 
        "SubClasses": "AcDbEntity:AcDbLine", 
        "Layer": "A-WALL", 
        "EntityHandle": "727", 
        "source": "BASEMENT.dxf", 
        "interactive": false
      }, 
      "type": "Feature", 
      "geometry": {
        "type": "MultiLineString", 
        "coordinates": [
          [
            [
              -95.575339479895973, 
              42.758565278758624
            ], 
            [
              -95.575325940088817, 
              42.758565278758624
            ]
          ]
        ]
      }
    }, 
    {
      "properties": {
        "level": "BASEMENT", 
        "type": "drawing", 
        "SubClasses": "AcDbEntity:AcDbLine", 
        "Layer": "A-WALL", 
        "EntityHandle": "729", 
        "source": "BASEMENT.dxf", 
        "interactive": false
      }, 
      "type": "Feature", 
      "geometry": {
        "type": "MultiLineString", 
        "coordinates": [
          [
            [
              -95.575320951141137, 
              42.758563588074381
            ], 
            [
              -95.575320951141137, 
              42.758570856847271
            ]
          ]
        ]
      }
    }, 
    {
      "properties": {
        "level": "BASEMENT", 
        "type": "drawing", 
        "SubClasses": "AcDbEntity:AcDbLine", 
        "Layer": "A-WALL", 
        "EntityHandle": "72A", 
        "source": "BASEMENT.dxf", 
        "interactive": false
      }, 
      "type": "Feature", 
      "geometry": {
        "type": "MultiLineString", 
        "coordinates": [
          [
            [
              -95.575320951141137, 
              42.758570856847271
            ], 
            [
              -95.575322198378046, 
              42.758570856847271
            ]
          ]
        ]
      }
    }, 
    {
      "properties": {
        "level": "BASEMENT", 
        "type": "drawing", 
        "SubClasses": "AcDbEntity:AcDbLine", 
        "Layer": "A-WALL", 
        "EntityHandle": "72C", 
        "source": "BASEMENT.dxf", 
        "interactive": false
      }, 
      "type": "Feature", 
      "geometry": {
        "type": "MultiLineString", 
        "coordinates": [
          [
            [
              -95.575325940088817, 
              42.758565278758624
            ], 
            [
              -95.575325940088817, 
              42.758563588074381
            ]
          ]
        ]
      }
    }, 
    {
      "properties": {
        "level": "BASEMENT", 
        "type": "drawing", 
        "SubClasses": "AcDbEntity:AcDbLine", 
        "Layer": "A-WALL", 
        "EntityHandle": "72D", 
        "source": "BASEMENT.dxf", 
        "interactive": false
      }, 
      "type": "Feature", 
      "geometry": {
        "type": "MultiLineString", 
        "coordinates": [
          [
            [
              -95.575325940088817, 
              42.758563588074381
            ], 
            [
              -95.575320951141137, 
              42.758563588074381
            ]
          ]
        ]
      }
    }, 
    {
      "properties": {
        "level": "BASEMENT", 
        "type": "drawing", 
        "SubClasses": "AcDbEntity:AcDbLine", 
        "Layer": "A-WALL", 
        "EntityHandle": "72E", 
        "source": "BASEMENT.dxf", 
        "interactive": false
      }, 
      "type": "Feature", 
      "geometry": {
        "type": "MultiLineString", 
        "coordinates": [
          [
            [
              -95.575322198378046, 
              42.758570856847271
            ], 
            [
              -95.575322198378046, 
              42.758594666371081
            ]
          ]
        ]
      }
    }, 
    {
      "properties": {
        "level": "BASEMENT", 
        "type": "drawing", 
        "SubClasses": "AcDbEntity:AcDbLine", 
        "Layer": "A-WALL", 
        "EntityHandle": "72F", 
        "source": "BASEMENT.dxf", 
        "interactive": false
      }, 
      "type": "Feature", 
      "geometry": {
        "type": "MultiLineString", 
        "coordinates": [
          [
            [
              -95.575325940088817, 
              42.758612637982807
            ], 
            [
              -95.575325940088817, 
              42.758567110260458
            ]
          ]
        ]
      }
    }, 
    {
      "properties": {
        "level": "BASEMENT", 
        "type": "drawing", 
        "SubClasses": "AcDbEntity:AcDbLine", 
        "Layer": "A-WALL", 
        "EntityHandle": "730", 
        "source": "BASEMENT.dxf", 
        "interactive": false
      }, 
      "type": "Feature", 
      "geometry": {
        "type": "MultiLineString", 
        "coordinates": [
          [
            [
              -95.575320951141137, 
              42.758594666371081
            ], 
            [
              -95.575320951141137, 
              42.758601992378409
            ]
          ]
        ]
      }
    }, 
    {
      "properties": {
        "level": "BASEMENT", 
        "type": "drawing", 
        "SubClasses": "AcDbEntity:AcDbLine", 
        "Layer": "A-WALL", 
        "EntityHandle": "731", 
        "source": "BASEMENT.dxf", 
        "interactive": false
      }, 
      "type": "Feature", 
      "geometry": {
        "type": "MultiLineString", 
        "coordinates": [
          [
            [
              -95.575320951141137, 
              42.758601992378409
            ], 
            [
              -95.575322198378046, 
              42.758601992378409
            ]
          ]
        ]
      }
    }, 
    {
      "properties": {
        "level": "BASEMENT", 
        "type": "drawing", 
        "SubClasses": "AcDbEntity:AcDbLine", 
        "Layer": "A-WALL", 
        "EntityHandle": "733", 
        "source": "BASEMENT.dxf", 
        "interactive": false
      }, 
      "type": "Feature", 
      "geometry": {
        "type": "MultiLineString", 
        "coordinates": [
          [
            [
              -95.575322198378046, 
              42.758594666371081
            ], 
            [
              -95.575320951141137, 
              42.758594666371081
            ]
          ]
        ]
      }
    }, 
    {
      "properties": {
        "level": "BASEMENT", 
        "type": "drawing", 
        "SubClasses": "AcDbEntity:AcDbLine", 
        "Layer": "A-WALL", 
        "EntityHandle": "734", 
        "source": "BASEMENT.dxf", 
        "interactive": false
      }, 
      "type": "Feature", 
      "geometry": {
        "type": "MultiLineString", 
        "coordinates": [
          [
            [
              -95.575322198378046, 
              42.758601992378409
            ], 
            [
              -95.575322198378046, 
              42.758625801902220
            ]
          ]
        ]
      }
    }, 
    {
      "properties": {
        "level": "BASEMENT", 
        "type": "drawing", 
        "SubClasses": "AcDbEntity:AcDbLine", 
        "Layer": "A-WALL", 
        "EntityHandle": "735", 
        "source": "BASEMENT.dxf", 
        "interactive": false
      }, 
      "type": "Feature", 
      "geometry": {
        "type": "MultiLineString", 
        "coordinates": [
          [
            [
              -95.575325940088817, 
              42.758626717653136
            ], 
            [
              -95.575325940088817, 
              42.758614469484634
            ]
          ]
        ]
      }
    }, 
    {
      "properties": {
        "level": "BASEMENT", 
        "type": "drawing", 
        "SubClasses": "AcDbEntity:AcDbLine", 
        "Layer": "A-WALL", 
        "EntityHandle": "737", 
        "source": "BASEMENT.dxf", 
        "interactive": false
      }, 
      "type": "Feature", 
      "geometry": {
        "type": "MultiLineString", 
        "coordinates": [
          [
            [
              -95.575320951141137, 
              42.758625801902220
            ], 
            [
              -95.575320951141137, 
              42.758633127909548
            ]
          ]
        ]
      }
    }, 
    {
      "properties": {
        "level": "BASEMENT", 
        "type": "drawing", 
        "SubClasses": "AcDbEntity:AcDbLine", 
        "Layer": "A-WALL", 
        "EntityHandle": "738", 
        "source": "BASEMENT.dxf", 
        "interactive": false
      }, 
      "type": "Feature", 
      "geometry": {
        "type": "MultiLineString", 
        "coordinates": [
          [
            [
              -95.575320951141137, 
              42.758633127909548
            ], 
            [
              -95.575325940088817, 
              42.758633127909548
            ]
          ]
        ]
      }
    }, 
    {
      "properties": {
        "level": "BASEMENT", 
        "type": "drawing", 
        "SubClasses": "AcDbEntity:AcDbLine", 
        "Layer": "A-WALL", 
        "EntityHandle": "739", 
        "source": "BASEMENT.dxf", 
        "interactive": false
      }, 
      "type": "Feature", 
      "geometry": {
        "type": "MultiLineString", 
        "coordinates": [
          [
            [
              -95.575325940088817, 
              42.758633127909548
            ], 
            [
              -95.575325940088817, 
              42.758629464905880
            ]
          ]
        ]
      }
    }, 
    {
      "properties": {
        "level": "BASEMENT", 
        "type": "drawing", 
        "SubClasses": "AcDbEntity:AcDbLine", 
        "Layer": "A-WALL", 
        "EntityHandle": "73B", 
        "source": "BASEMENT.dxf", 
        "interactive": false
      }, 
      "type": "Feature", 
      "geometry": {
        "type": "MultiLineString", 
        "coordinates": [
          [
            [
              -95.575322198378046, 
              42.758625801902220
            ], 
            [
              -95.575320951141137, 
              42.758625801902220
            ]
          ]
        ]
      }
    }, 
    {
      "properties": {
        "level": "BASEMENT", 
        "type": "drawing", 
        "SubClasses": "AcDbEntity:AcDbLine", 
        "Layer": "A-WALL", 
        "EntityHandle": "73C", 
        "source": "BASEMENT.dxf", 
        "interactive": false
      }, 
      "type": "Feature", 
      "geometry": {
        "type": "MultiLineString", 
        "coordinates": [
          [
            [
              -95.575340818694997, 
              42.758612637982807
            ], 
            [
              -95.575325940088817, 
              42.758612637982807
            ]
          ]
        ]
      }
    }, 
    {
      "properties": {
        "level": "BASEMENT", 
        "type": "drawing", 
        "SubClasses": "AcDbEntity:AcDbLine", 
        "Layer": "A-WALL", 
        "EntityHandle": "73D", 
        "source": "BASEMENT.dxf", 
        "interactive": false
      }, 
      "type": "Feature", 
      "geometry": {
        "type": "MultiLineString", 
        "coordinates": [
          [
            [
              -95.575325940088817, 
              42.758614469484634
            ], 
            [
              -95.575343313168844, 
              42.758614469484634
            ]
          ]
        ]
      }
    }, 
    {
      "properties": {
        "level": "BASEMENT", 
        "type": "drawing", 
        "SubClasses": "AcDbEntity:AcDbLine", 
        "Layer": "A-WALL", 
        "EntityHandle": "73F", 
        "source": "BASEMENT.dxf", 
        "interactive": false
      }, 
      "type": "Feature", 
      "geometry": {
        "type": "MultiLineString", 
        "coordinates": [
          [
            [
              -95.575343313168844, 
              42.758614469484634
            ], 
            [
              -95.575343313168844, 
              42.758595155132248
            ]
          ]
        ]
      }
    }, 
    {
      "properties": {
        "level": "BASEMENT", 
        "type": "drawing", 
        "SubClasses": "AcDbEntity:AcDbLine", 
        "Layer": "A-WALL", 
        "EntityHandle": "741", 
        "source": "BASEMENT.dxf", 
        "interactive": false
      }, 
      "type": "Feature", 
      "geometry": {
        "type": "MultiLineString", 
        "coordinates": [
          [
            [
              -95.575340818694997, 
              42.758593323630421
            ], 
            [
              -95.575340818694997, 
              42.758612637982807
            ]
          ]
        ]
      }
    }, 
    {
      "properties": {
        "level": "BASEMENT", 
        "type": "drawing", 
        "SubClasses": "AcDbEntity:AcDbLine", 
        "Layer": "A-WALL", 
        "EntityHandle": "742", 
        "source": "BASEMENT.dxf", 
        "interactive": false
      }, 
      "type": "Feature", 
      "geometry": {
        "type": "MultiLineString", 
        "coordinates": [
          [
            [
              -95.575343313168844, 
              42.758595155132248
            ], 
            [
              -95.575358344354385, 
              42.758595155132248
            ]
          ]
        ]
      }
    }, 
    {
      "properties": {
        "level": "BASEMENT", 
        "type": "drawing", 
        "SubClasses": "AcDbEntity:AcDbLine", 
        "Layer": "A-WALL", 
        "EntityHandle": "743", 
        "source": "BASEMENT.dxf", 
        "interactive": false
      }, 
      "type": "Feature", 
      "geometry": {
        "type": "MultiLineString", 
        "coordinates": [
          [
            [
              -95.575358344354385, 
              42.758593323630421
            ], 
            [
              -95.575340818694997, 
              42.758593323630421
            ]
          ]
        ]
      }
    }, 
    {
      "properties": {
        "level": "BASEMENT", 
        "type": "drawing", 
        "SubClasses": "AcDbEntity:AcDbLine", 
        "Layer": "A-WALL", 
        "EntityHandle": "744", 
        "source": "BASEMENT.dxf", 
        "interactive": false
      }, 
      "type": "Feature", 
      "geometry": {
        "type": "MultiLineString", 
        "coordinates": [
          [
            [
              -95.575358344354385, 
              42.758626717653136
            ], 
            [
              -95.575325940088817, 
              42.758626717653136
            ]
          ]
        ]
      }
    }, 
    {
      "properties": {
        "level": "BASEMENT", 
        "type": "drawing", 
        "SubClasses": "AcDbEntity:AcDbLine", 
        "Layer": "A-WALL", 
        "EntityHandle": "745", 
        "source": "BASEMENT.dxf", 
        "interactive": false
      }, 
      "type": "Feature", 
      "geometry": {
        "type": "MultiLineString", 
        "coordinates": [
          [
            [
              -95.575325940088817, 
              42.758629464905880
            ], 
            [
              -95.575358344354385, 
              42.758629464905880
            ]
          ]
        ]
      }
    }, 
    {
      "properties": {
        "level": "BASEMENT", 
        "type": "drawing", 
        "SubClasses": "AcDbEntity:AcDbLine", 
        "Layer": "I-WALL", 
        "EntityHandle": "746", 
        "source": "BASEMENT.dxf", 
        "interactive": false
      }, 
      "type": "Feature", 
      "geometry": {
        "type": "MultiLineString", 
        "coordinates": [
          [
            [
              -95.575403400788105, 
              42.758610119667786
            ], 
            [
              -95.575362086065141, 
              42.758610119667786
            ]
          ]
        ]
      }
    }, 
    {
      "properties": {
        "level": "BASEMENT", 
        "type": "drawing", 
        "SubClasses": "AcDbEntity:AcDbLine", 
        "Layer": "I-WALL", 
        "EntityHandle": "747", 
        "source": "BASEMENT.dxf", 
        "interactive": false
      }, 
      "type": "Feature", 
      "geometry": {
        "type": "MultiLineString", 
        "coordinates": [
          [
            [
              -95.575362086065141, 
              42.758611264356432
            ], 
            [
              -95.575403400788105, 
              42.758611264356432
            ]
          ]
        ]
      }
    }, 
    {
      "properties": {
        "level": "BASEMENT", 
        "type": "drawing", 
        "SubClasses": "AcDbEntity:AcDbLine", 
        "Layer": "I-WALL", 
        "EntityHandle": "748", 
        "source": "BASEMENT.dxf", 
        "interactive": false
      }, 
      "type": "Feature", 
      "geometry": {
        "type": "MultiLineString", 
        "coordinates": [
          [
            [
              -95.575403400788105, 
              42.758625344026761
            ], 
            [
              -95.575362086065141, 
              42.758625344026761
            ]
          ]
        ]
      }
    }, 
    {
      "properties": {
        "level": "BASEMENT", 
        "type": "drawing", 
        "SubClasses": "AcDbEntity:AcDbLine", 
        "Layer": "I-WALL", 
        "EntityHandle": "749", 
        "source": "BASEMENT.dxf", 
        "interactive": false
      }, 
      "type": "Feature", 
      "geometry": {
        "type": "MultiLineString", 
        "coordinates": [
          [
            [
              -95.575362086065141, 
              42.758626488715407
            ], 
            [
              -95.575403400788105, 
              42.758626488715407
            ]
          ]
        ]
      }
    }, 
    {
      "properties": {
        "level": "BASEMENT", 
        "type": "drawing", 
        "SubClasses": "AcDbEntity:AcDbLine", 
        "Layer": "A-WALL", 
        "EntityHandle": "A6B", 
        "source": "BASEMENT.dxf", 
        "interactive": false
      }, 
      "type": "Feature", 
      "geometry": {
        "type": "MultiLineString", 
        "coordinates": [
          [
            [
              -95.575438947040325, 
              42.758590347439942
            ], 
            [
              -95.575437076184940, 
              42.758590347439942
            ]
          ]
        ]
      }
    }, 
    {
      "properties": {
        "level": "BASEMENT", 
        "type": "drawing", 
        "SubClasses": "AcDbEntity:AcDbLine", 
        "Layer": "A-WALL", 
        "EntityHandle": "A6C", 
        "source": "BASEMENT.dxf", 
        "interactive": false
      }, 
      "type": "Feature", 
      "geometry": {
        "type": "MultiLineString", 
        "coordinates": [
          [
            [
              -95.575437076184940, 
              42.758590347439942
            ], 
            [
              -95.575437076184940, 
              42.758591721066317
            ]
          ]
        ]
      }
    }, 
    {
      "properties": {
        "level": "BASEMENT", 
        "type": "drawing", 
        "SubClasses": "AcDbEntity:AcDbLine", 
        "Layer": "A-WALL", 
        "EntityHandle": "A6D", 
        "source": "BASEMENT.dxf", 
        "interactive": false
      }, 
      "type": "Feature", 
      "geometry": {
        "type": "MultiLineString", 
        "coordinates": [
          [
            [
              -95.575437076184940, 
              42.758591721066317
            ], 
            [
              -95.575438947040325, 
              42.758591721066317
            ]
          ]
        ]
      }
    }, 
    {
      "properties": {
        "level": "BASEMENT", 
        "type": "drawing", 
        "SubClasses": "AcDbEntity:AcDbLine", 
        "Layer": "A-WALL", 
        "EntityHandle": "A6E", 
        "source": "BASEMENT.dxf", 
        "interactive": false
      }, 
      "type": "Feature", 
      "geometry": {
        "type": "MultiLineString", 
        "coordinates": [
          [
            [
              -95.575424603815748, 
              42.758590347439942
            ], 
            [
              -95.575409636972708, 
              42.758590347439942
            ]
          ]
        ]
      }
    }, 
    {
      "properties": {
        "level": "BASEMENT", 
        "type": "drawing", 
        "SubClasses": "AcDbEntity:AcDbLine", 
        "Layer": "A-WALL", 
        "EntityHandle": "A6F", 
        "source": "BASEMENT.dxf", 
        "interactive": false
      }, 
      "type": "Feature", 
      "geometry": {
        "type": "MultiLineString", 
        "coordinates": [
          [
            [
              -95.575409636972708, 
              42.758591721066317
            ], 
            [
              -95.575424603815748, 
              42.758591721066317
            ]
          ]
        ]
      }
    }, 
    {
      "properties": {
        "level": "BASEMENT", 
        "type": "drawing", 
        "SubClasses": "AcDbEntity:AcDbLine", 
        "Layer": "A-WALL", 
        "EntityHandle": "A70", 
        "source": "BASEMENT.dxf", 
        "interactive": false
      }, 
      "type": "Feature", 
      "geometry": {
        "type": "MultiLineString", 
        "coordinates": [
          [
            [
              -95.575424603815748, 
              42.758591721066317
            ], 
            [
              -95.575424603815748, 
              42.758590347439942
            ]
          ]
        ]
      }
    }, 
    {
      "properties": {
        "level": "BASEMENT", 
        "type": "drawing", 
        "SubClasses": "AcDbEntity:AcDbLine", 
        "Layer": "A-WALL", 
        "EntityHandle": "ADA", 
        "source": "BASEMENT.dxf", 
        "interactive": false
      }, 
      "type": "Feature", 
      "geometry": {
        "type": "MultiLineString", 
        "coordinates": [
          [
            [
              -95.575679087381573, 
              42.758565941050371
            ], 
            [
              -95.575636369517071, 
              42.758565941050371
            ]
          ]
        ]
      }
    }, 
    {
      "properties": {
        "level": "BASEMENT", 
        "type": "drawing", 
        "SubClasses": "AcDbEntity:AcDbLine", 
        "Layer": "A-WALL", 
        "EntityHandle": "ADB", 
        "source": "BASEMENT.dxf", 
        "interactive": false
      }, 
      "type": "Feature", 
      "geometry": {
        "type": "MultiLineString", 
        "coordinates": [
          [
            [
              -95.575636369517071, 
              42.758565941050371
            ], 
            [
              -95.575636369517071, 
              42.758567314676746
            ]
          ]
        ]
      }
    }, 
    {
      "properties": {
        "level": "BASEMENT", 
        "type": "drawing", 
        "SubClasses": "AcDbEntity:AcDbLine", 
        "Layer": "A-WALL", 
        "EntityHandle": "ADC", 
        "source": "BASEMENT.dxf", 
        "interactive": false
      }, 
      "type": "Feature", 
      "geometry": {
        "type": "MultiLineString", 
        "coordinates": [
          [
            [
              -95.575636369517071, 
              42.758567314676746
            ], 
            [
              -95.575653427647140, 
              42.758567314676746
            ]
          ]
        ]
      }
    }, 
    {
      "properties": {
        "level": "BASEMENT", 
        "type": "drawing", 
        "SubClasses": "AcDbEntity:AcDbLine", 
        "Layer": "A-WALL", 
        "EntityHandle": "ADD", 
        "source": "BASEMENT.dxf", 
        "interactive": false
      }, 
      "type": "Feature", 
      "geometry": {
        "type": "MultiLineString", 
        "coordinates": [
          [
            [
              -95.575654011218560, 
              42.758567314676746
            ], 
            [
              -95.575680958236944, 
              42.758567314676746
            ]
          ]
        ]
      }
    }, 
    {
      "properties": {
        "level": "BASEMENT", 
        "type": "drawing", 
        "SubClasses": "AcDbEntity:AcDbLine", 
        "Layer": "S-STRS", 
        "EntityHandle": "B07", 
        "source": "BASEMENT.dxf", 
        "interactive": false
      }, 
      "type": "Feature", 
      "geometry": {
        "type": "MultiLineString", 
        "coordinates": [
          [
            [
              -95.575647837663965, 
              42.758410111680163
            ], 
            [
              -95.575648523551536, 
              42.758410111680163
            ]
          ]
        ]
      }
    }, 
    {
      "properties": {
        "level": "BASEMENT", 
        "type": "drawing", 
        "SubClasses": "AcDbEntity:AcDbLine", 
        "Layer": "S-STRS", 
        "EntityHandle": "B08", 
        "source": "BASEMENT.dxf", 
        "interactive": false
      }, 
      "type": "Feature", 
      "geometry": {
        "type": "MultiLineString", 
        "coordinates": [
          [
            [
              -95.575630336918636, 
              42.758385703748985
            ], 
            [
              -95.575630336918636, 
              42.758393945507223
            ]
          ]
        ]
      }
    }, 
    {
      "properties": {
        "level": "BASEMENT", 
        "type": "drawing", 
        "SubClasses": "AcDbEntity:AcDbLine", 
        "Layer": "S-STRS", 
        "EntityHandle": "B09", 
        "source": "BASEMENT.dxf", 
        "interactive": false
      }, 
      "type": "Feature", 
      "geometry": {
        "type": "MultiLineString", 
        "coordinates": [
          [
            [
              -95.575642809287828, 
              42.758400756404662
            ], 
            [
              -95.575646036787973, 
              42.758400756404662
            ]
          ]
        ]
      }
    }, 
    {
      "properties": {
        "level": "BASEMENT", 
        "type": "drawing", 
        "SubClasses": "AcDbEntity:AcDbLine", 
        "Layer": "S-STRS", 
        "EntityHandle": "B0A", 
        "source": "BASEMENT.dxf", 
        "interactive": false
      }, 
      "type": "Feature", 
      "geometry": {
        "type": "MultiLineString", 
        "coordinates": [
          [
            [
              -95.575642809287828, 
              42.758400954171009
            ], 
            [
              -95.575642809287828, 
              42.758400756404662
            ]
          ]
        ]
      }
    }, 
    {
      "properties": {
        "level": "BASEMENT", 
        "type": "drawing", 
        "SubClasses": "AcDbEntity:AcDbLine", 
        "Layer": "S-STRS", 
        "EntityHandle": "B0B", 
        "source": "BASEMENT.dxf", 
        "interactive": false
      }, 
      "type": "Feature", 
      "geometry": {
        "type": "MultiLineString", 
        "coordinates": [
          [
            [
              -95.575657078627842, 
              42.758383815012721
            ], 
            [
              -95.575657078627842, 
              42.758383357137262
            ]
          ]
        ]
      }
    }, 
    {
      "properties": {
        "level": "BASEMENT", 
        "type": "drawing", 
        "SubClasses": "AcDbEntity:AcDbLine", 
        "Layer": "S-STRS", 
        "EntityHandle": "B0C", 
        "source": "BASEMENT.dxf", 
        "interactive": false
      }, 
      "type": "Feature", 
      "geometry": {
        "type": "MultiLineString", 
        "coordinates": [
          [
            [
              -95.575657078627842, 
              42.758400756404662
            ], 
            [
              -95.575657078627842, 
              42.758400298529203
            ]
          ]
        ]
      }
    }, 
    {
      "properties": {
        "level": "BASEMENT", 
        "type": "drawing", 
        "SubClasses": "AcDbEntity:AcDbLine", 
        "Layer": "S-STRS", 
        "EntityHandle": "B0D", 
        "source": "BASEMENT.dxf", 
        "interactive": false
      }, 
      "type": "Feature", 
      "geometry": {
        "type": "MultiLineString", 
        "coordinates": [
          [
            [
              -95.575657078627842, 
              42.758400756404662
            ], 
            [
              -95.575646036787973, 
              42.758400756404662
            ]
          ]
        ]
      }
    }, 
    {
      "properties": {
        "level": "BASEMENT", 
        "type": "drawing", 
        "SubClasses": "AcDbEntity:AcDbLine", 
        "Layer": "S-STRS", 
        "EntityHandle": "B0E", 
        "source": "BASEMENT.dxf", 
        "interactive": false
      }, 
      "type": "Feature", 
      "geometry": {
        "type": "MultiLineString", 
        "coordinates": [
          [
            [
              -95.575642185669366, 
              42.758401869921926
            ], 
            [
              -95.575642185669366, 
              42.758409195929246
            ]
          ]
        ]
      }
    }, 
    {
      "properties": {
        "level": "BASEMENT", 
        "type": "drawing", 
        "SubClasses": "AcDbEntity:AcDbLine", 
        "Layer": "S-STRS", 
        "EntityHandle": "B0F", 
        "source": "BASEMENT.dxf", 
        "interactive": false
      }, 
      "type": "Feature", 
      "geometry": {
        "type": "MultiLineString", 
        "coordinates": [
          [
            [
              -95.575646788923251, 
              42.758399840653745
            ], 
            [
              -95.575646788923251, 
              42.758384272888179
            ]
          ]
        ]
      }
    }, 
    {
      "properties": {
        "level": "BASEMENT", 
        "type": "drawing", 
        "SubClasses": "AcDbEntity:AcDbLine", 
        "Layer": "S-STRS", 
        "EntityHandle": "B10", 
        "source": "BASEMENT.dxf", 
        "interactive": false
      }, 
      "type": "Feature", 
      "geometry": {
        "type": "MultiLineString", 
        "coordinates": [
          [
            [
              -95.575657078627842, 
              42.758399840653745
            ], 
            [
              -95.575657078627842, 
              42.758384272888179
            ]
          ]
        ]
      }
    }, 
    {
      "properties": {
        "level": "BASEMENT", 
        "type": "drawing", 
        "SubClasses": "AcDbEntity:AcDbLine", 
        "Layer": "S-STRS-MBND", 
        "EntityHandle": "B12", 
        "source": "BASEMENT.dxf", 
        "interactive": false
      }, 
      "type": "Feature", 
      "geometry": {
        "type": "MultiLineString", 
        "coordinates": [
          [
            [
              -95.575645022577660, 
              42.758404599229380
            ], 
            [
              -95.575642707590262, 
              42.758400954171009
            ]
          ]
        ]
      }
    }, 
    {
      "properties": {
        "level": "BASEMENT", 
        "type": "drawing", 
        "SubClasses": "AcDbEntity:AcDbLine", 
        "Layer": "S-STRS-MBND", 
        "EntityHandle": "B13", 
        "source": "BASEMENT.dxf", 
        "interactive": false
      }, 
      "type": "Feature", 
      "geometry": {
        "type": "MultiLineString", 
        "coordinates": [
          [
            [
              -95.575647205168522, 
              42.758404988688469
            ], 
            [
              -95.575645022577660, 
              42.758404599229380
            ]
          ]
        ]
      }
    }, 
    {
      "properties": {
        "level": "BASEMENT", 
        "type": "drawing", 
        "SubClasses": "AcDbEntity:AcDbLine", 
        "Layer": "S-STRS-MBND", 
        "EntityHandle": "B14", 
        "source": "BASEMENT.dxf", 
        "interactive": false
      }, 
      "type": "Feature", 
      "geometry": {
        "type": "MultiLineString", 
        "coordinates": [
          [
            [
              -95.575644025973276, 
              42.758406077162704
            ], 
            [
              -95.575647205168522, 
              42.758404988688469
            ]
          ]
        ]
      }
    }, 
    {
      "properties": {
        "level": "BASEMENT", 
        "type": "drawing", 
        "SubClasses": "AcDbEntity:AcDbLine", 
        "Layer": "S-STRS-MBND", 
        "EntityHandle": "B15", 
        "source": "BASEMENT.dxf", 
        "interactive": false
      }, 
      "type": "Feature", 
      "geometry": {
        "type": "MultiLineString", 
        "coordinates": [
          [
            [
              -95.575646208564137, 
              42.758406466621793
            ], 
            [
              -95.575644025973276, 
              42.758406077162704
            ]
          ]
        ]
      }
    }, 
    {
      "properties": {
        "level": "BASEMENT", 
        "type": "drawing", 
        "SubClasses": "AcDbEntity:AcDbLine", 
        "Layer": "S-STRS-MBND", 
        "EntityHandle": "B16", 
        "source": "BASEMENT.dxf", 
        "interactive": false
      }, 
      "type": "Feature", 
      "geometry": {
        "type": "MultiLineString", 
        "coordinates": [
          [
            [
              -95.575648523551536, 
              42.758410111680163
            ], 
            [
              -95.575646208564137, 
              42.758406466621793
            ]
          ]
        ]
      }
    }, 
    {
      "properties": {
        "level": "BASEMENT", 
        "type": "drawing", 
        "SubClasses": "AcDbEntity:AcDbLine", 
        "Layer": "S-STRS", 
        "EntityHandle": "B17", 
        "source": "BASEMENT.dxf", 
        "interactive": false
      }, 
      "type": "Feature", 
      "geometry": {
        "type": "MultiLineString", 
        "coordinates": [
          [
            [
              -95.575645615570906, 
              42.758406360808742
            ], 
            [
              -95.575645615570906, 
              42.758409195929246
            ]
          ]
        ]
      }
    }, 
    {
      "properties": {
        "level": "BASEMENT", 
        "type": "drawing", 
        "SubClasses": "AcDbEntity:AcDbLine", 
        "Layer": "S-STRS", 
        "EntityHandle": "B18", 
        "source": "BASEMENT.dxf", 
        "interactive": false
      }, 
      "type": "Feature", 
      "geometry": {
        "type": "MultiLineString", 
        "coordinates": [
          [
            [
              -95.575645615570906, 
              42.758404705042430
            ], 
            [
              -95.575645615570906, 
              42.758405532925586
            ]
          ]
        ]
      }
    }, 
    {
      "properties": {
        "level": "BASEMENT", 
        "type": "drawing", 
        "SubClasses": "AcDbEntity:AcDbLine", 
        "Layer": "S-STRS", 
        "EntityHandle": "B19", 
        "source": "BASEMENT.dxf", 
        "interactive": false
      }, 
      "type": "Feature", 
      "geometry": {
        "type": "MultiLineString", 
        "coordinates": [
          [
            [
              -95.575650218824791, 
              42.758399840653745
            ], 
            [
              -95.575650218824791, 
              42.758384272888179
            ]
          ]
        ]
      }
    }, 
    {
      "properties": {
        "level": "BASEMENT", 
        "type": "drawing", 
        "SubClasses": "AcDbEntity:AcDbLine", 
        "Layer": "S-STRS", 
        "EntityHandle": "B1A", 
        "source": "BASEMENT.dxf", 
        "interactive": false
      }, 
      "type": "Feature", 
      "geometry": {
        "type": "MultiLineString", 
        "coordinates": [
          [
            [
              -95.575653648726316, 
              42.758399840653745
            ], 
            [
              -95.575653648726316, 
              42.758384272888179
            ]
          ]
        ]
      }
    }, 
    {
      "properties": {
        "level": "BASEMENT", 
        "type": "drawing", 
        "SubClasses": "AcDbEntity:AcDbLine", 
        "Layer": "S-STRS-ANNO", 
        "EntityHandle": "B1C", 
        "source": "BASEMENT.dxf", 
        "interactive": false
      }, 
      "type": "Feature", 
      "geometry": {
        "type": "MultiLineString", 
        "coordinates": [
          [
            [
              -95.575650218824791, 
              42.758392056770958
            ], 
            [
              -95.575646788923251, 
              42.758392056770958
            ]
          ]
        ]
      }
    }, 
    {
      "properties": {
        "level": "BASEMENT", 
        "type": "drawing", 
        "SubClasses": "AcDbEntity:AcDbLine", 
        "Layer": "S-STRS-ANNO", 
        "EntityHandle": "B1D", 
        "source": "BASEMENT.dxf", 
        "interactive": false
      }, 
      "type": "Feature", 
      "geometry": {
        "type": "MultiLineString", 
        "coordinates": [
          [
            [
              -95.575653648726316, 
              42.758392056770958
            ], 
            [
              -95.575650218824791, 
              42.758392056770958
            ]
          ]
        ]
      }
    }, 
    {
      "properties": {
        "level": "BASEMENT", 
        "type": "drawing", 
        "SubClasses": "AcDbEntity:AcDbLine", 
        "Layer": "S-STRS-ANNO", 
        "EntityHandle": "B1E", 
        "source": "BASEMENT.dxf", 
        "interactive": false
      }, 
      "type": "Feature", 
      "geometry": {
        "type": "MultiLineString", 
        "coordinates": [
          [
            [
              -95.575657078627842, 
              42.758392056770958
            ], 
            [
              -95.575653648726316, 
              42.758392056770958
            ]
          ]
        ]
      }
    }, 
    {
      "properties": {
        "level": "BASEMENT", 
        "type": "drawing", 
        "SubClasses": "AcDbEntity:AcDbLine", 
        "Layer": "S-STRS-ANNO", 
        "EntityHandle": "B1F", 
        "source": "BASEMENT.dxf", 
        "interactive": false
      }, 
      "type": "Feature", 
      "geometry": {
        "type": "MultiLineString", 
        "coordinates": [
          [
            [
              -95.575646788923251, 
              42.758392056770958
            ], 
            [
              -95.575648659778636, 
              42.758390683144590
            ]
          ]
        ]
      }
    }, 
    {
      "properties": {
        "level": "BASEMENT", 
        "type": "drawing", 
        "SubClasses": "AcDbEntity:AcDbLine", 
        "Layer": "S-STRS-ANNO", 
        "EntityHandle": "B20", 
        "source": "BASEMENT.dxf", 
        "interactive": false
      }, 
      "type": "Feature", 
      "geometry": {
        "type": "MultiLineString", 
        "coordinates": [
          [
            [
              -95.575646788923251, 
              42.758392056770958
            ], 
            [
              -95.575648659778636, 
              42.758393430397334
            ]
          ]
        ]
      }
    }, 
    {
      "properties": {
        "level": "BASEMENT", 
        "type": "drawing", 
        "SubClasses": "AcDbEntity:AcDbLine", 
        "Layer": "S-STRS", 
        "EntityHandle": "B3F", 
        "source": "BASEMENT.dxf", 
        "interactive": false
      }, 
      "type": "Feature", 
      "geometry": {
        "type": "MultiLineString", 
        "coordinates": [
          [
            [
              -95.575655219027027, 
              42.758566308074514
            ], 
            [
              -95.575652788351078, 
              42.758566308074514
            ]
          ]
        ]
      }
    }, 
    {
      "properties": {
        "level": "BASEMENT", 
        "type": "drawing", 
        "SubClasses": "AcDbEntity:AcDbLine", 
        "Layer": "S-STRS", 
        "EntityHandle": "B40", 
        "source": "BASEMENT.dxf", 
        "interactive": false
      }, 
      "type": "Feature", 
      "geometry": {
        "type": "MultiLineString", 
        "coordinates": [
          [
            [
              -95.575674590627742, 
              42.758580044338252
            ], 
            [
              -95.575674590627742, 
              42.758567314676746
            ]
          ]
        ]
      }
    }, 
    {
      "properties": {
        "level": "BASEMENT", 
        "type": "drawing", 
        "SubClasses": "AcDbEntity:AcDbLine", 
        "Layer": "S-STRS-MBND", 
        "EntityHandle": "B41", 
        "source": "BASEMENT.dxf", 
        "interactive": false
      }, 
      "type": "Feature", 
      "geometry": {
        "type": "MultiLineString", 
        "coordinates": [
          [
            [
              -95.575658034113331, 
              42.758574567778048
            ], 
            [
              -95.575662093889107, 
              42.758580960089162
            ]
          ]
        ]
      }
    }, 
    {
      "properties": {
        "level": "BASEMENT", 
        "type": "drawing", 
        "SubClasses": "AcDbEntity:AcDbLine", 
        "Layer": "S-STRS-MBND", 
        "EntityHandle": "B42", 
        "source": "BASEMENT.dxf", 
        "interactive": false
      }, 
      "type": "Feature", 
      "geometry": {
        "type": "MultiLineString", 
        "coordinates": [
          [
            [
              -95.575655851522470, 
              42.758574178318952
            ], 
            [
              -95.575658034113331, 
              42.758574567778048
            ]
          ]
        ]
      }
    }, 
    {
      "properties": {
        "level": "BASEMENT", 
        "type": "drawing", 
        "SubClasses": "AcDbEntity:AcDbLine", 
        "Layer": "S-STRS-MBND", 
        "EntityHandle": "B43", 
        "source": "BASEMENT.dxf", 
        "interactive": false
      }, 
      "type": "Feature", 
      "geometry": {
        "type": "MultiLineString", 
        "coordinates": [
          [
            [
              -95.575659030717716, 
              42.758573089844724
            ], 
            [
              -95.575655851522470, 
              42.758574178318952
            ]
          ]
        ]
      }
    }, 
    {
      "properties": {
        "level": "BASEMENT", 
        "type": "drawing", 
        "SubClasses": "AcDbEntity:AcDbLine", 
        "Layer": "S-STRS-MBND", 
        "EntityHandle": "B44", 
        "source": "BASEMENT.dxf", 
        "interactive": false
      }, 
      "type": "Feature", 
      "geometry": {
        "type": "MultiLineString", 
        "coordinates": [
          [
            [
              -95.575656848126854, 
              42.758572700385628
            ], 
            [
              -95.575659030717716, 
              42.758573089844724
            ]
          ]
        ]
      }
    }, 
    {
      "properties": {
        "level": "BASEMENT", 
        "type": "drawing", 
        "SubClasses": "AcDbEntity:AcDbLine", 
        "Layer": "S-STRS-MBND", 
        "EntityHandle": "B45", 
        "source": "BASEMENT.dxf", 
        "interactive": false
      }, 
      "type": "Feature", 
      "geometry": {
        "type": "MultiLineString", 
        "coordinates": [
          [
            [
              -95.575652788351078, 
              42.758566308074514
            ], 
            [
              -95.575656848126854, 
              42.758572700385628
            ]
          ]
        ]
      }
    }, 
    {
      "properties": {
        "level": "BASEMENT", 
        "type": "drawing", 
        "SubClasses": "AcDbEntity:AcDbLine", 
        "Layer": "S-STRS", 
        "EntityHandle": "B46", 
        "source": "BASEMENT.dxf", 
        "interactive": false
      }, 
      "type": "Feature", 
      "geometry": {
        "type": "MultiLineString", 
        "coordinates": [
          [
            [
              -95.575654011218560, 
              42.758568233537858
            ], 
            [
              -95.575654011218560, 
              42.758567223825430
            ]
          ]
        ]
      }
    }, 
    {
      "properties": {
        "level": "BASEMENT", 
        "type": "drawing", 
        "SubClasses": "AcDbEntity:AcDbLine", 
        "Layer": "S-STRS", 
        "EntityHandle": "B47", 
        "source": "BASEMENT.dxf", 
        "interactive": false
      }, 
      "type": "Feature", 
      "geometry": {
        "type": "MultiLineString", 
        "coordinates": [
          [
            [
              -95.575657441120086, 
              42.758572806198686
            ], 
            [
              -95.575657441120086, 
              42.758567314676746
            ]
          ]
        ]
      }
    }, 
    {
      "properties": {
        "level": "BASEMENT", 
        "type": "drawing", 
        "SubClasses": "AcDbEntity:AcDbLine", 
        "Layer": "S-STRS", 
        "EntityHandle": "B48", 
        "source": "BASEMENT.dxf", 
        "interactive": false
      }, 
      "type": "Feature", 
      "geometry": {
        "type": "MultiLineString", 
        "coordinates": [
          [
            [
              -95.575657441120086, 
              42.758574461964990
            ], 
            [
              -95.575657441120086, 
              42.758573634081841
            ]
          ]
        ]
      }
    }, 
    {
      "properties": {
        "level": "BASEMENT", 
        "type": "drawing", 
        "SubClasses": "AcDbEntity:AcDbLine", 
        "Layer": "S-STRS", 
        "EntityHandle": "B49", 
        "source": "BASEMENT.dxf", 
        "interactive": false
      }, 
      "type": "Feature", 
      "geometry": {
        "type": "MultiLineString", 
        "coordinates": [
          [
            [
              -95.575660871021626, 
              42.758579034625825
            ], 
            [
              -95.575660871021626, 
              42.758567314676746
            ]
          ]
        ]
      }
    }, 
    {
      "properties": {
        "level": "BASEMENT", 
        "type": "drawing", 
        "SubClasses": "AcDbEntity:AcDbLine", 
        "Layer": "S-STRS", 
        "EntityHandle": "B4A", 
        "source": "BASEMENT.dxf", 
        "interactive": false
      }, 
      "type": "Feature", 
      "geometry": {
        "type": "MultiLineString", 
        "coordinates": [
          [
            [
              -95.575664300923151, 
              42.758580044338252
            ], 
            [
              -95.575664300923151, 
              42.758567314676746
            ]
          ]
        ]
      }
    }, 
    {
      "properties": {
        "level": "BASEMENT", 
        "type": "drawing", 
        "SubClasses": "AcDbEntity:AcDbLine", 
        "Layer": "S-STRS", 
        "EntityHandle": "B4B", 
        "source": "BASEMENT.dxf", 
        "interactive": false
      }, 
      "type": "Feature", 
      "geometry": {
        "type": "MultiLineString", 
        "coordinates": [
          [
            [
              -95.575667730824676, 
              42.758580044338252
            ], 
            [
              -95.575667730824676, 
              42.758567314676746
            ]
          ]
        ]
      }
    }, 
    {
      "properties": {
        "level": "BASEMENT", 
        "type": "drawing", 
        "SubClasses": "AcDbEntity:AcDbLine", 
        "Layer": "S-STRS", 
        "EntityHandle": "B4C", 
        "source": "BASEMENT.dxf", 
        "interactive": false
      }, 
      "type": "Feature", 
      "geometry": {
        "type": "MultiLineString", 
        "coordinates": [
          [
            [
              -95.575671160726202, 
              42.758580044338252
            ], 
            [
              -95.575671160726202, 
              42.758567314676746
            ]
          ]
        ]
      }
    }, 
    {
      "properties": {
        "level": "BASEMENT", 
        "type": "drawing", 
        "SubClasses": "AcDbEntity:AcDbLine", 
        "Layer": "S-STRS-ANNO", 
        "EntityHandle": "B4D", 
        "source": "BASEMENT.dxf", 
        "interactive": false
      }, 
      "type": "Feature", 
      "geometry": {
        "type": "MultiLineString", 
        "coordinates": [
          [
            [
              -95.575664300923151, 
              42.758573634081841
            ], 
            [
              -95.575661182830856, 
              42.758573634081841
            ]
          ]
        ]
      }
    }, 
    {
      "properties": {
        "level": "BASEMENT", 
        "type": "drawing", 
        "SubClasses": "AcDbEntity:AcDbLine", 
        "Layer": "S-STRS-ANNO", 
        "EntityHandle": "B4E", 
        "source": "BASEMENT.dxf", 
        "interactive": false
      }, 
      "type": "Feature", 
      "geometry": {
        "type": "MultiLineString", 
        "coordinates": [
          [
            [
              -95.575667730824676, 
              42.758573634081841
            ], 
            [
              -95.575664300923151, 
              42.758573634081841
            ]
          ]
        ]
      }
    }, 
    {
      "properties": {
        "level": "BASEMENT", 
        "type": "drawing", 
        "SubClasses": "AcDbEntity:AcDbLine", 
        "Layer": "S-STRS-ANNO", 
        "EntityHandle": "B4F", 
        "source": "BASEMENT.dxf", 
        "interactive": false
      }, 
      "type": "Feature", 
      "geometry": {
        "type": "MultiLineString", 
        "coordinates": [
          [
            [
              -95.575671160726202, 
              42.758573634081841
            ], 
            [
              -95.575667730824676, 
              42.758573634081841
            ]
          ]
        ]
      }
    }, 
    {
      "properties": {
        "level": "BASEMENT", 
        "type": "drawing", 
        "SubClasses": "AcDbEntity:AcDbLine", 
        "Layer": "S-STRS-ANNO", 
        "EntityHandle": "B50", 
        "source": "BASEMENT.dxf", 
        "interactive": false
      }, 
      "type": "Feature", 
      "geometry": {
        "type": "MultiLineString", 
        "coordinates": [
          [
            [
              -95.575674590627742, 
              42.758573634081841
            ], 
            [
              -95.575671160726202, 
              42.758573634081841
            ]
          ]
        ]
      }
    }, 
    {
      "properties": {
        "level": "BASEMENT", 
        "type": "drawing", 
        "SubClasses": "AcDbEntity:AcDbLine", 
        "Layer": "S-STRS-ANNO", 
        "EntityHandle": "B51", 
        "source": "BASEMENT.dxf", 
        "interactive": false
      }, 
      "type": "Feature", 
      "geometry": {
        "type": "MultiLineString", 
        "coordinates": [
          [
            [
              -95.575661182830856, 
              42.758573634081841
            ], 
            [
              -95.575663053686227, 
              42.758572260455466
            ]
          ]
        ]
      }
    }, 
    {
      "properties": {
        "level": "BASEMENT", 
        "type": "drawing", 
        "SubClasses": "AcDbEntity:AcDbLine", 
        "Layer": "S-STRS-ANNO", 
        "EntityHandle": "B52", 
        "source": "BASEMENT.dxf", 
        "interactive": false
      }, 
      "type": "Feature", 
      "geometry": {
        "type": "MultiLineString", 
        "coordinates": [
          [
            [
              -95.575661182830856, 
              42.758573634081841
            ], 
            [
              -95.575663053686227, 
              42.758575007708210
            ]
          ]
        ]
      }
    }, 
    {
      "properties": {
        "level": "BASEMENT", 
        "type": "drawing", 
        "SubClasses": "AcDbEntity:AcDbLine", 
        "Layer": "S-STRS", 
        "EntityHandle": "B62", 
        "source": "BASEMENT.dxf", 
        "interactive": false
      }, 
      "type": "Feature", 
      "geometry": {
        "type": "MultiLineString", 
        "coordinates": [
          [
            [
              -95.575357184114722, 
              42.758611258521938
            ], 
            [
              -95.575357807733184, 
              42.758611258521938
            ]
          ]
        ]
      }
    }, 
    {
      "properties": {
        "level": "BASEMENT", 
        "type": "drawing", 
        "SubClasses": "AcDbEntity:AcDbLine", 
        "Layer": "S-STRS", 
        "EntityHandle": "B63", 
        "source": "BASEMENT.dxf", 
        "interactive": false
      }, 
      "type": "Feature", 
      "geometry": {
        "type": "MultiLineString", 
        "coordinates": [
          [
            [
              -95.575357807733184, 
              42.758611258521938
            ], 
            [
              -95.575357807733184, 
              42.758596211572275
            ]
          ]
        ]
      }
    }, 
    {
      "properties": {
        "level": "BASEMENT", 
        "type": "drawing", 
        "SubClasses": "AcDbEntity:AcDbLine", 
        "Layer": "S-STRS", 
        "EntityHandle": "B64", 
        "source": "BASEMENT.dxf", 
        "interactive": false
      }, 
      "type": "Feature", 
      "geometry": {
        "type": "MultiLineString", 
        "coordinates": [
          [
            [
              -95.575343464508606, 
              42.758611258521938
            ], 
            [
              -95.575344088127054, 
              42.758611258521938
            ]
          ]
        ]
      }
    }, 
    {
      "properties": {
        "level": "BASEMENT", 
        "type": "drawing", 
        "SubClasses": "AcDbEntity:AcDbLine", 
        "Layer": "S-STRS", 
        "EntityHandle": "B65", 
        "source": "BASEMENT.dxf", 
        "interactive": false
      }, 
      "type": "Feature", 
      "geometry": {
        "type": "MultiLineString", 
        "coordinates": [
          [
            [
              -95.575343464508606, 
              42.758611258521938
            ], 
            [
              -95.575343464508606, 
              42.758601122321423
            ]
          ]
        ]
      }
    }, 
    {
      "properties": {
        "level": "BASEMENT", 
        "type": "drawing", 
        "SubClasses": "AcDbEntity:AcDbLine", 
        "Layer": "S-STRS", 
        "EntityHandle": "B66", 
        "source": "BASEMENT.dxf", 
        "interactive": false
      }, 
      "type": "Feature", 
      "geometry": {
        "type": "MultiLineString", 
        "coordinates": [
          [
            [
              -95.575344711745515, 
              42.758611258521938
            ], 
            [
              -95.575356560496260, 
              42.758611258521938
            ]
          ]
        ]
      }
    }, 
    {
      "properties": {
        "level": "BASEMENT", 
        "type": "drawing", 
        "SubClasses": "AcDbEntity:AcDbLine", 
        "Layer": "S-STRS-MBND", 
        "EntityHandle": "B67", 
        "source": "BASEMENT.dxf", 
        "interactive": false
      }, 
      "type": "Feature", 
      "geometry": {
        "type": "MultiLineString", 
        "coordinates": [
          [
            [
              -95.575349364442786, 
              42.758599102336539
            ], 
            [
              -95.575343464508606, 
              42.758601122321423
            ]
          ]
        ]
      }
    }, 
    {
      "properties": {
        "level": "BASEMENT", 
        "type": "drawing", 
        "SubClasses": "AcDbEntity:AcDbLine", 
        "Layer": "S-STRS-MBND", 
        "EntityHandle": "B68", 
        "source": "BASEMENT.dxf", 
        "interactive": false
      }, 
      "type": "Feature", 
      "geometry": {
        "type": "MultiLineString", 
        "coordinates": [
          [
            [
              -95.575349894879338, 
              42.758597499826585
            ], 
            [
              -95.575349364442786, 
              42.758599102336539
            ]
          ]
        ]
      }
    }, 
    {
      "properties": {
        "level": "BASEMENT", 
        "type": "drawing", 
        "SubClasses": "AcDbEntity:AcDbLine", 
        "Layer": "S-STRS-MBND", 
        "EntityHandle": "B69", 
        "source": "BASEMENT.dxf", 
        "interactive": false
      }, 
      "type": "Feature", 
      "geometry": {
        "type": "MultiLineString", 
        "coordinates": [
          [
            [
              -95.575351377362438, 
              42.758599834067113
            ], 
            [
              -95.575349894879338, 
              42.758597499826585
            ]
          ]
        ]
      }
    }, 
    {
      "properties": {
        "level": "BASEMENT", 
        "type": "drawing", 
        "SubClasses": "AcDbEntity:AcDbLine", 
        "Layer": "S-STRS-MBND", 
        "EntityHandle": "B6A", 
        "source": "BASEMENT.dxf", 
        "interactive": false
      }, 
      "type": "Feature", 
      "geometry": {
        "type": "MultiLineString", 
        "coordinates": [
          [
            [
              -95.575351907798989, 
              42.758598231557158
            ], 
            [
              -95.575351377362438, 
              42.758599834067113
            ]
          ]
        ]
      }
    }, 
    {
      "properties": {
        "level": "BASEMENT", 
        "type": "drawing", 
        "SubClasses": "AcDbEntity:AcDbLine", 
        "Layer": "S-STRS-MBND", 
        "EntityHandle": "B6B", 
        "source": "BASEMENT.dxf", 
        "interactive": false
      }, 
      "type": "Feature", 
      "geometry": {
        "type": "MultiLineString", 
        "coordinates": [
          [
            [
              -95.575357807733184, 
              42.758596211572275
            ], 
            [
              -95.575357184114722, 
              42.758596425083105
            ]
          ]
        ]
      }
    }, 
    {
      "properties": {
        "level": "BASEMENT", 
        "type": "drawing", 
        "SubClasses": "AcDbEntity:AcDbLine", 
        "Layer": "S-STRS-MBND", 
        "EntityHandle": "B6C", 
        "source": "BASEMENT.dxf", 
        "interactive": false
      }, 
      "type": "Feature", 
      "geometry": {
        "type": "MultiLineString", 
        "coordinates": [
          [
            [
              -95.575356953399577, 
              42.758596504074006
            ], 
            [
              -95.575351907798989, 
              42.758598231557158
            ]
          ]
        ]
      }
    }, 
    {
      "properties": {
        "level": "BASEMENT", 
        "type": "drawing", 
        "SubClasses": "AcDbEntity:AcDbLine", 
        "Layer": "S-STRS", 
        "EntityHandle": "B6D", 
        "source": "BASEMENT.dxf", 
        "interactive": false
      }, 
      "type": "Feature", 
      "geometry": {
        "type": "MultiLineString", 
        "coordinates": [
          [
            [
              -95.575351763683429, 
              42.758598666946845
            ], 
            [
              -95.575356560496260, 
              42.758598666946845
            ]
          ]
        ]
      }
    }, 
    {
      "properties": {
        "level": "BASEMENT", 
        "type": "drawing", 
        "SubClasses": "AcDbEntity:AcDbLine", 
        "Layer": "S-STRS", 
        "EntityHandle": "B6E", 
        "source": "BASEMENT.dxf", 
        "interactive": false
      }, 
      "type": "Feature", 
      "geometry": {
        "type": "MultiLineString", 
        "coordinates": [
          [
            [
              -95.575349508558347, 
              42.758598666946845
            ], 
            [
              -95.575350636120888, 
              42.758598666946845
            ]
          ]
        ]
      }
    }, 
    {
      "properties": {
        "level": "BASEMENT", 
        "type": "drawing", 
        "SubClasses": "AcDbEntity:AcDbLine", 
        "Layer": "S-STRS", 
        "EntityHandle": "B6F", 
        "source": "BASEMENT.dxf", 
        "interactive": false
      }, 
      "type": "Feature", 
      "geometry": {
        "type": "MultiLineString", 
        "coordinates": [
          [
            [
              -95.575344711745515, 
              42.758601185261867
            ], 
            [
              -95.575356560496260, 
              42.758601185261867
            ]
          ]
        ]
      }
    }, 
    {
      "properties": {
        "level": "BASEMENT", 
        "type": "drawing", 
        "SubClasses": "AcDbEntity:AcDbLine", 
        "Layer": "S-STRS", 
        "EntityHandle": "B70", 
        "source": "BASEMENT.dxf", 
        "interactive": false
      }, 
      "type": "Feature", 
      "geometry": {
        "type": "MultiLineString", 
        "coordinates": [
          [
            [
              -95.575344711745515, 
              42.758603703576881
            ], 
            [
              -95.575356560496260, 
              42.758603703576881
            ]
          ]
        ]
      }
    }, 
    {
      "properties": {
        "level": "BASEMENT", 
        "type": "drawing", 
        "SubClasses": "AcDbEntity:AcDbLine", 
        "Layer": "S-STRS", 
        "EntityHandle": "B71", 
        "source": "BASEMENT.dxf", 
        "interactive": false
      }, 
      "type": "Feature", 
      "geometry": {
        "type": "MultiLineString", 
        "coordinates": [
          [
            [
              -95.575344711745515, 
              42.758606221891903
            ], 
            [
              -95.575356560496260, 
              42.758606221891903
            ]
          ]
        ]
      }
    }, 
    {
      "properties": {
        "level": "BASEMENT", 
        "type": "drawing", 
        "SubClasses": "AcDbEntity:AcDbLine", 
        "Layer": "S-STRS", 
        "EntityHandle": "B72", 
        "source": "BASEMENT.dxf", 
        "interactive": false
      }, 
      "type": "Feature", 
      "geometry": {
        "type": "MultiLineString", 
        "coordinates": [
          [
            [
              -95.575344711745515, 
              42.758608740206924
            ], 
            [
              -95.575356560496260, 
              42.758608740206924
            ]
          ]
        ]
      }
    }
  ], 
  "name": "738001_Cherokee MH_Voldeng Building - BASEMENT"
}