{
  "target_lat": 40.593899999999998,
  "rotation_deg_cw": 0.0,
  "anchor_feet": [
    -94.64137803733618,
    738.820204705947
  ],
  "units": "feet",
  "scale_deg_per_foot": 2.8944945939627196e-06,
  "target_lon": -98.373900000000006
}
