{
  "features": [
    {
      "geometry": {
        "coordinates": [
          [
            [
              -95.573862400683623, 
              42.757360583393520
            ], 
            [
              -95.573880173478202, 
              42.757360583393520
            ], 
            [
              -95.573892333811344, 
              42.757360583393520
            ], 
            [
              -95.573901687913761, 
              42.757360583393520
            ], 
            [
              -95.573907742599943, 
              42.757360583393520
            ], 
            [
              -95.573924364797008, 
              42.757355713462879
            ], 
            [
              -95.573907742599943, 
              42.757325127152860
            ], 
            [
              -95.573901687913761, 
              42.757325127152860
            ], 
            [
              -95.573887344956717, 
              42.757325127152860
            ], 
            [
              -95.573862400683623, 
              42.757325127152860
            ], 
            [
              -95.573862400683623, 
              42.757360583393520
            ]
          ]
        ], 
        "type": "Polygon"
      }, 
      "properties": {
        "Seat Count": "", 
        "Number": "030", 
        "NCES_Type": "General Storage", 
        "Workstations": "", 
        "Element": "Room", 
        "RevitId": 5875842, 
        "occupancyStatus": "Occupied", 
        "Building": "Connected Core", 
        "Area_SF": 186.46000000000001, 
        "Name": "STORAGE", 
        "NCES_Occupancy Status": "", 
        "NCES_Department": "General", 
        "Level": "BASEMENT", 
        "Revit_UniqueId": "3de05ad8-997a-47a3-9f02-9941f977ed77-0059a882"
      }, 
      "type": "Feature"
    }, 
    {
      "geometry": {
        "coordinates": [
          [
            [
              -95.573901687913761, 
              42.757296280999014
            ], 
            [
              -95.573901687913761, 
              42.757281518208387
            ], 
            [
              -95.573862400683623, 
              42.757281518208387
            ], 
            [
              -95.573862400683623, 
              42.757325127152860
            ], 
            [
              -95.573887344956717, 
              42.757325127152860
            ], 
            [
              -95.573887344956717, 
              42.757296280999014
            ], 
            [
              -95.573901687913761, 
              42.757296280999014
            ]
          ]
        ], 
        "type": "Polygon"
      }, 
      "properties": {
        "Seat Count": "", 
        "Number": "032", 
        "NCES_Type": "General Storage", 
        "Workstations": "", 
        "Element": "Room", 
        "RevitId": 5875846, 
        "occupancyStatus": "Occupied", 
        "Building": "Connected Core", 
        "Area_SF": 103.22000000000000, 
        "Name": "STOR", 
        "NCES_Occupancy Status": "", 
        "NCES_Department": "General", 
        "Level": "BASEMENT", 
        "Revit_UniqueId": "3de05ad8-997a-47a3-9f02-9941f977ed77-0059a886"
      }, 
      "type": "Feature"
    }, 
    {
      "geometry": {
        "coordinates": [
          [
            [
              -95.573901687913761, 
              42.757325127152860
            ], 
            [
              -95.573901687913761, 
              42.757296280999014
            ], 
            [
              -95.573887344956717, 
              42.757296280999014
            ], 
            [
              -95.573887344956717, 
              42.757325127152860
            ], 
            [
              -95.573901687913761, 
              42.757325127152860
            ]
          ]
        ], 
        "type": "Polygon"
      }, 
      "properties": {
        "Seat Count": "", 
        "Number": "032A", 
        "NCES_Type": "General Storage", 
        "Workstations": "", 
        "Element": "Room", 
        "RevitId": 5875849, 
        "occupancyStatus": "Occupied", 
        "Building": "Connected Core", 
        "Area_SF": 26.920000000000002, 
        "Name": "STOR", 
        "NCES_Occupancy Status": "", 
        "NCES_Department": "General", 
        "Level": "BASEMENT", 
        "Revit_UniqueId": "3de05ad8-997a-47a3-9f02-9941f977ed77-0059a889"
      }, 
      "type": "Feature"
    }, 
    {
      "geometry": {
        "coordinates": [
          [
            [
              -95.573614819386194, 
              42.757297100352616
            ], 
            [
              -95.573614819386194, 
              42.757325127152860
            ], 
            [
              -95.573592369540407, 
              42.757325127152860
            ], 
            [
              -95.573445903644298, 
              42.757325127152860
            ], 
            [
              -95.573445903644298, 
              42.757327187592423
            ], 
            [
              -95.573424389208739, 
              42.757327187592423
            ], 
            [
              -95.573423453798497, 
              42.757325127152860
            ], 
            [
              -95.573416607946527, 
              42.757325127152860
            ], 
            [
              -95.573416607946527, 
              42.757360583393520
            ], 
            [
              -95.573478249490975, 
              42.757360583393520
            ], 
            [
              -95.573505376387971, 
              42.757360583393520
            ], 
            [
              -95.573520342951824, 
              42.757360583393520
            ], 
            [
              -95.573533253502006, 
              42.757360583393520
            ], 
            [
              -95.573614819386194, 
              42.757360583393520
            ], 
            [
              -95.573614819386194, 
              42.757359209767152
            ], 
            [
              -95.573616697689957, 
              42.757359209767152
            ], 
            [
              -95.573674670591089, 
              42.757359209767152
            ], 
            [
              -95.573676548894852, 
              42.757359209767152
            ], 
            [
              -95.573676548894852, 
              42.757360583393520
            ], 
            [
              -95.573708976449879, 
              42.757360583393520
            ], 
            [
              -95.573743898432213, 
              42.757360583393520
            ], 
            [
              -95.573752940731211, 
              42.757360583393520
            ], 
            [
              -95.573761999984399, 
              42.757360583393520
            ], 
            [
              -95.573761999984399, 
              42.757325127152860
            ], 
            [
              -95.573676548894852, 
              42.757325127152860
            ], 
            [
              -95.573676548894852, 
              42.757294338721202
            ], 
            [
              -95.573676548894852, 
              42.757279246492317
            ], 
            [
              -95.573676548894852, 
              42.757263643915195
            ], 
            [
              -95.573676548894852, 
              42.757260337775577
            ], 
            [
              -95.573613883975952, 
              42.757260337775577
            ], 
            [
              -95.573613883975952, 
              42.757263643915195
            ], 
            [
              -95.573613883975952, 
              42.757279270903759
            ], 
            [
              -95.573613883975952, 
              42.757294338721202
            ], 
            [
              -95.573614819386194, 
              42.757294338721202
            ], 
            [
              -95.573614819386194, 
              42.757297100352616
            ]
          ]
        ], 
        "type": "Polygon"
      }, 
      "properties": {
        "Seat Count": "", 
        "Number": "059", 
        "NCES_Type": "Patient Activity Room", 
        "Workstations": "", 
        "Element": "Room", 
        "RevitId": 5875855, 
        "occupancyStatus": "Occupied", 
        "Building": "Connected Core", 
        "Area_SF": 1503.8299999999999, 
        "Name": "INDUSTRIAL ARTS / WOODWORKING", 
        "NCES_Occupancy Status": "", 
        "NCES_Department": "General", 
        "Level": "BASEMENT", 
        "Revit_UniqueId": "3de05ad8-997a-47a3-9f02-9941f977ed77-0059a88f"
      }, 
      "type": "Feature"
    }, 
    {
      "geometry": {
        "coordinates": [
          [
            [
              -95.573782267206283, 
              42.757325127152860
            ], 
            [
              -95.573831843949080, 
              42.757325127152860
            ], 
            [
              -95.573831843949080, 
              42.757281518208387
            ], 
            [
              -95.573781348583296, 
              42.757281518208387
            ], 
            [
              -95.573780396385800, 
              42.757281518208387
            ], 
            [
              -95.573780396385800, 
              42.757294338721202
            ], 
            [
              -95.573782267206283, 
              42.757294338721202
            ], 
            [
              -95.573782267206283, 
              42.757295717842084
            ], 
            [
              -95.573782267206283, 
              42.757325127152860
            ]
          ]
        ], 
        "type": "Polygon"
      }, 
      "properties": {
        "Seat Count": "", 
        "Number": "031", 
        "NCES_Type": "General Storage", 
        "Workstations": "", 
        "Element": "Room", 
        "RevitId": 5875858, 
        "occupancyStatus": "Occupied", 
        "Building": "Connected Core", 
        "Area_SF": 183.25999999999999, 
        "Name": "STOR", 
        "NCES_Occupancy Status": "", 
        "NCES_Department": "General", 
        "Level": "BASEMENT", 
        "Revit_UniqueId": "3de05ad8-997a-47a3-9f02-9941f977ed77-0059a892"
      }, 
      "type": "Feature"
    }, 
    {
      "geometry": {
        "coordinates": [
          [
            [
              -95.573676548894852, 
              42.757325127152860
            ], 
            [
              -95.573761999984399, 
              42.757325127152860
            ], 
            [
              -95.573761999984399, 
              42.757294338721202
            ], 
            [
              -95.573694338476670, 
              42.757294338721202
            ], 
            [
              -95.573676548894852, 
              42.757294338721202
            ], 
            [
              -95.573676548894852, 
              42.757325127152860
            ]
          ]
        ], 
        "type": "Polygon"
      }, 
      "properties": {
        "Seat Count": "", 
        "Number": "063", 
        "NCES_Type": "General Storage", 
        "Workstations": "", 
        "Element": "Room", 
        "RevitId": 5875864, 
        "occupancyStatus": "Occupied", 
        "Building": "Connected Core", 
        "Area_SF": 206.52000000000001, 
        "Name": "STORAGE", 
        "NCES_Occupancy Status": "", 
        "NCES_Department": "General", 
        "Level": "BASEMENT", 
        "Revit_UniqueId": "3de05ad8-997a-47a3-9f02-9941f977ed77-0059a898"
      }, 
      "type": "Feature"
    }, 
    {
      "geometry": {
        "coordinates": [
          [
            [
              -95.573383239939304, 
              42.757283348038946
            ], 
            [
              -95.573383239939304, 
              42.757325127152860
            ], 
            [
              -95.573380433708579, 
              42.757325127152860
            ], 
            [
              -95.573378584575849, 
              42.757360583393520
            ], 
            [
              -95.573381390806574, 
              42.757360583393520
            ], 
            [
              -95.573381390806574, 
              42.757404081562022
            ], 
            [
              -95.573613883975952, 
              42.757404081562022
            ], 
            [
              -95.573613883975952, 
              42.757402936873376
            ], 
            [
              -95.573615762279715, 
              42.757402936873376
            ], 
            [
              -95.573675606001331, 
              42.757402936873376
            ], 
            [
              -95.573677484305094, 
              42.757402936873376
            ], 
            [
              -95.573677484305094, 
              42.757404081562022
            ], 
            [
              -95.573757322933190, 
              42.757404081562022
            ], 
            [
              -95.573775719334591, 
              42.757404081562022
            ], 
            [
              -95.573901687913761, 
              42.757404081562022
            ], 
            [
              -95.573901687913761, 
              42.757402464619254
            ], 
            [
              -95.573901687913761, 
              42.757367680463119
            ], 
            [
              -95.573892333811344, 
              42.757367680463119
            ], 
            [
              -95.573892333811344, 
              42.757360583393520
            ], 
            [
              -95.573880173478202, 
              42.757360583393520
            ], 
            [
              -95.573880173478202, 
              42.757373174968613
            ], 
            [
              -95.573862400683623, 
              42.757373174968613
            ], 
            [
              -95.573862400683623, 
              42.757360583393520
            ], 
            [
              -95.573844004282208, 
              42.757360583393520
            ], 
            [
              -95.573761999984399, 
              42.757360583393520
            ], 
            [
              -95.573752940731211, 
              42.757360583393520
            ], 
            [
              -95.573752940731211, 
              42.757368596214036
            ], 
            [
              -95.573743898432213, 
              42.757368596214036
            ], 
            [
              -95.573743898432213, 
              42.757360583393520
            ], 
            [
              -95.573708976449879, 
              42.757360583393520
            ], 
            [
              -95.573708976449879, 
              42.757378898411837
            ], 
            [
              -95.573676548894852, 
              42.757378898411837
            ], 
            [
              -95.573614819386194, 
              42.757378898411837
            ], 
            [
              -95.573614819386194, 
              42.757379585225024
            ], 
            [
              -95.573612941082430, 
              42.757379585225024
            ], 
            [
              -95.573533253502006, 
              42.757379585225024
            ], 
            [
              -95.573533253502006, 
              42.757360583393520
            ], 
            [
              -95.573520342951824, 
              42.757360583393520
            ], 
            [
              -95.573520342951824, 
              42.757372259217696
            ], 
            [
              -95.573505376387971, 
              42.757372259217696
            ], 
            [
              -95.573505376387971, 
              42.757360583393520
            ], 
            [
              -95.573478249490975, 
              42.757360583393520
            ], 
            [
              -95.573416607946527, 
              42.757360583393520
            ], 
            [
              -95.573416607946527, 
              42.757325127152860
            ], 
            [
              -95.573416607946527, 
              42.757292378288803
            ], 
            [
              -95.573416607946527, 
              42.757291677096951
            ], 
            [
              -95.573416914707977, 
              42.757291677096951
            ], 
            [
              -95.573416914707977, 
              42.757277853533452
            ], 
            [
              -95.573416914707977, 
              42.757177883300528
            ], 
            [
              -95.573384175349545, 
              42.757177883300528
            ], 
            [
              -95.573384175349545, 
              42.757192306377448
            ], 
            [
              -95.573384175349545, 
              42.757207416267562
            ], 
            [
              -95.573384175349545, 
              42.757225496853643
            ], 
            [
              -95.573384175349545, 
              42.757226875974517
            ], 
            [
              -95.573383239939304, 
              42.757226875974517
            ], 
            [
              -95.573383239939304, 
              42.757259996390594
            ], 
            [
              -95.573383239939304, 
              42.757283348038946
            ]
          ]
        ], 
        "type": "Polygon"
      }, 
      "properties": {
        "Seat Count": "", 
        "Number": "50", 
        "NCES_Type": "Corridor/Hallway", 
        "Workstations": "", 
        "Element": "Room", 
        "RevitId": 5875867, 
        "occupancyStatus": "Occupied", 
        "Building": "Connected Core", 
        "Area_SF": 2207.5300000000002, 
        "Name": "CORRIDOR", 
        "NCES_Occupancy Status": "", 
        "NCES_Department": "General", 
        "Level": "BASEMENT", 
        "Revit_UniqueId": "3de05ad8-997a-47a3-9f02-9941f977ed77-0059a89b"
      }, 
      "type": "Feature"
    }, 
    {
      "geometry": {
        "coordinates": [
          [
            [
              -95.573880173478202, 
              42.757360583393520
            ], 
            [
              -95.573862400683623, 
              42.757360583393520
            ], 
            [
              -95.573862400683623, 
              42.757373174968613
            ], 
            [
              -95.573880173478202, 
              42.757373174968613
            ], 
            [
              -95.573880173478202, 
              42.757360583393520
            ]
          ]
        ], 
        "type": "Polygon"
      }, 
      "properties": {
        "Seat Count": "", 
        "Number": "029", 
        "NCES_Type": "General Storage", 
        "Workstations": "", 
        "Element": "Room", 
        "RevitId": 5875870, 
        "occupancyStatus": "Occupied", 
        "Building": "Connected Core", 
        "Area_SF": 15.230000000000000, 
        "Name": "STOR", 
        "NCES_Occupancy Status": "", 
        "NCES_Department": "General", 
        "Level": "BASEMENT", 
        "Revit_UniqueId": "3de05ad8-997a-47a3-9f02-9941f977ed77-0059a89e"
      }, 
      "type": "Feature"
    }, 
    {
      "geometry": {
        "coordinates": [
          [
            [
              -95.573708976449879, 
              42.757360583393520
            ], 
            [
              -95.573676548894852, 
              42.757360583393520
            ], 
            [
              -95.573676548894852, 
              42.757378898411837
            ], 
            [
              -95.573708976449879, 
              42.757378898411837
            ], 
            [
              -95.573708976449879, 
              42.757360583393520
            ]
          ]
        ], 
        "type": "Polygon"
      }, 
      "properties": {
        "Seat Count": "", 
        "Number": "027", 
        "NCES_Type": "Mechanical Room", 
        "Workstations": "", 
        "Element": "Room", 
        "RevitId": 5875873, 
        "occupancyStatus": "Occupied", 
        "Building": "Connected Core", 
        "Area_SF": 44.859999999999999, 
        "Name": "MECH", 
        "NCES_Occupancy Status": "", 
        "NCES_Department": "General", 
        "Level": "BASEMENT", 
        "Revit_UniqueId": "3de05ad8-997a-47a3-9f02-9941f977ed77-0059a8a1"
      }, 
      "type": "Feature"
    }, 
    {
      "geometry": {
        "coordinates": [
          [
            [
              -95.573901687913761, 
              42.757404539437481
            ], 
            [
              -95.573938480716578, 
              42.757404539437481
            ], 
            [
              -95.573938480716578, 
              42.757366077899015
            ], 
            [
              -95.573924364797008, 
              42.757355713462879
            ], 
            [
              -95.573907742599943, 
              42.757360583393520
            ], 
            [
              -95.573901687913761, 
              42.757360583393520
            ], 
            [
              -95.573901687913761, 
              42.757367680463119
            ], 
            [
              -95.573901687913761, 
              42.757404539437481
            ]
          ]
        ], 
        "type": "Polygon"
      }, 
      "properties": {
        "Seat Count": "", 
        "Number": "067", 
        "NCES_Type": "Stair", 
        "Workstations": "", 
        "Element": "Room", 
        "RevitId": 5875876, 
        "occupancyStatus": "Occupied", 
        "Building": "Connected Core", 
        "Area_SF": 122.84999999999999, 
        "Name": "STAIR", 
        "NCES_Occupancy Status": "", 
        "NCES_Department": "General", 
        "Level": "BASEMENT", 
        "Revit_UniqueId": "3de05ad8-997a-47a3-9f02-9941f977ed77-0059a8a4"
      }, 
      "type": "Feature"
    }, 
    {
      "geometry": {
        "coordinates": [
          [
            [
              -95.573677484305094, 
              42.757407515627953
            ], 
            [
              -95.573677484305094, 
              42.757402936873376
            ], 
            [
              -95.573613883975952, 
              42.757402936873376
            ], 
            [
              -95.573613883975952, 
              42.757407515627953
            ], 
            [
              -95.573677484305094, 
              42.757407515627953
            ]
          ]
        ], 
        "type": "Polygon"
      }, 
      "properties": {
        "Seat Count": "", 
        "Number": "025", 
        "NCES_Type": "General Storage", 
        "Workstations": "", 
        "Element": "Room", 
        "RevitId": 5875882, 
        "occupancyStatus": "Occupied", 
        "Building": "Connected Core", 
        "Area_SF": 116.28000000000000, 
        "Name": "STOR", 
        "NCES_Occupancy Status": "", 
        "NCES_Department": "General", 
        "Level": "BASEMENT", 
        "Revit_UniqueId": "3de05ad8-997a-47a3-9f02-9941f977ed77-0059a8aa"
      }, 
      "type": "Feature"
    }, 
    {
      "geometry": {
        "coordinates": [
          [
            [
              -95.573614819386194, 
              42.757378343466783
            ], 
            [
              -95.573614819386194, 
              42.757378898411837
            ], 
            [
              -95.573676548894852, 
              42.757378898411837
            ], 
            [
              -95.573676548894852, 
              42.757359209767152
            ], 
            [
              -95.573614819386194, 
              42.757359209767152
            ], 
            [
              -95.573614819386194, 
              42.757378343466783
            ]
          ]
        ], 
        "type": "Polygon"
      }, 
      "properties": {
        "Seat Count": "", 
        "Number": "024", 
        "NCES_Type": "General Storage", 
        "Workstations": "", 
        "Element": "Room", 
        "RevitId": 5875885, 
        "occupancyStatus": "Occupied", 
        "Building": "Connected Core", 
        "Area_SF": 103.31999999999999, 
        "Name": "STOR", 
        "NCES_Occupancy Status": "", 
        "NCES_Department": "General", 
        "Level": "BASEMENT", 
        "Revit_UniqueId": "3de05ad8-997a-47a3-9f02-9941f977ed77-0059a8ad"
      }, 
      "type": "Feature"
    }, 
    {
      "geometry": {
        "coordinates": [
          [
            [
              -95.573510058383846, 
              42.757294338721202
            ], 
            [
              -95.573445903644298, 
              42.757294338721202
            ], 
            [
              -95.573445903644298, 
              42.757325127152860
            ], 
            [
              -95.573592369540407, 
              42.757325127152860
            ], 
            [
              -95.573592369540407, 
              42.757294338721202
            ], 
            [
              -95.573510058383846, 
              42.757294338721202
            ]
          ]
        ], 
        "type": "Polygon"
      }, 
      "properties": {
        "Seat Count": "", 
        "Number": "073", 
        "NCES_Type": "Open Office - Workstations", 
        "Workstations": "", 
        "Element": "Room", 
        "RevitId": 5875894, 
        "occupancyStatus": "Occupied", 
        "Building": "Connected Core", 
        "Area_SF": 363.10000000000002, 
        "Name": "OFFICE", 
        "NCES_Occupancy Status": "", 
        "NCES_Department": "General", 
        "Level": "BASEMENT", 
        "Revit_UniqueId": "3de05ad8-997a-47a3-9f02-9941f977ed77-0059a8b6"
      }, 
      "type": "Feature"
    }, 
    {
      "geometry": {
        "coordinates": [
          [
            [
              -95.573614819386194, 
              42.757325127152860
            ], 
            [
              -95.573614819386194, 
              42.757294338721202
            ], 
            [
              -95.573596111181374, 
              42.757294338721202
            ], 
            [
              -95.573592369540407, 
              42.757294338721202
            ], 
            [
              -95.573592369540407, 
              42.757325127152860
            ], 
            [
              -95.573614819386194, 
              42.757325127152860
            ]
          ]
        ], 
        "type": "Polygon"
      }, 
      "properties": {
        "Seat Count": "", 
        "Number": "074", 
        "NCES_Type": "Single Stall Restroom", 
        "Workstations": "", 
        "Element": "Room", 
        "RevitId": 5875897, 
        "occupancyStatus": "Occupied", 
        "Building": "Connected Core", 
        "Area_SF": 49.649999999999999, 
        "Name": "RR", 
        "NCES_Occupancy Status": "", 
        "NCES_Department": "General", 
        "Level": "BASEMENT", 
        "Revit_UniqueId": "3de05ad8-997a-47a3-9f02-9941f977ed77-0059a8b9"
      }, 
      "type": "Feature"
    }, 
    {
      "geometry": {
        "coordinates": [
          [
            [
              -95.573445903644298, 
              42.757291677096951
            ], 
            [
              -95.573423453798497, 
              42.757291677096951
            ], 
            [
              -95.573423453798497, 
              42.757327187592423
            ], 
            [
              -95.573445903644298, 
              42.757327187592423
            ], 
            [
              -95.573445903644298, 
              42.757294338721202
            ], 
            [
              -95.573445903644298, 
              42.757291677096951
            ]
          ]
        ], 
        "type": "Polygon"
      }, 
      "properties": {
        "Seat Count": "", 
        "Number": "075", 
        "NCES_Type": "Stair", 
        "Workstations": "", 
        "Element": "Room", 
        "RevitId": 5875900, 
        "occupancyStatus": "Occupied", 
        "Building": "Connected Core", 
        "Area_SF": 66.370000000000005, 
        "Name": "STAIR", 
        "NCES_Occupancy Status": "", 
        "NCES_Department": "General", 
        "Level": "BASEMENT", 
        "Revit_UniqueId": "3de05ad8-997a-47a3-9f02-9941f977ed77-0059a8bc"
      }, 
      "type": "Feature"
    }, 
    {
      "geometry": {
        "coordinates": [
          [
            [
              -95.573316825812171, 
              42.757283348038946
            ], 
            [
              -95.573359854683261, 
              42.757283348038946
            ], 
            [
              -95.573359854683261, 
              42.757259996390594
            ], 
            [
              -95.573316825812171, 
              42.757259996390594
            ], 
            [
              -95.573316825812171, 
              42.757283348038946
            ]
          ]
        ], 
        "type": "Polygon"
      }, 
      "properties": {
        "Seat Count": "", 
        "Number": "076", 
        "NCES_Type": "Elevator/Lift", 
        "Workstations": "", 
        "Element": "Room", 
        "RevitId": 5875903, 
        "occupancyStatus": "Occupied", 
        "Building": "Connected Core", 
        "Area_SF": 73.5, 
        "Name": "ELEV", 
        "NCES_Occupancy Status": "", 
        "NCES_Department": "General", 
        "Level": "BASEMENT", 
        "Revit_UniqueId": "3de05ad8-997a-47a3-9f02-9941f977ed77-0059a8bf"
      }, 
      "type": "Feature"
    }, 
    {
      "geometry": {
        "coordinates": [
          [
            [
              -95.573383239939304, 
              42.757283348038946
            ], 
            [
              -95.573383239939304, 
              42.757259996390594
            ], 
            [
              -95.573359854683261, 
              42.757259996390594
            ], 
            [
              -95.573359854683261, 
              42.757283348038946
            ], 
            [
              -95.573383239939304, 
              42.757283348038946
            ]
          ]
        ], 
        "type": "Polygon"
      }, 
      "properties": {
        "Seat Count": "", 
        "Number": "077", 
        "NCES_Type": "Waiting/Queue Area", 
        "Workstations": "", 
        "Element": "Room", 
        "RevitId": 5875906, 
        "occupancyStatus": "Occupied", 
        "Building": "Connected Core", 
        "Area_SF": 36.75, 
        "Name": "ELEV LOBBY", 
        "NCES_Occupancy Status": "", 
        "NCES_Department": "General", 
        "Level": "BASEMENT", 
        "Revit_UniqueId": "3de05ad8-997a-47a3-9f02-9941f977ed77-0059a8c2"
      }, 
      "type": "Feature"
    }, 
    {
      "geometry": {
        "coordinates": [
          [
            [
              -95.573384175349545, 
              42.757177883300528
            ], 
            [
              -95.573347694350133, 
              42.757177883300528
            ], 
            [
              -95.573347694350133, 
              42.757192306377448
            ], 
            [
              -95.573384175349545, 
              42.757192306377448
            ], 
            [
              -95.573384175349545, 
              42.757177883300528
            ]
          ]
        ], 
        "type": "Polygon"
      }, 
      "properties": {
        "Seat Count": "", 
        "Number": "020", 
        "NCES_Type": "General Storage", 
        "Workstations": "", 
        "Element": "Room", 
        "RevitId": 5879644, 
        "occupancyStatus": "Occupied", 
        "Building": "Connected Core", 
        "Area_SF": 35.0, 
        "Name": "STOR", 
        "NCES_Occupancy Status": "", 
        "NCES_Department": "General", 
        "Level": "BASEMENT", 
        "Revit_UniqueId": "3de05ad8-997a-47a3-9f02-9941f977ed77-0059b75c"
      }, 
      "type": "Feature"
    }, 
    {
      "geometry": {
        "coordinates": [
          [
            [
              -95.572901633407540, 
              42.757138011759601
            ], 
            [
              -95.572872323886656, 
              42.757138011759601
            ], 
            [
              -95.572872323886656, 
              42.757140072199157
            ], 
            [
              -95.572872323886656, 
              42.757177883300528
            ], 
            [
              -95.572941770795040, 
              42.757177883300528
            ], 
            [
              -95.572972639333003, 
              42.757177883300528
            ], 
            [
              -95.572991347537837, 
              42.757177883300528
            ], 
            [
              -95.573099855125818, 
              42.757177883300528
            ], 
            [
              -95.573099855125818, 
              42.757198716633859
            ], 
            [
              -95.573169021236524, 
              42.757198716633859
            ], 
            [
              -95.573169021236524, 
              42.757177883300528
            ], 
            [
              -95.573167150416040, 
              42.757177883300528
            ], 
            [
              -95.573167150416040, 
              42.757163460223602
            ], 
            [
              -95.573296237029325, 
              42.757163460223602
            ], 
            [
              -95.573296237029325, 
              42.757177883300528
            ], 
            [
              -95.573315890401929, 
              42.757177883300528
            ], 
            [
              -95.573347694350133, 
              42.757177883300528
            ], 
            [
              -95.573384175349545, 
              42.757177883300528
            ], 
            [
              -95.573416914707977, 
              42.757177883300528
            ], 
            [
              -95.573430957303046, 
              42.757177883300528
            ], 
            [
              -95.573430957303046, 
              42.757138011759601
            ], 
            [
              -95.573423616473704, 
              42.757138011759601
            ], 
            [
              -95.573287670185309, 
              42.757138011759601
            ], 
            [
              -95.573170631467065, 
              42.757138011759601
            ], 
            [
              -95.573170631467065, 
              42.757103609024099
            ], 
            [
              -95.573170631467065, 
              42.757086456355651
            ], 
            [
              -95.573170631467065, 
              42.757067454524147
            ], 
            [
              -95.573170631467065, 
              42.757062321298079
            ], 
            [
              -95.573152016596481, 
              42.757048653563828
            ], 
            [
              -95.573115597376031, 
              42.757048653563828
            ], 
            [
              -95.573099177271843, 
              42.757062321298079
            ], 
            [
              -95.573099177271843, 
              42.757067454524147
            ], 
            [
              -95.573099177271843, 
              42.757086456355651
            ], 
            [
              -95.573099177271843, 
              42.757103609024099
            ], 
            [
              -95.573099855125818, 
              42.757103609024099
            ], 
            [
              -95.573099855125818, 
              42.757105683842326
            ], 
            [
              -95.573099855125818, 
              42.757138011759601
            ], 
            [
              -95.572901633407540, 
              42.757138011759601
            ]
          ]
        ], 
        "type": "Polygon"
      }, 
      "properties": {
        "Seat Count": "", 
        "Number": "018", 
        "NCES_Type": "General Storage", 
        "Workstations": "", 
        "Element": "Room", 
        "RevitId": 5879647, 
        "occupancyStatus": "Occupied", 
        "Building": "Connected Core", 
        "Area_SF": 2546.2700000000000, 
        "Name": "STORAGE", 
        "NCES_Occupancy Status": "", 
        "NCES_Department": "General", 
        "Level": "BASEMENT", 
        "Revit_UniqueId": "3de05ad8-997a-47a3-9f02-9941f977ed77-0059b75f"
      }, 
      "type": "Feature"
    }, 
    {
      "geometry": {
        "coordinates": [
          [
            [
              -95.573098919715576, 
              42.757224815534961
            ], 
            [
              -95.573098919715576, 
              42.757233691899074
            ], 
            [
              -95.573117475997961, 
              42.757247316615668
            ], 
            [
              -95.573151635700043, 
              42.757247316615668
            ], 
            [
              -95.573169956646765, 
              42.757233864691322
            ], 
            [
              -95.573169956646765, 
              42.757224815534961
            ], 
            [
              -95.573098919715576, 
              42.757224815534961
            ]
          ]
        ], 
        "type": "Polygon"
      }, 
      "properties": {
        "Seat Count": "", 
        "Number": "017", 
        "NCES_Type": "General Storage", 
        "Workstations": "", 
        "Element": "Room", 
        "RevitId": 5879653, 
        "occupancyStatus": "Occupied", 
        "Building": "Connected Core", 
        "Area_SF": 105.58000000000000, 
        "Name": "STOR", 
        "NCES_Occupancy Status": "", 
        "NCES_Department": "General", 
        "Level": "BASEMENT", 
        "Revit_UniqueId": "3de05ad8-997a-47a3-9f02-9941f977ed77-0059b765"
      }, 
      "type": "Feature"
    }, 
    {
      "geometry": {
        "coordinates": [
          [
            [
              -95.573244641314218, 
              42.757177883300528
            ], 
            [
              -95.573169021236524, 
              42.757177883300528
            ], 
            [
              -95.573169021236524, 
              42.757198716633859
            ], 
            [
              -95.573244641314218, 
              42.757198716633859
            ], 
            [
              -95.573244641314218, 
              42.757186811871954
            ], 
            [
              -95.573244641314218, 
              42.757177883300528
            ]
          ]
        ], 
        "type": "Polygon"
      }, 
      "properties": {
        "Seat Count": "", 
        "Number": "019", 
        "NCES_Type": "General Storage", 
        "Workstations": "", 
        "Element": "Room", 
        "RevitId": 5879656, 
        "occupancyStatus": "Occupied", 
        "Building": "Connected Core", 
        "Area_SF": 128.11000000000001, 
        "Name": "STORAGE", 
        "NCES_Occupancy Status": "", 
        "NCES_Department": "General", 
        "Level": "BASEMENT", 
        "Revit_UniqueId": "3de05ad8-997a-47a3-9f02-9941f977ed77-0059b768"
      }, 
      "type": "Feature"
    }, 
    {
      "geometry": {
        "coordinates": [
          [
            [
              -95.573315890401929, 
              42.757177883300528
            ], 
            [
              -95.573296237029325, 
              42.757177883300528
            ], 
            [
              -95.573255554433700, 
              42.757177883300528
            ], 
            [
              -95.573255554433700, 
              42.757186811871954
            ], 
            [
              -95.573244641314218, 
              42.757186811871954
            ], 
            [
              -95.573244641314218, 
              42.757198716633859
            ], 
            [
              -95.573310277940479, 
              42.757198716633859
            ], 
            [
              -95.573310277940479, 
              42.757192993190635
            ], 
            [
              -95.573315890401929, 
              42.757192993190635
            ], 
            [
              -95.573315890401929, 
              42.757177883300528
            ]
          ]
        ], 
        "type": "Polygon"
      }, 
      "properties": {
        "Seat Count": "", 
        "Number": "019A", 
        "NCES_Type": "Equipment Storage", 
        "Workstations": "", 
        "Element": "Room", 
        "RevitId": 5879659, 
        "occupancyStatus": "Occupied", 
        "Building": "Connected Core", 
        "Area_SF": 110.92000000000000, 
        "Name": "ELEV EQUIP", 
        "NCES_Occupancy Status": "", 
        "NCES_Department": "General", 
        "Level": "BASEMENT", 
        "Revit_UniqueId": "3de05ad8-997a-47a3-9f02-9941f977ed77-0059b76b"
      }, 
      "type": "Feature"
    }, 
    {
      "geometry": {
        "coordinates": [
          [
            [
              -95.573287670185309, 
              42.757138011759601
            ], 
            [
              -95.573423616473704, 
              42.757138011759601
            ], 
            [
              -95.573423616473704, 
              42.757088062951297
            ], 
            [
              -95.573288622382790, 
              42.757088062951297
            ], 
            [
              -95.573287670185309, 
              42.757088062951297
            ], 
            [
              -95.573287670185309, 
              42.757103609024099
            ], 
            [
              -95.573287670185309, 
              42.757138011759601
            ]
          ]
        ], 
        "type": "Polygon"
      }, 
      "properties": {
        "Seat Count": "", 
        "Number": "018C", 
        "NCES_Type": "General Storage", 
        "Workstations": "", 
        "Element": "Room", 
        "RevitId": 5879662, 
        "occupancyStatus": "Occupied", 
        "Building": "Connected Core", 
        "Area_SF": 575.29999999999995, 
        "Name": "STORAGE", 
        "NCES_Occupancy Status": "", 
        "NCES_Department": "General", 
        "Level": "BASEMENT", 
        "Revit_UniqueId": "3de05ad8-997a-47a3-9f02-9941f977ed77-0059b76e"
      }, 
      "type": "Feature"
    }, 
    {
      "geometry": {
        "coordinates": [
          [
            [
              -95.573170631467065, 
              42.757138011759601
            ], 
            [
              -95.573287670185309, 
              42.757138011759601
            ], 
            [
              -95.573287670185309, 
              42.757103609024099
            ], 
            [
              -95.573189668262557, 
              42.757103609024099
            ], 
            [
              -95.573170631467065, 
              42.757103609024099
            ], 
            [
              -95.573170631467065, 
              42.757138011759601
            ]
          ]
        ], 
        "type": "Polygon"
      }, 
      "properties": {
        "Seat Count": "", 
        "Number": "018B", 
        "NCES_Type": "General Storage", 
        "Workstations": "", 
        "Element": "Room", 
        "RevitId": 5879665, 
        "occupancyStatus": "Occupied", 
        "Building": "Connected Core", 
        "Area_SF": 331.00999999999999, 
        "Name": "STORAGE", 
        "NCES_Occupancy Status": "", 
        "NCES_Department": "General", 
        "Level": "BASEMENT", 
        "Revit_UniqueId": "3de05ad8-997a-47a3-9f02-9941f977ed77-0059b771"
      }, 
      "type": "Feature"
    }, 
    {
      "geometry": {
        "coordinates": [
          [
            [
              -95.572901633407540, 
              42.757138011759601
            ], 
            [
              -95.573099855125818, 
              42.757138011759601
            ], 
            [
              -95.573099855125818, 
              42.757103609024099
            ], 
            [
              -95.573079550444021, 
              42.757103609024099
            ], 
            [
              -95.572979209817206, 
              42.757103609024099
            ], 
            [
              -95.572901633407540, 
              42.757103609024099
            ], 
            [
              -95.572901633407540, 
              42.757138011759601
            ]
          ]
        ], 
        "type": "Polygon"
      }, 
      "properties": {
        "Seat Count": "", 
        "Number": "018A", 
        "NCES_Type": "General Storage", 
        "Workstations": "", 
        "Element": "Room", 
        "RevitId": 5879668, 
        "occupancyStatus": "Occupied", 
        "Building": "Connected Core", 
        "Area_SF": 572.91999999999996, 
        "Name": "STORAGE", 
        "NCES_Occupancy Status": "", 
        "NCES_Department": "General", 
        "Level": "BASEMENT", 
        "Revit_UniqueId": "3de05ad8-997a-47a3-9f02-9941f977ed77-0059b774"
      }, 
      "type": "Feature"
    }, 
    {
      "geometry": {
        "coordinates": [
          [
            [
              -95.572871388476415, 
              42.757085585019674
            ], 
            [
              -95.572871388476415, 
              42.756990127240392
            ], 
            [
              -95.572832917777646, 
              42.756990127240392
            ], 
            [
              -95.572832917777646, 
              42.757004550317319
            ], 
            [
              -95.572832917777646, 
              42.757035758957414
            ], 
            [
              -95.572832917777646, 
              42.757138011759601
            ], 
            [
              -95.572826287895637, 
              42.757138011759601
            ], 
            [
              -95.572826287895637, 
              42.757177883300528
            ], 
            [
              -95.572831046957162, 
              42.757177883300528
            ], 
            [
              -95.572831046957162, 
              42.757226875974517
            ], 
            [
              -95.572972639333003, 
              42.757226875974517
            ], 
            [
              -95.572972639333003, 
              42.757192306377448
            ], 
            [
              -95.572972639333003, 
              42.757177883300528
            ], 
            [
              -95.572941770795040, 
              42.757177883300528
            ], 
            [
              -95.572872323886656, 
              42.757177883300528
            ], 
            [
              -95.572872323886656, 
              42.757140072199157
            ], 
            [
              -95.572871388476415, 
              42.757140072199157
            ], 
            [
              -95.572871388476415, 
              42.757138011759601
            ], 
            [
              -95.572871388476415, 
              42.757100861771356
            ], 
            [
              -95.572871388476415, 
              42.757085585019674
            ]
          ]
        ], 
        "type": "Polygon"
      }, 
      "properties": {
        "Seat Count": "", 
        "Number": "080", 
        "NCES_Type": "Corridor/Hallway", 
        "Workstations": "", 
        "Element": "Room", 
        "RevitId": 5879674, 
        "occupancyStatus": "Occupied", 
        "Building": "Connected Core", 
        "Area_SF": 1295.9300000000001, 
        "Name": "CORRIDOR", 
        "NCES_Occupancy Status": "", 
        "NCES_Department": "General", 
        "Level": "BASEMENT", 
        "Revit_UniqueId": "3de05ad8-997a-47a3-9f02-9941f977ed77-0059b77a"
      }, 
      "type": "Feature"
    }, 
    {
      "geometry": {
        "coordinates": [
          [
            [
              -95.572871388476415, 
              42.757138011759601
            ], 
            [
              -95.572872323886656, 
              42.757138011759601
            ], 
            [
              -95.572901633407540, 
              42.757138011759601
            ], 
            [
              -95.572901633407540, 
              42.757103609024099
            ], 
            [
              -95.572901633407540, 
              42.757100861771356
            ], 
            [
              -95.572871388476415, 
              42.757100861771356
            ], 
            [
              -95.572871388476415, 
              42.757138011759601
            ]
          ]
        ], 
        "type": "Polygon"
      }, 
      "properties": {
        "Seat Count": "", 
        "Number": "016", 
        "NCES_Type": "General Storage", 
        "Workstations": "", 
        "Element": "Room", 
        "RevitId": 5879680, 
        "occupancyStatus": "Occupied", 
        "Building": "Connected Core", 
        "Area_SF": 83.859999999999999, 
        "Name": "STOR", 
        "NCES_Occupancy Status": "", 
        "NCES_Department": "General", 
        "Level": "BASEMENT", 
        "Revit_UniqueId": "3de05ad8-997a-47a3-9f02-9941f977ed77-0059b780"
      }, 
      "type": "Feature"
    }, 
    {
      "geometry": {
        "coordinates": [
          [
            [
              -95.572901633407540, 
              42.757085585019674
            ], 
            [
              -95.572871388476415, 
              42.757085585019674
            ], 
            [
              -95.572871388476415, 
              42.757100861771356
            ], 
            [
              -95.572901633407540, 
              42.757100861771356
            ], 
            [
              -95.572901633407540, 
              42.757085585019674
            ]
          ]
        ], 
        "type": "Polygon"
      }, 
      "properties": {
        "Seat Count": "", 
        "Number": "015", 
        "NCES_Type": "General Storage", 
        "Workstations": "", 
        "Element": "Room", 
        "RevitId": 5879683, 
        "occupancyStatus": "Occupied", 
        "Building": "Connected Core", 
        "Area_SF": 29.460000000000001, 
        "Name": "STOR", 
        "NCES_Occupancy Status": "", 
        "NCES_Department": "General", 
        "Level": "BASEMENT", 
        "Revit_UniqueId": "3de05ad8-997a-47a3-9f02-9941f977ed77-0059b783"
      }, 
      "type": "Feature"
    }, 
    {
      "geometry": {
        "coordinates": [
          [
            [
              -95.572566946898363, 
              42.756885008172183
            ], 
            [
              -95.572569083694930, 
              42.756885008172183
            ], 
            [
              -95.572569083694930, 
              42.756888243226363
            ], 
            [
              -95.572569083694930, 
              42.756920463675478
            ], 
            [
              -95.572570954515413, 
              42.756920463675478
            ], 
            [
              -95.572570954515413, 
              42.756922538493697
            ], 
            [
              -95.572570954515413, 
              42.756952286019796
            ], 
            [
              -95.572457269945659, 
              42.756952286019796
            ], 
            [
              -95.572427336817938, 
              42.756952286019796
            ], 
            [
              -95.572427336817938, 
              42.756990750502169
            ], 
            [
              -95.572493750945071, 
              42.756990750502169
            ], 
            [
              -95.572531667285276, 
              42.756990750502169
            ], 
            [
              -95.572570642711995, 
              42.756990750502169
            ], 
            [
              -95.572570642711995, 
              42.757014623577390
            ], 
            [
              -95.572636171817535, 
              42.757014623577390
            ], 
            [
              -95.572636171817535, 
              42.756990127240392
            ], 
            [
              -95.572685518024628, 
              42.756990127240392
            ], 
            [
              -95.572707032460173, 
              42.756990127240392
            ], 
            [
              -95.572716386562576, 
              42.756990127240392
            ], 
            [
              -95.572774070194129, 
              42.756990127240392
            ], 
            [
              -95.572832917777646, 
              42.756990127240392
            ], 
            [
              -95.572868562662563, 
              42.756990127240392
            ], 
            [
              -95.572887254168066, 
              42.756990127240392
            ], 
            [
              -95.572871652187786, 
              42.756951071114287
            ], 
            [
              -95.572871652187786, 
              42.756952286019796
            ], 
            [
              -95.572828240726452, 
              42.756952286019796
            ], 
            [
              -95.572786147265589, 
              42.756952286019796
            ], 
            [
              -95.572747615954853, 
              42.756952286019796
            ], 
            [
              -95.572636876692073, 
              42.756952286019796
            ], 
            [
              -95.572636876692073, 
              42.756919906145548
            ], 
            [
              -95.572636876692073, 
              42.756888243226363
            ], 
            [
              -95.572636876692073, 
              42.756885008172183
            ], 
            [
              -95.572566946898363, 
              42.756885008172183
            ]
          ]
        ], 
        "type": "Polygon"
      }, 
      "properties": {
        "Seat Count": "", 
        "Number": "011", 
        "NCES_Type": "General Storage", 
        "Workstations": "", 
        "Element": "Room", 
        "RevitId": 5884965, 
        "occupancyStatus": "Occupied", 
        "Building": "Connected Core", 
        "Area_SF": 2236.4099999999999, 
        "Name": "STORAGE", 
        "NCES_Occupancy Status": "", 
        "NCES_Department": "General", 
        "Level": "BASEMENT", 
        "Revit_UniqueId": "3de05ad8-997a-47a3-9f02-9941f977ed77-0059cc25"
      }, 
      "type": "Feature"
    }, 
    {
      "geometry": {
        "coordinates": [
          [
            [
              -95.572333916996058, 
              42.756952286019796
            ], 
            [
              -95.572333916996058, 
              42.756976327425242
            ], 
            [
              -95.572369398716802, 
              42.756976327425242
            ], 
            [
              -95.572369398716802, 
              42.756990750502169
            ], 
            [
              -95.572383888072153, 
              42.756990750502169
            ], 
            [
              -95.572397411670309, 
              42.756990750502169
            ], 
            [
              -95.572427336817938, 
              42.756990750502169
            ], 
            [
              -95.572427336817938, 
              42.756952286019796
            ], 
            [
              -95.572417047305279, 
              42.756952286019796
            ], 
            [
              -95.572375946588494, 
              42.756952286019796
            ], 
            [
              -95.572333916996058, 
              42.756952286019796
            ]
          ]
        ], 
        "type": "Polygon"
      }, 
      "properties": {
        "Seat Count": "", 
        "Number": "008", 
        "NCES_Type": "General Storage", 
        "Workstations": "", 
        "Element": "Room", 
        "RevitId": 5884968, 
        "occupancyStatus": "Occupied", 
        "Building": "Connected Core", 
        "Area_SF": 256.94999999999999, 
        "Name": "STORAGE", 
        "NCES_Occupancy Status": "", 
        "NCES_Department": "General", 
        "Level": "BASEMENT", 
        "Revit_UniqueId": "3de05ad8-997a-47a3-9f02-9941f977ed77-0059cc28"
      }, 
      "type": "Feature"
    }, 
    {
      "geometry": {
        "coordinates": [
          [
            [
              -95.572333916996058, 
              42.756906840438475
            ], 
            [
              -95.572333916996058, 
              42.756952286019796
            ], 
            [
              -95.572375946588494, 
              42.756952286019796
            ], 
            [
              -95.572417047305279, 
              42.756952286019796
            ], 
            [
              -95.572427336817938, 
              42.756952286019796
            ], 
            [
              -95.572457269945659, 
              42.756952286019796
            ], 
            [
              -95.572457269945659, 
              42.756920463675478
            ], 
            [
              -95.572460076176384, 
              42.756920463675478
            ], 
            [
              -95.572460076176384, 
              42.756906840438475
            ], 
            [
              -95.572456331739545, 
              42.756906840438475
            ], 
            [
              -95.572333916996058, 
              42.756906840438475
            ]
          ]
        ], 
        "type": "Polygon"
      }, 
      "properties": {
        "Seat Count": "", 
        "Number": "008A", 
        "NCES_Type": "General Storage", 
        "Workstations": "", 
        "Element": "Room", 
        "RevitId": 5884971, 
        "occupancyStatus": "Occupied", 
        "Building": "Connected Core", 
        "Area_SF": 469.86000000000001, 
        "Name": "STORAGE", 
        "NCES_Occupancy Status": "", 
        "NCES_Department": "General", 
        "Level": "BASEMENT", 
        "Revit_UniqueId": "3de05ad8-997a-47a3-9f02-9941f977ed77-0059cc2b"
      }, 
      "type": "Feature"
    }, 
    {
      "geometry": {
        "coordinates": [
          [
            [
              -95.572570954515413, 
              42.756920463675478
            ], 
            [
              -95.572457269945659, 
              42.756920463675478
            ], 
            [
              -95.572457269945659, 
              42.756952286019796
            ], 
            [
              -95.572570954515413, 
              42.756952286019796
            ], 
            [
              -95.572570954515413, 
              42.756920463675478
            ]
          ]
        ], 
        "type": "Polygon"
      }, 
      "properties": {
        "Seat Count": "", 
        "Number": "011B", 
        "NCES_Type": "General Storage", 
        "Workstations": "", 
        "Element": "Room", 
        "RevitId": 5884974, 
        "occupancyStatus": "Occupied", 
        "Building": "Connected Core", 
        "Area_SF": 298.81000000000000, 
        "Name": "STORAGE", 
        "NCES_Occupancy Status": "", 
        "NCES_Department": "General", 
        "Level": "BASEMENT", 
        "Revit_UniqueId": "3de05ad8-997a-47a3-9f02-9941f977ed77-0059cc2e"
      }, 
      "type": "Feature"
    }, 
    {
      "geometry": {
        "coordinates": [
          [
            [
              -95.572636876692073, 
              42.756919906145548
            ], 
            [
              -95.572636876692073, 
              42.756952286019796
            ], 
            [
              -95.572747615954853, 
              42.756952286019796
            ], 
            [
              -95.572747615954853, 
              42.756919906145548
            ], 
            [
              -95.572636876692073, 
              42.756919906145548
            ]
          ]
        ], 
        "type": "Polygon"
      }, 
      "properties": {
        "Seat Count": "", 
        "Number": "011C", 
        "NCES_Type": "General Storage", 
        "Workstations": "", 
        "Element": "Room", 
        "RevitId": 5884977, 
        "occupancyStatus": "Occupied", 
        "Building": "Connected Core", 
        "Area_SF": 291.57999999999998, 
        "Name": "STORAGE", 
        "NCES_Occupancy Status": "", 
        "NCES_Department": "General", 
        "Level": "BASEMENT", 
        "Revit_UniqueId": "3de05ad8-997a-47a3-9f02-9941f977ed77-0059cc31"
      }, 
      "type": "Feature"
    }, 
    {
      "geometry": {
        "coordinates": [
          [
            [
              -95.572871652187786, 
              42.756952286019796
            ], 
            [
              -95.572871652187786, 
              42.756951071114287
            ], 
            [
              -95.572871652187786, 
              42.756907314570462
            ], 
            [
              -95.572745856183474, 
              42.756907314570462
            ], 
            [
              -95.572745745134370, 
              42.756907314570462
            ], 
            [
              -95.572745745134370, 
              42.756919906145548
            ], 
            [
              -95.572747615954853, 
              42.756919906145548
            ], 
            [
              -95.572747615954853, 
              42.756921980963774
            ], 
            [
              -95.572747615954853, 
              42.756952286019796
            ], 
            [
              -95.572786147265589, 
              42.756952286019796
            ], 
            [
              -95.572828240726452, 
              42.756952286019796
            ], 
            [
              -95.572871652187786, 
              42.756952286019796
            ]
          ]
        ], 
        "type": "Polygon"
      }, 
      "properties": {
        "Seat Count": "", 
        "Number": "011D", 
        "NCES_Type": "General Storage", 
        "Workstations": "", 
        "Element": "Room", 
        "RevitId": 5884980, 
        "occupancyStatus": "Occupied", 
        "Building": "Connected Core", 
        "Area_SF": 463.33999999999997, 
        "Name": "STORAGE", 
        "NCES_Occupancy Status": "", 
        "NCES_Department": "General", 
        "Level": "BASEMENT", 
        "Revit_UniqueId": "3de05ad8-997a-47a3-9f02-9941f977ed77-0059cc34"
      }, 
      "type": "Feature"
    }, 
    {
      "geometry": {
        "coordinates": [
          [
            [
              -95.572569164844282, 
              42.757034897652929
            ], 
            [
              -95.572636720915241, 
              42.757034897652929
            ], 
            [
              -95.572569164844282, 
              42.757034897652929
            ]
          ]
        ], 
        "type": "Polygon"
      }, 
      "properties": {
        "Seat Count": "", 
        "Number": "010A", 
        "NCES_Type": "Dispatch/Communications", 
        "Workstations": "", 
        "Element": "Room", 
        "RevitId": 5884983, 
        "occupancyStatus": "Occupied", 
        "Building": "Connected Core", 
        "Area_SF": 128.47000000000000, 
        "Name": "PHONE ROOM", 
        "NCES_Occupancy Status": "", 
        "NCES_Department": "General", 
        "Level": "BASEMENT", 
        "Revit_UniqueId": "3de05ad8-997a-47a3-9f02-9941f977ed77-0059cc37"
      }, 
      "type": "Feature"
    }, 
    {
      "geometry": {
        "coordinates": [
          [
            [
              -95.572368620680194, 
              42.757035072144227
            ], 
            [
              -95.572368620680194, 
              42.757035758957414
            ], 
            [
              -95.572569011152410, 
              42.757035758957414
            ], 
            [
              -95.572569164844282, 
              42.757034897652929
            ], 
            [
              -95.572570825342979, 
              42.757034897652929
            ], 
            [
              -95.572635060416530, 
              42.757034897652929
            ], 
            [
              -95.572636720915241, 
              42.757034897652929
            ], 
            [
              -95.572636874607099, 
              42.757035758957414
            ], 
            [
              -95.572832917777646, 
              42.757035758957414
            ], 
            [
              -95.572832917777646, 
              42.757004550317319
            ], 
            [
              -95.572774070194129, 
              42.757004550317319
            ], 
            [
              -95.572774070194129, 
              42.757011418449189
            ], 
            [
              -95.572706097049931, 
              42.757011418449189
            ], 
            [
              -95.572706097049931, 
              42.757000901692315
            ], 
            [
              -95.572706097049931, 
              42.756999513687283
            ], 
            [
              -95.572707032460173, 
              42.756999513687283
            ], 
            [
              -95.572707032460173, 
              42.756990127240392
            ], 
            [
              -95.572685518024628, 
              42.756990127240392
            ], 
            [
              -95.572685518024628, 
              42.757014623577390
            ], 
            [
              -95.572636171817535, 
              42.757014623577390
            ], 
            [
              -95.572570642711995, 
              42.757014623577390
            ], 
            [
              -95.572397411670309, 
              42.757014623577390
            ], 
            [
              -95.572397411670309, 
              42.757010957218561
            ], 
            [
              -95.572383888072153, 
              42.757010957218561
            ], 
            [
              -95.572369398716802, 
              42.757010957218561
            ], 
            [
              -95.572369398716802, 
              42.756990750502169
            ], 
            [
              -95.572357238383660, 
              42.756990750502169
            ], 
            [
              -95.572333916996058, 
              42.756990750502169
            ], 
            [
              -95.572333916996058, 
              42.757005617933579
            ], 
            [
              -95.572333916996058, 
              42.757035072144227
            ], 
            [
              -95.572368620680194, 
              42.757035072144227
            ]
          ]
        ], 
        "type": "Polygon"
      }, 
      "properties": {
        "Seat Count": "", 
        "Number": "078", 
        "NCES_Type": "Corridor/Hallway", 
        "Workstations": "", 
        "Element": "Room", 
        "RevitId": 5885119, 
        "occupancyStatus": "Occupied", 
        "Building": "Connected Core", 
        "Area_SF": 1058.0799999999999, 
        "Name": "CORRIDOR", 
        "NCES_Occupancy Status": "", 
        "NCES_Department": "General", 
        "Level": "BASEMENT", 
        "Revit_UniqueId": "3de05ad8-997a-47a3-9f02-9941f977ed77-0059ccbf"
      }, 
      "type": "Feature"
    }, 
    {
      "geometry": {
        "coordinates": [
          [
            [
              -95.572570642711995, 
              42.756990750502169
            ], 
            [
              -95.572531667285276, 
              42.756990750502169
            ], 
            [
              -95.572493750945071, 
              42.756990750502169
            ], 
            [
              -95.572427336817938, 
              42.756990750502169
            ], 
            [
              -95.572397411670309, 
              42.756990750502169
            ], 
            [
              -95.572397411670309, 
              42.757010957218561
            ], 
            [
              -95.572397411670309, 
              42.757014623577390
            ], 
            [
              -95.572570642711995, 
              42.757014623577390
            ], 
            [
              -95.572570642711995, 
              42.756990750502169
            ]
          ]
        ], 
        "type": "Polygon"
      }, 
      "properties": {
        "Seat Count": "", 
        "Number": "010", 
        "NCES_Type": "Mechanical Room", 
        "Workstations": "", 
        "Element": "Room", 
        "RevitId": 5885122, 
        "occupancyStatus": "Occupied", 
        "Building": "Connected Core", 
        "Area_SF": 339.00999999999999, 
        "Name": "STORAGE", 
        "NCES_Occupancy Status": "", 
        "NCES_Department": "General", 
        "Level": "BASEMENT", 
        "Revit_UniqueId": "3de05ad8-997a-47a3-9f02-9941f977ed77-0059ccc2"
      }, 
      "type": "Feature"
    }, 
    {
      "geometry": {
        "coordinates": [
          [
            [
              -95.572685518024628, 
              42.756990127240392
            ], 
            [
              -95.572636171817535, 
              42.756990127240392
            ], 
            [
              -95.572636171817535, 
              42.757014623577390
            ], 
            [
              -95.572685518024628, 
              42.757014623577390
            ], 
            [
              -95.572685518024628, 
              42.756990127240392
            ]
          ]
        ], 
        "type": "Polygon"
      }, 
      "properties": {
        "Seat Count": "", 
        "Number": "011A", 
        "NCES_Type": "Mechanical Room", 
        "Workstations": "", 
        "Element": "Room", 
        "RevitId": 5885125, 
        "occupancyStatus": "Occupied", 
        "Building": "Connected Core", 
        "Area_SF": 98.469999999999999, 
        "Name": "MECH", 
        "NCES_Occupancy Status": "", 
        "NCES_Department": "General", 
        "Level": "BASEMENT", 
        "Revit_UniqueId": "3de05ad8-997a-47a3-9f02-9941f977ed77-0059ccc5"
      }, 
      "type": "Feature"
    }, 
    {
      "geometry": {
        "coordinates": [
          [
            [
              -95.572774070194129, 
              42.756990127240392
            ], 
            [
              -95.572716386562576, 
              42.756990127240392
            ], 
            [
              -95.572716386562576, 
              42.756999513687283
            ], 
            [
              -95.572706097049931, 
              42.756999513687283
            ], 
            [
              -95.572706097049931, 
              42.757011418449189
            ], 
            [
              -95.572774070194129, 
              42.757011418449189
            ], 
            [
              -95.572774070194129, 
              42.757004550317319
            ], 
            [
              -95.572774070194129, 
              42.756990127240392
            ]
          ]
        ], 
        "type": "Polygon"
      }, 
      "properties": {
        "Seat Count": "", 
        "Number": "012", 
        "NCES_Type": "General Storage", 
        "Workstations": "", 
        "Element": "Room", 
        "RevitId": 5885128, 
        "occupancyStatus": "Occupied", 
        "Building": "Connected Core", 
        "Area_SF": 108.06000000000000, 
        "Name": "STOR", 
        "NCES_Occupancy Status": "", 
        "NCES_Department": "General", 
        "Level": "BASEMENT", 
        "Revit_UniqueId": "3de05ad8-997a-47a3-9f02-9941f977ed77-0059ccc8"
      }, 
      "type": "Feature"
    }, 
    {
      "geometry": {
        "coordinates": [
          [
            [
              -95.572832917777646, 
              42.757004550317319
            ], 
            [
              -95.572832917777646, 
              42.756990127240392
            ], 
            [
              -95.572774070194129, 
              42.756990127240392
            ], 
            [
              -95.572774070194129, 
              42.757004550317319
            ], 
            [
              -95.572832917777646, 
              42.757004550317319
            ]
          ]
        ], 
        "type": "Polygon"
      }, 
      "properties": {
        "Seat Count": "", 
        "Number": "013", 
        "NCES_Type": "General Storage", 
        "Workstations": "", 
        "Element": "Room", 
        "RevitId": 5885131, 
        "occupancyStatus": "Occupied", 
        "Building": "Connected Core", 
        "Area_SF": 61.530000000000001, 
        "Name": "STOR", 
        "NCES_Occupancy Status": "", 
        "NCES_Department": "General", 
        "Level": "BASEMENT", 
        "Revit_UniqueId": "3de05ad8-997a-47a3-9f02-9941f977ed77-0059cccb"
      }, 
      "type": "Feature"
    }, 
    {
      "geometry": {
        "coordinates": [
          [
            [
              -95.572333916996058, 
              42.756976327425242
            ], 
            [
              -95.572333916996058, 
              42.756990750502169
            ], 
            [
              -95.572357238383660, 
              42.756990750502169
            ], 
            [
              -95.572369398716802, 
              42.756990750502169
            ], 
            [
              -95.572369398716802, 
              42.756976327425242
            ], 
            [
              -95.572333916996058, 
              42.756976327425242
            ]
          ]
        ], 
        "type": "Polygon"
      }, 
      "properties": {
        "Seat Count": "", 
        "Number": "086", 
        "NCES_Type": "Vestibule", 
        "Workstations": "", 
        "Element": "Room", 
        "RevitId": 5885134, 
        "occupancyStatus": "Occupied", 
        "Building": "Connected Core", 
        "Area_SF": 36.049999999999997, 
        "Name": "VEST", 
        "NCES_Occupancy Status": "", 
        "NCES_Department": "General", 
        "Level": "BASEMENT", 
        "Revit_UniqueId": "3de05ad8-997a-47a3-9f02-9941f977ed77-0059ccce"
      }, 
      "type": "Feature"
    }, 
    {
      "geometry": {
        "coordinates": [
          [
            [
              -95.572123890284857, 
              42.756784906255120
            ], 
            [
              -95.572123890284857, 
              42.756836317326531
            ], 
            [
              -95.572154539570946, 
              42.756836317326531
            ], 
            [
              -95.572156393296822, 
              42.756834303348583
            ], 
            [
              -95.572167973674411, 
              42.756821721863204
            ], 
            [
              -95.572233144418561, 
              42.756821721863204
            ], 
            [
              -95.572233144418561, 
              42.756784906255120
            ], 
            [
              -95.572123890284857, 
              42.756784906255120
            ]
          ]
        ], 
        "type": "Polygon"
      }, 
      "properties": {
        "Seat Count": "", 
        "Number": "010B", 
        "NCES_Type": "General Storage", 
        "Workstations": "", 
        "Element": "Room", 
        "RevitId": 5892375, 
        "occupancyStatus": "Occupied", 
        "Building": "Connected Core", 
        "Area_SF": 391.88999999999999, 
        "Name": "STORAGE", 
        "NCES_Occupancy Status": "", 
        "NCES_Department": "Administration", 
        "Level": "BASEMENT", 
        "Revit_UniqueId": "b612191a-e846-414b-aff5-ef84177b204e-0059db68"
      }, 
      "type": "Feature"
    }, 
    {
      "geometry": {
        "coordinates": [
          [
            [
              -95.572123890284857, 
              42.756743878451388
            ], 
            [
              -95.572123890284857, 
              42.756763394475556
            ], 
            [
              -95.572233144418561, 
              42.756763394475556
            ], 
            [
              -95.572233144418561, 
              42.756755002207669
            ], 
            [
              -95.572233144418561, 
              42.756705445769988
            ], 
            [
              -95.572229402777594, 
              42.756706790539305
            ], 
            [
              -95.572123890284857, 
              42.756706790539305
            ], 
            [
              -95.572123890284857, 
              42.756743878451388
            ]
          ]
        ], 
        "type": "Polygon"
      }, 
      "properties": {
        "Seat Count": "", 
        "Number": "010C", 
        "NCES_Type": "Break Room", 
        "Workstations": "", 
        "Element": "Room", 
        "RevitId": 5892377, 
        "occupancyStatus": "Occupied", 
        "Building": "Connected Core", 
        "Area_SF": 662.01999999999998, 
        "Name": "STAFF BREAK ROOM", 
        "NCES_Occupancy Status": "", 
        "NCES_Department": "Administration", 
        "Level": "BASEMENT", 
        "Revit_UniqueId": "b612191a-e846-414b-aff5-ef84177b204e-0059db6b"
      }, 
      "type": "Feature"
    }, 
    {
      "geometry": {
        "coordinates": [
          [
            [
              -95.572128801567189, 
              42.756891666436417
            ], 
            [
              -95.572131014674412, 
              42.756891666436417
            ], 
            [
              -95.572131014674412, 
              42.756873351418108
            ], 
            [
              -95.572131014674412, 
              42.756853945531660
            ], 
            [
              -95.572122019464373, 
              42.756853945531660
            ], 
            [
              -95.572122019464373, 
              42.756837696447413
            ], 
            [
              -95.572122019464373, 
              42.756836317326531
            ], 
            [
              -95.572123890284857, 
              42.756836317326531
            ], 
            [
              -95.572123890284857, 
              42.756784906255120
            ], 
            [
              -95.572123890284857, 
              42.756763394475556
            ], 
            [
              -95.572123890284857, 
              42.756743878451388
            ], 
            [
              -95.572098693883888, 
              42.756743878451388
            ], 
            [
              -95.572098693883888, 
              42.756704043286554
            ], 
            [
              -95.572080921089309, 
              42.756704043286554
            ], 
            [
              -95.572050052551347, 
              42.756704043286554
            ], 
            [
              -95.572050052551347, 
              42.756706790539305
            ], 
            [
              -95.572050052551347, 
              42.756735921948085
            ], 
            [
              -95.572050052551347, 
              42.756752863340026
            ], 
            [
              -95.572050052551347, 
              42.756763394475556
            ], 
            [
              -95.572050052551347, 
              42.756780785376002
            ], 
            [
              -95.572050052551347, 
              42.756836317326531
            ], 
            [
              -95.572050052551347, 
              42.756870604165357
            ], 
            [
              -95.572050052551347, 
              42.756897079003004
            ], 
            [
              -95.572060765464713, 
              42.756904944824697
            ], 
            [
              -95.572066578132279, 
              42.756904944824697
            ], 
            [
              -95.572107287131644, 
              42.756904944824697
            ], 
            [
              -95.572110716969192, 
              42.756904944824697
            ], 
            [
              -95.572128801567189, 
              42.756891666436417
            ]
          ]
        ], 
        "type": "Polygon"
      }, 
      "properties": {
        "Seat Count": "", 
        "Number": "010D", 
        "NCES_Type": "Corridor/Hallway", 
        "Workstations": "", 
        "Element": "Room", 
        "RevitId": 5892379, 
        "occupancyStatus": "Occupied", 
        "Building": "Connected Core", 
        "Area_SF": 1243.4000000000001, 
        "Name": "CORRIDOR", 
        "NCES_Occupancy Status": "", 
        "NCES_Department": "Administration", 
        "Level": "BASEMENT", 
        "Revit_UniqueId": "b612191a-e846-414b-aff5-ef84177b204e-0059db6e"
      }, 
      "type": "Feature"
    }, 
    {
      "geometry": {
        "coordinates": [
          [
            [
              -95.571940408907238, 
              42.756836831753311
            ], 
            [
              -95.571992424792981, 
              42.756836831753311
            ], 
            [
              -95.571992424792981, 
              42.756836317326531
            ], 
            [
              -95.571996186017074, 
              42.756836317326531
            ], 
            [
              -95.572050052551347, 
              42.756836317326531
            ], 
            [
              -95.572050052551347, 
              42.756780785376002
            ], 
            [
              -95.571990186295906, 
              42.756780785376002
            ], 
            [
              -95.571977090552522, 
              42.756780785376002
            ], 
            [
              -95.571940408907238, 
              42.756780785376002
            ], 
            [
              -95.571940408907238, 
              42.756836831753311
            ]
          ]
        ], 
        "type": "Polygon"
      }, 
      "properties": {
        "Seat Count": "", 
        "Number": "010E", 
        "NCES_Type": "Kitchen", 
        "Workstations": "", 
        "Element": "Room", 
        "RevitId": 5892381, 
        "occupancyStatus": "Occupied", 
        "Building": "Connected Core", 
        "Area_SF": 529.76999999999998, 
        "Name": "KITCHEN", 
        "NCES_Occupancy Status": "", 
        "NCES_Department": "Administration", 
        "Level": "BASEMENT", 
        "Revit_UniqueId": "b612191a-e846-414b-aff5-ef84177b204e-0059db71"
      }, 
      "type": "Feature"
    }, 
    {
      "geometry": {
        "coordinates": [
          [
            [
              -95.572050052551347, 
              42.756763394475556
            ], 
            [
              -95.572050052551347, 
              42.756752863340026
            ], 
            [
              -95.572044440089897, 
              42.756752863340026
            ], 
            [
              -95.572044440089897, 
              42.756739127076294
            ], 
            [
              -95.571994551543696, 
              42.756739127076294
            ], 
            [
              -95.571994551543696, 
              42.756777359677024
            ], 
            [
              -95.572044440089897, 
              42.756777359677024
            ], 
            [
              -95.572044440089897, 
              42.756763394475556
            ], 
            [
              -95.572050052551347, 
              42.756763394475556
            ]
          ]
        ], 
        "type": "Polygon"
      }, 
      "properties": {
        "Seat Count": "", 
        "Number": "010F", 
        "NCES_Type": "Archive Storage", 
        "Workstations": "", 
        "Element": "Room", 
        "RevitId": 5892383, 
        "occupancyStatus": "Occupied", 
        "Building": "Connected Core", 
        "Area_SF": 175.50999999999999, 
        "Name": "HISTORICAL\r\nSTORAGE", 
        "NCES_Occupancy Status": "", 
        "NCES_Department": "Administration", 
        "Level": "BASEMENT", 
        "Revit_UniqueId": "b612191a-e846-414b-aff5-ef84177b204e-0059db74"
      }, 
      "type": "Feature"
    }, 
    {
      "geometry": {
        "coordinates": [
          [
            [
              -95.572123890284857, 
              42.756704043286554
            ], 
            [
              -95.572123890284857, 
              42.756706790539305
            ], 
            [
              -95.572233144418561, 
              42.756706790539305
            ], 
            [
              -95.572233144418561, 
              42.756647724605237
            ], 
            [
              -95.572123890284857, 
              42.756647724605237
            ], 
            [
              -95.572123890284857, 
              42.756669702627214
            ], 
            [
              -95.572123890284857, 
              42.756704043286554
            ]
          ]
        ], 
        "type": "Polygon"
      }, 
      "properties": {
        "Seat Count": "", 
        "Number": "010I", 
        "NCES_Type": "General Storage", 
        "Workstations": "", 
        "Element": "Room", 
        "RevitId": 5892389, 
        "occupancyStatus": "Occupied", 
        "Building": "Connected Core", 
        "Area_SF": 562.72000000000003, 
        "Name": "STORAGE", 
        "NCES_Occupancy Status": "", 
        "NCES_Department": "Administration", 
        "Level": "BASEMENT", 
        "Revit_UniqueId": "b612191a-e846-414b-aff5-ef84177b204e-0059db7d"
      }, 
      "type": "Feature"
    }, 
    {
      "geometry": {
        "coordinates": [
          [
            [
              -95.572123890284857, 
              42.756636735594249
            ], 
            [
              -95.572123890284857, 
              42.756647724605237
            ], 
            [
              -95.572233144418561, 
              42.756647724605237
            ], 
            [
              -95.572233144418561, 
              42.756605907495228
            ], 
            [
              -95.572123890284857, 
              42.756605907495228
            ], 
            [
              -95.572123890284857, 
              42.756636735594249
            ]
          ]
        ], 
        "type": "Polygon"
      }, 
      "properties": {
        "Seat Count": "", 
        "Number": "010J", 
        "NCES_Type": "General Storage", 
        "Workstations": "", 
        "Element": "Room", 
        "RevitId": 5892391, 
        "occupancyStatus": "Occupied", 
        "Building": "Connected Core", 
        "Area_SF": 397.23000000000002, 
        "Name": "STORAGE", 
        "NCES_Occupancy Status": "", 
        "NCES_Department": "Administration", 
        "Level": "BASEMENT", 
        "Revit_UniqueId": "b612191a-e846-414b-aff5-ef84177b204e-0059db80"
      }, 
      "type": "Feature"
    }, 
    {
      "geometry": {
        "coordinates": [
          [
            [
              -95.571940549877567, 
              42.756605907495228
            ], 
            [
              -95.571940549877567, 
              42.756647724605237
            ], 
            [
              -95.571995301214457, 
              42.756647724605237
            ], 
            [
              -95.572050052551347, 
              42.756647724605237
            ], 
            [
              -95.572050052551347, 
              42.756605907495228
            ], 
            [
              -95.571940549877567, 
              42.756605907495228
            ]
          ]
        ], 
        "type": "Polygon"
      }, 
      "properties": {
        "Seat Count": "", 
        "Number": "010K", 
        "NCES_Type": "General Storage", 
        "Workstations": "", 
        "Element": "Room", 
        "RevitId": 5892393, 
        "occupancyStatus": "Occupied", 
        "Building": "Connected Core", 
        "Area_SF": 398.19999999999999, 
        "Name": "STORAGE", 
        "NCES_Occupancy Status": "", 
        "NCES_Department": "Administration", 
        "Level": "BASEMENT", 
        "Revit_UniqueId": "b612191a-e846-414b-aff5-ef84177b204e-0059db83"
      }, 
      "type": "Feature"
    }, 
    {
      "geometry": {
        "coordinates": [
          [
            [
              -95.572123890284857, 
              42.756636735594249
            ], 
            [
              -95.572123890284857, 
              42.756605907495228
            ], 
            [
              -95.572050052551347, 
              42.756605907495228
            ], 
            [
              -95.572050052551347, 
              42.756647724605237
            ], 
            [
              -95.572050052551347, 
              42.756704043286554
            ], 
            [
              -95.572080921089309, 
              42.756704043286554
            ], 
            [
              -95.572080921089309, 
              42.756669702627214
            ], 
            [
              -95.572080921089309, 
              42.756636735594249
            ], 
            [
              -95.572123890284857, 
              42.756636735594249
            ]
          ]
        ], 
        "type": "Polygon"
      }, 
      "properties": {
        "Seat Count": "", 
        "Number": "010L", 
        "NCES_Type": "Corridor/Hallway", 
        "Workstations": "", 
        "Element": "Room", 
        "RevitId": 5892395, 
        "occupancyStatus": "Occupied", 
        "Building": "Connected Core", 
        "Area_SF": 371.31000000000000, 
        "Name": "CORRIDOR", 
        "NCES_Occupancy Status": "", 
        "NCES_Department": "Administration", 
        "Level": "BASEMENT", 
        "Revit_UniqueId": "b612191a-e846-414b-aff5-ef84177b204e-0059db86"
      }, 
      "type": "Feature"
    }, 
    {
      "geometry": {
        "coordinates": [
          [
            [
              -95.571992424792981, 
              42.756836317326531
            ], 
            [
              -95.571992424792981, 
              42.756870604165357
            ], 
            [
              -95.572050052551347, 
              42.756870604165357
            ], 
            [
              -95.572050052551347, 
              42.756836317326531
            ], 
            [
              -95.571992424792981, 
              42.756836317326531
            ]
          ]
        ], 
        "type": "Polygon"
      }, 
      "properties": {
        "Seat Count": "", 
        "Number": "010M", 
        "NCES_Type": "Administrative Workroom", 
        "Workstations": "", 
        "Element": "Room", 
        "RevitId": 5892397, 
        "occupancyStatus": "Occupied", 
        "Building": "Connected Core", 
        "Area_SF": 160.13999999999999, 
        "Name": "SHREDDING ROOM", 
        "NCES_Occupancy Status": "", 
        "NCES_Department": "Administration", 
        "Level": "BASEMENT", 
        "Revit_UniqueId": "b612191a-e846-414b-aff5-ef84177b204e-0059db93"
      }, 
      "type": "Feature"
    }, 
    {
      "geometry": {
        "coordinates": [
          [
            [
              -95.571992424792981, 
              42.756891666436417
            ], 
            [
              -95.572042680866716, 
              42.756891666436417
            ], 
            [
              -95.572050052551347, 
              42.756897079003004
            ], 
            [
              -95.572050052551347, 
              42.756870604165357
            ], 
            [
              -95.571992424792981, 
              42.756870604165357
            ], 
            [
              -95.571992424792981, 
              42.756891666436417
            ]
          ]
        ], 
        "type": "Polygon"
      }, 
      "properties": {
        "Seat Count": "", 
        "Number": "010N", 
        "NCES_Type": "Staff Toilet/Changing", 
        "Workstations": "", 
        "Element": "Room", 
        "RevitId": 5892399, 
        "occupancyStatus": "Occupied", 
        "Building": "Connected Core", 
        "Area_SF": 87.920000000000002, 
        "Name": "RR", 
        "NCES_Occupancy Status": "", 
        "NCES_Department": "Administration", 
        "Level": "BASEMENT", 
        "Revit_UniqueId": "b612191a-e846-414b-aff5-ef84177b204e-0059db96"
      }, 
      "type": "Feature"
    }, 
    {
      "geometry": {
        "coordinates": [
          [
            [
              -95.572050052551347, 
              42.756735921948085
            ], 
            [
              -95.572050052551347, 
              42.756706790539305
            ], 
            [
              -95.571995301214457, 
              42.756706790539305
            ], 
            [
              -95.571976564065494, 
              42.756706790539305
            ], 
            [
              -95.571976564065494, 
              42.756721143157272
            ], 
            [
              -95.572010238834181, 
              42.756721143157272
            ], 
            [
              -95.572010238834181, 
              42.756735921948085
            ], 
            [
              -95.572050052551347, 
              42.756735921948085
            ]
          ]
        ], 
        "type": "Polygon"
      }, 
      "properties": {
        "Seat Count": "", 
        "Number": "010O", 
        "NCES_Type": "Stair", 
        "Workstations": "", 
        "Element": "Room", 
        "RevitId": 5892404, 
        "occupancyStatus": "Occupied", 
        "Building": "Connected Core", 
        "Area_SF": 132.86000000000001, 
        "Name": "STAIR", 
        "NCES_Occupancy Status": "", 
        "NCES_Department": "Administration", 
        "Level": "BASEMENT", 
        "Revit_UniqueId": "b612191a-e846-414b-aff5-ef84177b204e-0059dc76"
      }, 
      "type": "Feature"
    }, 
    {
      "geometry": {
        "coordinates": [
          [
            [
              -95.571940408907238, 
              42.756755958319779
            ], 
            [
              -95.571940408907238, 
              42.756780785376002
            ], 
            [
              -95.571977090552522, 
              42.756780785376002
            ], 
            [
              -95.571990186295906, 
              42.756780785376002
            ], 
            [
              -95.571990186295906, 
              42.756735921948085
            ], 
            [
              -95.571911542910556, 
              42.756735921948085
            ], 
            [
              -95.571911542910556, 
              42.756741550695345
            ], 
            [
              -95.571931165479995, 
              42.756755958319779
            ], 
            [
              -95.571940408907238, 
              42.756755958319779
            ]
          ]
        ], 
        "type": "Polygon"
      }, 
      "properties": {
        "Seat Count": "", 
        "Number": "010P", 
        "NCES_Type": "Pantry", 
        "Workstations": "", 
        "Element": "Room", 
        "RevitId": 5892407, 
        "occupancyStatus": "Occupied", 
        "Building": "Connected Core", 
        "Area_SF": 219.19999999999999, 
        "Name": "PANTRY", 
        "NCES_Occupancy Status": "", 
        "NCES_Department": "Administration", 
        "Level": "BASEMENT", 
        "Revit_UniqueId": "b612191a-e846-414b-aff5-ef84177b204e-0059dcea"
      }, 
      "type": "Feature"
    }, 
    {
      "geometry": {
        "coordinates": [
          [
            [
              -95.571606245747375, 
              42.757015154561813
            ], 
            [
              -95.571606245747375, 
              42.757008973243131
            ], 
            [
              -95.571608116567859, 
              42.757008973243131
            ], 
            [
              -95.571608116567859, 
              42.756989821230285
            ], 
            [
              -95.571643662157030, 
              42.756989821230285
            ], 
            [
              -95.571680031593928, 
              42.756989821230285
            ], 
            [
              -95.571738465951213, 
              42.756989821230285
            ], 
            [
              -95.571775866804458, 
              42.756989821230285
            ], 
            [
              -95.571790319382089, 
              42.756989821230285
            ], 
            [
              -95.571803929111695, 
              42.756989821230285
            ], 
            [
              -95.571803929111695, 
              42.756975398153365
            ], 
            [
              -95.571839490257261, 
              42.756975398153365
            ], 
            [
              -95.571839490257261, 
              42.756952275710603
            ], 
            [
              -95.571798332206654, 
              42.756952275710603
            ], 
            [
              -95.571759044976517, 
              42.756952275710603
            ], 
            [
              -95.571717136200164, 
              42.756952275710603
            ], 
            [
              -95.571605304320698, 
              42.756952275710603
            ], 
            [
              -95.571605304320698, 
              42.756924024434660
            ], 
            [
              -95.571605304320698, 
              42.756921262803253
            ], 
            [
              -95.571543815188846, 
              42.756921262803253
            ], 
            [
              -95.571540989374995, 
              42.756921262803253
            ], 
            [
              -95.571540989374995, 
              42.756952275710603
            ], 
            [
              -95.571430368005934, 
              42.756952275710603
            ], 
            [
              -95.571388877433762, 
              42.756952275710603
            ], 
            [
              -95.571348703468445, 
              42.756952275710603
            ], 
            [
              -95.571348703468445, 
              42.756989821230285
            ], 
            [
              -95.571407585638582, 
              42.756989821230285
            ], 
            [
              -95.571439701390204, 
              42.756989821230285
            ], 
            [
              -95.571465581073539, 
              42.756989821230285
            ], 
            [
              -95.571474623372538, 
              42.756989821230285
            ], 
            [
              -95.571541349303089, 
              42.756989821230285
            ], 
            [
              -95.571541349303089, 
              42.757008973243131
            ], 
            [
              -95.571543220123573, 
              42.757008973243131
            ], 
            [
              -95.571543220123573, 
              42.757015154561813
            ], 
            [
              -95.571606245747375, 
              42.757015154561813
            ]
          ]
        ], 
        "type": "Polygon"
      }, 
      "properties": {
        "Seat Count": "", 
        "Number": "010Q", 
        "NCES_Type": "Corridor/Hallway", 
        "Workstations": "", 
        "Element": "Room", 
        "RevitId": 5912641, 
        "occupancyStatus": "Occupied", 
        "Building": "Connected Core", 
        "Area_SF": 1888.0400000000000, 
        "Name": "CORRIDOR", 
        "NCES_Occupancy Status": "", 
        "NCES_Department": "General", 
        "Level": "BASEMENT", 
        "Revit_UniqueId": "2185f381-91b6-46de-ae2c-9c7a9c7be50e-0059fdc4"
      }, 
      "type": "Feature"
    }, 
    {
      "geometry": {
        "coordinates": [
          [
            [
              -95.571608116567859, 
              42.757035758957414
            ], 
            [
              -95.571805285945942, 
              42.757035758957414
            ], 
            [
              -95.571805285945942, 
              42.757035072144227
            ], 
            [
              -95.571839490257261, 
              42.757035072144227
            ], 
            [
              -95.571839490257261, 
              42.757005617933579
            ], 
            [
              -95.571839490257261, 
              42.756989821230285
            ], 
            [
              -95.571839490257261, 
              42.756975398153365
            ], 
            [
              -95.571803929111695, 
              42.756975398153365
            ], 
            [
              -95.571803929111695, 
              42.756989821230285
            ], 
            [
              -95.571803929111695, 
              42.757008365186330
            ], 
            [
              -95.571790319382089, 
              42.757008365186330
            ], 
            [
              -95.571775866804458, 
              42.757008365186330
            ], 
            [
              -95.571775866804458, 
              42.756989821230285
            ], 
            [
              -95.571738465951213, 
              42.756989821230285
            ], 
            [
              -95.571680031593928, 
              42.756989821230285
            ], 
            [
              -95.571643662157030, 
              42.756989821230285
            ], 
            [
              -95.571608116567859, 
              42.756989821230285
            ], 
            [
              -95.571608116567859, 
              42.757008973243131
            ], 
            [
              -95.571606245747375, 
              42.757008973243131
            ], 
            [
              -95.571606245747375, 
              42.757015154561813
            ], 
            [
              -95.571543220123573, 
              42.757015154561813
            ], 
            [
              -95.571543220123573, 
              42.757008973243131
            ], 
            [
              -95.571541349303089, 
              42.757008973243131
            ], 
            [
              -95.571541349303089, 
              42.756989821230285
            ], 
            [
              -95.571474623372538, 
              42.756989821230285
            ], 
            [
              -95.571474623372538, 
              42.756999207677168
            ], 
            [
              -95.571465581073539, 
              42.756999207677168
            ], 
            [
              -95.571465581073539, 
              42.756989821230285
            ], 
            [
              -95.571439701390204, 
              42.756989821230285
            ], 
            [
              -95.571407585638582, 
              42.756989821230285
            ], 
            [
              -95.571348703468445, 
              42.756989821230285
            ], 
            [
              -95.571343091006995, 
              42.756989821230285
            ], 
            [
              -95.571343091006995, 
              42.757004473244940
            ], 
            [
              -95.571343091006995, 
              42.757035758957414
            ], 
            [
              -95.571541349303089, 
              42.757035758957414
            ], 
            [
              -95.571541349303089, 
              42.757040108774270
            ], 
            [
              -95.571608116567859, 
              42.757040108774270
            ], 
            [
              -95.571608116567859, 
              42.757035758957414
            ]
          ]
        ], 
        "type": "Polygon"
      }, 
      "properties": {
        "Seat Count": "", 
        "Number": "010R", 
        "NCES_Type": "Corridor/Hallway", 
        "Workstations": "", 
        "Element": "Room", 
        "RevitId": 5912645, 
        "occupancyStatus": "Occupied", 
        "Building": "Connected Core", 
        "Area_SF": 1901.6400000000001, 
        "Name": "CORRIDOR", 
        "NCES_Occupancy Status": "", 
        "NCES_Department": "General", 
        "Level": "BASEMENT", 
        "Revit_UniqueId": "2185f381-91b6-46de-ae2c-9c7a9c7be50e-0059ff81"
      }, 
      "type": "Feature"
    }, 
    {
      "geometry": {
        "coordinates": [
          [
            [
              -95.571343091006995, 
              42.756989821230285
            ], 
            [
              -95.571317019610220, 
              42.756989821230285
            ], 
            [
              -95.571317019610220, 
              42.756999207677168
            ], 
            [
              -95.571307665507803, 
              42.756999207677168
            ], 
            [
              -95.571307665507803, 
              42.757042019032482
            ], 
            [
              -95.571308600918044, 
              42.757042019032482
            ], 
            [
              -95.571308600918044, 
              42.757091760856071
            ], 
            [
              -95.571309536328286, 
              42.757091760856071
            ], 
            [
              -95.571309536328286, 
              42.757093835674290
            ], 
            [
              -95.571309536328286, 
              42.757126330453140
            ], 
            [
              -95.571283344841532, 
              42.757126330453140
            ], 
            [
              -95.571283344841532, 
              42.757140524592330
            ], 
            [
              -95.571310471738528, 
              42.757140524592330
            ], 
            [
              -95.571310471738528, 
              42.757178070379879
            ], 
            [
              -95.571247480444768, 
              42.757178070379879
            ], 
            [
              -95.571222847975079, 
              42.757178070379879
            ], 
            [
              -95.571222847975079, 
              42.757191806643618
            ], 
            [
              -95.571206322394147, 
              42.757191806643618
            ], 
            [
              -95.571206322394147, 
              42.757178070379879
            ], 
            [
              -95.571103092247398, 
              42.757178070379879
            ], 
            [
              -95.571103092247398, 
              42.757199590526398
            ], 
            [
              -95.571035810282240, 
              42.757199590526398
            ], 
            [
              -95.571035810282240, 
              42.757178070379879
            ], 
            [
              -95.570994303076972, 
              42.757178070379879
            ], 
            [
              -95.570969358803879, 
              42.757178070379879
            ], 
            [
              -95.570969358803879, 
              42.757187685764492
            ], 
            [
              -95.570960004701462, 
              42.757187685764492
            ], 
            [
              -95.570960004701462, 
              42.757178070379879
            ], 
            [
              -95.570935181711505, 
              42.757178070379879
            ], 
            [
              -95.570901506942818, 
              42.757178070379879
            ], 
            [
              -95.570837963269298, 
              42.757178070379879
            ], 
            [
              -95.570837963269298, 
              42.757192099257139
            ], 
            [
              -95.570837963269298, 
              42.757223879426405
            ], 
            [
              -95.571035810282240, 
              42.757223879426405
            ], 
            [
              -95.571035810282240, 
              42.757228102621006
            ], 
            [
              -95.571055781333797, 
              42.757242766114047
            ], 
            [
              -95.571083843641034, 
              42.757242766114047
            ], 
            [
              -95.571103092247398, 
              42.757228633067285
            ], 
            [
              -95.571103092247398, 
              42.757223879426405
            ], 
            [
              -95.571344961827478, 
              42.757223879426405
            ], 
            [
              -95.571344961827478, 
              42.757178757193067
            ], 
            [
              -95.571344961827478, 
              42.757178264807699
            ], 
            [
              -95.571350886092347, 
              42.757139837779150
            ], 
            [
              -95.571344961827478, 
              42.757139837779150
            ], 
            [
              -95.571344961827478, 
              42.757089013603320
            ], 
            [
              -95.571344026417236, 
              42.757089013603320
            ], 
            [
              -95.571344026417236, 
              42.757035758957414
            ], 
            [
              -95.571343091006995, 
              42.757035758957414
            ], 
            [
              -95.571343091006995, 
              42.757032997326007
            ], 
            [
              -95.571343091006995, 
              42.757004473244940
            ], 
            [
              -95.571343091006995, 
              42.756989821230285
            ]
          ]
        ], 
        "type": "Polygon"
      }, 
      "properties": {
        "Seat Count": "", 
        "Number": "010S", 
        "NCES_Type": "Corridor/Hallway", 
        "Workstations": "", 
        "Element": "Room", 
        "RevitId": 5912682, 
        "occupancyStatus": "Occupied", 
        "Building": "Connected Core", 
        "Area_SF": 2545.8400000000001, 
        "Name": "CORRIDOR", 
        "NCES_Occupancy Status": "", 
        "NCES_Department": "General", 
        "Level": "BASEMENT", 
        "Revit_UniqueId": "38cda8e2-ff42-4d55-87d6-6d7e72c24dbd-005a0ff7"
      }, 
      "type": "Feature"
    }, 
    {
      "geometry": {
        "coordinates": [
          [
            [
              -95.571283344841532, 
              42.757108743741540
            ], 
            [
              -95.571210382842708, 
              42.757108743741540
            ], 
            [
              -95.571119959852723, 
              42.757108743741540
            ], 
            [
              -95.571101875254726, 
              42.757108743741540
            ], 
            [
              -95.571101875254726, 
              42.757105080737873
            ], 
            [
              -95.571036396537835, 
              42.757105080737873
            ], 
            [
              -95.571036396537835, 
              42.757108743741540
            ], 
            [
              -95.571036396537835, 
              42.757140524592330
            ], 
            [
              -95.570927698429571, 
              42.757140524592330
            ], 
            [
              -95.570802541985472, 
              42.757140524592330
            ], 
            [
              -95.570801861919463, 
              42.757140394231826
            ], 
            [
              -95.570795625851190, 
              42.757178070379879
            ], 
            [
              -95.570802729483546, 
              42.757178070379879
            ], 
            [
              -95.570813086842364, 
              42.757178070379879
            ], 
            [
              -95.570837963269298, 
              42.757178070379879
            ], 
            [
              -95.570901506942818, 
              42.757178070379879
            ], 
            [
              -95.570935181711505, 
              42.757178070379879
            ], 
            [
              -95.570960004701462, 
              42.757178070379879
            ], 
            [
              -95.570969358803879, 
              42.757178070379879
            ], 
            [
              -95.570994303076972, 
              42.757178070379879
            ], 
            [
              -95.571035810282240, 
              42.757178070379879
            ], 
            [
              -95.571103092247398, 
              42.757178070379879
            ], 
            [
              -95.571206322394147, 
              42.757178070379879
            ], 
            [
              -95.571222847975079, 
              42.757178070379879
            ], 
            [
              -95.571247480444768, 
              42.757178070379879
            ], 
            [
              -95.571310471738528, 
              42.757178070379879
            ], 
            [
              -95.571310471738528, 
              42.757140524592330
            ], 
            [
              -95.571283344841532, 
              42.757140524592330
            ], 
            [
              -95.571283344841532, 
              42.757126330453140
            ], 
            [
              -95.571283344841532, 
              42.757108743741540
            ]
          ]
        ], 
        "type": "Polygon"
      }, 
      "properties": {
        "Seat Count": "", 
        "Number": "010T", 
        "NCES_Type": "General Storage", 
        "Workstations": "", 
        "Element": "Room", 
        "RevitId": 5912684, 
        "occupancyStatus": "Occupied", 
        "Building": "Connected Core", 
        "Area_SF": 2428.7600000000002, 
        "Name": "STORAGE", 
        "NCES_Occupancy Status": "", 
        "NCES_Department": "General", 
        "Level": "BASEMENT", 
        "Revit_UniqueId": "38cda8e2-ff42-4d55-87d6-6d7e72c24dbd-005a0ffa"
      }, 
      "type": "Feature"
    }, 
    {
      "geometry": {
        "coordinates": [
          [
            [
              -95.570597964509702, 
              42.757366190848863
            ], 
            [
              -95.570701352399226, 
              42.757366190848863
            ], 
            [
              -95.570718501586981, 
              42.757366190848863
            ], 
            [
              -95.570742822253251, 
              42.757366190848863
            ], 
            [
              -95.570805535714271, 
              42.757366190848863
            ], 
            [
              -95.570805535714271, 
              42.757328645061321
            ], 
            [
              -95.570778217103822, 
              42.757328645061321
            ], 
            [
              -95.570595812106788, 
              42.757328645061321
            ], 
            [
              -95.570595812106788, 
              42.757296864210524
            ], 
            [
              -95.570596747517030, 
              42.757296864210524
            ], 
            [
              -95.570596747517030, 
              42.757280380694041
            ], 
            [
              -95.570596747517030, 
              42.757265270803927
            ], 
            [
              -95.570596747517030, 
              42.757261512863316
            ], 
            [
              -95.570531268800138, 
              42.757261512863316
            ], 
            [
              -95.570531268800138, 
              42.757265270803927
            ], 
            [
              -95.570531268800138, 
              42.757280380694041
            ], 
            [
              -95.570531268800138, 
              42.757296864210524
            ], 
            [
              -95.570531268800138, 
              42.757328645061321
            ], 
            [
              -95.570422570691875, 
              42.757328645061321
            ], 
            [
              -95.570297414247776, 
              42.757328645061321
            ], 
            [
              -95.570296734181767, 
              42.757328514700809
            ], 
            [
              -95.570271098161953, 
              42.757359823531182
            ], 
            [
              -95.570295371833794, 
              42.757365852927244
            ], 
            [
              -95.570297601745835, 
              42.757365465548055
            ], 
            [
              -95.570297601745835, 
              42.757366190848863
            ], 
            [
              -95.570307647301249, 
              42.757366190848863
            ], 
            [
              -95.570332835531602, 
              42.757366190848863
            ], 
            [
              -95.570398561829023, 
              42.757366190848863
            ], 
            [
              -95.570430989384050, 
              42.757366190848863
            ], 
            [
              -95.570464664152738, 
              42.757366190848863
            ], 
            [
              -95.570490232032668, 
              42.757366190848863
            ], 
            [
              -95.570530682544529, 
              42.757366190848863
            ], 
            [
              -95.570530682544529, 
              42.757386816745203
            ], 
            [
              -95.570597964509702, 
              42.757386816745203
            ], 
            [
              -95.570597964509702, 
              42.757366190848863
            ]
          ]
        ], 
        "type": "Polygon"
      }, 
      "properties": {
        "Seat Count": "", 
        "Number": "010U", 
        "NCES_Type": "Archive Storage", 
        "Workstations": "", 
        "Element": "Room", 
        "RevitId": 5912724, 
        "occupancyStatus": "Occupied", 
        "Building": "Connected Core", 
        "Area_SF": 2358.2199999999998, 
        "Name": "MUSEUM", 
        "NCES_Occupancy Status": "", 
        "NCES_Department": "Archives", 
        "Level": "BASEMENT", 
        "Revit_UniqueId": "38cda8e2-ff42-4d55-87d6-6d7e72c24dbd-005a1f70"
      }, 
      "type": "Feature"
    }, 
    {
      "geometry": {
        "coordinates": [
          [
            [
              -95.570838898679540, 
              42.757223879426405
            ], 
            [
              -95.570837963269298, 
              42.757223879426405
            ], 
            [
              -95.570837963269298, 
              42.757221117794991
            ], 
            [
              -95.570837963269298, 
              42.757192099257139
            ], 
            [
              -95.570837963269298, 
              42.757178070379879
            ], 
            [
              -95.570813086842364, 
              42.757178070379879
            ], 
            [
              -95.570813086842364, 
              42.757186998951305
            ], 
            [
              -95.570802729483546, 
              42.757186998951305
            ], 
            [
              -95.570802729483546, 
              42.757226392317136
            ], 
            [
              -95.570803664893788, 
              42.757226392317136
            ], 
            [
              -95.570803664893788, 
              42.757279881325054
            ], 
            [
              -95.570778217103822, 
              42.757279881325054
            ], 
            [
              -95.570778217103822, 
              42.757296864210524
            ], 
            [
              -95.570778217103822, 
              42.757328645061321
            ], 
            [
              -95.570805535714271, 
              42.757328645061321
            ], 
            [
              -95.570805535714271, 
              42.757366190848863
            ], 
            [
              -95.570805535714271, 
              42.757379011361685
            ], 
            [
              -95.570742822253251, 
              42.757379011361685
            ], 
            [
              -95.570742822253251, 
              42.757366190848863
            ], 
            [
              -95.570718501586981, 
              42.757366190848863
            ], 
            [
              -95.570701352399226, 
              42.757366190848863
            ], 
            [
              -95.570597964509702, 
              42.757366190848863
            ], 
            [
              -95.570597964509702, 
              42.757386816745203
            ], 
            [
              -95.570530682544529, 
              42.757386816745203
            ], 
            [
              -95.570530682544529, 
              42.757366190848863
            ], 
            [
              -95.570490232032668, 
              42.757366190848863
            ], 
            [
              -95.570464664152738, 
              42.757366190848863
            ], 
            [
              -95.570430989384050, 
              42.757366190848863
            ], 
            [
              -95.570398561829023, 
              42.757366190848863
            ], 
            [
              -95.570332835531602, 
              42.757366190848863
            ], 
            [
              -95.570307647301249, 
              42.757366190848863
            ], 
            [
              -95.570307647301249, 
              42.757375119420296
            ], 
            [
              -95.570297601745835, 
              42.757375119420296
            ], 
            [
              -95.570297601745835, 
              42.757404444950332
            ], 
            [
              -95.570297601745835, 
              42.757412686708577
            ], 
            [
              -95.570332835531602, 
              42.757412686708577
            ], 
            [
              -95.570332835531602, 
              42.757411999895389
            ], 
            [
              -95.570531617954771, 
              42.757411999895389
            ], 
            [
              -95.570531617954771, 
              42.757416168773879
            ], 
            [
              -95.570597029099460, 
              42.757416168773879
            ], 
            [
              -95.570597029099460, 
              42.757411999895389
            ], 
            [
              -95.570839834089782, 
              42.757411999895389
            ], 
            [
              -95.570839834089782, 
              42.757366877662051
            ], 
            [
              -95.570839834089782, 
              42.757364380847768
            ], 
            [
              -95.570836092448815, 
              42.757364380847768
            ], 
            [
              -95.570836092448815, 
              42.757327958248133
            ], 
            [
              -95.570839834089782, 
              42.757327958248133
            ], 
            [
              -95.570839834089782, 
              42.757283348038946
            ], 
            [
              -95.570839834089782, 
              42.757277134072304
            ], 
            [
              -95.570838898679540, 
              42.757277134072304
            ], 
            [
              -95.570838898679540, 
              42.757259996390594
            ], 
            [
              -95.570838898679540, 
              42.757223879426405
            ]
          ]
        ], 
        "type": "Polygon"
      }, 
      "properties": {
        "Seat Count": "", 
        "Number": "010V", 
        "NCES_Type": "Corridor/Hallway", 
        "Workstations": "", 
        "Element": "Room", 
        "RevitId": 5912726, 
        "occupancyStatus": "Occupied", 
        "Building": "Connected Core", 
        "Area_SF": 2663.4299999999998, 
        "Name": "CORRIDOR", 
        "NCES_Occupancy Status": "", 
        "NCES_Department": "Archives", 
        "Level": "BASEMENT", 
        "Revit_UniqueId": "38cda8e2-ff42-4d55-87d6-6d7e72c24dbd-005a1f76"
      }, 
      "type": "Feature"
    }, 
    {
      "geometry": {
        "coordinates": [
          [
            [
              -95.570297601745835, 
              42.757365465548055
            ], 
            [
              -95.570271098161953, 
              42.757359823531182
            ], 
            [
              -95.570262991566921, 
              42.757361873026056
            ], 
            [
              -95.570262991566921, 
              42.757404444950332
            ], 
            [
              -95.570297601745835, 
              42.757404444950332
            ], 
            [
              -95.570297601745835, 
              42.757375119420296
            ], 
            [
              -95.570297601745835, 
              42.757365465548055
            ]
          ]
        ], 
        "type": "Polygon"
      }, 
      "properties": {
        "Seat Count": "", 
        "Number": "010W", 
        "NCES_Type": "Stair", 
        "Workstations": "", 
        "Element": "Room", 
        "RevitId": 5912728, 
        "occupancyStatus": "Occupied", 
        "Building": "Connected Core", 
        "Area_SF": 103.31999999999999, 
        "Name": "STAIR", 
        "NCES_Occupancy Status": "", 
        "NCES_Department": "General", 
        "Level": "BASEMENT", 
        "Revit_UniqueId": "38cda8e2-ff42-4d55-87d6-6d7e72c24dbd-005a1f7c"
      }, 
      "type": "Feature"
    }, 
    {
      "geometry": {
        "coordinates": [
          [
            [
              -95.571607175141182, 
              42.756921262803253
            ], 
            [
              -95.571607175141182, 
              42.756889080244854
            ], 
            [
              -95.571607175141182, 
              42.756886332992110
            ], 
            [
              -95.571540053964753, 
              42.756886332992110
            ], 
            [
              -95.571540053964753, 
              42.756889080244854
            ], 
            [
              -95.571540053964753, 
              42.756921262803253
            ], 
            [
              -95.571605304320698, 
              42.756921262803253
            ], 
            [
              -95.571607175141182, 
              42.756921262803253
            ]
          ]
        ], 
        "type": "Polygon"
      }, 
      "properties": {
        "Seat Count": "", 
        "Number": "010X", 
        "NCES_Type": "Maintenance Shop", 
        "Workstations": "", 
        "Element": "Room", 
        "RevitId": 5913640, 
        "occupancyStatus": "Occupied", 
        "Building": "Connected Core", 
        "Area_SF": 302.42000000000002, 
        "Name": "PLUMBING SHOP", 
        "NCES_Occupancy Status": "", 
        "NCES_Department": "General", 
        "Level": "BASEMENT", 
        "Revit_UniqueId": "89d251c2-ec05-4b1d-b2d1-943037ba2510-005a3c28"
      }, 
      "type": "Feature"
    }, 
    {
      "geometry": {
        "coordinates": [
          [
            [
              -95.571348703468445, 
              42.756952275710603
            ], 
            [
              -95.571307665507803, 
              42.756952275710603
            ], 
            [
              -95.571307665507803, 
              42.756951982066099
            ], 
            [
              -95.571307665507803, 
              42.756990114874789
            ], 
            [
              -95.571309343930267, 
              42.756989821230285
            ], 
            [
              -95.571317019610220, 
              42.756989821230285
            ], 
            [
              -95.571343091006995, 
              42.756989821230285
            ], 
            [
              -95.571348703468445, 
              42.756989821230285
            ], 
            [
              -95.571348703468445, 
              42.756952275710603
            ]
          ]
        ], 
        "type": "Polygon"
      }, 
      "properties": {
        "Seat Count": "", 
        "Number": "010Y", 
        "NCES_Type": "Maintenance Shop", 
        "Workstations": "", 
        "Element": "Room", 
        "RevitId": 5913643, 
        "occupancyStatus": "Occupied", 
        "Building": "Connected Core", 
        "Area_SF": 208.59999999999999, 
        "Name": "OLD MASON SHOP", 
        "NCES_Occupancy Status": "", 
        "NCES_Department": "General", 
        "Level": "BASEMENT", 
        "Revit_UniqueId": "89d251c2-ec05-4b1d-b2d1-943037ba2510-005a3c2b"
      }, 
      "type": "Feature"
    }, 
    {
      "geometry": {
        "coordinates": [
          [
            [
              -95.570845758354636, 
              42.757327958248133
            ], 
            [
              -95.570836092448815, 
              42.757327958248133
            ], 
            [
              -95.570836092448815, 
              42.757365537331410
            ], 
            [
              -95.570845758354636, 
              42.757327958248133
            ]
          ]
        ], 
        "type": "Polygon"
      }, 
      "properties": {
        "Seat Count": "", 
        "Number": "010Z", 
        "NCES_Type": "Archive Storage", 
        "Workstations": "", 
        "Element": "Room", 
        "RevitId": 5913761, 
        "occupancyStatus": "Occupied", 
        "Building": "Connected Core", 
        "Area_SF": 89.069999999999993, 
        "Name": "PRINTING PRESS", 
        "NCES_Occupancy Status": "", 
        "NCES_Department": "Archives", 
        "Level": "BASEMENT", 
        "Revit_UniqueId": "89d251c2-ec05-4b1d-b2d1-943037ba2510-005a3ca1"
      }, 
      "type": "Feature"
    }, 
    {
      "geometry": {
        "coordinates": [
          [
            [
              -95.570805535714271, 
              42.757366190848863
            ], 
            [
              -95.570742822253251, 
              42.757366190848863
            ], 
            [
              -95.570742822253251, 
              42.757379011361685
            ], 
            [
              -95.570805535714271, 
              42.757379011361685
            ], 
            [
              -95.570805535714271, 
              42.757366190848863
            ]
          ]
        ], 
        "type": "Polygon"
      }, 
      "properties": {
        "Seat Count": "", 
        "Number": "010AA", 
        "NCES_Type": "Archive Storage", 
        "Workstations": "", 
        "Element": "Room", 
        "RevitId": 5913955, 
        "occupancyStatus": "Occupied", 
        "Building": "Connected Core", 
        "Area_SF": 63.689999999999998, 
        "Name": "COFFIN", 
        "NCES_Occupancy Status": "", 
        "NCES_Department": "Archives", 
        "Level": "BASEMENT", 
        "Revit_UniqueId": "89d251c2-ec05-4b1d-b2d1-943037ba2510-005a3d63"
      }, 
      "type": "Feature"
    }, 
    {
      "geometry": {
        "coordinates": [
          [
            [
              -95.571972316345793, 
              42.757729451959314
            ], 
            [
              -95.571972316345793, 
              42.757857177333641
            ], 
            [
              -95.572022828498831, 
              42.757857177333641
            ], 
            [
              -95.572069189567884, 
              42.757857177333641
            ], 
            [
              -95.572069189567884, 
              42.757729451959314
            ], 
            [
              -95.572015871184135, 
              42.757729451959314
            ], 
            [
              -95.571972316345793, 
              42.757729451959314
            ]
          ]
        ], 
        "type": "Polygon"
      }, 
      "properties": {
        "Seat Count": "", 
        "Number": "010BB", 
        "NCES_Type": "Maintenance Shop", 
        "Workstations": "", 
        "Element": "Room", 
        "RevitId": 5914972, 
        "occupancyStatus": "Occupied", 
        "Building": "Connected Core", 
        "Area_SF": 1103.4800000000000, 
        "Name": "WOOD SHOP", 
        "NCES_Occupancy Status": "", 
        "NCES_Department": "General", 
        "Level": "BASEMENT", 
        "Revit_UniqueId": "30413424-0872-489c-b810-fbf20ab1b8ab-005a415c"
      }, 
      "type": "Feature"
    }, 
    {
      "geometry": {
        "coordinates": [
          [
            [
              -95.57224300064847, 
              42.757808830510754
            ], 
            [
              -95.572411016696080, 
              42.757808830510754
            ], 
            [
              -95.572411016696080, 
              42.757578204393106
            ], 
            [
              -95.572348344209914, 
              42.757578204393106
            ], 
            [
              -95.572348344209914, 
              42.757546610986509
            ], 
            [
              -95.572337119287027, 
              42.757546610986509
            ], 
            [
              -95.572331506825577, 
              42.757546610986509
            ], 
            [
              -95.572331506825577, 
              42.757558286810685
            ], 
            [
              -95.572320281902677, 
              42.757558286810685
            ], 
            [
              -95.572264157288203, 
              42.757558286810685
            ], 
            [
              -95.572264157288203, 
              42.757534935162333
            ], 
            [
              -95.572105347977327, 
              42.757534935162333
            ], 
            [
              -95.572105347977327, 
              42.757689616794472
            ], 
            [
              -95.572170974059887, 
              42.757689616794472
            ], 
            [
              -95.572170974059887, 
              42.757734946464808
            ], 
            [
              -95.572170974059887, 
              42.757758006334932
            ], 
            [
              -95.57224300064847, 
              42.757758006334932
            ], 
            [
              -95.57224300064847, 
              42.757808830510754
            ]
          ]
        ], 
        "type": "Polygon"
      }, 
      "properties": {
        "Seat Count": "", 
        "Number": "010CC", 
        "NCES_Type": "Loading/Receiving", 
        "Workstations": "", 
        "Element": "Room", 
        "RevitId": 5914975, 
        "occupancyStatus": "Occupied", 
        "Building": "Connected Core", 
        "Area_SF": 6360.3100000000004, 
        "Name": "RECEIVING / STORAGE (A/C)", 
        "NCES_Occupancy Status": "", 
        "NCES_Department": "General", 
        "Level": "BASEMENT", 
        "Revit_UniqueId": "30413424-0872-489c-b810-fbf20ab1b8ab-005a415f"
      }, 
      "type": "Feature"
    }, 
    {
      "geometry": {
        "coordinates": [
          [
            [
              -95.572170974059887, 
              42.757808830510754
            ], 
            [
              -95.57224300064847, 
              42.757808830510754
            ], 
            [
              -95.57224300064847, 
              42.757758006334932
            ], 
            [
              -95.572170974059887, 
              42.757758006334932
            ], 
            [
              -95.572170974059887, 
              42.757784792049215
            ], 
            [
              -95.572170974059887, 
              42.757808830510754
            ]
          ]
        ], 
        "type": "Polygon"
      }, 
      "properties": {
        "Seat Count": "", 
        "Number": "010DD", 
        "NCES_Type": "General Storage", 
        "Workstations": "", 
        "Element": "Room", 
        "RevitId": 5914978, 
        "occupancyStatus": "Occupied", 
        "Building": "Connected Core", 
        "Area_SF": 314.81000000000000, 
        "Name": "CCUSO STOR", 
        "NCES_Occupancy Status": "", 
        "NCES_Department": "CCUSO", 
        "Level": "BASEMENT", 
        "Revit_UniqueId": "30413424-0872-489c-b810-fbf20ab1b8ab-005a4162"
      }, 
      "type": "Feature"
    }, 
    {
      "geometry": {
        "coordinates": [
          [
            [
              -95.571972316345793, 
              42.757701292618648
            ], 
            [
              -95.571972316345793, 
              42.757729451959314
            ], 
            [
              -95.572015871184135, 
              42.757729451959314
            ], 
            [
              -95.572015871184135, 
              42.757701292618648
            ], 
            [
              -95.571972316345793, 
              42.757701292618648
            ]
          ]
        ], 
        "type": "Polygon"
      }, 
      "properties": {
        "Seat Count": "", 
        "Number": "010EE", 
        "NCES_Type": "Maintenance Shop", 
        "Workstations": "", 
        "Element": "Room", 
        "RevitId": 5914987, 
        "occupancyStatus": "Occupied", 
        "Building": "Connected Core", 
        "Area_SF": 93.519999999999996, 
        "Name": "KEY SHOP", 
        "NCES_Occupancy Status": "", 
        "NCES_Department": "General", 
        "Level": "BASEMENT", 
        "Revit_UniqueId": "30413424-0872-489c-b810-fbf20ab1b8ab-005a416b"
      }, 
      "type": "Feature"
    }, 
    {
      "geometry": {
        "coordinates": [
          [
            [
              -95.571839311300835, 
              42.757455147590647
            ], 
            [
              -95.572003457518250, 
              42.757455147590647
            ], 
            [
              -95.572003457518250, 
              42.757438699300110
            ], 
            [
              -95.572003457518250, 
              42.757416721278133
            ], 
            [
              -95.572003457518250, 
              42.757395394843392
            ], 
            [
              -95.572003457518250, 
              42.757342618995075
            ], 
            [
              -95.572001586697766, 
              42.757342618995075
            ], 
            [
              -95.572001586697766, 
              42.757317539561235
            ], 
            [
              -95.572003457518250, 
              42.757317539561235
            ], 
            [
              -95.572003457518250, 
              42.757288006594202
            ], 
            [
              -95.572003457518250, 
              42.757271980953178
            ], 
            [
              -95.572003457518250, 
              42.757245195238887
            ], 
            [
              -95.571840246711076, 
              42.757245195238887
            ], 
            [
              -95.571840246711076, 
              42.757317539561235
            ], 
            [
              -95.571842117531560, 
              42.757317539561235
            ], 
            [
              -95.571842117531560, 
              42.757342618995075
            ], 
            [
              -95.571839311300835, 
              42.757342618995075
            ], 
            [
              -95.571839311300835, 
              42.757381080533534
            ], 
            [
              -95.571839311300835, 
              42.757416721278133
            ], 
            [
              -95.571839311300835, 
              42.757455147590647
            ]
          ]
        ], 
        "type": "Polygon"
      }, 
      "properties": {
        "Seat Count": "", 
        "Number": "010FF", 
        "NCES_Type": "Kitchen", 
        "Workstations": "", 
        "Element": "Room", 
        "RevitId": 5916345, 
        "occupancyStatus": "Occupied", 
        "Building": "Connected Core", 
        "Area_SF": 3219.2600000000002, 
        "Name": "KITCHEN", 
        "NCES_Occupancy Status": "", 
        "NCES_Department": "General", 
        "Level": "BASEMENT", 
        "Revit_UniqueId": "30413424-0872-489c-b810-fbf20ab1b8ab-005a46b9"
      }, 
      "type": "Feature"
    }, 
    {
      "geometry": {
        "coordinates": [
          [
            [
              -95.570869680184771, 
              42.757283348038946
            ], 
            [
              -95.570905785902056, 
              42.757283348038946
            ], 
            [
              -95.570905785902056, 
              42.757259996390594
            ], 
            [
              -95.570869680184771, 
              42.757259996390594
            ], 
            [
              -95.570869680184771, 
              42.757283348038946
            ]
          ]
        ], 
        "type": "Polygon"
      }, 
      "properties": {
        "Seat Count": "", 
        "Number": "010VV", 
        "NCES_Type": "Elevator/Lift", 
        "Workstations": "", 
        "Element": "Room", 
        "RevitId": 5923772, 
        "occupancyStatus": "Occupied", 
        "Building": "Connected Core", 
        "Area_SF": 60.549999999999997, 
        "Name": "ELEV", 
        "NCES_Occupancy Status": "", 
        "NCES_Department": "General", 
        "Level": "BASEMENT", 
        "Revit_UniqueId": "db0be3e9-3b45-462b-9900-5806e1fd64a6-005a4cc1"
      }, 
      "type": "Feature"
    }, 
    {
      "geometry": {
        "coordinates": [
          [
            [
              -95.570838898679540, 
              42.757277134072304
            ], 
            [
              -95.570839834089782, 
              42.757277134072304
            ], 
            [
              -95.570839834089782, 
              42.757283348038946
            ], 
            [
              -95.570869680184771, 
              42.757283348038946
            ], 
            [
              -95.570869680184771, 
              42.757259996390594
            ], 
            [
              -95.570838898679540, 
              42.757259996390594
            ], 
            [
              -95.570838898679540, 
              42.757277134072304
            ]
          ]
        ], 
        "type": "Polygon"
      }, 
      "properties": {
        "Seat Count": "", 
        "Number": "010WW", 
        "NCES_Type": "Waiting/Queue Area", 
        "Workstations": "", 
        "Element": "Room", 
        "RevitId": 5923774, 
        "occupancyStatus": "Occupied", 
        "Building": "Connected Core", 
        "Area_SF": 49.829999999999998, 
        "Name": "ELEV LOBBY", 
        "NCES_Occupancy Status": "", 
        "NCES_Department": "General", 
        "Level": "BASEMENT", 
        "Revit_UniqueId": "db0be3e9-3b45-462b-9900-5806e1fd64a6-005a4cc4"
      }, 
      "type": "Feature"
    }, 
    {
      "geometry": {
        "coordinates": [
          [
            [
              -95.572123890284857, 
              42.756669702627214
            ], 
            [
              -95.572123890284857, 
              42.756647724605237
            ], 
            [
              -95.572123890284857, 
              42.756636735594249
            ], 
            [
              -95.572080921089309, 
              42.756636735594249
            ], 
            [
              -95.572080921089309, 
              42.756669702627214
            ], 
            [
              -95.572123890284857, 
              42.756669702627214
            ]
          ]
        ], 
        "type": "Polygon"
      }, 
      "properties": {
        "Seat Count": "", 
        "Number": "010HHH", 
        "NCES_Type": "Dispatch/Communications", 
        "Workstations": "", 
        "Element": "Room", 
        "RevitId": 5923803, 
        "occupancyStatus": "Occupied", 
        "Building": "Connected Core", 
        "Area_SF": 120.56999999999999, 
        "Name": "TELEPHONE", 
        "NCES_Occupancy Status": "", 
        "NCES_Department": "Administration", 
        "Level": "BASEMENT", 
        "Revit_UniqueId": "db0be3e9-3b45-462b-9900-5806e1fd64a6-005a5511"
      }, 
      "type": "Feature"
    }, 
    {
      "geometry": {
        "coordinates": [
          [
            [
              -95.572050052551347, 
              42.756588737165558
            ], 
            [
              -95.571995019248817, 
              42.756588737165558
            ], 
            [
              -95.571940549877567, 
              42.756588737165558
            ], 
            [
              -95.571940549877567, 
              42.756605907495228
            ], 
            [
              -95.572050052551347, 
              42.756605907495228
            ], 
            [
              -95.572050052551347, 
              42.756588737165558
            ]
          ]
        ], 
        "type": "Polygon"
      }, 
      "properties": {
        "Seat Count": "", 
        "Number": "010III", 
        "NCES_Type": "General Storage", 
        "Workstations": "", 
        "Element": "Room", 
        "RevitId": 5923806, 
        "occupancyStatus": "Occupied", 
        "Building": "Connected Core", 
        "Area_SF": 137.58000000000001, 
        "Name": "WIRE\r\nSTOR", 
        "NCES_Occupancy Status": "", 
        "NCES_Department": "Administration", 
        "Level": "BASEMENT", 
        "Revit_UniqueId": "db0be3e9-3b45-462b-9900-5806e1fd64a6-005a55e1"
      }, 
      "type": "Feature"
    }, 
    {
      "geometry": {
        "coordinates": [
          [
            [
              -95.572123890284857, 
              42.756763394475556
            ], 
            [
              -95.572123890284857, 
              42.756784906255120
            ], 
            [
              -95.572233144418561, 
              42.756784906255120
            ], 
            [
              -95.572233144418561, 
              42.756763394475556
            ], 
            [
              -95.572123890284857, 
              42.756763394475556
            ]
          ]
        ], 
        "type": "Polygon"
      }, 
      "properties": {
        "Seat Count": "", 
        "Number": "010JJJ", 
        "NCES_Type": "General Storage", 
        "Workstations": "", 
        "Element": "Room", 
        "RevitId": 5923809, 
        "occupancyStatus": "Occupied", 
        "Building": "Connected Core", 
        "Area_SF": 194.34999999999999, 
        "Name": "STORAGE", 
        "NCES_Occupancy Status": "", 
        "NCES_Department": "Administration", 
        "Level": "BASEMENT", 
        "Revit_UniqueId": "db0be3e9-3b45-462b-9900-5806e1fd64a6-005a5665"
      }, 
      "type": "Feature"
    }, 
    {
      "geometry": {
        "coordinates": [
          [
            [
              -95.572233144418561, 
              42.756837004139719
            ], 
            [
              -95.572233144418561, 
              42.756821721863204
            ], 
            [
              -95.572167973674411, 
              42.756821721863204
            ], 
            [
              -95.572154539570946, 
              42.756836317326531
            ], 
            [
              -95.572177537744579, 
              42.756836317326531
            ], 
            [
              -95.572179416048343, 
              42.756836317326531
            ], 
            [
              -95.572179416048343, 
              42.756837004139719
            ], 
            [
              -95.572233144418561, 
              42.756837004139719
            ]
          ]
        ], 
        "type": "Polygon"
      }, 
      "properties": {
        "Seat Count": "", 
        "Number": "010", 
        "NCES_Type": "Electrical Room", 
        "Workstations": "", 
        "Element": "Room", 
        "RevitId": 5923824, 
        "occupancyStatus": "Occupied", 
        "Building": "Connected Core", 
        "Area_SF": 81.090000000000003, 
        "Name": "ELEC", 
        "NCES_Occupancy Status": "", 
        "NCES_Department": "Administration", 
        "Level": "BASEMENT", 
        "Revit_UniqueId": "db0be3e9-3b45-462b-9900-5806e1fd64a6-005a6010"
      }, 
      "type": "Feature"
    }, 
    {
      "geometry": {
        "coordinates": [
          [
            [
              -95.572156030792300, 
              42.756891666436417
            ], 
            [
              -95.572179416048343, 
              42.756891666436417
            ], 
            [
              -95.572179416048343, 
              42.756836317326531
            ], 
            [
              -95.572157949538607, 
              42.756836317326531
            ], 
            [
              -95.572157565053530, 
              42.756836317326531
            ], 
            [
              -95.572154539570946, 
              42.756836317326531
            ], 
            [
              -95.572122019464373, 
              42.756836317326531
            ], 
            [
              -95.572122019464373, 
              42.756853945531660
            ], 
            [
              -95.572131014674412, 
              42.756853945531660
            ], 
            [
              -95.572155095382072, 
              42.756853945531660
            ], 
            [
              -95.572155095382072, 
              42.756873351418108
            ], 
            [
              -95.572156030792300, 
              42.756873351418108
            ], 
            [
              -95.572156030792300, 
              42.756874739423139
            ], 
            [
              -95.572156030792300, 
              42.756891666436417
            ]
          ]
        ], 
        "type": "Polygon"
      }, 
      "properties": {
        "Seat Count": "", 
        "Number": "011", 
        "NCES_Type": "Closet", 
        "Workstations": "", 
        "Element": "Room", 
        "RevitId": 5923826, 
        "occupancyStatus": "Occupied", 
        "Building": "Connected Core", 
        "Area_SF": 144.84999999999999, 
        "Name": "CLOSET", 
        "NCES_Occupancy Status": "", 
        "NCES_Department": "Administration", 
        "Level": "BASEMENT", 
        "Revit_UniqueId": "db0be3e9-3b45-462b-9900-5806e1fd64a6-005a6013"
      }, 
      "type": "Feature"
    }, 
    {
      "geometry": {
        "coordinates": [
          [
            [
              -95.573782267206283, 
              42.757325127152860
            ], 
            [
              -95.573761999984399, 
              42.757325127152860
            ], 
            [
              -95.573761999984399, 
              42.757360583393520
            ], 
            [
              -95.573844004282208, 
              42.757360583393520
            ], 
            [
              -95.573862400683623, 
              42.757360583393520
            ], 
            [
              -95.573862400683623, 
              42.757325127152860
            ], 
            [
              -95.573862400683623, 
              42.757281518208387
            ], 
            [
              -95.573872714043844, 
              42.757255109920038
            ], 
            [
              -95.573842157309301, 
              42.757255109920038
            ], 
            [
              -95.573831843949080, 
              42.757281518208387
            ], 
            [
              -95.573831843949080, 
              42.757325127152860
            ], 
            [
              -95.573782267206283, 
              42.757325127152860
            ]
          ]
        ], 
        "type": "Polygon"
      }, 
      "properties": {
        "Seat Count": "", 
        "Number": "245", 
        "NCES_Type": "Corridor/Hallway", 
        "Workstations": "", 
        "Element": "Room", 
        "RevitId": 5996702, 
        "occupancyStatus": "Occupied", 
        "Building": "Connected Core", 
        "Area_SF": 498.45999999999998, 
        "Name": "CORRIDOR", 
        "NCES_Occupancy Status": "", 
        "NCES_Department": "General", 
        "Level": "BASEMENT", 
        "Revit_UniqueId": "ae1b13b9-49f8-4779-8c0b-c6eff74b6c2b-005b809e"
      }, 
      "type": "Feature"
    }, 
    {
      "geometry": {
        "coordinates": [
          [
            [
              -95.572014309158206, 
              42.757052242473904
            ], 
            [
              -95.572014309158206, 
              42.757091377233188
            ], 
            [
              -95.572068718853899, 
              42.757091377233188
            ], 
            [
              -95.572068718853899, 
              42.757052242473904
            ], 
            [
              -95.572049387042256, 
              42.757052242473904
            ], 
            [
              -95.572014309158206, 
              42.757052242473904
            ]
          ]
        ], 
        "type": "Polygon"
      }, 
      "properties": {
        "Seat Count": "", 
        "Number": "248", 
        "NCES_Type": "Private Office - Enclosed", 
        "Workstations": "", 
        "Element": "Room", 
        "RevitId": 6010650, 
        "occupancyStatus": "Occupied", 
        "Building": "Connected Core", 
        "Area_SF": 181.59000000000000, 
        "Name": "DIETICIAN", 
        "NCES_Occupancy Status": "", 
        "NCES_Department": "General", 
        "Level": "BASEMENT", 
        "Revit_UniqueId": "568ae92b-a280-451e-8461-f6d387948176-005ba8de"
      }, 
      "type": "Feature"
    }, 
    {
      "geometry": {
        "coordinates": [
          [
            [
              -95.572163411746118, 
              42.757090690420000
            ], 
            [
              -95.572163411746118, 
              42.757054989726647
            ], 
            [
              -95.572105416311160, 
              42.757054989726647
            ], 
            [
              -95.572105416311160, 
              42.757090690420000
            ], 
            [
              -95.572163411746118, 
              42.757090690420000
            ]
          ]
        ], 
        "type": "Polygon"
      }, 
      "properties": {
        "Seat Count": "", 
        "Number": "249", 
        "NCES_Type": "Private Office - Enclosed", 
        "Workstations": "", 
        "Element": "Room", 
        "RevitId": 6010654, 
        "occupancyStatus": "Occupied", 
        "Building": "Connected Core", 
        "Area_SF": 176.87000000000000, 
        "Name": "OFFICE", 
        "NCES_Occupancy Status": "", 
        "NCES_Department": "General", 
        "Level": "BASEMENT", 
        "Revit_UniqueId": "568ae92b-a280-451e-8461-f6d387948176-005ba97d"
      }, 
      "type": "Feature"
    }, 
    {
      "geometry": {
        "coordinates": [
          [
            [
              -95.572105416311160, 
              42.757150348903224
            ], 
            [
              -95.572106371304528, 
              42.757150348903224
            ], 
            [
              -95.572137860242421, 
              42.757150348903224
            ], 
            [
              -95.572163411746118, 
              42.757150348903224
            ], 
            [
              -95.572163411746118, 
              42.757090690420000
            ], 
            [
              -95.572105416311160, 
              42.757090690420000
            ], 
            [
              -95.572105416311160, 
              42.757150348903224
            ]
          ]
        ], 
        "type": "Polygon"
      }, 
      "properties": {
        "Seat Count": "", 
        "Number": "250", 
        "NCES_Type": "Private Office - Enclosed", 
        "Workstations": "", 
        "Element": "Room", 
        "RevitId": 6010656, 
        "occupancyStatus": "Occupied", 
        "Building": "Connected Core", 
        "Area_SF": 298.75999999999999, 
        "Name": "OFFICE", 
        "NCES_Occupancy Status": "", 
        "NCES_Department": "General", 
        "Level": "BASEMENT", 
        "Revit_UniqueId": "568ae92b-a280-451e-8461-f6d387948176-005ba984"
      }, 
      "type": "Feature"
    }, 
    {
      "geometry": {
        "coordinates": [
          [
            [
              -95.572014309158206, 
              42.757091377233188
            ], 
            [
              -95.572014309158206, 
              42.757150348903224
            ], 
            [
              -95.572036759003993, 
              42.757150348903224
            ], 
            [
              -95.572067763860545, 
              42.757150348903224
            ], 
            [
              -95.572068718853899, 
              42.757150348903224
            ], 
            [
              -95.572068718853899, 
              42.757091377233188
            ], 
            [
              -95.572014309158206, 
              42.757091377233188
            ]
          ]
        ], 
        "type": "Polygon"
      }, 
      "properties": {
        "Seat Count": "", 
        "Number": "251", 
        "NCES_Type": "", 
        "Workstations": "", 
        "Element": "Room", 
        "RevitId": 6010658, 
        "occupancyStatus": "Occupied", 
        "Building": "Connected Core", 
        "Area_SF": 275.35000000000002, 
        "Name": "Room", 
        "NCES_Occupancy Status": "", 
        "NCES_Department": "General", 
        "Level": "BASEMENT", 
        "Revit_UniqueId": "568ae92b-a280-451e-8461-f6d387948176-005ba98b"
      }, 
      "type": "Feature"
    }, 
    {
      "geometry": {
        "coordinates": [
          [
            [
              -95.572285877932600, 
              42.757035072144227
            ], 
            [
              -95.572237351442993, 
              42.757035072144227
            ], 
            [
              -95.572237351442993, 
              42.757035758957414
            ], 
            [
              -95.572237351442993, 
              42.757121731687107
            ], 
            [
              -95.572285877932600, 
              42.757121731687107
            ], 
            [
              -95.572285877932600, 
              42.757035072144227
            ]
          ]
        ], 
        "type": "Polygon"
      }, 
      "properties": {
        "Seat Count": "", 
        "Number": "252", 
        "NCES_Type": "Break Room", 
        "Workstations": "", 
        "Element": "Room", 
        "RevitId": 6010660, 
        "occupancyStatus": "Occupied", 
        "Building": "Connected Core", 
        "Area_SF": 357.95999999999998, 
        "Name": "BREAK\r\nROOM", 
        "NCES_Occupancy Status": "", 
        "NCES_Department": "General", 
        "Level": "BASEMENT", 
        "Revit_UniqueId": "568ae92b-a280-451e-8461-f6d387948176-005baaed"
      }, 
      "type": "Feature"
    }, 
    {
      "geometry": {
        "coordinates": [
          [
            [
              -95.572368620680194, 
              42.757035072144227
            ], 
            [
              -95.572333916996058, 
              42.757035072144227
            ], 
            [
              -95.572304586137420, 
              42.757035072144227
            ], 
            [
              -95.572304586137420, 
              42.757125394690767
            ], 
            [
              -95.572321169139826, 
              42.757125394690767
            ], 
            [
              -95.572337752142232, 
              42.757125394690767
            ], 
            [
              -95.572337752142232, 
              42.757150348903224
            ], 
            [
              -95.572368620680194, 
              42.757150348903224
            ], 
            [
              -95.572368620680194, 
              42.757035758957414
            ], 
            [
              -95.572368620680194, 
              42.757035072144227
            ]
          ]
        ], 
        "type": "Polygon"
      }, 
      "properties": {
        "Seat Count": "", 
        "Number": "253", 
        "NCES_Type": "IT/Telecom Room", 
        "Workstations": "", 
        "Element": "Room", 
        "RevitId": 6010662, 
        "occupancyStatus": "Occupied", 
        "Building": "Connected Core", 
        "Area_SF": 567.92999999999995, 
        "Name": "SERVER\r\nROOM", 
        "NCES_Occupancy Status": "", 
        "NCES_Department": "General", 
        "Level": "BASEMENT", 
        "Revit_UniqueId": "568ae92b-a280-451e-8461-f6d387948176-005baaf0"
      }, 
      "type": "Feature"
    }, 
    {
      "geometry": {
        "coordinates": [
          [
            [
              -95.572237351442993, 
              42.757121731687107
            ], 
            [
              -95.572237351442993, 
              42.757150348903224
            ], 
            [
              -95.572285877932600, 
              42.757150348903224
            ], 
            [
              -95.572285877932600, 
              42.757121731687107
            ], 
            [
              -95.572237351442993, 
              42.757121731687107
            ]
          ]
        ], 
        "type": "Polygon"
      }, 
      "properties": {
        "Seat Count": "", 
        "Number": "254", 
        "NCES_Type": "Maintenance Shop", 
        "Workstations": "", 
        "Element": "Room", 
        "RevitId": 6010664, 
        "occupancyStatus": "Occupied", 
        "Building": "Connected Core", 
        "Area_SF": 110.36000000000000, 
        "Name": "MAINT", 
        "NCES_Occupancy Status": "", 
        "NCES_Department": "General", 
        "Level": "BASEMENT", 
        "Revit_UniqueId": "568ae92b-a280-451e-8461-f6d387948176-005baaf3"
      }, 
      "type": "Feature"
    }, 
    {
      "geometry": {
        "coordinates": [
          [
            [
              -95.571805285945942, 
              42.757150348903224
            ], 
            [
              -95.571835219073662, 
              42.757150348903224
            ], 
            [
              -95.571835219073662, 
              42.757125394690767
            ], 
            [
              -95.571850185637530, 
              42.757125394690767
            ], 
            [
              -95.571867958432108, 
              42.757125394690767
            ], 
            [
              -95.571867958432108, 
              42.757081492068373
            ], 
            [
              -95.571805285945942, 
              42.757081492068373
            ], 
            [
              -95.571805285945942, 
              42.757150348903224
            ]
          ]
        ], 
        "type": "Polygon"
      }, 
      "properties": {
        "Seat Count": "", 
        "Number": "255", 
        "NCES_Type": "General Storage", 
        "Workstations": "", 
        "Element": "Room", 
        "RevitId": 6010675, 
        "occupancyStatus": "Occupied", 
        "Building": "Connected Core", 
        "Area_SF": 296.16000000000003, 
        "Name": "MAINT\r\nSTOR", 
        "NCES_Occupancy Status": "", 
        "NCES_Department": "General", 
        "Level": "BASEMENT", 
        "Revit_UniqueId": "568ae92b-a280-451e-8461-f6d387948176-005bb053"
      }, 
      "type": "Feature"
    }, 
    {
      "geometry": {
        "coordinates": [
          [
            [
              -95.571839490257261, 
              42.757035072144227
            ], 
            [
              -95.571805285945942, 
              42.757035072144227
            ], 
            [
              -95.571805285945942, 
              42.757035758957414
            ], 
            [
              -95.571805285945942, 
              42.757081492068373
            ], 
            [
              -95.571867958432108, 
              42.757081492068373
            ], 
            [
              -95.571867958432108, 
              42.757035072144227
            ], 
            [
              -95.571839490257261, 
              42.757035072144227
            ]
          ]
        ], 
        "type": "Polygon"
      }, 
      "properties": {
        "Seat Count": "", 
        "Number": "256", 
        "NCES_Type": "General Storage", 
        "Workstations": "", 
        "Element": "Room", 
        "RevitId": 6010677, 
        "occupancyStatus": "Occupied", 
        "Building": "Connected Core", 
        "Area_SF": 242.53000000000000, 
        "Name": "MAINT\r\nSTOR", 
        "NCES_Occupancy Status": "", 
        "NCES_Department": "General", 
        "Level": "BASEMENT", 
        "Revit_UniqueId": "568ae92b-a280-451e-8461-f6d387948176-005bb05c"
      }, 
      "type": "Feature"
    }, 
    {
      "geometry": {
        "coordinates": [
          [
            [
              -95.571936555183143, 
              42.757035072144227
            ], 
            [
              -95.571888537457426, 
              42.757035072144227
            ], 
            [
              -95.571888537457426, 
              42.757074220495880
            ], 
            [
              -95.571936555183143, 
              42.757074220495880
            ], 
            [
              -95.571936555183143, 
              42.757035072144227
            ]
          ]
        ], 
        "type": "Polygon"
      }, 
      "properties": {
        "Seat Count": "", 
        "Number": "257", 
        "NCES_Type": "General Storage", 
        "Workstations": "", 
        "Element": "Room", 
        "RevitId": 6010679, 
        "occupancyStatus": "Occupied", 
        "Building": "Connected Core", 
        "Area_SF": 150.58000000000001, 
        "Name": "MAINT\r\nSTOR", 
        "NCES_Occupancy Status": "", 
        "NCES_Department": "General", 
        "Level": "BASEMENT", 
        "Revit_UniqueId": "568ae92b-a280-451e-8461-f6d387948176-005bb05f"
      }, 
      "type": "Feature"
    }, 
    {
      "geometry": {
        "coordinates": [
          [
            [
              -95.571936555183143, 
              42.757111308407964
            ], 
            [
              -95.571936555183143, 
              42.757074220495880
            ], 
            [
              -95.571888537457426, 
              42.757074220495880
            ], 
            [
              -95.571888537457426, 
              42.757102379836539
            ], 
            [
              -95.571888537457426, 
              42.757111308407964
            ], 
            [
              -95.571888537457426, 
              42.757150348903224
            ], 
            [
              -95.571936555183143, 
              42.757150348903224
            ], 
            [
              -95.571936555183143, 
              42.757111308407964
            ]
          ]
        ], 
        "type": "Polygon"
      }, 
      "properties": {
        "Seat Count": "", 
        "Number": "258", 
        "NCES_Type": "General Storage", 
        "Workstations": "", 
        "Element": "Room", 
        "RevitId": 6010682, 
        "occupancyStatus": "Occupied", 
        "Building": "Connected Core", 
        "Area_SF": 299.88000000000000, 
        "Name": "MAINT\r\nSTOR", 
        "NCES_Occupancy Status": "", 
        "NCES_Department": "General", 
        "Level": "BASEMENT", 
        "Revit_UniqueId": "568ae92b-a280-451e-8461-f6d387948176-005bb0a5"
      }, 
      "type": "Feature"
    }, 
    {
      "geometry": {
        "coordinates": [
          [
            [
              -95.571729150250007, 
              42.757455147590647
            ], 
            [
              -95.571839311300835, 
              42.757455147590647
            ], 
            [
              -95.571839311300835, 
              42.757416721278133
            ], 
            [
              -95.571839311300835, 
              42.757381080533534
            ], 
            [
              -95.571839311300835, 
              42.757342618995075
            ], 
            [
              -95.571729150250007, 
              42.757342618995075
            ], 
            [
              -95.571729150250007, 
              42.757346517008791
            ], 
            [
              -95.571729150250007, 
              42.757388561937475
            ], 
            [
              -95.571729150250007, 
              42.757416721278133
            ], 
            [
              -95.571729150250007, 
              42.757437290447790
            ], 
            [
              -95.571729150250007, 
              42.757455147590647
            ]
          ]
        ], 
        "type": "Polygon"
      }, 
      "properties": {
        "Seat Count": "", 
        "Number": "259", 
        "NCES_Type": "Kitchen", 
        "Workstations": "", 
        "Element": "Room", 
        "RevitId": 6010688, 
        "occupancyStatus": "Occupied", 
        "Building": "Connected Core", 
        "Area_SF": 1136.2900000000000, 
        "Name": "DISHWASHING", 
        "NCES_Occupancy Status": "", 
        "NCES_Department": "General", 
        "Level": "BASEMENT", 
        "Revit_UniqueId": "568ae92b-a280-451e-8461-f6d387948176-005bb335"
      }, 
      "type": "Feature"
    }, 
    {
      "geometry": {
        "coordinates": [
          [
            [
              -95.571598504619644, 
              42.757264883883579
            ], 
            [
              -95.571566927640035, 
              42.757264883883579
            ], 
            [
              -95.571566927640035, 
              42.757307924176622
            ], 
            [
              -95.571598504619644, 
              42.757307924176622
            ], 
            [
              -95.571598504619644, 
              42.757264883883579
            ]
          ]
        ], 
        "type": "Polygon"
      }, 
      "properties": {
        "Seat Count": "", 
        "Number": "260", 
        "NCES_Type": "Mechanical Room", 
        "Workstations": "", 
        "Element": "Room", 
        "RevitId": 6010696, 
        "occupancyStatus": "Occupied", 
        "Building": "Connected Core", 
        "Area_SF": 105.39000000000000, 
        "Name": "COMPRESSORS", 
        "NCES_Occupancy Status": "", 
        "NCES_Department": "General", 
        "Level": "BASEMENT", 
        "Revit_UniqueId": "568ae92b-a280-451e-8461-f6d387948176-005bb5e4"
      }, 
      "type": "Feature"
    }, 
    {
      "geometry": {
        "coordinates": [
          [
            [
              -95.571638727260023, 
              42.757316051465999
            ], 
            [
              -95.571638727260023, 
              42.757307924176622
            ], 
            [
              -95.571598504619644, 
              42.757307924176622
            ], 
            [
              -95.571598504619644, 
              42.757455147590647
            ], 
            [
              -95.571638727260023, 
              42.757455147590647
            ], 
            [
              -95.571638727260023, 
              42.757437290447790
            ], 
            [
              -95.571638727260023, 
              42.757416721278133
            ], 
            [
              -95.571638727260023, 
              42.757388561937475
            ], 
            [
              -95.571638727260023, 
              42.757346517008791
            ], 
            [
              -95.571638727260023, 
              42.757339991912986
            ], 
            [
              -95.571638727260023, 
              42.757323491942188
            ], 
            [
              -95.571638727260023, 
              42.757316051465999
            ]
          ]
        ], 
        "type": "Polygon"
      }, 
      "properties": {
        "Seat Count": "", 
        "Number": "262", 
        "NCES_Type": "Loading/Receiving", 
        "Workstations": "", 
        "Element": "Room", 
        "RevitId": 6010698, 
        "occupancyStatus": "Occupied", 
        "Building": "Connected Core", 
        "Area_SF": 501.73000000000002, 
        "Name": "FOOD DELIV", 
        "NCES_Occupancy Status": "", 
        "NCES_Department": "General", 
        "Level": "BASEMENT", 
        "Revit_UniqueId": "568ae92b-a280-451e-8461-f6d387948176-005bb5eb"
      }, 
      "type": "Feature"
    }, 
    {
      "geometry": {
        "coordinates": [
          [
            [
              -95.572069654264141, 
              42.757317539561235
            ], 
            [
              -95.572069654264141, 
              42.757271980953178
            ], 
            [
              -95.572036555891202, 
              42.757271980953178
            ], 
            [
              -95.572036555891202, 
              42.757317539561235
            ], 
            [
              -95.572069654264141, 
              42.757317539561235
            ]
          ]
        ], 
        "type": "Polygon"
      }, 
      "properties": {
        "Seat Count": "", 
        "Number": "263", 
        "NCES_Type": "Private Office - Enclosed", 
        "Workstations": "", 
        "Element": "Room", 
        "RevitId": 6012686, 
        "occupancyStatus": "Occupied", 
        "Building": "Connected Core", 
        "Area_SF": 128.19000000000000, 
        "Name": "OFFICE", 
        "NCES_Occupancy Status": "", 
        "NCES_Department": "General", 
        "Level": "BASEMENT", 
        "Revit_UniqueId": "568ae92b-a280-451e-8461-f6d387948176-005bbf0e"
      }, 
      "type": "Feature"
    }, 
    {
      "geometry": {
        "coordinates": [
          [
            [
              -95.572003457518250, 
              42.757317539561235
            ], 
            [
              -95.572036555891202, 
              42.757317539561235
            ], 
            [
              -95.572036555891202, 
              42.757271980953178
            ], 
            [
              -95.572003457518250, 
              42.757271980953178
            ], 
            [
              -95.572003457518250, 
              42.757288006594202
            ], 
            [
              -95.572003457518250, 
              42.757317539561235
            ]
          ]
        ], 
        "type": "Polygon"
      }, 
      "properties": {
        "Seat Count": "", 
        "Number": "264", 
        "NCES_Type": "Copy/Print/Mail Area", 
        "Workstations": "", 
        "Element": "Room", 
        "RevitId": 6012689, 
        "occupancyStatus": "Occupied", 
        "Building": "Connected Core", 
        "Area_SF": 130.97999999999999, 
        "Name": "COPY ROOM", 
        "NCES_Occupancy Status": "", 
        "NCES_Department": "General", 
        "Level": "BASEMENT", 
        "Revit_UniqueId": "568ae92b-a280-451e-8461-f6d387948176-005bbf11"
      }, 
      "type": "Feature"
    }, 
    {
      "geometry": {
        "coordinates": [
          [
            [
              -95.572069654264141, 
              42.757245195238887
            ], 
            [
              -95.572003457518250, 
              42.757245195238887
            ], 
            [
              -95.572003457518250, 
              42.757271980953178
            ], 
            [
              -95.572036555891202, 
              42.757271980953178
            ], 
            [
              -95.572069654264141, 
              42.757271980953178
            ], 
            [
              -95.572069654264141, 
              42.757245195238887
            ]
          ]
        ], 
        "type": "Polygon"
      }, 
      "properties": {
        "Seat Count": "", 
        "Number": "265", 
        "NCES_Type": "Private Office - Enclosed", 
        "Workstations": "", 
        "Element": "Room", 
        "RevitId": 6012692, 
        "occupancyStatus": "Occupied", 
        "Building": "Connected Core", 
        "Area_SF": 146.05000000000001, 
        "Name": "OFFICE", 
        "NCES_Occupancy Status": "", 
        "NCES_Department": "General", 
        "Level": "BASEMENT", 
        "Revit_UniqueId": "568ae92b-a280-451e-8461-f6d387948176-005bbf14"
      }, 
      "type": "Feature"
    }, 
    {
      "geometry": {
        "coordinates": [
          [
            [
              -95.572435551647814, 
              42.757289625612621
            ], 
            [
              -95.572435551647814, 
              42.757245195238887
            ], 
            [
              -95.572331837776730, 
              42.757245195238887
            ], 
            [
              -95.572331837776730, 
              42.757258931502626
            ], 
            [
              -95.572322533555678, 
              42.757267173260871
            ], 
            [
              -95.572227121711066, 
              42.757267173260871
            ], 
            [
              -95.572227121711066, 
              42.757245195238887
            ], 
            [
              -95.572187172629796, 
              42.757245195238887
            ], 
            [
              -95.572187172629796, 
              42.757317539561235
            ], 
            [
              -95.572290679726109, 
              42.757317539561235
            ], 
            [
              -95.572290679726109, 
              42.757300036577490
            ], 
            [
              -95.572344933520114, 
              42.757300036577490
            ], 
            [
              -95.572344933520114, 
              42.757289625612621
            ], 
            [
              -95.572435551647814, 
              42.757289625612621
            ]
          ]
        ], 
        "type": "Polygon"
      }, 
      "properties": {
        "Seat Count": "", 
        "Number": "266", 
        "NCES_Type": "Laundry", 
        "Workstations": "", 
        "Element": "Room", 
        "RevitId": 6014224, 
        "occupancyStatus": "Occupied", 
        "Building": "Connected Core", 
        "Area_SF": 1095.1800000000001, 
        "Name": "LAUNDRY", 
        "NCES_Occupancy Status": "", 
        "NCES_Department": "General", 
        "Level": "BASEMENT", 
        "Revit_UniqueId": "568ae92b-a280-451e-8461-f6d387948176-005bc510"
      }, 
      "type": "Feature"
    }, 
    {
      "geometry": {
        "coordinates": [
          [
            [
              -95.572416219836157, 
              42.757342618995075
            ], 
            [
              -95.572384104084549, 
              42.757342618995075
            ], 
            [
              -95.572384104084549, 
              42.757404323414818
            ], 
            [
              -95.572435551647814, 
              42.757404323414818
            ], 
            [
              -95.572435551647814, 
              42.757402262975262
            ], 
            [
              -95.572435551647814, 
              42.757355668445619
            ], 
            [
              -95.572416219836157, 
              42.757355668445619
            ], 
            [
              -95.572416219836157, 
              42.757342618995075
            ]
          ]
        ], 
        "type": "Polygon"
      }, 
      "properties": {
        "Seat Count": "", 
        "Number": "267", 
        "NCES_Type": "General Storage", 
        "Workstations": "", 
        "Element": "Room", 
        "RevitId": 6014247, 
        "occupancyStatus": "Occupied", 
        "Building": "Connected Core", 
        "Area_SF": 241.78000000000000, 
        "Name": "STOR", 
        "NCES_Occupancy Status": "", 
        "NCES_Department": "General", 
        "Level": "BASEMENT", 
        "Revit_UniqueId": "568ae92b-a280-451e-8461-f6d387948176-005bc527"
      }, 
      "type": "Feature"
    }, 
    {
      "geometry": {
        "coordinates": [
          [
            [
              -95.572344933520114, 
              42.757342618995075
            ], 
            [
              -95.572302753661035, 
              42.757342618995075
            ], 
            [
              -95.572302753661035, 
              42.757404323414818
            ], 
            [
              -95.572384104084549, 
              42.757404323414818
            ], 
            [
              -95.572384104084549, 
              42.757342618995075
            ], 
            [
              -95.572344933520114, 
              42.757342618995075
            ]
          ]
        ], 
        "type": "Polygon"
      }, 
      "properties": {
        "Seat Count": "", 
        "Number": "268", 
        "NCES_Type": "Laundry", 
        "Workstations": "", 
        "Element": "Room", 
        "RevitId": 6014250, 
        "occupancyStatus": "Occupied", 
        "Building": "Connected Core", 
        "Area_SF": 439.94000000000000, 
        "Name": "LAUND & \r\nHOUSEKEEP \r\nSERV", 
        "NCES_Occupancy Status": "", 
        "NCES_Department": "General", 
        "Level": "BASEMENT", 
        "Revit_UniqueId": "568ae92b-a280-451e-8461-f6d387948176-005bc52a"
      }, 
      "type": "Feature"
    }, 
    {
      "geometry": {
        "coordinates": [
          [
            [
              -95.572302753661035, 
              42.757342618995075
            ], 
            [
              -95.572261652751067, 
              42.757342618995075
            ], 
            [
              -95.572261652751067, 
              42.757404323414818
            ], 
            [
              -95.572302753661035, 
              42.757404323414818
            ], 
            [
              -95.572302753661035, 
              42.757342618995075
            ]
          ]
        ], 
        "type": "Polygon"
      }, 
      "properties": {
        "Seat Count": "", 
        "Number": "269", 
        "NCES_Type": "IT/Telecom Room", 
        "Workstations": "", 
        "Element": "Room", 
        "RevitId": 6014253, 
        "occupancyStatus": "Occupied", 
        "Building": "Connected Core", 
        "Area_SF": 211.78000000000000, 
        "Name": "IT", 
        "NCES_Occupancy Status": "", 
        "NCES_Department": "General", 
        "Level": "BASEMENT", 
        "Revit_UniqueId": "568ae92b-a280-451e-8461-f6d387948176-005bc52d"
      }, 
      "type": "Feature"
    }, 
    {
      "geometry": {
        "coordinates": [
          [
            [
              -95.572261652751067, 
              42.757342618995075
            ], 
            [
              -95.572217767608649, 
              42.757342618995075
            ], 
            [
              -95.572217767608649, 
              42.757404323414818
            ], 
            [
              -95.572261652751067, 
              42.757404323414818
            ], 
            [
              -95.572261652751067, 
              42.757342618995075
            ]
          ]
        ], 
        "type": "Polygon"
      }, 
      "properties": {
        "Seat Count": "", 
        "Number": "270", 
        "NCES_Type": "Janitor/Custodial Closet", 
        "Workstations": "", 
        "Element": "Room", 
        "RevitId": 6014256, 
        "occupancyStatus": "Occupied", 
        "Building": "Connected Core", 
        "Area_SF": 227.56000000000000, 
        "Name": "CUST", 
        "NCES_Occupancy Status": "", 
        "NCES_Department": "General", 
        "Level": "BASEMENT", 
        "Revit_UniqueId": "568ae92b-a280-451e-8461-f6d387948176-005bc530"
      }, 
      "type": "Feature"
    }, 
    {
      "geometry": {
        "coordinates": [
          [
            [
              -95.572217767608649, 
              42.757342618995075
            ], 
            [
              -95.572175463440360, 
              42.757342618995075
            ], 
            [
              -95.572175463440360, 
              42.757404323414818
            ], 
            [
              -95.572217767608649, 
              42.757404323414818
            ], 
            [
              -95.572217767608649, 
              42.757342618995075
            ]
          ]
        ], 
        "type": "Polygon"
      }, 
      "properties": {
        "Seat Count": "", 
        "Number": "271", 
        "NCES_Type": "Private Office - Enclosed", 
        "Workstations": "", 
        "Element": "Room", 
        "RevitId": 6014259, 
        "occupancyStatus": "Occupied", 
        "Building": "Connected Core", 
        "Area_SF": 218.59999999999999, 
        "Name": "SLUSH HOPPER", 
        "NCES_Occupancy Status": "", 
        "NCES_Department": "General", 
        "Level": "BASEMENT", 
        "Revit_UniqueId": "568ae92b-a280-451e-8461-f6d387948176-005bc533"
      }, 
      "type": "Feature"
    }, 
    {
      "geometry": {
        "coordinates": [
          [
            [
              -95.572175463440360, 
              42.757342618995075
            ], 
            [
              -95.572139958156257, 
              42.757342618995075
            ], 
            [
              -95.572139958156257, 
              42.757404323414818
            ], 
            [
              -95.572147441438176, 
              42.757404323414818
            ], 
            [
              -95.572175463440360, 
              42.757404323414818
            ], 
            [
              -95.572175463440360, 
              42.757342618995075
            ]
          ]
        ], 
        "type": "Polygon"
      }, 
      "properties": {
        "Seat Count": "", 
        "Number": "272", 
        "NCES_Type": "Single Stall Restroom", 
        "Workstations": "", 
        "Element": "Room", 
        "RevitId": 6014262, 
        "occupancyStatus": "Occupied", 
        "Building": "Connected Core", 
        "Area_SF": 180.06000000000000, 
        "Name": "RR", 
        "NCES_Occupancy Status": "", 
        "NCES_Department": "General", 
        "Level": "BASEMENT", 
        "Revit_UniqueId": "568ae92b-a280-451e-8461-f6d387948176-005bc536"
      }, 
      "type": "Feature"
    }, 
    {
      "geometry": {
        "coordinates": [
          [
            [
              -95.572003457518250, 
              42.757455147590647
            ], 
            [
              -95.572069189567884, 
              42.757455147590647
            ], 
            [
              -95.572069189567884, 
              42.757438699300110
            ], 
            [
              -95.572046486389354, 
              42.757438699300110
            ], 
            [
              -95.572025537089957, 
              42.757438699300110
            ], 
            [
              -95.572003457518250, 
              42.757438699300110
            ], 
            [
              -95.572003457518250, 
              42.757455147590647
            ]
          ]
        ], 
        "type": "Polygon"
      }, 
      "properties": {
        "Seat Count": "", 
        "Number": "288", 
        "NCES_Type": "Single Stall Restroom", 
        "Workstations": "", 
        "Element": "Room", 
        "RevitId": 6016181, 
        "occupancyStatus": "Occupied", 
        "Building": "Connected Core", 
        "Area_SF": 88.079999999999998, 
        "Name": "RR'S", 
        "NCES_Occupancy Status": "", 
        "NCES_Department": "General", 
        "Level": "BASEMENT", 
        "Revit_UniqueId": "568ae92b-a280-451e-8461-f6d387948176-005bccb5"
      }, 
      "type": "Feature"
    }, 
    {
      "geometry": {
        "coordinates": [
          [
            [
              -95.572014309158206, 
              42.757035758957414
            ], 
            [
              -95.572014309158206, 
              42.757052242473904
            ], 
            [
              -95.572049387042256, 
              42.757052242473904
            ], 
            [
              -95.572049387042256, 
              42.757038330416705
            ], 
            [
              -95.572049387042256, 
              42.757035758957414
            ], 
            [
              -95.572014309158206, 
              42.757035758957414
            ]
          ]
        ], 
        "type": "Polygon"
      }, 
      "properties": {
        "Seat Count": "", 
        "Number": "329", 
        "NCES_Type": "Elevator/Lift", 
        "Workstations": "", 
        "Element": "Room", 
        "RevitId": 6021142, 
        "occupancyStatus": "Occupied", 
        "Building": "Connected Core", 
        "Area_SF": 39.859999999999999, 
        "Name": "ELEV", 
        "NCES_Occupancy Status": "", 
        "NCES_Department": "General", 
        "Level": "BASEMENT", 
        "Revit_UniqueId": "568ae92b-a280-451e-8461-f6d387948176-005be016"
      }, 
      "type": "Feature"
    }, 
    {
      "geometry": {
        "coordinates": [
          [
            [
              -95.571943318628314, 
              42.757871752484583
            ], 
            [
              -95.571887168687013, 
              42.757871752484583
            ], 
            [
              -95.571887168687013, 
              42.757918213460734
            ], 
            [
              -95.571943318628314, 
              42.757918213460734
            ], 
            [
              -95.571943318628314, 
              42.757895777563292
            ], 
            [
              -95.571943318628314, 
              42.757871752484583
            ]
          ]
        ], 
        "type": "Polygon"
      }, 
      "properties": {
        "Seat Count": "", 
        "Number": "331", 
        "NCES_Type": "General Storage", 
        "Workstations": "", 
        "Element": "Room", 
        "RevitId": 6022295, 
        "occupancyStatus": "Occupied", 
        "Building": "Connected Core", 
        "Area_SF": 208.16000000000000, 
        "Name": "STOR", 
        "NCES_Occupancy Status": "", 
        "NCES_Department": "General", 
        "Level": "BASEMENT", 
        "Revit_UniqueId": "568ae92b-a280-451e-8461-f6d387948176-005be497"
      }, 
      "type": "Feature"
    }, 
    {
      "geometry": {
        "coordinates": [
          [
            [
              -95.571972316345793, 
              42.757871752484583
            ], 
            [
              -95.571972316345793, 
              42.757875186550514
            ], 
            [
              -95.572022828498831, 
              42.757875186550514
            ], 
            [
              -95.572022828498831, 
              42.757857177333641
            ], 
            [
              -95.571972316345793, 
              42.757857177333641
            ], 
            [
              -95.571972316345793, 
              42.757871752484583
            ]
          ]
        ], 
        "type": "Polygon"
      }, 
      "properties": {
        "Seat Count": "", 
        "Number": "332", 
        "NCES_Type": "General Storage", 
        "Workstations": "", 
        "Element": "Room", 
        "RevitId": 6022380, 
        "occupancyStatus": "Occupied", 
        "Building": "Connected Core", 
        "Area_SF": 64.989999999999995, 
        "Name": "STOR", 
        "NCES_Occupancy Status": "", 
        "NCES_Department": "General", 
        "Level": "BASEMENT", 
        "Revit_UniqueId": "568ae92b-a280-451e-8461-f6d387948176-005be4ec"
      }, 
      "type": "Feature"
    }, 
    {
      "geometry": {
        "coordinates": [
          [
            [
              -95.571972316345793, 
              42.757918213460734
            ], 
            [
              -95.571972316345793, 
              42.757897609065125
            ], 
            [
              -95.571972316345793, 
              42.757895777563292
            ], 
            [
              -95.571943318628314, 
              42.757895777563292
            ], 
            [
              -95.571943318628314, 
              42.757918213460734
            ], 
            [
              -95.571972316345793, 
              42.757918213460734
            ]
          ]
        ], 
        "type": "Polygon"
      }, 
      "properties": {
        "Seat Count": "", 
        "Number": "334", 
        "NCES_Type": "General Storage", 
        "Workstations": "", 
        "Element": "Room", 
        "RevitId": 6022387, 
        "occupancyStatus": "Occupied", 
        "Building": "Connected Core", 
        "Area_SF": 43.229999999999997, 
        "Name": "STOR", 
        "NCES_Occupancy Status": "", 
        "NCES_Department": "General", 
        "Level": "BASEMENT", 
        "Revit_UniqueId": "568ae92b-a280-451e-8461-f6d387948176-005be4f3"
      }, 
      "type": "Feature"
    }, 
    {
      "geometry": {
        "coordinates": [
          [
            [
              -95.572050052551347, 
              42.756706790539305
            ], 
            [
              -95.572050052551347, 
              42.756704043286554
            ], 
            [
              -95.572050052551347, 
              42.756647724605237
            ], 
            [
              -95.571995301214457, 
              42.756647724605237
            ], 
            [
              -95.571995301214457, 
              42.756680691638202
            ], 
            [
              -95.571995301214457, 
              42.756691680649190
            ], 
            [
              -95.571995301214457, 
              42.756706790539305
            ], 
            [
              -95.572050052551347, 
              42.756706790539305
            ]
          ]
        ], 
        "type": "Polygon"
      }, 
      "properties": {
        "Seat Count": "", 
        "Number": "342", 
        "NCES_Type": "Shared Office - Enclosed", 
        "Workstations": "", 
        "Element": "Room", 
        "RevitId": 6022953, 
        "occupancyStatus": "Occupied", 
        "Building": "Connected Core", 
        "Area_SF": 280.48000000000002, 
        "Name": "MAINT STAFF", 
        "NCES_Occupancy Status": "", 
        "NCES_Department": "Administration", 
        "Level": "BASEMENT", 
        "Revit_UniqueId": "568ae92b-a280-451e-8461-f6d387948176-005be729"
      }, 
      "type": "Feature"
    }, 
    {
      "geometry": {
        "coordinates": [
          [
            [
              -95.571940549877567, 
              42.756647724605237
            ], 
            [
              -95.571940549877567, 
              42.756706790539305
            ], 
            [
              -95.571976564065494, 
              42.756706790539305
            ], 
            [
              -95.571995301214457, 
              42.756706790539305
            ], 
            [
              -95.571995301214457, 
              42.756691680649190
            ], 
            [
              -95.571995301214457, 
              42.756680691638202
            ], 
            [
              -95.571995301214457, 
              42.756647724605237
            ], 
            [
              -95.571940549877567, 
              42.756647724605237
            ]
          ]
        ], 
        "type": "Polygon"
      }, 
      "properties": {
        "Seat Count": "", 
        "Number": "343", 
        "NCES_Type": "General Storage", 
        "Workstations": "", 
        "Element": "Room", 
        "RevitId": 6022956, 
        "occupancyStatus": "Occupied", 
        "Building": "Connected Core", 
        "Area_SF": 275.35000000000002, 
        "Name": "STORAGE", 
        "NCES_Occupancy Status": "", 
        "NCES_Department": "Administration", 
        "Level": "BASEMENT", 
        "Revit_UniqueId": "568ae92b-a280-451e-8461-f6d387948176-005be72c"
      }, 
      "type": "Feature"
    }, 
    {
      "geometry": {
        "coordinates": [
          [
            [
              -95.573614819386194, 
              42.757379585225024
            ], 
            [
              -95.573614819386194, 
              42.757360583393520
            ], 
            [
              -95.573533253502006, 
              42.757360583393520
            ], 
            [
              -95.573533253502006, 
              42.757379585225024
            ], 
            [
              -95.573614819386194, 
              42.757379585225024
            ]
          ]
        ], 
        "type": "Polygon"
      }, 
      "properties": {
        "Seat Count": "", 
        "Number": "345", 
        "NCES_Type": "General Storage", 
        "Workstations": "", 
        "Element": "Room", 
        "RevitId": 6023806, 
        "occupancyStatus": "Occupied", 
        "Building": "Connected Core", 
        "Area_SF": 131.34999999999999, 
        "Name": "SCREENED CAGE", 
        "NCES_Occupancy Status": "", 
        "NCES_Department": "General", 
        "Level": "BASEMENT", 
        "Revit_UniqueId": "eef478cf-42ac-44fb-8ec0-2d083b00022a-005bea7e"
      }, 
      "type": "Feature"
    }, 
    {
      "geometry": {
        "coordinates": [
          [
            [
              -95.573255554433700, 
              42.757177883300528
            ], 
            [
              -95.573296237029325, 
              42.757177883300528
            ], 
            [
              -95.573296237029325, 
              42.757163460223602
            ], 
            [
              -95.573167150416040, 
              42.757163460223602
            ], 
            [
              -95.573167150416040, 
              42.757177883300528
            ], 
            [
              -95.573244641314218, 
              42.757177883300528
            ], 
            [
              -95.573255554433700, 
              42.757177883300528
            ]
          ]
        ], 
        "type": "Polygon"
      }, 
      "properties": {
        "Seat Count": "", 
        "Number": "346", 
        "NCES_Type": "General Storage", 
        "Workstations": "", 
        "Element": "Room", 
        "RevitId": 6024025, 
        "occupancyStatus": "Occupied", 
        "Building": "Connected Core", 
        "Area_SF": 155.25, 
        "Name": "SCREENED CAGE", 
        "NCES_Occupancy Status": "", 
        "NCES_Department": "General", 
        "Level": "BASEMENT", 
        "Revit_UniqueId": "eef478cf-42ac-44fb-8ec0-2d083b00022a-005beb59"
      }, 
      "type": "Feature"
    }, 
    {
      "geometry": {
        "coordinates": [
          [
            [
              -95.572155095382072, 
              42.756873351418108
            ], 
            [
              -95.572155095382072, 
              42.756853945531660
            ], 
            [
              -95.572131014674412, 
              42.756853945531660
            ], 
            [
              -95.572131014674412, 
              42.756873351418108
            ], 
            [
              -95.572155075798946, 
              42.756873351418108
            ], 
            [
              -95.572155095382072, 
              42.756873351418108
            ]
          ]
        ], 
        "type": "Polygon"
      }, 
      "properties": {
        "Seat Count": "", 
        "Number": "347", 
        "NCES_Type": "General Storage", 
        "Workstations": "", 
        "Element": "Room", 
        "RevitId": 6024580, 
        "occupancyStatus": "Occupied", 
        "Building": "Connected Core", 
        "Area_SF": 35.899999999999999, 
        "Name": "CLOS", 
        "NCES_Occupancy Status": "", 
        "NCES_Department": "Administration", 
        "Level": "BASEMENT", 
        "Revit_UniqueId": "eef478cf-42ac-44fb-8ec0-2d083b00022a-005bed84"
      }, 
      "type": "Feature"
    }, 
    {
      "geometry": {
        "coordinates": [
          [
            [
              -95.572066578132279, 
              42.756994100477655
            ], 
            [
              -95.572050891848960, 
              42.757005617933579
            ], 
            [
              -95.571839490257261, 
              42.757005617933579
            ], 
            [
              -95.571839490257261, 
              42.757035072144227
            ], 
            [
              -95.571867958432108, 
              42.757035072144227
            ], 
            [
              -95.571888537457426, 
              42.757035072144227
            ], 
            [
              -95.571933729369292, 
              42.757035072144227
            ], 
            [
              -95.571936555183143, 
              42.757035072144227
            ], 
            [
              -95.571936555183143, 
              42.757035758957414
            ], 
            [
              -95.572014309158206, 
              42.757035758957414
            ], 
            [
              -95.572049387042256, 
              42.757035758957414
            ], 
            [
              -95.572051147925521, 
              42.757035758957414
            ], 
            [
              -95.572052651991172, 
              42.757036863298666
            ], 
            [
              -95.572068718853899, 
              42.757048660190250
            ], 
            [
              -95.572068718853899, 
              42.757052242473904
            ], 
            [
              -95.572068718853899, 
              42.757091377233188
            ], 
            [
              -95.572068718853899, 
              42.757150348903224
            ], 
            [
              -95.572069654264141, 
              42.757150348903224
            ], 
            [
              -95.572069654264141, 
              42.757151736908256
            ], 
            [
              -95.572069654264141, 
              42.757210458456541
            ], 
            [
              -95.572069654264141, 
              42.757245195238887
            ], 
            [
              -95.572104480900919, 
              42.757245195238887
            ], 
            [
              -95.572104480900919, 
              42.757210458456541
            ], 
            [
              -95.572104480900919, 
              42.757151736908256
            ], 
            [
              -95.572104480900919, 
              42.757150348903224
            ], 
            [
              -95.572105416311160, 
              42.757150348903224
            ], 
            [
              -95.572105416311160, 
              42.757090690420000
            ], 
            [
              -95.572105416311160, 
              42.757054989726647
            ], 
            [
              -95.572105416311160, 
              42.757049458889867
            ], 
            [
              -95.572125010444566, 
              42.757035072144227
            ], 
            [
              -95.572163411746118, 
              42.757035072144227
            ], 
            [
              -95.572163411746118, 
              42.757035758957414
            ], 
            [
              -95.572237351442993, 
              42.757035758957414
            ], 
            [
              -95.572237351442993, 
              42.757035072144227
            ], 
            [
              -95.572285877932600, 
              42.757035072144227
            ], 
            [
              -95.572304586137420, 
              42.757035072144227
            ], 
            [
              -95.572333916996058, 
              42.757035072144227
            ], 
            [
              -95.572333916996058, 
              42.757005617933579
            ], 
            [
              -95.572122973414949, 
              42.757005617933579
            ], 
            [
              -95.572107287131644, 
              42.756994100477655
            ], 
            [
              -95.572107287131644, 
              42.756904944824697
            ], 
            [
              -95.572066578132279, 
              42.756904944824697
            ], 
            [
              -95.572066578132279, 
              42.756994100477655
            ]
          ]
        ], 
        "type": "Polygon"
      }, 
      "properties": {
        "Seat Count": "", 
        "Number": "348", 
        "NCES_Type": "Corridor/Hallway", 
        "Workstations": "", 
        "Element": "Room", 
        "RevitId": 6024679, 
        "occupancyStatus": "Occupied", 
        "Building": "Connected Core", 
        "Area_SF": 2208.2100000000000, 
        "Name": "CORRIDOR", 
        "NCES_Occupancy Status": "", 
        "NCES_Department": "General", 
        "Level": "BASEMENT", 
        "Revit_UniqueId": "eef478cf-42ac-44fb-8ec0-2d083b00022a-005bede7"
      }, 
      "type": "Feature"
    }, 
    {
      "geometry": {
        "coordinates": [
          [
            [
              -95.573347694350133, 
              42.757177883300528
            ], 
            [
              -95.573315890401929, 
              42.757177883300528
            ], 
            [
              -95.573315890401929, 
              42.757192993190635
            ], 
            [
              -95.573310277940479, 
              42.757192993190635
            ], 
            [
              -95.573310277940479, 
              42.757198716633859
            ], 
            [
              -95.573244641314218, 
              42.757198716633859
            ], 
            [
              -95.573169021236524, 
              42.757198716633859
            ], 
            [
              -95.573099855125818, 
              42.757198716633859
            ], 
            [
              -95.573099855125818, 
              42.757177883300528
            ], 
            [
              -95.572991347537837, 
              42.757177883300528
            ], 
            [
              -95.572991347537837, 
              42.757192306377448
            ], 
            [
              -95.572972639333003, 
              42.757192306377448
            ], 
            [
              -95.572972639333003, 
              42.757226875974517
            ], 
            [
              -95.573098919715576, 
              42.757226875974517
            ], 
            [
              -95.573098919715576, 
              42.757224815534961
            ], 
            [
              -95.573169956646765, 
              42.757224815534961
            ], 
            [
              -95.573169956646765, 
              42.757226875974517
            ], 
            [
              -95.573384175349545, 
              42.757226875974517
            ], 
            [
              -95.573384175349545, 
              42.757207416267562
            ], 
            [
              -95.573384175349545, 
              42.757192306377448
            ], 
            [
              -95.573347694350133, 
              42.757192306377448
            ], 
            [
              -95.573347694350133, 
              42.757177883300528
            ]
          ]
        ], 
        "type": "Polygon"
      }, 
      "properties": {
        "Seat Count": "", 
        "Number": "368", 
        "NCES_Type": "Corridor/Hallway", 
        "Workstations": "", 
        "Element": "Room", 
        "RevitId": 6034183, 
        "occupancyStatus": "Occupied", 
        "Building": "Connected Core", 
        "Area_SF": 1276.2900000000000, 
        "Name": "CORRIDOR", 
        "NCES_Occupancy Status": "", 
        "NCES_Department": "General", 
        "Level": "BASEMENT", 
        "Revit_UniqueId": "ef851eb1-e981-470a-b576-9a03568f1657-005c1307"
      }, 
      "type": "Feature"
    }, 
    {
      "geometry": {
        "coordinates": [
          [
            [
              -95.572304586137420, 
              42.757150348903224
            ], 
            [
              -95.572337752142232, 
              42.757150348903224
            ], 
            [
              -95.572337752142232, 
              42.757125394690767
            ], 
            [
              -95.572321169139826, 
              42.757125394690767
            ], 
            [
              -95.572304586137420, 
              42.757125394690767
            ], 
            [
              -95.572304586137420, 
              42.757150348903224
            ]
          ]
        ], 
        "type": "Polygon"
      }, 
      "properties": {
        "Seat Count": "", 
        "Number": "369", 
        "NCES_Type": "Single Stall Restroom", 
        "Workstations": "", 
        "Element": "Room", 
        "RevitId": 6034200, 
        "occupancyStatus": "Occupied", 
        "Building": "Connected Core", 
        "Area_SF": 63.960000000000001, 
        "Name": "RR", 
        "NCES_Occupancy Status": "", 
        "NCES_Department": "General", 
        "Level": "BASEMENT", 
        "Revit_UniqueId": "ef851eb1-e981-470a-b576-9a03568f1657-005c1318"
      }, 
      "type": "Feature"
    }
  ], 
  "type": "FeatureCollection", 
  "name": "Connected Core - BASEMENT"
}