{
  "features": [
    {
      "geometry": {
        "coordinates": [
          [
            [
              -95.572123890284857, 
              42.756588737165558
            ], 
            [
              -95.572123890284857, 
              42.756648569606476
            ], 
            [
              -95.572233144418561, 
              42.756648569606476
            ], 
            [
              -95.572233144418561, 
              42.756588737165558
            ], 
            [
              -95.572123890284857, 
              42.756588737165558
            ]
          ]
        ], 
        "type": "Polygon"
      }, 
      "properties": {
        "Seat Count": "", 
        "Number": "18", 
        "NCES_Type": "Open Office - Workstations", 
        "Workstations": "", 
        "Element": "Room", 
        "RevitId": 5669763, 
        "occupancyStatus": "Occupied", 
        "Building": "Connected Core", 
        "Area_SF": 549.78999999999996, 
        "Name": "PURCHASING", 
        "NCES_Occupancy Status": "", 
        "NCES_Department": "Administration", 
        "Level": "LEVEL 2", 
        "Revit_UniqueId": "dad237cc-6968-4188-9f55-ae8359a05182-00568383"
      }, 
      "type": "Feature"
    }, 
    {
      "geometry": {
        "coordinates": [
          [
            [
              -95.572050052551347, 
              42.756588737165558
            ], 
            [
              -95.571940549877567, 
              42.756588737165558
            ], 
            [
              -95.571940549877567, 
              42.756647583648132
            ], 
            [
              -95.572050052551347, 
              42.756647583648132
            ], 
            [
              -95.572050052551347, 
              42.756588737165558
            ]
          ]
        ], 
        "type": "Polygon"
      }, 
      "properties": {
        "Seat Count": "", 
        "Number": "19", 
        "NCES_Type": "Open Office - Workstations", 
        "Workstations": "", 
        "Element": "Room", 
        "RevitId": 5669772, 
        "occupancyStatus": "Occupied", 
        "Building": "Connected Core", 
        "Area_SF": 541.24000000000001, 
        "Name": "BUDGET", 
        "NCES_Occupancy Status": "", 
        "NCES_Department": "Administration", 
        "Level": "LEVEL 2", 
        "Revit_UniqueId": "dad237cc-6968-4188-9f55-ae8359a05182-0056838c"
      }, 
      "type": "Feature"
    }, 
    {
      "geometry": {
        "coordinates": [
          [
            [
              -95.571940549877567, 
              42.756647583648132
            ], 
            [
              -95.571940549877567, 
              42.756690307022815
            ], 
            [
              -95.571966741364321, 
              42.756690307022815
            ], 
            [
              -95.571966741364321, 
              42.756706790539305
            ], 
            [
              -95.572050052551347, 
              42.756706790539305
            ], 
            [
              -95.572050052551347, 
              42.756647583648132
            ], 
            [
              -95.571940549877567, 
              42.756647583648132
            ]
          ]
        ], 
        "type": "Polygon"
      }, 
      "properties": {
        "Seat Count": "", 
        "Number": "20", 
        "NCES_Type": "IT/Telecom Room", 
        "Workstations": "", 
        "Element": "Room", 
        "RevitId": 5669775, 
        "occupancyStatus": "Occupied", 
        "Building": "Connected Core", 
        "Area_SF": 522.66999999999996, 
        "Name": "IT ADMIN", 
        "NCES_Occupancy Status": "", 
        "NCES_Department": "Administration", 
        "Level": "LEVEL 2", 
        "Revit_UniqueId": "dad237cc-6968-4188-9f55-ae8359a05182-0056838f"
      }, 
      "type": "Feature"
    }, 
    {
      "geometry": {
        "coordinates": [
          [
            [
              -95.572123890284857, 
              42.756648569606476
            ], 
            [
              -95.572123890284857, 
              42.756706304544963
            ], 
            [
              -95.572233144418561, 
              42.756706304544963
            ], 
            [
              -95.572233144418561, 
              42.756648569606476
            ], 
            [
              -95.572123890284857, 
              42.756648569606476
            ]
          ]
        ], 
        "type": "Polygon"
      }, 
      "properties": {
        "Seat Count": "", 
        "Number": "21", 
        "NCES_Type": "Open Office - Workstations", 
        "Workstations": "", 
        "Element": "Room", 
        "RevitId": 5669778, 
        "occupancyStatus": "Occupied", 
        "Building": "Connected Core", 
        "Area_SF": 535.69000000000005, 
        "Name": "HR / PERSONNEL", 
        "NCES_Occupancy Status": "", 
        "NCES_Department": "Administration", 
        "Level": "LEVEL 2", 
        "Revit_UniqueId": "dad237cc-6968-4188-9f55-ae8359a05182-00568392"
      }, 
      "type": "Feature"
    }, 
    {
      "geometry": {
        "coordinates": [
          [
            [
              -95.572123890284857, 
              42.756706304544963
            ], 
            [
              -95.572123890284857, 
              42.756782288022507
            ], 
            [
              -95.572233144418561, 
              42.756782288022507
            ], 
            [
              -95.572233144418561, 
              42.756755002207669
            ], 
            [
              -95.572233144418561, 
              42.756705445769988
            ], 
            [
              -95.572233144418561, 
              42.756706304544963
            ], 
            [
              -95.572229383194482, 
              42.756706304544963
            ], 
            [
              -95.572123890284857, 
              42.756706304544963
            ]
          ]
        ], 
        "type": "Polygon"
      }, 
      "properties": {
        "Seat Count": "", 
        "Number": "22", 
        "NCES_Type": "Conference Room", 
        "Workstations": "", 
        "Element": "Room", 
        "RevitId": 5669781, 
        "occupancyStatus": "Occupied", 
        "Building": "Connected Core", 
        "Area_SF": 841.86000000000001, 
        "Name": "J.T. MAY MEETING ROOM", 
        "NCES_Occupancy Status": "", 
        "NCES_Department": "Administration", 
        "Level": "LEVEL 2", 
        "Revit_UniqueId": "dad237cc-6968-4188-9f55-ae8359a05182-00568395"
      }, 
      "type": "Feature"
    }, 
    {
      "geometry": {
        "coordinates": [
          [
            [
              -95.571940408907238, 
              42.756755958319779
            ], 
            [
              -95.571940408907238, 
              42.756779309968131
            ], 
            [
              -95.572050052551347, 
              42.756779309968131
            ], 
            [
              -95.572050052551347, 
              42.756735353924178
            ], 
            [
              -95.571981566957845, 
              42.756735353924178
            ], 
            [
              -95.571959560636273, 
              42.756735353924178
            ], 
            [
              -95.571911542910556, 
              42.756735353924178
            ], 
            [
              -95.571911542910556, 
              42.756741550695345
            ], 
            [
              -95.571931165479995, 
              42.756755958319779
            ], 
            [
              -95.571940408907238, 
              42.756755958319779
            ]
          ]
        ], 
        "type": "Polygon"
      }, 
      "properties": {
        "Seat Count": "", 
        "Number": "23", 
        "NCES_Type": "Open Office - Workstations", 
        "Workstations": "", 
        "Element": "Room", 
        "RevitId": 5669784, 
        "occupancyStatus": "Occupied", 
        "Building": "Connected Core", 
        "Area_SF": 433.04000000000002, 
        "Name": "MH NURSING ADMIN", 
        "NCES_Occupancy Status": "", 
        "NCES_Department": "Administration", 
        "Level": "LEVEL 2", 
        "Revit_UniqueId": "dad237cc-6968-4188-9f55-ae8359a05182-00568398"
      }, 
      "type": "Feature"
    }, 
    {
      "geometry": {
        "coordinates": [
          [
            [
              -95.571940408907238, 
              42.756836831753311
            ], 
            [
              -95.571992424792981, 
              42.756836831753311
            ], 
            [
              -95.571992424792981, 
              42.756835458126943
            ], 
            [
              -95.571996186017074, 
              42.756835458126943
            ], 
            [
              -95.572032591560173, 
              42.756835458126943
            ], 
            [
              -95.572032591560173, 
              42.756820087536695
            ], 
            [
              -95.572050052551347, 
              42.756820087536695
            ], 
            [
              -95.572050052551347, 
              42.756779309968131
            ], 
            [
              -95.571940408907238, 
              42.756779309968131
            ], 
            [
              -95.571940408907238, 
              42.756836831753311
            ]
          ]
        ], 
        "type": "Polygon"
      }, 
      "properties": {
        "Seat Count": "", 
        "Number": "24", 
        "NCES_Type": "Open Office - Workstations", 
        "Workstations": "", 
        "Element": "Room", 
        "RevitId": 5669787, 
        "occupancyStatus": "Occupied", 
        "Building": "Connected Core", 
        "Area_SF": 506.10000000000002, 
        "Name": "NURSING UNIT OFFICE", 
        "NCES_Occupancy Status": "", 
        "NCES_Department": "Administration", 
        "Level": "LEVEL 2", 
        "Revit_UniqueId": "dad237cc-6968-4188-9f55-ae8359a05182-0056839b"
      }, 
      "type": "Feature"
    }, 
    {
      "geometry": {
        "coordinates": [
          [
            [
              -95.572179416048343, 
              42.756836317326531
            ], 
            [
              -95.572179416048343, 
              42.756837004139719
            ], 
            [
              -95.572233144418561, 
              42.756837004139719
            ], 
            [
              -95.572233144418561, 
              42.756782288022507
            ], 
            [
              -95.572123890284857, 
              42.756782288022507
            ], 
            [
              -95.572123890284857, 
              42.756836317326531
            ], 
            [
              -95.572179416048343, 
              42.756836317326531
            ]
          ]
        ], 
        "type": "Polygon"
      }, 
      "properties": {
        "Seat Count": "", 
        "Number": "25", 
        "NCES_Type": "Open Office - Workstations", 
        "Workstations": "", 
        "Element": "Room", 
        "RevitId": 5669790, 
        "occupancyStatus": "Occupied", 
        "Building": "Connected Core", 
        "Area_SF": 505.52999999999997, 
        "Name": "BUSINESS MANAGER", 
        "NCES_Occupancy Status": "", 
        "NCES_Department": "Administration", 
        "Level": "LEVEL 2", 
        "Revit_UniqueId": "dad237cc-6968-4188-9f55-ae8359a05182-0056839e"
      }, 
      "type": "Feature"
    }, 
    {
      "geometry": {
        "coordinates": [
          [
            [
              [
                -95.572128801567189, 
                42.756891666436417
              ], 
              [
                -95.572179416048343, 
                42.756891666436417
              ], 
              [
                -95.572179416048343, 
                42.756837004139719
              ], 
              [
                -95.572179416048343, 
                42.756836317326531
              ], 
              [
                -95.572123890284857, 
                42.756836317326531
              ], 
              [
                -95.572123890284857, 
                42.756782288022507
              ], 
              [
                -95.572123890284857, 
                42.756706304544963
              ], 
              [
                -95.572123890284857, 
                42.756648569606476
              ], 
              [
                -95.572123890284857, 
                42.756588737165558
              ], 
              [
                -95.572123890284857, 
                42.756588050352370
              ], 
              [
                -95.572050052551347, 
                42.756588050352370
              ], 
              [
                -95.572050052551347, 
                42.756588737165558
              ], 
              [
                -95.572050052551347, 
                42.756647583648132
              ], 
              [
                -95.572050052551347, 
                42.756706790539305
              ], 
              [
                -95.572050052551347, 
                42.756735353924178
              ], 
              [
                -95.572050052551347, 
                42.756779309968131
              ], 
              [
                -95.572050052551347, 
                42.756820087536695
              ], 
              [
                -95.572050052551347, 
                42.756835458126943
              ], 
              [
                -95.572050052551347, 
                42.756897079003004
              ], 
              [
                -95.572060765464713, 
                42.756904944824697
              ], 
              [
                -95.572066578132279, 
                42.756904944824697
              ], 
              [
                -95.572107287131644, 
                42.756904944824697
              ], 
              [
                -95.572110716969192, 
                42.756904944824697
              ], 
              [
                -95.572128801567189, 
                42.756891666436417
              ]
            ]
          ], 
          [
            [
              [
                -95.572155095382072, 
                42.756853945531660
              ], 
              [
                -95.572155095382072, 
                42.756873351418108
              ], 
              [
                -95.572131014674412, 
                42.756873351418108
              ], 
              [
                -95.572131014674412, 
                42.756853945531660
              ], 
              [
                -95.572155095382072, 
                42.756853945531660
              ]
            ]
          ]
        ], 
        "type": "MultiPolygon"
      }, 
      "properties": {
        "Seat Count": "", 
        "Number": "26", 
        "NCES_Type": "Corridor/Hallway", 
        "Workstations": "", 
        "Element": "Room", 
        "RevitId": 5669822, 
        "occupancyStatus": "Occupied", 
        "Building": "Connected Core", 
        "Area_SF": 2279.8099999999999, 
        "Name": "CORRIDOR", 
        "NCES_Occupancy Status": "", 
        "NCES_Department": "Administration", 
        "Level": "LEVEL 2", 
        "Revit_UniqueId": "dad237cc-6968-4188-9f55-ae8359a05182-005683be"
      }, 
      "type": "Feature"
    }, 
    {
      "geometry": {
        "coordinates": [
          [
            [
              -95.571966741364321, 
              42.756706790539305
            ], 
            [
              -95.571959560636273, 
              42.756706790539305
            ], 
            [
              -95.571959560636273, 
              42.756722304473627
            ], 
            [
              -95.571981566957845, 
              42.756722304473627
            ], 
            [
              -95.571981566957845, 
              42.756735353924178
            ], 
            [
              -95.572050052551347, 
              42.756735353924178
            ], 
            [
              -95.572050052551347, 
              42.756706790539305
            ], 
            [
              -95.571966741364321, 
              42.756706790539305
            ]
          ]
        ], 
        "type": "Polygon"
      }, 
      "properties": {
        "Seat Count": "", 
        "Number": "27", 
        "NCES_Type": "Stair", 
        "Workstations": "", 
        "Element": "Room", 
        "RevitId": 5669825, 
        "occupancyStatus": "Occupied", 
        "Building": "Connected Core", 
        "Area_SF": 185.83000000000001, 
        "Name": "STAIR HALL", 
        "NCES_Occupancy Status": "", 
        "NCES_Department": "Administration", 
        "Level": "LEVEL 2", 
        "Revit_UniqueId": "dad237cc-6968-4188-9f55-ae8359a05182-005683c1"
      }, 
      "type": "Feature"
    }, 
    {
      "geometry": {
        "coordinates": [
          [
            [
              -95.572050052551347, 
              42.756835458126943
            ], 
            [
              -95.572050052551347, 
              42.756820087536695
            ], 
            [
              -95.572032591560173, 
              42.756820087536695
            ], 
            [
              -95.572032591560173, 
              42.756835458126943
            ], 
            [
              -95.572050052551347, 
              42.756835458126943
            ]
          ]
        ], 
        "type": "Polygon"
      }, 
      "properties": {
        "Seat Count": "", 
        "Number": "33", 
        "NCES_Type": "General Storage", 
        "Workstations": "", 
        "Element": "Room", 
        "RevitId": 5669882, 
        "occupancyStatus": "Occupied", 
        "Building": "Connected Core", 
        "Area_SF": 17.760000000000002, 
        "Name": "CLOSET", 
        "NCES_Occupancy Status": "", 
        "NCES_Department": "Administration", 
        "Level": "LEVEL 2", 
        "Revit_UniqueId": "dad237cc-6968-4188-9f55-ae8359a05182-005683fa"
      }, 
      "type": "Feature"
    }, 
    {
      "geometry": {
        "coordinates": [
          [
            [
              -95.572155095382072, 
              42.756873351418108
            ], 
            [
              -95.572155095382072, 
              42.756853945531660
            ], 
            [
              -95.572131014674412, 
              42.756853945531660
            ], 
            [
              -95.572131014674412, 
              42.756873351418108
            ], 
            [
              -95.572155095382072, 
              42.756873351418108
            ]
          ]
        ], 
        "type": "Polygon"
      }, 
      "properties": {
        "Seat Count": "", 
        "Number": "36", 
        "NCES_Type": "Elevator/Lift", 
        "Workstations": "", 
        "Element": "Room", 
        "RevitId": 5669908, 
        "occupancyStatus": "Occupied", 
        "Building": "Connected Core", 
        "Area_SF": 35.899999999999999, 
        "Name": "ELEVATOR", 
        "NCES_Occupancy Status": "", 
        "NCES_Department": "Administration", 
        "Level": "LEVEL 2", 
        "Revit_UniqueId": "dad237cc-6968-4188-9f55-ae8359a05182-00568414"
      }, 
      "type": "Feature"
    }, 
    {
      "geometry": {
        "coordinates": [
          [
            [
              -95.572123890284857, 
              42.756588050352370
            ], 
            [
              -95.572123890284857, 
              42.756529225896713
            ], 
            [
              -95.572050052551347, 
              42.756529225896713
            ], 
            [
              -95.572050052551347, 
              42.756588050352370
            ], 
            [
              -95.572123890284857, 
              42.756588050352370
            ]
          ]
        ], 
        "type": "Polygon"
      }, 
      "properties": {
        "Seat Count": "", 
        "Number": "37", 
        "NCES_Type": "Private Office - Enclosed", 
        "Workstations": "", 
        "Element": "Room", 
        "RevitId": 5669917, 
        "occupancyStatus": "Occupied", 
        "Building": "Connected Core", 
        "Area_SF": 363.07999999999998, 
        "Name": "SUPERINTENDENT OFFICE", 
        "NCES_Occupancy Status": "", 
        "NCES_Department": "Administration", 
        "Level": "LEVEL 2", 
        "Revit_UniqueId": "dad237cc-6968-4188-9f55-ae8359a05182-0056841d"
      }, 
      "type": "Feature"
    }, 
    {
      "geometry": {
        "coordinates": [
          [
            [
              -95.571940549877567, 
              42.756706790539305
            ], 
            [
              -95.571936808236600, 
              42.756706790539305
            ], 
            [
              -95.571936808236600, 
              42.756705416912929
            ], 
            [
              -95.571932693272473, 
              42.756705416912929
            ], 
            [
              -95.571911542910556, 
              42.756720946299744
            ], 
            [
              -95.571911542910556, 
              42.756735353924178
            ], 
            [
              -95.571959560636273, 
              42.756735353924178
            ], 
            [
              -95.571959560636273, 
              42.756722304473627
            ], 
            [
              -95.571959560636273, 
              42.756706790539305
            ], 
            [
              -95.571940549877567, 
              42.756706790539305
            ]
          ]
        ], 
        "type": "Polygon"
      }, 
      "properties": {
        "Seat Count": "", 
        "Number": "38", 
        "NCES_Type": "Restroom - Bath/Shower", 
        "Workstations": "", 
        "Element": "Room", 
        "RevitId": 5670178, 
        "occupancyStatus": "Occupied", 
        "Building": "Connected Core", 
        "Area_SF": 92.349999999999994, 
        "Name": "BATH", 
        "NCES_Occupancy Status": "", 
        "NCES_Department": "Administration", 
        "Level": "LEVEL 2", 
        "Revit_UniqueId": "dad237cc-6968-4188-9f55-ae8359a05182-00568522"
      }, 
      "type": "Feature"
    }, 
    {
      "geometry": {
        "coordinates": [
          [
            [
              -95.571408881527304, 
              42.757035758957414
            ], 
            [
              -95.571426030715060, 
              42.757035758957414
            ], 
            [
              -95.571426030715060, 
              42.757030951265108
            ], 
            [
              -95.571440997278913, 
              42.757030951265108
            ], 
            [
              -95.571440997278913, 
              42.757028661887823
            ], 
            [
              -95.571440997278913, 
              42.757015841375001
            ], 
            [
              -95.571440997278913, 
              42.757014560025979
            ], 
            [
              -95.571440997278913, 
              42.757006547205464
            ], 
            [
              -95.571440997278913, 
              42.756996931820851
            ], 
            [
              -95.571429460552608, 
              42.756996931820851
            ], 
            [
              -95.571429460552608, 
              42.756989821230285
            ], 
            [
              -95.571394538570274, 
              42.756989821230285
            ], 
            [
              -95.571394538570274, 
              42.757004028890449
            ], 
            [
              -95.571392667749791, 
              42.757004028890449
            ], 
            [
              -95.571392667749791, 
              42.757014102150521
            ], 
            [
              -95.571387678895164, 
              42.757014102150521
            ], 
            [
              -95.571385808074680, 
              42.757014102150521
            ], 
            [
              -95.571385808074680, 
              42.757035758957414
            ], 
            [
              -95.571408881527304, 
              42.757035758957414
            ]
          ]
        ], 
        "type": "Polygon"
      }, 
      "properties": {
        "Seat Count": "", 
        "Number": "104", 
        "NCES_Type": "Restroom - Bath/Shower", 
        "Workstations": "", 
        "Element": "Room", 
        "RevitId": 5700458, 
        "occupancyStatus": "Occupied", 
        "Building": "Connected Core", 
        "Area_SF": 174.87000000000000, 
        "Name": "RR", 
        "NCES_Occupancy Status": "", 
        "NCES_Department": "CCUSO", 
        "Level": "LEVEL 2", 
        "Revit_UniqueId": "f14b4bf3-3578-4404-90ce-ac1312a9460f-0056fb6a"
      }, 
      "type": "Feature"
    }, 
    {
      "geometry": {
        "coordinates": [
          [
            [
              -95.571344026417236, 
              42.757035758957414
            ], 
            [
              -95.571376453972263, 
              42.757035758957414
            ], 
            [
              -95.571376453972263, 
              42.757023900334190
            ], 
            [
              -95.571376453972263, 
              42.757014102150521
            ], 
            [
              -95.571365852656200, 
              42.757014102150521
            ], 
            [
              -95.571365852656200, 
              42.757004028890449
            ], 
            [
              -95.571360551998168, 
              42.757004028890449
            ], 
            [
              -95.571360551998168, 
              42.756989821230285
            ], 
            [
              -95.571343091006995, 
              42.756989821230285
            ], 
            [
              -95.571343091006995, 
              42.757035758957414
            ], 
            [
              -95.571344026417236, 
              42.757035758957414
            ]
          ]
        ], 
        "type": "Polygon"
      }, 
      "properties": {
        "Seat Count": "", 
        "Number": "105", 
        "NCES_Type": "Restroom - Bath/Shower", 
        "Workstations": "", 
        "Element": "Room", 
        "RevitId": 5700461, 
        "occupancyStatus": "Occupied", 
        "Building": "Connected Core", 
        "Area_SF": 90.400000000000006, 
        "Name": "RR", 
        "NCES_Occupancy Status": "", 
        "NCES_Department": "CCUSO", 
        "Level": "LEVEL 2", 
        "Revit_UniqueId": "f14b4bf3-3578-4404-90ce-ac1312a9460f-0056fb6d"
      }, 
      "type": "Feature"
    }, 
    {
      "geometry": {
        "coordinates": [
          [
            [
              -95.571737738329020, 
              42.757035758957414
            ], 
            [
              -95.571764657437967, 
              42.757035758957414
            ], 
            [
              -95.571764657437967, 
              42.757024541008697
            ], 
            [
              -95.571776505967691, 
              42.757024541008697
            ], 
            [
              -95.571776505967691, 
              42.757006533684496
            ], 
            [
              -95.571776505967691, 
              42.757006304746767
            ], 
            [
              -95.571761227600405, 
              42.757006304746767
            ], 
            [
              -95.571761227600405, 
              42.756989821230285
            ], 
            [
              -95.571721836354925, 
              42.756989821230285
            ], 
            [
              -95.571721836354925, 
              42.757006304746767
            ], 
            [
              -95.571737738329020, 
              42.757006304746767
            ], 
            [
              -95.571737738329020, 
              42.757035758957414
            ]
          ]
        ], 
        "type": "Polygon"
      }, 
      "properties": {
        "Seat Count": "", 
        "Number": "106", 
        "NCES_Type": "Restroom - Bath/Shower", 
        "Workstations": "", 
        "Element": "Room", 
        "RevitId": 5700469, 
        "occupancyStatus": "Occupied", 
        "Building": "Connected Core", 
        "Area_SF": 134.34000000000000, 
        "Name": "BATHROOM", 
        "NCES_Occupancy Status": "", 
        "NCES_Department": "CCUSO", 
        "Level": "LEVEL 2", 
        "Revit_UniqueId": "f14b4bf3-3578-4404-90ce-ac1312a9460f-0056fb75"
      }, 
      "type": "Feature"
    }, 
    {
      "geometry": {
        "coordinates": [
          [
            [
              -95.571715265379680, 
              42.756906148996016
            ], 
            [
              -95.571715265379680, 
              42.756889080244854
            ], 
            [
              -95.571607175141182, 
              42.756889080244854
            ], 
            [
              -95.571607175141182, 
              42.756920563508864
            ], 
            [
              -95.571607194724308, 
              42.756920563508864
            ], 
            [
              -95.571643967943999, 
              42.756920563508864
            ], 
            [
              -95.571680343397333, 
              42.756920563508864
            ], 
            [
              -95.571715245796554, 
              42.756920563508864
            ], 
            [
              -95.571715265379680, 
              42.756920563508864
            ], 
            [
              -95.571715265379680, 
              42.756906148996016
            ]
          ]
        ], 
        "type": "Polygon"
      }, 
      "properties": {
        "Seat Count": "", 
        "Number": "111", 
        "NCES_Type": "Porch/Balcony", 
        "Workstations": "", 
        "Element": "Room", 
        "RevitId": 5701226, 
        "occupancyStatus": "Occupied", 
        "Building": "Connected Core", 
        "Area_SF": 254.36000000000001, 
        "Name": "BALCONY", 
        "NCES_Occupancy Status": "", 
        "NCES_Department": "CCUSO", 
        "Level": "LEVEL 2", 
        "Revit_UniqueId": "f14b4bf3-3578-4404-90ce-ac1312a9460f-0056fe6a"
      }, 
      "type": "Feature"
    }, 
    {
      "geometry": {
        "coordinates": [
          [
            [
              -95.571432238826418, 
              42.756907255303958
            ], 
            [
              -95.571432238826418, 
              42.756921262803253
            ], 
            [
              -95.571432258409544, 
              42.756921262803253
            ], 
            [
              -95.571467624053085, 
              42.756921262803253
            ], 
            [
              -95.571503884768759, 
              42.756921262803253
            ], 
            [
              -95.571538163561158, 
              42.756921262803253
            ], 
            [
              -95.571540053964753, 
              42.756921262803253
            ], 
            [
              -95.571540053964753, 
              42.756889080244854
            ], 
            [
              -95.571432238826418, 
              42.756889080244854
            ], 
            [
              -95.571432238826418, 
              42.756907255303958
            ]
          ]
        ], 
        "type": "Polygon"
      }, 
      "properties": {
        "Seat Count": "", 
        "Number": "112", 
        "NCES_Type": "Porch/Balcony", 
        "Workstations": "", 
        "Element": "Room", 
        "RevitId": 5701229, 
        "occupancyStatus": "Occupied", 
        "Building": "Connected Core", 
        "Area_SF": 260.49000000000001, 
        "Name": "PATIENT PATIO (W/ STAFF ONLY)", 
        "NCES_Occupancy Status": "", 
        "NCES_Department": "CCUSO", 
        "Level": "LEVEL 2", 
        "Revit_UniqueId": "f14b4bf3-3578-4404-90ce-ac1312a9460f-0056fe6d"
      }, 
      "type": "Feature"
    }, 
    {
      "geometry": {
        "coordinates": [
          [
            [
              -95.571608116567859, 
              42.757035758957414
            ], 
            [
              -95.571606245747375, 
              42.757035758957414
            ], 
            [
              -95.571606245747375, 
              42.757032997326007
            ], 
            [
              -95.571606245747375, 
              42.757008973243131
            ], 
            [
              -95.571608116567859, 
              42.757008973243131
            ], 
            [
              -95.571608116567859, 
              42.756989821230285
            ], 
            [
              -95.571644197304892, 
              42.756989821230285
            ], 
            [
              -95.571680678304304, 
              42.756989821230285
            ], 
            [
              -95.571721836354925, 
              42.756989821230285
            ], 
            [
              -95.571761227600405, 
              42.756989821230285
            ], 
            [
              -95.571774615564081, 
              42.756989821230285
            ], 
            [
              -95.571776505967691, 
              42.756989821230285
            ], 
            [
              -95.571776505967691, 
              42.756990508043472
            ], 
            [
              -95.571789913514479, 
              42.756990508043472
            ], 
            [
              -95.571798332206654, 
              42.756990508043472
            ], 
            [
              -95.571798332206654, 
              42.756989821230285
            ], 
            [
              -95.571839490257261, 
              42.756989821230285
            ], 
            [
              -95.571839490257261, 
              42.756952275710603
            ], 
            [
              -95.571797229232317, 
              42.756952275710603
            ], 
            [
              -95.571757630198775, 
              42.756952275710603
            ], 
            [
              -95.571717136200164, 
              42.756952275710603
            ], 
            [
              -95.571680343397333, 
              42.756952275710603
            ], 
            [
              -95.571643967943999, 
              42.756952275710603
            ], 
            [
              -95.571605304320698, 
              42.756952275710603
            ], 
            [
              -95.571605304320698, 
              42.756923325140271
            ], 
            [
              -95.571605304320698, 
              42.756920563508864
            ], 
            [
              -95.571607175141182, 
              42.756920563508864
            ], 
            [
              -95.571607175141182, 
              42.756889080244854
            ], 
            [
              -95.571607175141182, 
              42.756886332992110
            ], 
            [
              -95.571540053964753, 
              42.756886332992110
            ], 
            [
              -95.571540053964753, 
              42.756889080244854
            ], 
            [
              -95.571540053964753, 
              42.756921262803253
            ], 
            [
              -95.571540989374995, 
              42.756921262803253
            ], 
            [
              -95.571540989374995, 
              42.756924024434660
            ], 
            [
              -95.571540989374995, 
              42.756952275710603
            ], 
            [
              -95.571503884768759, 
              42.756952275710603
            ], 
            [
              -95.571467624053085, 
              42.756952275710603
            ], 
            [
              -95.571430368005934, 
              42.756952275710603
            ], 
            [
              -95.571389981609030, 
              42.756952275710603
            ], 
            [
              -95.571350070772070, 
              42.756952275710603
            ], 
            [
              -95.571307665507803, 
              42.756952275710603
            ], 
            [
              -95.571303923866836, 
              42.756952275710603
            ], 
            [
              -95.571303923866836, 
              42.756951588897415
            ], 
            [
              -95.571302364849771, 
              42.756951588897415
            ], 
            [
              -95.571302364849771, 
              42.756990508043472
            ], 
            [
              -95.571307665507803, 
              42.756990508043472
            ], 
            [
              -95.571307665507803, 
              42.756989821230285
            ], 
            [
              -95.571318578627285, 
              42.756989821230285
            ], 
            [
              -95.571343091006995, 
              42.756989821230285
            ], 
            [
              -95.571360551998168, 
              42.756989821230285
            ], 
            [
              -95.571394538570274, 
              42.756989821230285
            ], 
            [
              -95.571429460552608, 
              42.756989821230285
            ], 
            [
              -95.571440997278913, 
              42.756989821230285
            ], 
            [
              -95.571466253355425, 
              42.756989821230285
            ], 
            [
              -95.571491839444349, 
              42.756989821230285
            ], 
            [
              -95.571541349303089, 
              42.756989821230285
            ], 
            [
              -95.571541349303089, 
              42.757008973243131
            ], 
            [
              -95.571543220123573, 
              42.757008973243131
            ], 
            [
              -95.571543220123573, 
              42.757032997326007
            ], 
            [
              -95.571543220123573, 
              42.757035758957414
            ], 
            [
              -95.571541349303089, 
              42.757035758957414
            ], 
            [
              -95.571541349303089, 
              42.757040108774270
            ], 
            [
              -95.571608116567859, 
              42.757040108774270
            ], 
            [
              -95.571608116567859, 
              42.757035758957414
            ]
          ]
        ], 
        "type": "Polygon"
      }, 
      "properties": {
        "Seat Count": "", 
        "Number": "156", 
        "NCES_Type": "Corridor/Hallway", 
        "Workstations": "", 
        "Element": "Room", 
        "RevitId": 5702656, 
        "occupancyStatus": "Occupied", 
        "Building": "Connected Core", 
        "Area_SF": 2687.3200000000002, 
        "Name": "CORRIDOR", 
        "NCES_Occupancy Status": "", 
        "NCES_Department": "CCUSO", 
        "Level": "LEVEL 2", 
        "Revit_UniqueId": "7b110d46-b9ca-4cf5-900e-4d5b9f499b2a-00570400"
      }, 
      "type": "Feature"
    }, 
    {
      "geometry": {
        "coordinates": [
          [
            [
              -95.571680678304304, 
              42.757035758957414
            ], 
            [
              -95.571737738329020, 
              42.757035758957414
            ], 
            [
              -95.571737738329020, 
              42.757006304746767
            ], 
            [
              -95.571721836354925, 
              42.757006304746767
            ], 
            [
              -95.571721836354925, 
              42.756989821230285
            ], 
            [
              -95.571680678304304, 
              42.756989821230285
            ], 
            [
              -95.571680678304304, 
              42.757035758957414
            ]
          ]
        ], 
        "type": "Polygon"
      }, 
      "properties": {
        "Seat Count": "", 
        "Number": "157", 
        "NCES_Type": "Laundry", 
        "Workstations": "", 
        "Element": "Room", 
        "RevitId": 5702659, 
        "occupancyStatus": "Occupied", 
        "Building": "Connected Core", 
        "Area_SF": 196.19999999999999, 
        "Name": "LAUNDRY", 
        "NCES_Occupancy Status": "", 
        "NCES_Department": "CCUSO", 
        "Level": "LEVEL 2", 
        "Revit_UniqueId": "7b110d46-b9ca-4cf5-900e-4d5b9f499b2a-00570403"
      }, 
      "type": "Feature"
    }, 
    {
      "geometry": {
        "coordinates": [
          [
            [
              -95.571644197304892, 
              42.757035758957414
            ], 
            [
              -95.571680678304304, 
              42.757035758957414
            ], 
            [
              -95.571680678304304, 
              42.756989821230285
            ], 
            [
              -95.571644197304892, 
              42.756989821230285
            ], 
            [
              -95.571644197304892, 
              42.757035758957414
            ]
          ]
        ], 
        "type": "Polygon"
      }, 
      "properties": {
        "Seat Count": "", 
        "Number": "158", 
        "NCES_Type": "Patient Room", 
        "Workstations": "", 
        "Element": "Room", 
        "RevitId": 5702662, 
        "occupancyStatus": "Occupied", 
        "Building": "Connected Core", 
        "Area_SF": 135.99000000000001, 
        "Name": "PATIENT\r\nROOM", 
        "NCES_Occupancy Status": "", 
        "NCES_Department": "CCUSO", 
        "Level": "LEVEL 2", 
        "Revit_UniqueId": "7b110d46-b9ca-4cf5-900e-4d5b9f499b2a-00570406"
      }, 
      "type": "Feature"
    }, 
    {
      "geometry": {
        "coordinates": [
          [
            [
              -95.571606245747375, 
              42.757035758957414
            ], 
            [
              -95.571644197304892, 
              42.757035758957414
            ], 
            [
              -95.571644197304892, 
              42.756989821230285
            ], 
            [
              -95.571608116567859, 
              42.756989821230285
            ], 
            [
              -95.571608116567859, 
              42.757008973243131
            ], 
            [
              -95.571606245747375, 
              42.757008973243131
            ], 
            [
              -95.571606245747375, 
              42.757035758957414
            ]
          ]
        ], 
        "type": "Polygon"
      }, 
      "properties": {
        "Seat Count": "", 
        "Number": "159", 
        "NCES_Type": "Patient Room", 
        "Workstations": "", 
        "Element": "Room", 
        "RevitId": 5702665, 
        "occupancyStatus": "Occupied", 
        "Building": "Connected Core", 
        "Area_SF": 133.16000000000000, 
        "Name": "PATIENT\r\nROOM", 
        "NCES_Occupancy Status": "", 
        "NCES_Department": "CCUSO", 
        "Level": "LEVEL 2", 
        "Revit_UniqueId": "7b110d46-b9ca-4cf5-900e-4d5b9f499b2a-00570409"
      }, 
      "type": "Feature"
    }, 
    {
      "geometry": {
        "coordinates": [
          [
            [
              -95.571491839444349, 
              42.757035758957414
            ], 
            [
              -95.571543220123573, 
              42.757035758957414
            ], 
            [
              -95.571543220123573, 
              42.757008973243131
            ], 
            [
              -95.571541349303089, 
              42.757008973243131
            ], 
            [
              -95.571541349303089, 
              42.756989821230285
            ], 
            [
              -95.571491839444349, 
              42.756989821230285
            ], 
            [
              -95.571491839444349, 
              42.757035758957414
            ]
          ]
        ], 
        "type": "Polygon"
      }, 
      "properties": {
        "Seat Count": "", 
        "Number": "160", 
        "NCES_Type": "Medical/Nurse Triage Room", 
        "Workstations": "", 
        "Element": "Room", 
        "RevitId": 5702668, 
        "occupancyStatus": "Occupied", 
        "Building": "Connected Core", 
        "Area_SF": 188.13999999999999, 
        "Name": "NURSE STATION", 
        "NCES_Occupancy Status": "", 
        "NCES_Department": "CCUSO", 
        "Level": "LEVEL 2", 
        "Revit_UniqueId": "7b110d46-b9ca-4cf5-900e-4d5b9f499b2a-0057040c"
      }, 
      "type": "Feature"
    }, 
    {
      "geometry": {
        "coordinates": [
          [
            [
              -95.571465941552020, 
              42.757035758957414
            ], 
            [
              -95.571491839444349, 
              42.757035758957414
            ], 
            [
              -95.571491839444349, 
              42.756989821230285
            ], 
            [
              -95.571466253355425, 
              42.756989821230285
            ], 
            [
              -95.571466253355425, 
              42.756998749801717
            ], 
            [
              -95.571465941552020, 
              42.756998749801717
            ], 
            [
              -95.571465941552020, 
              42.757035758957414
            ]
          ]
        ], 
        "type": "Polygon"
      }, 
      "properties": {
        "Seat Count": "", 
        "Number": "161", 
        "NCES_Type": "Medical/Nurse Triage Room", 
        "Workstations": "", 
        "Element": "Room", 
        "RevitId": 5702671, 
        "occupancyStatus": "Occupied", 
        "Building": "Connected Core", 
        "Area_SF": 95.719999999999999, 
        "Name": "MED\r\nROOM", 
        "NCES_Occupancy Status": "", 
        "NCES_Department": "CCUSO", 
        "Level": "LEVEL 2", 
        "Revit_UniqueId": "7b110d46-b9ca-4cf5-900e-4d5b9f499b2a-0057040f"
      }, 
      "type": "Feature"
    }, 
    {
      "geometry": {
        "coordinates": [
          [
            [
              -95.571440997278913, 
              42.757035758957414
            ], 
            [
              -95.571465941552020, 
              42.757035758957414
            ], 
            [
              -95.571465941552020, 
              42.756998749801717
            ], 
            [
              -95.571466253355425, 
              42.756998749801717
            ], 
            [
              -95.571466253355425, 
              42.756989821230285
            ], 
            [
              -95.571440997278913, 
              42.756989821230285
            ], 
            [
              -95.571440997278913, 
              42.756996931820851
            ], 
            [
              -95.571440997278913, 
              42.757006547205464
            ], 
            [
              -95.571440997278913, 
              42.757014560025979
            ], 
            [
              -95.571445362526717, 
              42.757014560025979
            ], 
            [
              -95.571445362526717, 
              42.757028661887823
            ], 
            [
              -95.571440997278913, 
              42.757028661887823
            ], 
            [
              -95.571440997278913, 
              42.757030951265108
            ], 
            [
              -95.571440997278913, 
              42.757035758957414
            ]
          ]
        ], 
        "type": "Polygon"
      }, 
      "properties": {
        "Seat Count": "", 
        "Number": "162", 
        "NCES_Type": "", 
        "Workstations": "", 
        "Element": "Room", 
        "RevitId": 5702674, 
        "occupancyStatus": "Occupied", 
        "Building": "Connected Core", 
        "Area_SF": 85.75, 
        "Name": "Room", 
        "NCES_Occupancy Status": "", 
        "NCES_Department": "CCUSO", 
        "Level": "LEVEL 2", 
        "Revit_UniqueId": "7b110d46-b9ca-4cf5-900e-4d5b9f499b2a-00570412"
      }, 
      "type": "Feature"
    }, 
    {
      "geometry": {
        "coordinates": [
          [
            [
              -95.571387678895164, 
              42.757004028890449
            ], 
            [
              -95.571365852656200, 
              42.757004028890449
            ], 
            [
              -95.571365852656200, 
              42.757014102150521
            ], 
            [
              -95.571376453972263, 
              42.757014102150521
            ], 
            [
              -95.571385808074680, 
              42.757014102150521
            ], 
            [
              -95.571387678895164, 
              42.757014102150521
            ], 
            [
              -95.571387678895164, 
              42.757004028890449
            ]
          ]
        ], 
        "type": "Polygon"
      }, 
      "properties": {
        "Seat Count": "", 
        "Number": "163", 
        "NCES_Type": "", 
        "Workstations": "", 
        "Element": "Room", 
        "RevitId": 5702677, 
        "occupancyStatus": "Occupied", 
        "Building": "Connected Core", 
        "Area_SF": 16.440000000000001, 
        "Name": "Room", 
        "NCES_Occupancy Status": "", 
        "NCES_Department": "CCUSO", 
        "Level": "LEVEL 2", 
        "Revit_UniqueId": "7b110d46-b9ca-4cf5-900e-4d5b9f499b2a-00570415"
      }, 
      "type": "Feature"
    }, 
    {
      "geometry": {
        "coordinates": [
          [
            [
              -95.571394538570274, 
              42.756989821230285
            ], 
            [
              -95.571360551998168, 
              42.756989821230285
            ], 
            [
              -95.571360551998168, 
              42.757004028890449
            ], 
            [
              -95.571365852656200, 
              42.757004028890449
            ], 
            [
              -95.571387678895164, 
              42.757004028890449
            ], 
            [
              -95.571392667749791, 
              42.757004028890449
            ], 
            [
              -95.571394538570274, 
              42.757004028890449
            ], 
            [
              -95.571394538570274, 
              42.756989821230285
            ]
          ]
        ], 
        "type": "Polygon"
      }, 
      "properties": {
        "Seat Count": "", 
        "Number": "164", 
        "NCES_Type": "", 
        "Workstations": "", 
        "Element": "Room", 
        "RevitId": 5702683, 
        "occupancyStatus": "Occupied", 
        "Building": "Connected Core", 
        "Area_SF": 35.090000000000003, 
        "Name": "Room", 
        "NCES_Occupancy Status": "", 
        "NCES_Department": "CCUSO", 
        "Level": "LEVEL 2", 
        "Revit_UniqueId": "7b110d46-b9ca-4cf5-900e-4d5b9f499b2a-0057041b"
      }, 
      "type": "Feature"
    }, 
    {
      "geometry": {
        "coordinates": [
          [
            [
              -95.571307665507803, 
              42.756952275710603
            ], 
            [
              -95.571350070772070, 
              42.756952275710603
            ], 
            [
              -95.571350070772070, 
              42.756907255303958
            ], 
            [
              -95.571307665507803, 
              42.756907255303958
            ], 
            [
              -95.571307665507803, 
              42.756952275710603
            ]
          ]
        ], 
        "type": "Polygon"
      }, 
      "properties": {
        "Seat Count": "", 
        "Number": "165", 
        "NCES_Type": "Patient Room", 
        "Workstations": "", 
        "Element": "Room", 
        "RevitId": 5702686, 
        "occupancyStatus": "Occupied", 
        "Building": "Connected Core", 
        "Area_SF": 143.93000000000001, 
        "Name": "PATIENT\r\nROOM", 
        "NCES_Occupancy Status": "", 
        "NCES_Department": "CCUSO", 
        "Level": "LEVEL 2", 
        "Revit_UniqueId": "7b110d46-b9ca-4cf5-900e-4d5b9f499b2a-0057041e"
      }, 
      "type": "Feature"
    }, 
    {
      "geometry": {
        "coordinates": [
          [
            [
              -95.571350070772070, 
              42.756952275710603
            ], 
            [
              -95.571389981609030, 
              42.756952275710603
            ], 
            [
              -95.571389981609030, 
              42.756907255303958
            ], 
            [
              -95.571350070772070, 
              42.756907255303958
            ], 
            [
              -95.571350070772070, 
              42.756952275710603
            ]
          ]
        ], 
        "type": "Polygon"
      }, 
      "properties": {
        "Seat Count": "", 
        "Number": "166", 
        "NCES_Type": "Patient Room", 
        "Workstations": "", 
        "Element": "Room", 
        "RevitId": 5702689, 
        "occupancyStatus": "Occupied", 
        "Building": "Connected Core", 
        "Area_SF": 141.5, 
        "Name": "PATIENT\r\nROOM", 
        "NCES_Occupancy Status": "", 
        "NCES_Department": "CCUSO", 
        "Level": "LEVEL 2", 
        "Revit_UniqueId": "7b110d46-b9ca-4cf5-900e-4d5b9f499b2a-00570421"
      }, 
      "type": "Feature"
    }, 
    {
      "geometry": {
        "coordinates": [
          [
            [
              -95.571389981609030, 
              42.756952275710603
            ], 
            [
              -95.571430368005934, 
              42.756952275710603
            ], 
            [
              -95.571430368005934, 
              42.756924024434660
            ], 
            [
              -95.571430368005934, 
              42.756921262803253
            ], 
            [
              -95.571432238826418, 
              42.756921262803253
            ], 
            [
              -95.571432238826418, 
              42.756907255303958
            ], 
            [
              -95.571389981609030, 
              42.756907255303958
            ], 
            [
              -95.571389981609030, 
              42.756952275710603
            ]
          ]
        ], 
        "type": "Polygon"
      }, 
      "properties": {
        "Seat Count": "", 
        "Number": "167", 
        "NCES_Type": "Patient Room", 
        "Workstations": "", 
        "Element": "Room", 
        "RevitId": 5702692, 
        "occupancyStatus": "Occupied", 
        "Building": "Connected Core", 
        "Area_SF": 143.36000000000001, 
        "Name": "PATIENT\r\nROOM", 
        "NCES_Occupancy Status": "", 
        "NCES_Department": "CCUSO", 
        "Level": "LEVEL 2", 
        "Revit_UniqueId": "7b110d46-b9ca-4cf5-900e-4d5b9f499b2a-00570424"
      }, 
      "type": "Feature"
    }, 
    {
      "geometry": {
        "coordinates": [
          [
            [
              -95.571430368005934, 
              42.756952275710603
            ], 
            [
              -95.571467624053085, 
              42.756952275710603
            ], 
            [
              -95.571467624053085, 
              42.756921262803253
            ], 
            [
              -95.571430368005934, 
              42.756921262803253
            ], 
            [
              -95.571430368005934, 
              42.756952275710603
            ]
          ]
        ], 
        "type": "Polygon"
      }, 
      "properties": {
        "Seat Count": "", 
        "Number": "168", 
        "NCES_Type": "Patient Room", 
        "Workstations": "", 
        "Element": "Room", 
        "RevitId": 5702695, 
        "occupancyStatus": "Occupied", 
        "Building": "Connected Core", 
        "Area_SF": 85.439999999999998, 
        "Name": "PATIENT\r\nROOM", 
        "NCES_Occupancy Status": "", 
        "NCES_Department": "CCUSO", 
        "Level": "LEVEL 2", 
        "Revit_UniqueId": "7b110d46-b9ca-4cf5-900e-4d5b9f499b2a-00570427"
      }, 
      "type": "Feature"
    }, 
    {
      "geometry": {
        "coordinates": [
          [
            [
              -95.571467624053085, 
              42.756952275710603
            ], 
            [
              -95.571503884768759, 
              42.756952275710603
            ], 
            [
              -95.571503884768759, 
              42.756921262803253
            ], 
            [
              -95.571467624053085, 
              42.756921262803253
            ], 
            [
              -95.571467624053085, 
              42.756952275710603
            ]
          ]
        ], 
        "type": "Polygon"
      }, 
      "properties": {
        "Seat Count": "", 
        "Number": "169", 
        "NCES_Type": "", 
        "Workstations": "", 
        "Element": "Room", 
        "RevitId": 5702698, 
        "occupancyStatus": "Occupied", 
        "Building": "Connected Core", 
        "Area_SF": 82.900000000000006, 
        "Name": "Room", 
        "NCES_Occupancy Status": "", 
        "NCES_Department": "CCUSO", 
        "Level": "LEVEL 2", 
        "Revit_UniqueId": "7b110d46-b9ca-4cf5-900e-4d5b9f499b2a-0057042a"
      }, 
      "type": "Feature"
    }, 
    {
      "geometry": {
        "coordinates": [
          [
            [
              -95.571503884768759, 
              42.756952275710603
            ], 
            [
              -95.571540989374995, 
              42.756952275710603
            ], 
            [
              -95.571540989374995, 
              42.756921262803253
            ], 
            [
              -95.571503884768759, 
              42.756921262803253
            ], 
            [
              -95.571503884768759, 
              42.756952275710603
            ]
          ]
        ], 
        "type": "Polygon"
      }, 
      "properties": {
        "Seat Count": "", 
        "Number": "170", 
        "NCES_Type": "", 
        "Workstations": "", 
        "Element": "Room", 
        "RevitId": 5702701, 
        "occupancyStatus": "Occupied", 
        "Building": "Connected Core", 
        "Area_SF": 82.670000000000002, 
        "Name": "Room", 
        "NCES_Occupancy Status": "", 
        "NCES_Department": "CCUSO", 
        "Level": "LEVEL 2", 
        "Revit_UniqueId": "7b110d46-b9ca-4cf5-900e-4d5b9f499b2a-0057042d"
      }, 
      "type": "Feature"
    }, 
    {
      "geometry": {
        "coordinates": [
          [
            [
              -95.571605304320698, 
              42.756952275710603
            ], 
            [
              -95.571643967943999, 
              42.756952275710603
            ], 
            [
              -95.571643967943999, 
              42.756920563508864
            ], 
            [
              -95.571605304320698, 
              42.756920563508864
            ], 
            [
              -95.571605304320698, 
              42.756952275710603
            ]
          ]
        ], 
        "type": "Polygon"
      }, 
      "properties": {
        "Seat Count": "", 
        "Number": "171", 
        "NCES_Type": "Mechanical Room", 
        "Workstations": "", 
        "Element": "Room", 
        "RevitId": 5702704, 
        "occupancyStatus": "Occupied", 
        "Building": "Connected Core", 
        "Area_SF": 91.400000000000006, 
        "Name": "AHU ROOM", 
        "NCES_Occupancy Status": "", 
        "NCES_Department": "CCUSO", 
        "Level": "LEVEL 2", 
        "Revit_UniqueId": "7b110d46-b9ca-4cf5-900e-4d5b9f499b2a-00570430"
      }, 
      "type": "Feature"
    }, 
    {
      "geometry": {
        "coordinates": [
          [
            [
              -95.571643967943999, 
              42.756952275710603
            ], 
            [
              -95.571680343397333, 
              42.756952275710603
            ], 
            [
              -95.571680343397333, 
              42.756920563508864
            ], 
            [
              -95.571643967943999, 
              42.756920563508864
            ], 
            [
              -95.571643967943999, 
              42.756952275710603
            ]
          ]
        ], 
        "type": "Polygon"
      }, 
      "properties": {
        "Seat Count": "", 
        "Number": "172", 
        "NCES_Type": "Patient Room", 
        "Workstations": "", 
        "Element": "Room", 
        "RevitId": 5702707, 
        "occupancyStatus": "Occupied", 
        "Building": "Connected Core", 
        "Area_SF": 85.409999999999997, 
        "Name": "PATIENT\r\nROOM", 
        "NCES_Occupancy Status": "", 
        "NCES_Department": "CCUSO", 
        "Level": "LEVEL 2", 
        "Revit_UniqueId": "7b110d46-b9ca-4cf5-900e-4d5b9f499b2a-00570433"
      }, 
      "type": "Feature"
    }, 
    {
      "geometry": {
        "coordinates": [
          [
            [
              -95.571680343397333, 
              42.756952275710603
            ], 
            [
              -95.571717136200164, 
              42.756952275710603
            ], 
            [
              -95.571717136200164, 
              42.756920563508864
            ], 
            [
              -95.571680343397333, 
              42.756920563508864
            ], 
            [
              -95.571680343397333, 
              42.756952275710603
            ]
          ]
        ], 
        "type": "Polygon"
      }, 
      "properties": {
        "Seat Count": "", 
        "Number": "173", 
        "NCES_Type": "Patient Room", 
        "Workstations": "", 
        "Element": "Room", 
        "RevitId": 5702710, 
        "occupancyStatus": "Occupied", 
        "Building": "Connected Core", 
        "Area_SF": 86.510000000000005, 
        "Name": "PATIENT\r\nROOM", 
        "NCES_Occupancy Status": "", 
        "NCES_Department": "CCUSO", 
        "Level": "LEVEL 2", 
        "Revit_UniqueId": "7b110d46-b9ca-4cf5-900e-4d5b9f499b2a-00570436"
      }, 
      "type": "Feature"
    }, 
    {
      "geometry": {
        "coordinates": [
          [
            [
              -95.571757630198775, 
              42.756906148996016
            ], 
            [
              -95.571715265379680, 
              42.756906148996016
            ], 
            [
              -95.571715265379680, 
              42.756920563508864
            ], 
            [
              -95.571717136200164, 
              42.756920563508864
            ], 
            [
              -95.571717136200164, 
              42.756923325140271
            ], 
            [
              -95.571717136200164, 
              42.756952275710603
            ], 
            [
              -95.571757630198775, 
              42.756952275710603
            ], 
            [
              -95.571757630198775, 
              42.756906148996016
            ]
          ]
        ], 
        "type": "Polygon"
      }, 
      "properties": {
        "Seat Count": "", 
        "Number": "174", 
        "NCES_Type": "Patient Room", 
        "Workstations": "", 
        "Element": "Room", 
        "RevitId": 5702713, 
        "occupancyStatus": "Occupied", 
        "Building": "Connected Core", 
        "Area_SF": 147.72999999999999, 
        "Name": "PATIENT\r\nROOM", 
        "NCES_Occupancy Status": "", 
        "NCES_Department": "CCUSO", 
        "Level": "LEVEL 2", 
        "Revit_UniqueId": "7b110d46-b9ca-4cf5-900e-4d5b9f499b2a-00570439"
      }, 
      "type": "Feature"
    }, 
    {
      "geometry": {
        "coordinates": [
          [
            [
              -95.571797229232317, 
              42.756906148996016
            ], 
            [
              -95.571757630198775, 
              42.756906148996016
            ], 
            [
              -95.571757630198775, 
              42.756952275710603
            ], 
            [
              -95.571797229232317, 
              42.756952275710603
            ], 
            [
              -95.571797229232317, 
              42.756906148996016
            ]
          ]
        ], 
        "type": "Polygon"
      }, 
      "properties": {
        "Seat Count": "", 
        "Number": "175", 
        "NCES_Type": "Patient Room", 
        "Workstations": "", 
        "Element": "Room", 
        "RevitId": 5702716, 
        "occupancyStatus": "Occupied", 
        "Building": "Connected Core", 
        "Area_SF": 146.63999999999999, 
        "Name": "PATIENT\r\nROOM", 
        "NCES_Occupancy Status": "", 
        "NCES_Department": "CCUSO", 
        "Level": "LEVEL 2", 
        "Revit_UniqueId": "7b110d46-b9ca-4cf5-900e-4d5b9f499b2a-0057043c"
      }, 
      "type": "Feature"
    }, 
    {
      "geometry": {
        "coordinates": [
          [
            [
              -95.572333916996058, 
              42.756952972832984
            ], 
            [
              -95.572333916996058, 
              42.756990750502169
            ], 
            [
              -95.572355763190913, 
              42.756990750502169
            ], 
            [
              -95.572373224182087, 
              42.756990750502169
            ], 
            [
              -95.572386008122052, 
              42.756990750502169
            ], 
            [
              -95.572398480258599, 
              42.756990750502169
            ], 
            [
              -95.572431978119312, 
              42.756990750502169
            ], 
            [
              -95.572486863220760, 
              42.756990750502169
            ], 
            [
              -95.572495844368518, 
              42.756990750502169
            ], 
            [
              -95.572504886667517, 
              42.756990750502169
            ], 
            [
              -95.572532325367916, 
              42.756990750502169
            ], 
            [
              -95.572559452264912, 
              42.756990750502169
            ], 
            [
              -95.572569429974152, 
              42.756990750502169
            ], 
            [
              -95.572569429974152, 
              42.756989196307295
            ], 
            [
              -95.572614033775153, 
              42.756989196307295
            ], 
            [
              -95.572634293513772, 
              42.756989196307295
            ], 
            [
              -95.572636171817535, 
              42.756989196307295
            ], 
            [
              -95.572636171817535, 
              42.756990127240392
            ], 
            [
              -95.572679590442903, 
              42.756990127240392
            ], 
            [
              -95.572701650534427, 
              42.756990127240392
            ], 
            [
              -95.572712959569742, 
              42.756990127240392
            ], 
            [
              -95.572735409415543, 
              42.756990127240392
            ], 
            [
              -95.572767884847792, 
              42.756990127240392
            ], 
            [
              -95.572795011744788, 
              42.756990127240392
            ], 
            [
              -95.572803430436963, 
              42.756990127240392
            ], 
            [
              -95.572832917777646, 
              42.756990127240392
            ], 
            [
              -95.572861410767175, 
              42.756990127240392
            ], 
            [
              -95.572867289846130, 
              42.756990127240392
            ], 
            [
              -95.572871388476415, 
              42.756991025779506
            ], 
            [
              -95.572871652187786, 
              42.756951071114287
            ], 
            [
              -95.572871652187786, 
              42.756952286019796
            ], 
            [
              -95.572862298085369, 
              42.756952286019796
            ], 
            [
              -95.572827999709858, 
              42.756952286019796
            ], 
            [
              -95.572796450044322, 
              42.756952286019796
            ], 
            [
              -95.572788654958984, 
              42.756952286019796
            ], 
            [
              -95.572780548070227, 
              42.756952286019796
            ], 
            [
              -95.572747615954853, 
              42.756952286019796
            ], 
            [
              -95.572717994630537, 
              42.756952286019796
            ], 
            [
              -95.572710199545199, 
              42.756952286019796
            ], 
            [
              -95.572702092656442, 
              42.756952286019796
            ], 
            [
              -95.572673039654944, 
              42.756952286019796
            ], 
            [
              -95.572645607187667, 
              42.756952286019796
            ], 
            [
              -95.572636876692073, 
              42.756952286019796
            ], 
            [
              -95.572636876692073, 
              42.756954346459359
            ], 
            [
              -95.572570511918670, 
              42.756954346459359
            ], 
            [
              -95.572570511918670, 
              42.756952286019796
            ], 
            [
              -95.572561781423090, 
              42.756952286019796
            ], 
            [
              -95.572532471902193, 
              42.756952286019796
            ], 
            [
              -95.572503399312566, 
              42.756952286019796
            ], 
            [
              -95.572494838871023, 
              42.756952286019796
            ], 
            [
              -95.572487355589104, 
              42.756952286019796
            ], 
            [
              -95.572458161046995, 
              42.756952286019796
            ], 
            [
              -95.572426060260966, 
              42.756952286019796
            ], 
            [
              -95.572418265175614, 
              42.756952286019796
            ], 
            [
              -95.572410158286857, 
              42.756952286019796
            ], 
            [
              -95.572377257670567, 
              42.756952286019796
            ], 
            [
              -95.572360980024627, 
              42.756952286019796
            ], 
            [
              -95.572360980024627, 
              42.756952972832984
            ], 
            [
              -95.572342959295057, 
              42.756952972832984
            ], 
            [
              -95.572333916996058, 
              42.756952972832984
            ]
          ]
        ], 
        "type": "Polygon"
      }, 
      "properties": {
        "Seat Count": "", 
        "Number": "201", 
        "NCES_Type": "Corridor/Hallway", 
        "Workstations": "", 
        "Element": "Room", 
        "RevitId": 5726963, 
        "occupancyStatus": "Occupied", 
        "Building": "Connected Core", 
        "Area_SF": 1863.6700000000001, 
        "Name": "CORRIDOR", 
        "NCES_Occupancy Status": "", 
        "NCES_Department": "General", 
        "Level": "LEVEL 2", 
        "Revit_UniqueId": "eb404dfa-e280-4078-b5d5-c2f8c920171d-005762f3"
      }, 
      "type": "Feature"
    }, 
    {
      "geometry": {
        "coordinates": [
          [
            [
              -95.572636876692073, 
              42.756919906145548
            ], 
            [
              -95.572636876692073, 
              42.756947936202948
            ], 
            [
              -95.572645607187667, 
              42.756947936202948
            ], 
            [
              -95.572645607187667, 
              42.756952286019796
            ], 
            [
              -95.572673039654944, 
              42.756952286019796
            ], 
            [
              -95.572673039654944, 
              42.756919906145548
            ], 
            [
              -95.572636876692073, 
              42.756919906145548
            ]
          ]
        ], 
        "type": "Polygon"
      }, 
      "properties": {
        "Seat Count": "", 
        "Number": "008", 
        "NCES_Type": "Patient Room", 
        "Workstations": "", 
        "Element": "Room", 
        "RevitId": 5726966, 
        "occupancyStatus": "Occupied", 
        "Building": "Connected Core", 
        "Area_SF": 84.569999999999993, 
        "Name": "DORM", 
        "NCES_Occupancy Status": "", 
        "NCES_Department": "MHI", 
        "Level": "LEVEL 2", 
        "Revit_UniqueId": "eb404dfa-e280-4078-b5d5-c2f8c920171d-005762f6"
      }, 
      "type": "Feature"
    }, 
    {
      "geometry": {
        "coordinates": [
          [
            [
              -95.572673039654944, 
              42.756952286019796
            ], 
            [
              -95.572702092656442, 
              42.756952286019796
            ], 
            [
              -95.572702092656442, 
              42.756947936202948
            ], 
            [
              -95.572710199545199, 
              42.756947936202948
            ], 
            [
              -95.572710199545199, 
              42.756919906145548
            ], 
            [
              -95.572673039654944, 
              42.756919906145548
            ], 
            [
              -95.572673039654944, 
              42.756952286019796
            ]
          ]
        ], 
        "type": "Polygon"
      }, 
      "properties": {
        "Seat Count": "", 
        "Number": "009", 
        "NCES_Type": "Patient Room", 
        "Workstations": "", 
        "Element": "Room", 
        "RevitId": 5726969, 
        "occupancyStatus": "Occupied", 
        "Building": "Connected Core", 
        "Area_SF": 89.790000000000006, 
        "Name": "DORM", 
        "NCES_Occupancy Status": "", 
        "NCES_Department": "MHI", 
        "Level": "LEVEL 2", 
        "Revit_UniqueId": "eb404dfa-e280-4078-b5d5-c2f8c920171d-005762f9"
      }, 
      "type": "Feature"
    }, 
    {
      "geometry": {
        "coordinates": [
          [
            [
              -95.572717994630537, 
              42.756952286019796
            ], 
            [
              -95.572747615954853, 
              42.756952286019796
            ], 
            [
              -95.572747615954853, 
              42.756919906145548
            ], 
            [
              -95.572745745134370, 
              42.756919906145548
            ], 
            [
              -95.572710199545199, 
              42.756919906145548
            ], 
            [
              -95.572710199545199, 
              42.756947936202948
            ], 
            [
              -95.572717994630537, 
              42.756947936202948
            ], 
            [
              -95.572717994630537, 
              42.756952286019796
            ]
          ]
        ], 
        "type": "Polygon"
      }, 
      "properties": {
        "Seat Count": "", 
        "Number": "010", 
        "NCES_Type": "Patient Room", 
        "Workstations": "", 
        "Element": "Room", 
        "RevitId": 5726972, 
        "occupancyStatus": "Occupied", 
        "Building": "Connected Core", 
        "Area_SF": 90.590000000000003, 
        "Name": "DORM", 
        "NCES_Occupancy Status": "", 
        "NCES_Department": "MHI", 
        "Level": "LEVEL 2", 
        "Revit_UniqueId": "eb404dfa-e280-4078-b5d5-c2f8c920171d-005762fc"
      }, 
      "type": "Feature"
    }, 
    {
      "geometry": {
        "coordinates": [
          [
            [
              -95.572788654958984, 
              42.756907314570462
            ], 
            [
              -95.572745745134370, 
              42.756907314570462
            ], 
            [
              -95.572745745134370, 
              42.756919906145548
            ], 
            [
              -95.572747615954853, 
              42.756919906145548
            ], 
            [
              -95.572747615954853, 
              42.756952286019796
            ], 
            [
              -95.572780548070227, 
              42.756952286019796
            ], 
            [
              -95.572780548070227, 
              42.756947707265219
            ], 
            [
              -95.572788654958984, 
              42.756947707265219
            ], 
            [
              -95.572788654958984, 
              42.756907314570462
            ]
          ]
        ], 
        "type": "Polygon"
      }, 
      "properties": {
        "Seat Count": "", 
        "Number": "011", 
        "NCES_Type": "Patient Room", 
        "Workstations": "", 
        "Element": "Room", 
        "RevitId": 5726975, 
        "occupancyStatus": "Occupied", 
        "Building": "Connected Core", 
        "Area_SF": 145.99000000000001, 
        "Name": "DORM", 
        "NCES_Occupancy Status": "", 
        "NCES_Department": "MHI", 
        "Level": "LEVEL 2", 
        "Revit_UniqueId": "eb404dfa-e280-4078-b5d5-c2f8c920171d-005762ff"
      }, 
      "type": "Feature"
    }, 
    {
      "geometry": {
        "coordinates": [
          [
            [
              -95.572827999709858, 
              42.756907314570462
            ], 
            [
              -95.572788654958984, 
              42.756907314570462
            ], 
            [
              -95.572788654958984, 
              42.756947707265219
            ], 
            [
              -95.572796450044322, 
              42.756947707265219
            ], 
            [
              -95.572796450044322, 
              42.756952286019796
            ], 
            [
              -95.572827999709858, 
              42.756952286019796
            ], 
            [
              -95.572827999709858, 
              42.756907314570462
            ]
          ]
        ], 
        "type": "Polygon"
      }, 
      "properties": {
        "Seat Count": "", 
        "Number": "012", 
        "NCES_Type": "Patient Room", 
        "Workstations": "", 
        "Element": "Room", 
        "RevitId": 5726978, 
        "occupancyStatus": "Occupied", 
        "Building": "Connected Core", 
        "Area_SF": 139.34999999999999, 
        "Name": "DORM", 
        "NCES_Occupancy Status": "", 
        "NCES_Department": "MHI", 
        "Level": "LEVEL 2", 
        "Revit_UniqueId": "eb404dfa-e280-4078-b5d5-c2f8c920171d-00576302"
      }, 
      "type": "Feature"
    }, 
    {
      "geometry": {
        "coordinates": [
          [
            [
              -95.572871652187786, 
              42.756947707265219
            ], 
            [
              -95.572871652187786, 
              42.756907314570462
            ], 
            [
              -95.572827999709858, 
              42.756907314570462
            ], 
            [
              -95.572827999709858, 
              42.756952286019796
            ], 
            [
              -95.572862298085369, 
              42.756952286019796
            ], 
            [
              -95.572862298085369, 
              42.756947707265219
            ], 
            [
              -95.572871652187786, 
              42.756947707265219
            ]
          ]
        ], 
        "type": "Polygon"
      }, 
      "properties": {
        "Seat Count": "", 
        "Number": "013", 
        "NCES_Type": "Patient Room", 
        "Workstations": "", 
        "Element": "Room", 
        "RevitId": 5726981, 
        "occupancyStatus": "Occupied", 
        "Building": "Connected Core", 
        "Area_SF": 152.56000000000000, 
        "Name": "DORM", 
        "NCES_Occupancy Status": "", 
        "NCES_Department": "MHI", 
        "Level": "LEVEL 2", 
        "Revit_UniqueId": "eb404dfa-e280-4078-b5d5-c2f8c920171d-00576305"
      }, 
      "type": "Feature"
    }, 
    {
      "geometry": {
        "coordinates": [
          [
            [
              -95.572832917777646, 
              42.757035758957414
            ], 
            [
              -95.572832917777646, 
              42.757004028890449
            ], 
            [
              -95.572803430436963, 
              42.757004028890449
            ], 
            [
              -95.572803430436963, 
              42.757014788963708
            ], 
            [
              -95.572803430436963, 
              42.757023854291113
            ], 
            [
              -95.572803430436963, 
              42.757035758957414
            ], 
            [
              -95.572832917777646, 
              42.757035758957414
            ]
          ]
        ], 
        "type": "Polygon"
      }, 
      "properties": {
        "Seat Count": "", 
        "Number": "014A", 
        "NCES_Type": "Restroom - Bath/Shower", 
        "Workstations": "", 
        "Element": "Room", 
        "RevitId": 5726984, 
        "occupancyStatus": "Occupied", 
        "Building": "Connected Core", 
        "Area_SF": 67.569999999999993, 
        "Name": "RR", 
        "NCES_Occupancy Status": "", 
        "NCES_Department": "MHI", 
        "Level": "LEVEL 2", 
        "Revit_UniqueId": "eb404dfa-e280-4078-b5d5-c2f8c920171d-00576308"
      }, 
      "type": "Feature"
    }, 
    {
      "geometry": {
        "coordinates": [
          [
            [
              -95.572832917777646, 
              42.757004028890449
            ], 
            [
              -95.572832917777646, 
              42.756990127240392
            ], 
            [
              -95.572803430436963, 
              42.756990127240392
            ], 
            [
              -95.572795011744788, 
              42.756990127240392
            ], 
            [
              -95.572767884847792, 
              42.756990127240392
            ], 
            [
              -95.572767884847792, 
              42.757004028890449
            ], 
            [
              -95.572795011744788, 
              42.757004028890449
            ], 
            [
              -95.572803430436963, 
              42.757004028890449
            ], 
            [
              -95.572832917777646, 
              42.757004028890449
            ]
          ]
        ], 
        "type": "Polygon"
      }, 
      "properties": {
        "Seat Count": "", 
        "Number": "014", 
        "NCES_Type": "Corridor/Hallway", 
        "Workstations": "", 
        "Element": "Room", 
        "RevitId": 5726987, 
        "occupancyStatus": "Occupied", 
        "Building": "Connected Core", 
        "Area_SF": 64.099999999999994, 
        "Name": "HALL", 
        "NCES_Occupancy Status": "", 
        "NCES_Department": "MHI", 
        "Level": "LEVEL 2", 
        "Revit_UniqueId": "eb404dfa-e280-4078-b5d5-c2f8c920171d-0057630b"
      }, 
      "type": "Feature"
    }, 
    {
      "geometry": {
        "coordinates": [
          [
            [
              -95.572767884847792, 
              42.757035758957414
            ], 
            [
              -95.572795011744788, 
              42.757035758957414
            ], 
            [
              -95.572795011744788, 
              42.757023854291113
            ], 
            [
              -95.572795011744788, 
              42.757014788963708
            ], 
            [
              -95.572795011744788, 
              42.757004028890449
            ], 
            [
              -95.572767884847792, 
              42.757004028890449
            ], 
            [
              -95.572767884847792, 
              42.757035758957414
            ]
          ]
        ], 
        "type": "Polygon"
      }, 
      "properties": {
        "Seat Count": "", 
        "Number": "014C", 
        "NCES_Type": "Restroom - Bath/Shower", 
        "Workstations": "", 
        "Element": "Room", 
        "RevitId": 5726990, 
        "occupancyStatus": "Occupied", 
        "Building": "Connected Core", 
        "Area_SF": 66.209999999999994, 
        "Name": "RR", 
        "NCES_Occupancy Status": "", 
        "NCES_Department": "MHI", 
        "Level": "LEVEL 2", 
        "Revit_UniqueId": "eb404dfa-e280-4078-b5d5-c2f8c920171d-0057630e"
      }, 
      "type": "Feature"
    }, 
    {
      "geometry": {
        "coordinates": [
          [
            [
              -95.572735409415543, 
              42.757035758957414
            ], 
            [
              -95.572767884847792, 
              42.757035758957414
            ], 
            [
              -95.572767884847792, 
              42.757004028890449
            ], 
            [
              -95.572767884847792, 
              42.756990127240392
            ], 
            [
              -95.572735409415543, 
              42.756990127240392
            ], 
            [
              -95.572735409415543, 
              42.756998763322684
            ], 
            [
              -95.572735409415543, 
              42.757020054531473
            ], 
            [
              -95.572735409415543, 
              42.757035758957414
            ]
          ]
        ], 
        "type": "Polygon"
      }, 
      "properties": {
        "Seat Count": "", 
        "Number": "015", 
        "NCES_Type": "Restroom - Bath/Shower", 
        "Workstations": "", 
        "Element": "Room", 
        "RevitId": 5726993, 
        "occupancyStatus": "Occupied", 
        "Building": "Connected Core", 
        "Area_SF": 118.0, 
        "Name": "RR", 
        "NCES_Occupancy Status": "", 
        "NCES_Department": "MHI", 
        "Level": "LEVEL 2", 
        "Revit_UniqueId": "eb404dfa-e280-4078-b5d5-c2f8c920171d-00576311"
      }, 
      "type": "Feature"
    }, 
    {
      "geometry": {
        "coordinates": [
          [
            [
              -95.572688554791043, 
              42.757035758957414
            ], 
            [
              -95.572735409415543, 
              42.757035758957414
            ], 
            [
              -95.572735409415543, 
              42.757020054531473
            ], 
            [
              -95.572735409415543, 
              42.756998763322684
            ], 
            [
              -95.572735409415543, 
              42.756990127240392
            ], 
            [
              -95.572712959569742, 
              42.756990127240392
            ], 
            [
              -95.572712959569742, 
              42.756998763322684
            ], 
            [
              -95.572701650534427, 
              42.756998763322684
            ], 
            [
              -95.572701650534427, 
              42.757009981271402
            ], 
            [
              -95.572688554791043, 
              42.757009981271402
            ], 
            [
              -95.572688554791043, 
              42.757035758957414
            ]
          ]
        ], 
        "type": "Polygon"
      }, 
      "properties": {
        "Seat Count": "", 
        "Number": "016", 
        "NCES_Type": "Patient Room", 
        "Workstations": "", 
        "Element": "Room", 
        "RevitId": 5726996, 
        "occupancyStatus": "Occupied", 
        "Building": "Connected Core", 
        "Area_SF": 147.12000000000000, 
        "Name": "DORM", 
        "NCES_Occupancy Status": "", 
        "NCES_Department": "MHI", 
        "Level": "LEVEL 2", 
        "Revit_UniqueId": "eb404dfa-e280-4078-b5d5-c2f8c920171d-00576314"
      }, 
      "type": "Feature"
    }, 
    {
      "geometry": {
        "coordinates": [
          [
            [
              -95.572689509784411, 
              42.757009981271402
            ], 
            [
              -95.572701650534427, 
              42.757009981271402
            ], 
            [
              -95.572701650534427, 
              42.756998763322684
            ], 
            [
              -95.572701650534427, 
              42.756990127240392
            ], 
            [
              -95.572679590442903, 
              42.756990127240392
            ], 
            [
              -95.572679590442903, 
              42.757009981271402
            ], 
            [
              -95.572687599797675, 
              42.757009981271402
            ], 
            [
              -95.572689509784411, 
              42.757009981271402
            ]
          ]
        ], 
        "type": "Polygon"
      }, 
      "properties": {
        "Seat Count": "", 
        "Number": "017B", 
        "NCES_Type": "General Storage", 
        "Workstations": "", 
        "Element": "Room", 
        "RevitId": 5726999, 
        "occupancyStatus": "Occupied", 
        "Building": "Connected Core", 
        "Area_SF": 33.600000000000001, 
        "Name": "STOR", 
        "NCES_Occupancy Status": "", 
        "NCES_Department": "MHI", 
        "Level": "LEVEL 2", 
        "Revit_UniqueId": "eb404dfa-e280-4078-b5d5-c2f8c920171d-00576317"
      }, 
      "type": "Feature"
    }, 
    {
      "geometry": {
        "coordinates": [
          [
            [
              -95.572659245270145, 
              42.757035758957414
            ], 
            [
              -95.572688554791043, 
              42.757035758957414
            ], 
            [
              -95.572688554791043, 
              42.757009981271402
            ], 
            [
              -95.572679590442903, 
              42.757009981271402
            ], 
            [
              -95.572679590442903, 
              42.756990127240392
            ], 
            [
              -95.572636171817535, 
              42.756990127240392
            ], 
            [
              -95.572636171817535, 
              42.756990575428169
            ], 
            [
              -95.572636171817535, 
              42.757013644275062
            ], 
            [
              -95.572636171817535, 
              42.757014560025979
            ], 
            [
              -95.572659245270145, 
              42.757014560025979
            ], 
            [
              -95.572659245270145, 
              42.757035758957414
            ]
          ]
        ], 
        "type": "Polygon"
      }, 
      "properties": {
        "Seat Count": "", 
        "Number": "017", 
        "NCES_Type": "Private Office - Enclosed", 
        "Workstations": "", 
        "Element": "Room", 
        "RevitId": 5727002, 
        "occupancyStatus": "Occupied", 
        "Building": "Connected Core", 
        "Area_SF": 137.59000000000000, 
        "Name": "OFFICE", 
        "NCES_Occupancy Status": "", 
        "NCES_Department": "MHI", 
        "Level": "LEVEL 2", 
        "Revit_UniqueId": "eb404dfa-e280-4078-b5d5-c2f8c920171d-0057631a"
      }, 
      "type": "Feature"
    }, 
    {
      "geometry": {
        "coordinates": [
          [
            [
              -95.572636874607099, 
              42.757035758957414
            ], 
            [
              -95.572659245270145, 
              42.757035758957414
            ], 
            [
              -95.572659245270145, 
              42.757014560025979
            ], 
            [
              -95.572636171817535, 
              42.757014560025979
            ], 
            [
              -95.572636171817535, 
              42.757035758957414
            ], 
            [
              -95.572636874607099, 
              42.757035758957414
            ]
          ]
        ], 
        "type": "Polygon"
      }, 
      "properties": {
        "Seat Count": "", 
        "Number": "017A", 
        "NCES_Type": "Medical/Nurse Triage Room", 
        "Workstations": "", 
        "Element": "Room", 
        "RevitId": 5727005, 
        "occupancyStatus": "Occupied", 
        "Building": "Connected Core", 
        "Area_SF": 33.409999999999997, 
        "Name": "MED", 
        "NCES_Occupancy Status": "", 
        "NCES_Department": "MHI", 
        "Level": "LEVEL 2", 
        "Revit_UniqueId": "eb404dfa-e280-4078-b5d5-c2f8c920171d-0057631d"
      }, 
      "type": "Feature"
    }, 
    {
      "geometry": {
        "coordinates": [
          [
            [
              -95.572636171817535, 
              42.757014560025979
            ], 
            [
              -95.572636171817535, 
              42.757013644275062
            ], 
            [
              -95.572614033775153, 
              42.757013644275062
            ], 
            [
              -95.572569429974152, 
              42.757013644275062
            ], 
            [
              -95.572569429974152, 
              42.757033766866250
            ], 
            [
              -95.572569011152410, 
              42.757035758957414
            ], 
            [
              -95.572636874607099, 
              42.757035758957414
            ], 
            [
              -95.572636171817535, 
              42.757035758957414
            ], 
            [
              -95.572636171817535, 
              42.757014560025979
            ]
          ]
        ], 
        "type": "Polygon"
      }, 
      "properties": {
        "Seat Count": "", 
        "Number": "018A", 
        "NCES_Type": "Mechanical Room", 
        "Workstations": "", 
        "Element": "Room", 
        "RevitId": 5727008, 
        "occupancyStatus": "Occupied", 
        "Building": "Connected Core", 
        "Area_SF": 254.88000000000000, 
        "Name": "MECH", 
        "NCES_Occupancy Status": "", 
        "NCES_Department": "MHI", 
        "Level": "LEVEL 2", 
        "Revit_UniqueId": "eb404dfa-e280-4078-b5d5-c2f8c920171d-00576320"
      }, 
      "type": "Feature"
    }, 
    {
      "geometry": {
        "coordinates": [
          [
            [
              -95.572569429974152, 
              42.756989196307295
            ], 
            [
              -95.572569429974152, 
              42.756995558194475
            ], 
            [
              -95.572569429974152, 
              42.757013644275062
            ], 
            [
              -95.572614033775153, 
              42.757013644275062
            ], 
            [
              -95.572614033775153, 
              42.756989196307295
            ], 
            [
              -95.572569429974152, 
              42.756989196307295
            ]
          ]
        ], 
        "type": "Polygon"
      }, 
      "properties": {
        "Seat Count": "", 
        "Number": "019", 
        "NCES_Type": "Kitchenette", 
        "Workstations": "", 
        "Element": "Room", 
        "RevitId": 5727011, 
        "occupancyStatus": "Occupied", 
        "Building": "Connected Core", 
        "Area_SF": 91.730000000000004, 
        "Name": "KITCHENETTE", 
        "NCES_Occupancy Status": "", 
        "NCES_Department": "MHI", 
        "Level": "LEVEL 2", 
        "Revit_UniqueId": "eb404dfa-e280-4078-b5d5-c2f8c920171d-00576323"
      }, 
      "type": "Feature"
    }, 
    {
      "geometry": {
        "coordinates": [
          [
            [
              -95.572636171817535, 
              42.757013644275062
            ], 
            [
              -95.572636171817535, 
              42.756989196307295
            ], 
            [
              -95.572614033775153, 
              42.756989196307295
            ], 
            [
              -95.572614033775153, 
              42.757013644275062
            ], 
            [
              -95.572636171817535, 
              42.757013644275062
            ]
          ]
        ], 
        "type": "Polygon"
      }, 
      "properties": {
        "Seat Count": "", 
        "Number": "018", 
        "NCES_Type": "Vestibule", 
        "Workstations": "", 
        "Element": "Room", 
        "RevitId": 5727014, 
        "occupancyStatus": "Occupied", 
        "Building": "Connected Core", 
        "Area_SF": 41.299999999999997, 
        "Name": "VEST", 
        "NCES_Occupancy Status": "", 
        "NCES_Department": "MHI", 
        "Level": "LEVEL 2", 
        "Revit_UniqueId": "eb404dfa-e280-4078-b5d5-c2f8c920171d-00576326"
      }, 
      "type": "Feature"
    }, 
    {
      "geometry": {
        "coordinates": [
          [
            [
              -95.572532325367916, 
              42.757035758957414
            ], 
            [
              -95.572569011152410, 
              42.757035758957414
            ], 
            [
              -95.572569429974152, 
              42.757033766866250
            ], 
            [
              -95.572569429974152, 
              42.757013644275062
            ], 
            [
              -95.572569429974152, 
              42.756995558194475
            ], 
            [
              -95.572559452264912, 
              42.756995558194475
            ], 
            [
              -95.572559452264912, 
              42.756990750502169
            ], 
            [
              -95.572532325367916, 
              42.756990750502169
            ], 
            [
              -95.572532325367916, 
              42.757035758957414
            ]
          ]
        ], 
        "type": "Polygon"
      }, 
      "properties": {
        "Seat Count": "", 
        "Number": "020", 
        "NCES_Type": "Patient Room", 
        "Workstations": "", 
        "Element": "Room", 
        "RevitId": 5727017, 
        "occupancyStatus": "Occupied", 
        "Building": "Connected Core", 
        "Area_SF": 124.11000000000000, 
        "Name": "DORM", 
        "NCES_Occupancy Status": "", 
        "NCES_Department": "MHI", 
        "Level": "LEVEL 2", 
        "Revit_UniqueId": "eb404dfa-e280-4078-b5d5-c2f8c920171d-00576329"
      }, 
      "type": "Feature"
    }, 
    {
      "geometry": {
        "coordinates": [
          [
            [
              -95.572495844368518, 
              42.757035758957414
            ], 
            [
              -95.572532325367916, 
              42.757035758957414
            ], 
            [
              -95.572532325367916, 
              42.756990750502169
            ], 
            [
              -95.572504886667517, 
              42.756990750502169
            ], 
            [
              -95.572504886667517, 
              42.756995558194475
            ], 
            [
              -95.572495844368518, 
              42.756995558194475
            ], 
            [
              -95.572495844368518, 
              42.757035758957414
            ]
          ]
        ], 
        "type": "Polygon"
      }, 
      "properties": {
        "Seat Count": "", 
        "Number": "021", 
        "NCES_Type": "Patient Room", 
        "Workstations": "", 
        "Element": "Room", 
        "RevitId": 5727020, 
        "occupancyStatus": "Occupied", 
        "Building": "Connected Core", 
        "Area_SF": 125.33000000000000, 
        "Name": "DORM", 
        "NCES_Occupancy Status": "", 
        "NCES_Department": "MHI", 
        "Level": "LEVEL 2", 
        "Revit_UniqueId": "eb404dfa-e280-4078-b5d5-c2f8c920171d-0057632c"
      }, 
      "type": "Feature"
    }, 
    {
      "geometry": {
        "coordinates": [
          [
            [
              -95.572437345944905, 
              42.757035758957414
            ], 
            [
              -95.572495844368518, 
              42.757035758957414
            ], 
            [
              -95.572495844368518, 
              42.756995558194475
            ], 
            [
              -95.572486863220760, 
              42.756995558194475
            ], 
            [
              -95.572486863220760, 
              42.756990750502169
            ], 
            [
              -95.572431978119312, 
              42.756990750502169
            ], 
            [
              -95.572431978119312, 
              42.757007291253082
            ], 
            [
              -95.572437345944905, 
              42.757007291253082
            ], 
            [
              -95.572437345944905, 
              42.757035758957414
            ]
          ]
        ], 
        "type": "Polygon"
      }, 
      "properties": {
        "Seat Count": "", 
        "Number": "022", 
        "NCES_Type": "Patient Room", 
        "Workstations": "", 
        "Element": "Room", 
        "RevitId": 5727023, 
        "occupancyStatus": "Occupied", 
        "Building": "Connected Core", 
        "Area_SF": 222.31999999999999, 
        "Name": "DORM", 
        "NCES_Occupancy Status": "", 
        "NCES_Department": "MHI", 
        "Level": "LEVEL 2", 
        "Revit_UniqueId": "eb404dfa-e280-4078-b5d5-c2f8c920171d-0057632f"
      }, 
      "type": "Feature"
    }, 
    {
      "geometry": {
        "coordinates": [
          [
            [
              -95.572398480258599, 
              42.757035758957414
            ], 
            [
              -95.572437345944905, 
              42.757035758957414
            ], 
            [
              -95.572437345944905, 
              42.757007291253082
            ], 
            [
              -95.572431978119312, 
              42.757007291253082
            ], 
            [
              -95.572431978119312, 
              42.756990750502169
            ], 
            [
              -95.572398480258599, 
              42.756990750502169
            ], 
            [
              -95.572398480258599, 
              42.756993561306331
            ], 
            [
              -95.572398480258599, 
              42.757009045687198
            ], 
            [
              -95.572398480258599, 
              42.757035758957414
            ]
          ]
        ], 
        "type": "Polygon"
      }, 
      "properties": {
        "Seat Count": "", 
        "Number": "023", 
        "NCES_Type": "Laundry", 
        "Workstations": "", 
        "Element": "Room", 
        "RevitId": 5727026, 
        "occupancyStatus": "Occupied", 
        "Building": "Connected Core", 
        "Area_SF": 132.65000000000001, 
        "Name": "LAUND / \r\nKITCHENETTE", 
        "NCES_Occupancy Status": "", 
        "NCES_Department": "MHI", 
        "Level": "LEVEL 2", 
        "Revit_UniqueId": "eb404dfa-e280-4078-b5d5-c2f8c920171d-00576332"
      }, 
      "type": "Feature"
    }, 
    {
      "geometry": {
        "coordinates": [
          [
            [
              -95.572373224182087, 
              42.756993561306331
            ], 
            [
              -95.572373224182087, 
              42.756990750502169
            ], 
            [
              -95.572355763190913, 
              42.756990750502169
            ], 
            [
              -95.572355763190913, 
              42.757009045687198
            ], 
            [
              -95.572386008122052, 
              42.757009045687198
            ], 
            [
              -95.572386008122052, 
              42.756993561306331
            ], 
            [
              -95.572373224182087, 
              42.756993561306331
            ]
          ]
        ], 
        "type": "Polygon"
      }, 
      "properties": {
        "Seat Count": "", 
        "Number": "024", 
        "NCES_Type": "Staff Toilet/Changing", 
        "Workstations": "", 
        "Element": "Room", 
        "RevitId": 5727064, 
        "occupancyStatus": "Occupied", 
        "Building": "Connected Core", 
        "Area_SF": 40.469999999999999, 
        "Name": "STAFF RR", 
        "NCES_Occupancy Status": "", 
        "NCES_Department": "MHI", 
        "Level": "LEVEL 2", 
        "Revit_UniqueId": "eb404dfa-e280-4078-b5d5-c2f8c920171d-00576358"
      }, 
      "type": "Feature"
    }, 
    {
      "geometry": {
        "coordinates": [
          [
            [
              -95.572333916996058, 
              42.756906840438475
            ], 
            [
              -95.572333916996058, 
              42.756949538767053
            ], 
            [
              -95.572342959295057, 
              42.756949538767053
            ], 
            [
              -95.572342959295057, 
              42.756952972832984
            ], 
            [
              -95.572360980024627, 
              42.756952972832984
            ], 
            [
              -95.572360980024627, 
              42.756952286019796
            ], 
            [
              -95.572377257670567, 
              42.756952286019796
            ], 
            [
              -95.572377257670567, 
              42.756906840438475
            ], 
            [
              -95.572333916996058, 
              42.756906840438475
            ]
          ]
        ], 
        "type": "Polygon"
      }, 
      "properties": {
        "Seat Count": "", 
        "Number": "001", 
        "NCES_Type": "Patient Room", 
        "Workstations": "", 
        "Element": "Room", 
        "RevitId": 5727070, 
        "occupancyStatus": "Occupied", 
        "Building": "Connected Core", 
        "Area_SF": 156.75999999999999, 
        "Name": "DORM", 
        "NCES_Occupancy Status": "", 
        "NCES_Department": "MHI", 
        "Level": "LEVEL 2", 
        "Revit_UniqueId": "eb404dfa-e280-4078-b5d5-c2f8c920171d-0057635e"
      }, 
      "type": "Feature"
    }, 
    {
      "geometry": {
        "coordinates": [
          [
            [
              -95.572418265175614, 
              42.756906840438475
            ], 
            [
              -95.572377257670567, 
              42.756906840438475
            ], 
            [
              -95.572377257670567, 
              42.756952286019796
            ], 
            [
              -95.572410158286857, 
              42.756952286019796
            ], 
            [
              -95.572410158286857, 
              42.756947936202948
            ], 
            [
              -95.572418265175614, 
              42.756947936202948
            ], 
            [
              -95.572418265175614, 
              42.756906840438475
            ]
          ]
        ], 
        "type": "Polygon"
      }, 
      "properties": {
        "Seat Count": "", 
        "Number": "002", 
        "NCES_Type": "Patient Room", 
        "Workstations": "", 
        "Element": "Room", 
        "RevitId": 5727073, 
        "occupancyStatus": "Occupied", 
        "Building": "Connected Core", 
        "Area_SF": 147.74000000000001, 
        "Name": "DORM", 
        "NCES_Occupancy Status": "", 
        "NCES_Department": "MHI", 
        "Level": "LEVEL 2", 
        "Revit_UniqueId": "eb404dfa-e280-4078-b5d5-c2f8c920171d-00576361"
      }, 
      "type": "Feature"
    }, 
    {
      "geometry": {
        "coordinates": [
          [
            [
              -95.572460076176384, 
              42.756906840438475
            ], 
            [
              -95.572418265175614, 
              42.756906840438475
            ], 
            [
              -95.572418265175614, 
              42.756947936202948
            ], 
            [
              -95.572426060260966, 
              42.756947936202948
            ], 
            [
              -95.572426060260966, 
              42.756952286019796
            ], 
            [
              -95.572458161046995, 
              42.756952286019796
            ], 
            [
              -95.572458161046995, 
              42.756920463675478
            ], 
            [
              -95.572460076176384, 
              42.756920463675478
            ], 
            [
              -95.572460076176384, 
              42.756906840438475
            ]
          ]
        ], 
        "type": "Polygon"
      }, 
      "properties": {
        "Seat Count": "", 
        "Number": "003", 
        "NCES_Type": "Patient Room", 
        "Workstations": "", 
        "Element": "Room", 
        "RevitId": 5727076, 
        "occupancyStatus": "Occupied", 
        "Building": "Connected Core", 
        "Area_SF": 143.40000000000001, 
        "Name": "DORM", 
        "NCES_Occupancy Status": "", 
        "NCES_Department": "MHI", 
        "Level": "LEVEL 2", 
        "Revit_UniqueId": "eb404dfa-e280-4078-b5d5-c2f8c920171d-00576364"
      }, 
      "type": "Feature"
    }, 
    {
      "geometry": {
        "coordinates": [
          [
            [
              -95.572494838871023, 
              42.756920463675478
            ], 
            [
              -95.572460076176384, 
              42.756920463675478
            ], 
            [
              -95.572458161046995, 
              42.756920463675478
            ], 
            [
              -95.572458161046995, 
              42.756952286019796
            ], 
            [
              -95.572487355589104, 
              42.756952286019796
            ], 
            [
              -95.572487355589104, 
              42.756947936202948
            ], 
            [
              -95.572494838871023, 
              42.756947936202948
            ], 
            [
              -95.572494838871023, 
              42.756920463675478
            ]
          ]
        ], 
        "type": "Polygon"
      }, 
      "properties": {
        "Seat Count": "", 
        "Number": "004", 
        "NCES_Type": "Patient Room", 
        "Workstations": "", 
        "Element": "Room", 
        "RevitId": 5727079, 
        "occupancyStatus": "Occupied", 
        "Building": "Connected Core", 
        "Area_SF": 86.859999999999999, 
        "Name": "DORM", 
        "NCES_Occupancy Status": "", 
        "NCES_Department": "MHI", 
        "Level": "LEVEL 2", 
        "Revit_UniqueId": "eb404dfa-e280-4078-b5d5-c2f8c920171d-00576367"
      }, 
      "type": "Feature"
    }, 
    {
      "geometry": {
        "coordinates": [
          [
            [
              -95.572532471902193, 
              42.756920463675478
            ], 
            [
              -95.572494838871023, 
              42.756920463675478
            ], 
            [
              -95.572494838871023, 
              42.756947936202948
            ], 
            [
              -95.572503399312566, 
              42.756947936202948
            ], 
            [
              -95.572503399312566, 
              42.756952286019796
            ], 
            [
              -95.572532471902193, 
              42.756952286019796
            ], 
            [
              -95.572532471902193, 
              42.756920463675478
            ]
          ]
        ], 
        "type": "Polygon"
      }, 
      "properties": {
        "Seat Count": "", 
        "Number": "005", 
        "NCES_Type": "Patient Room", 
        "Workstations": "", 
        "Element": "Room", 
        "RevitId": 5727082, 
        "occupancyStatus": "Occupied", 
        "Building": "Connected Core", 
        "Area_SF": 89.129999999999995, 
        "Name": "DORM", 
        "NCES_Occupancy Status": "", 
        "NCES_Department": "MHI", 
        "Level": "LEVEL 2", 
        "Revit_UniqueId": "eb404dfa-e280-4078-b5d5-c2f8c920171d-0057636a"
      }, 
      "type": "Feature"
    }, 
    {
      "geometry": {
        "coordinates": [
          [
            [
              -95.572570511918670, 
              42.756920463675478
            ], 
            [
              -95.572532471902193, 
              42.756920463675478
            ], 
            [
              -95.572532471902193, 
              42.756952286019796
            ], 
            [
              -95.572561781423090, 
              42.756952286019796
            ], 
            [
              -95.572561781423090, 
              42.756947936202948
            ], 
            [
              -95.572570511918670, 
              42.756947936202948
            ], 
            [
              -95.572570511918670, 
              42.756920463675478
            ]
          ]
        ], 
        "type": "Polygon"
      }, 
      "properties": {
        "Seat Count": "", 
        "Number": "006", 
        "NCES_Type": "Patient Room", 
        "Workstations": "", 
        "Element": "Room", 
        "RevitId": 5727085, 
        "occupancyStatus": "Occupied", 
        "Building": "Connected Core", 
        "Area_SF": 90.170000000000002, 
        "Name": "DORM", 
        "NCES_Occupancy Status": "", 
        "NCES_Department": "MHI", 
        "Level": "LEVEL 2", 
        "Revit_UniqueId": "eb404dfa-e280-4078-b5d5-c2f8c920171d-0057636d"
      }, 
      "type": "Feature"
    }, 
    {
      "geometry": {
        "coordinates": [
          [
            [
              -95.572460076176384, 
              42.756888225565149
            ], 
            [
              -95.572460076176384, 
              42.756906840438475
            ], 
            [
              -95.572460076176384, 
              42.756920463675478
            ], 
            [
              -95.572494838871023, 
              42.756920463675478
            ], 
            [
              -95.572532471902193, 
              42.756920463675478
            ], 
            [
              -95.572568621515060, 
              42.756920463675478
            ], 
            [
              -95.572569083694930, 
              42.756920463675478
            ], 
            [
              -95.572569083694930, 
              42.756890972817892
            ], 
            [
              -95.572556299754964, 
              42.756890972817892
            ], 
            [
              -95.572556299754964, 
              42.756888225565149
            ], 
            [
              -95.572460076176384, 
              42.756888225565149
            ]
          ]
        ], 
        "type": "Polygon"
      }, 
      "properties": {
        "Seat Count": "", 
        "Number": "226", 
        "NCES_Type": "Porch/Balcony", 
        "Workstations": "", 
        "Element": "Room", 
        "RevitId": 5727088, 
        "occupancyStatus": "Occupied", 
        "Building": "Connected Core", 
        "Area_SF": 276.5, 
        "Name": "OPEN PORCH", 
        "NCES_Occupancy Status": "", 
        "NCES_Department": "MHI", 
        "Level": "LEVEL 2", 
        "Revit_UniqueId": "eb404dfa-e280-4078-b5d5-c2f8c920171d-00576370"
      }, 
      "type": "Feature"
    }, 
    {
      "geometry": {
        "coordinates": [
          [
            [
              -95.572745745134370, 
              42.756907314570462
            ], 
            [
              -95.572745745134370, 
              42.756888225565149
            ], 
            [
              -95.572647159971595, 
              42.756888225565149
            ], 
            [
              -95.572647159971595, 
              42.756890972817892
            ], 
            [
              -95.572636876692073, 
              42.756890972817892
            ], 
            [
              -95.572636876692073, 
              42.756919906145548
            ], 
            [
              -95.572673039654944, 
              42.756919906145548
            ], 
            [
              -95.572710199545199, 
              42.756919906145548
            ], 
            [
              -95.572745745134370, 
              42.756919906145548
            ], 
            [
              -95.572745745134370, 
              42.756907314570462
            ]
          ]
        ], 
        "type": "Polygon"
      }, 
      "properties": {
        "Seat Count": "", 
        "Number": "227", 
        "NCES_Type": "Porch/Balcony", 
        "Workstations": "", 
        "Element": "Room", 
        "RevitId": 5727091, 
        "occupancyStatus": "Occupied", 
        "Building": "Connected Core", 
        "Area_SF": 273.32999999999998, 
        "Name": "OPEN PORCH", 
        "NCES_Occupancy Status": "", 
        "NCES_Department": "MHI", 
        "Level": "LEVEL 2", 
        "Revit_UniqueId": "eb404dfa-e280-4078-b5d5-c2f8c920171d-00576373"
      }, 
      "type": "Feature"
    }, 
    {
      "geometry": {
        "coordinates": [
          [
            [
              -95.572566946898363, 
              42.756885008172183
            ], 
            [
              -95.572569083694930, 
              42.756885008172183
            ], 
            [
              -95.572569083694930, 
              42.756888225565149
            ], 
            [
              -95.572569083694930, 
              42.756890972817892
            ], 
            [
              -95.572569083694930, 
              42.756920463675478
            ], 
            [
              -95.572570511918670, 
              42.756920463675478
            ], 
            [
              -95.572570511918670, 
              42.756922538493697
            ], 
            [
              -95.572570511918670, 
              42.756947936202948
            ], 
            [
              -95.572570511918670, 
              42.756954346459359
            ], 
            [
              -95.572636876692073, 
              42.756954346459359
            ], 
            [
              -95.572636876692073, 
              42.756947936202948
            ], 
            [
              -95.572636876692073, 
              42.756919906145548
            ], 
            [
              -95.572636876692073, 
              42.756890972817892
            ], 
            [
              -95.572636876692073, 
              42.756888225565149
            ], 
            [
              -95.572636876692073, 
              42.756885008172183
            ], 
            [
              -95.572566946898363, 
              42.756885008172183
            ]
          ]
        ], 
        "type": "Polygon"
      }, 
      "properties": {
        "Seat Count": "", 
        "Number": "225", 
        "NCES_Type": "Commons", 
        "Workstations": "", 
        "Element": "Room", 
        "RevitId": 5734608, 
        "occupancyStatus": "Occupied", 
        "Building": "Connected Core", 
        "Area_SF": 530.62000000000000, 
        "Name": "COMMONS", 
        "NCES_Occupancy Status": "", 
        "NCES_Department": "MHI", 
        "Level": "LEVEL 2", 
        "Revit_UniqueId": "1c550a43-f109-4309-9ac4-daec4b70f298-00576cde"
      }, 
      "type": "Feature"
    }, 
    {
      "geometry": {
        "coordinates": [
          [
            [
              -95.572832917777646, 
              42.757138011759601
            ], 
            [
              -95.572826287895637, 
              42.757138011759601
            ], 
            [
              -95.572826287895637, 
              42.757177883300528
            ], 
            [
              -95.572831046957162, 
              42.757177883300528
            ], 
            [
              -95.572879688289717, 
              42.757177883300528
            ], 
            [
              -95.572941106942906, 
              42.757177883300528
            ], 
            [
              -95.572970104660385, 
              42.757177883300528
            ], 
            [
              -95.572989748275447, 
              42.757177883300528
            ], 
            [
              -95.573035218541847, 
              42.757177883300528
            ], 
            [
              -95.573099855125818, 
              42.757177883300528
            ], 
            [
              -95.573099855125818, 
              42.757176509674153
            ], 
            [
              -95.573101733429581, 
              42.757176509674153
            ], 
            [
              -95.573150624835108, 
              42.757176509674153
            ], 
            [
              -95.573167142932746, 
              42.757176509674153
            ], 
            [
              -95.573169021236524, 
              42.757176509674153
            ], 
            [
              -95.573169021236524, 
              42.757177883300528
            ], 
            [
              -95.573212096207982, 
              42.757177883300528
            ], 
            [
              -95.573251695241538, 
              42.757177883300528
            ], 
            [
              -95.573278198531696, 
              42.757177883300528
            ], 
            [
              -95.573313048597925, 
              42.757177883300528
            ], 
            [
              -95.573384175349545, 
              42.757177883300528
            ], 
            [
              -95.573416914707977, 
              42.757177883300528
            ], 
            [
              -95.573430957303046, 
              42.757177883300528
            ], 
            [
              -95.573430957303046, 
              42.757138011759601
            ], 
            [
              -95.573423616473704, 
              42.757138011759601
            ], 
            [
              -95.573346601030508, 
              42.757138011759601
            ], 
            [
              -95.573288605595550, 
              42.757138011759601
            ], 
            [
              -95.573248270517098, 
              42.757138011759601
            ], 
            [
              -95.573208983286960, 
              42.757138011759601
            ], 
            [
              -95.573169696056823, 
              42.757138011759601
            ], 
            [
              -95.573169696056823, 
              42.757103609024099
            ], 
            [
              -95.573170631467065, 
              42.757103609024099
            ], 
            [
              -95.573170631467065, 
              42.757062321298079
            ], 
            [
              -95.573152016596481, 
              42.757048653563828
            ], 
            [
              -95.573115597376031, 
              42.757048653563828
            ], 
            [
              -95.573099177271843, 
              42.757062321298079
            ], 
            [
              -95.573099177271843, 
              42.757103609024099
            ], 
            [
              -95.573100112682084, 
              42.757103609024099
            ], 
            [
              -95.573100112682084, 
              42.757138011759601
            ], 
            [
              -95.573057668387634, 
              42.757138011759601
            ], 
            [
              -95.573017445747269, 
              42.757138011759601
            ], 
            [
              -95.572977846713712, 
              42.757138011759601
            ], 
            [
              -95.572938871286993, 
              42.757138011759601
            ], 
            [
              -95.572901633407540, 
              42.757138011759601
            ], 
            [
              -95.572832917777646, 
              42.757138011759601
            ]
          ]
        ], 
        "type": "Polygon"
      }, 
      "properties": {
        "Seat Count": "", 
        "Number": "027", 
        "NCES_Type": "Commons", 
        "Workstations": "", 
        "Element": "Room", 
        "RevitId": 5743589, 
        "occupancyStatus": "Occupied", 
        "Building": "Connected Core", 
        "Area_SF": 2789.1300000000001, 
        "Name": "COMMONS", 
        "NCES_Occupancy Status": "", 
        "NCES_Department": "MHI", 
        "Level": "LEVEL 2", 
        "Revit_UniqueId": "1c550a43-f109-4309-9ac4-daec4b70f298-0057a3e5"
      }, 
      "type": "Feature"
    }, 
    {
      "geometry": {
        "coordinates": [
          [
            [
              -95.573169696056823, 
              42.757138011759601
            ], 
            [
              -95.573208983286960, 
              42.757138011759601
            ], 
            [
              -95.573208983286960, 
              42.757103609024099
            ], 
            [
              -95.573170631467065, 
              42.757103609024099
            ], 
            [
              -95.573169696056823, 
              42.757103609024099
            ], 
            [
              -95.573169696056823, 
              42.757138011759601
            ]
          ]
        ], 
        "type": "Polygon"
      }, 
      "properties": {
        "Seat Count": "", 
        "Number": "007", 
        "NCES_Type": "Patient Room", 
        "Workstations": "", 
        "Element": "Room", 
        "RevitId": 5743592, 
        "occupancyStatus": "Occupied", 
        "Building": "Connected Core", 
        "Area_SF": 104.70999999999999, 
        "Name": "DORM", 
        "NCES_Occupancy Status": "", 
        "NCES_Department": "MHI", 
        "Level": "LEVEL 2", 
        "Revit_UniqueId": "1c550a43-f109-4309-9ac4-daec4b70f298-0057a3e8"
      }, 
      "type": "Feature"
    }, 
    {
      "geometry": {
        "coordinates": [
          [
            [
              -95.573208983286960, 
              42.757138011759601
            ], 
            [
              -95.573248270517098, 
              42.757138011759601
            ], 
            [
              -95.573248270517098, 
              42.757103609024099
            ], 
            [
              -95.573208983286960, 
              42.757103609024099
            ], 
            [
              -95.573208983286960, 
              42.757138011759601
            ]
          ]
        ], 
        "type": "Polygon"
      }, 
      "properties": {
        "Seat Count": "", 
        "Number": "008", 
        "NCES_Type": "Patient Room", 
        "Workstations": "", 
        "Element": "Room", 
        "RevitId": 5743595, 
        "occupancyStatus": "Occupied", 
        "Building": "Connected Core", 
        "Area_SF": 104.70999999999999, 
        "Name": "DORM", 
        "NCES_Occupancy Status": "", 
        "NCES_Department": "MHI", 
        "Level": "LEVEL 2", 
        "Revit_UniqueId": "1c550a43-f109-4309-9ac4-daec4b70f298-0057a3eb"
      }, 
      "type": "Feature"
    }, 
    {
      "geometry": {
        "coordinates": [
          [
            [
              -95.573248270517098, 
              42.757138011759601
            ], 
            [
              -95.573288605595550, 
              42.757138011759601
            ], 
            [
              -95.573288605595550, 
              42.757103609024099
            ], 
            [
              -95.573287670185309, 
              42.757103609024099
            ], 
            [
              -95.573248270517098, 
              42.757103609024099
            ], 
            [
              -95.573248270517098, 
              42.757138011759601
            ]
          ]
        ], 
        "type": "Polygon"
      }, 
      "properties": {
        "Seat Count": "", 
        "Number": "009", 
        "NCES_Type": "Patient Room", 
        "Workstations": "", 
        "Element": "Room", 
        "RevitId": 5743598, 
        "occupancyStatus": "Occupied", 
        "Building": "Connected Core", 
        "Area_SF": 107.80000000000000, 
        "Name": "DORM", 
        "NCES_Occupancy Status": "", 
        "NCES_Department": "MHI", 
        "Level": "LEVEL 2", 
        "Revit_UniqueId": "1c550a43-f109-4309-9ac4-daec4b70f298-0057a3ee"
      }, 
      "type": "Feature"
    }, 
    {
      "geometry": {
        "coordinates": [
          [
            [
              -95.573288605595550, 
              42.757138011759601
            ], 
            [
              -95.573346601030508, 
              42.757138011759601
            ], 
            [
              -95.573346601030508, 
              42.757123090423825
            ], 
            [
              -95.573355955132925, 
              42.757123090423825
            ], 
            [
              -95.573355955132925, 
              42.757088062951297
            ], 
            [
              -95.573287670185309, 
              42.757088062951297
            ], 
            [
              -95.573287670185309, 
              42.757103609024099
            ], 
            [
              -95.573288605595550, 
              42.757103609024099
            ], 
            [
              -95.573288605595550, 
              42.757138011759601
            ]
          ]
        ], 
        "type": "Polygon"
      }, 
      "properties": {
        "Seat Count": "", 
        "Number": "010", 
        "NCES_Type": "Patient Room", 
        "Workstations": "", 
        "Element": "Room", 
        "RevitId": 5743601, 
        "occupancyStatus": "Occupied", 
        "Building": "Connected Core", 
        "Area_SF": 271.11000000000001, 
        "Name": "DORM", 
        "NCES_Occupancy Status": "", 
        "NCES_Department": "MHI", 
        "Level": "LEVEL 2", 
        "Revit_UniqueId": "1c550a43-f109-4309-9ac4-daec4b70f298-0057a3f1"
      }, 
      "type": "Feature"
    }, 
    {
      "geometry": {
        "coordinates": [
          [
            [
              -95.573346601030508, 
              42.757138011759601
            ], 
            [
              -95.573423616473704, 
              42.757138011759601
            ], 
            [
              -95.573423616473704, 
              42.757088062951297
            ], 
            [
              -95.573355955132925, 
              42.757088062951297
            ], 
            [
              -95.573355955132925, 
              42.757123090423825
            ], 
            [
              -95.573346601030508, 
              42.757123090423825
            ], 
            [
              -95.573346601030508, 
              42.757138011759601
            ]
          ]
        ], 
        "type": "Polygon"
      }, 
      "properties": {
        "Seat Count": "", 
        "Number": "011", 
        "NCES_Type": "Patient Room", 
        "Workstations": "", 
        "Element": "Room", 
        "RevitId": 5743604, 
        "occupancyStatus": "Occupied", 
        "Building": "Connected Core", 
        "Area_SF": 291.77999999999997, 
        "Name": "DORM", 
        "NCES_Occupancy Status": "", 
        "NCES_Department": "MHI", 
        "Level": "LEVEL 2", 
        "Revit_UniqueId": "1c550a43-f109-4309-9ac4-daec4b70f298-0057a3f4"
      }, 
      "type": "Feature"
    }, 
    {
      "geometry": {
        "coordinates": [
          [
            [
              -95.573057668387634, 
              42.757138011759601
            ], 
            [
              -95.573100112682084, 
              42.757138011759601
            ], 
            [
              -95.573100112682084, 
              42.757103609024099
            ], 
            [
              -95.573099177271843, 
              42.757103609024099
            ], 
            [
              -95.573057668387634, 
              42.757103609024099
            ], 
            [
              -95.573057668387634, 
              42.757138011759601
            ]
          ]
        ], 
        "type": "Polygon"
      }, 
      "properties": {
        "Seat Count": "", 
        "Number": "005", 
        "NCES_Type": "Patient Room", 
        "Workstations": "", 
        "Element": "Room", 
        "RevitId": 5743607, 
        "occupancyStatus": "Occupied", 
        "Building": "Connected Core", 
        "Area_SF": 114.02000000000000, 
        "Name": "DORM", 
        "NCES_Occupancy Status": "", 
        "NCES_Department": "MHI", 
        "Level": "LEVEL 2", 
        "Revit_UniqueId": "1c550a43-f109-4309-9ac4-daec4b70f298-0057a3f7"
      }, 
      "type": "Feature"
    }, 
    {
      "geometry": {
        "coordinates": [
          [
            [
              -95.573017445747269, 
              42.757138011759601
            ], 
            [
              -95.573057668387634, 
              42.757138011759601
            ], 
            [
              -95.573057668387634, 
              42.757103609024099
            ], 
            [
              -95.573017445747269, 
              42.757103609024099
            ], 
            [
              -95.573017445747269, 
              42.757138011759601
            ]
          ]
        ], 
        "type": "Polygon"
      }, 
      "properties": {
        "Seat Count": "", 
        "Number": "004", 
        "NCES_Type": "Patient Room", 
        "Workstations": "", 
        "Element": "Room", 
        "RevitId": 5743610, 
        "occupancyStatus": "Occupied", 
        "Building": "Connected Core", 
        "Area_SF": 107.47000000000000, 
        "Name": "DORM", 
        "NCES_Occupancy Status": "", 
        "NCES_Department": "MHI", 
        "Level": "LEVEL 2", 
        "Revit_UniqueId": "1c550a43-f109-4309-9ac4-daec4b70f298-0057a3fa"
      }, 
      "type": "Feature"
    }, 
    {
      "geometry": {
        "coordinates": [
          [
            [
              -95.572977846713712, 
              42.757138011759601
            ], 
            [
              -95.573017445747269, 
              42.757138011759601
            ], 
            [
              -95.573017445747269, 
              42.757103609024099
            ], 
            [
              -95.572977846713712, 
              42.757103609024099
            ], 
            [
              -95.572977846713712, 
              42.757138011759601
            ]
          ]
        ], 
        "type": "Polygon"
      }, 
      "properties": {
        "Seat Count": "", 
        "Number": "003", 
        "NCES_Type": "Patient Room", 
        "Workstations": "", 
        "Element": "Room", 
        "RevitId": 5743613, 
        "occupancyStatus": "Occupied", 
        "Building": "Connected Core", 
        "Area_SF": 105.63000000000000, 
        "Name": "DORM", 
        "NCES_Occupancy Status": "", 
        "NCES_Department": "MHI", 
        "Level": "LEVEL 2", 
        "Revit_UniqueId": "1c550a43-f109-4309-9ac4-daec4b70f298-0057a3fd"
      }, 
      "type": "Feature"
    }, 
    {
      "geometry": {
        "coordinates": [
          [
            [
              -95.572938871286993, 
              42.757138011759601
            ], 
            [
              -95.572977846713712, 
              42.757138011759601
            ], 
            [
              -95.572977846713712, 
              42.757103609024099
            ], 
            [
              -95.572938871286993, 
              42.757103609024099
            ], 
            [
              -95.572938871286993, 
              42.757138011759601
            ]
          ]
        ], 
        "type": "Polygon"
      }, 
      "properties": {
        "Seat Count": "", 
        "Number": "002", 
        "NCES_Type": "Patient Room", 
        "Workstations": "", 
        "Element": "Room", 
        "RevitId": 5743616, 
        "occupancyStatus": "Occupied", 
        "Building": "Connected Core", 
        "Area_SF": 103.80000000000000, 
        "Name": "DORM", 
        "NCES_Occupancy Status": "", 
        "NCES_Department": "MHI", 
        "Level": "LEVEL 2", 
        "Revit_UniqueId": "1c550a43-f109-4309-9ac4-daec4b70f298-0057a400"
      }, 
      "type": "Feature"
    }, 
    {
      "geometry": {
        "coordinates": [
          [
            [
              -95.572901633407540, 
              42.757138011759601
            ], 
            [
              -95.572938871286993, 
              42.757138011759601
            ], 
            [
              -95.572938871286993, 
              42.757103609024099
            ], 
            [
              -95.572901633407540, 
              42.757103609024099
            ], 
            [
              -95.572901633407540, 
              42.757138011759601
            ]
          ]
        ], 
        "type": "Polygon"
      }, 
      "properties": {
        "Seat Count": "", 
        "Number": "001", 
        "NCES_Type": "Patient Room", 
        "Workstations": "", 
        "Element": "Room", 
        "RevitId": 5743619, 
        "occupancyStatus": "Occupied", 
        "Building": "Connected Core", 
        "Area_SF": 98.680000000000007, 
        "Name": "DORM", 
        "NCES_Occupancy Status": "", 
        "NCES_Department": "MHI", 
        "Level": "LEVEL 2", 
        "Revit_UniqueId": "1c550a43-f109-4309-9ac4-daec4b70f298-0057a403"
      }, 
      "type": "Feature"
    }, 
    {
      "geometry": {
        "coordinates": [
          [
            [
              -95.572879688289717, 
              42.757177883300528
            ], 
            [
              -95.572831046957162, 
              42.757177883300528
            ], 
            [
              -95.572831046957162, 
              42.757203295388436
            ], 
            [
              -95.572851937785885, 
              42.757203295388436
            ], 
            [
              -95.572860044674641, 
              42.757203295388436
            ], 
            [
              -95.572879688289717, 
              42.757203295388436
            ], 
            [
              -95.572879688289717, 
              42.757177883300528
            ]
          ]
        ], 
        "type": "Polygon"
      }, 
      "properties": {
        "Seat Count": "", 
        "Number": "023", 
        "NCES_Type": "Single Stall Restroom", 
        "Workstations": "", 
        "Element": "Room", 
        "RevitId": 5744261, 
        "occupancyStatus": "Occupied", 
        "Building": "Connected Core", 
        "Area_SF": 99.540000000000006, 
        "Name": "RR", 
        "NCES_Occupancy Status": "", 
        "NCES_Department": "MHI", 
        "Level": "LEVEL 2", 
        "Revit_UniqueId": "1c550a43-f109-4309-9ac4-daec4b70f298-0057a685"
      }, 
      "type": "Feature"
    }, 
    {
      "geometry": {
        "coordinates": [
          [
            [
              -95.572879688289717, 
              42.757226875974517
            ], 
            [
              -95.572941106942906, 
              42.757226875974517
            ], 
            [
              -95.572941106942906, 
              42.757177883300528
            ], 
            [
              -95.572879688289717, 
              42.757177883300528
            ], 
            [
              -95.572879688289717, 
              42.757203295388436
            ], 
            [
              -95.572879688289717, 
              42.757226875974517
            ]
          ]
        ], 
        "type": "Polygon"
      }, 
      "properties": {
        "Seat Count": "", 
        "Number": "022", 
        "NCES_Type": "Patient Room", 
        "Workstations": "", 
        "Element": "Room", 
        "RevitId": 5744264, 
        "occupancyStatus": "Occupied", 
        "Building": "Connected Core", 
        "Area_SF": 251.94000000000000, 
        "Name": "DORM", 
        "NCES_Occupancy Status": "", 
        "NCES_Department": "MHI", 
        "Level": "LEVEL 2", 
        "Revit_UniqueId": "1c550a43-f109-4309-9ac4-daec4b70f298-0057a688"
      }, 
      "type": "Feature"
    }, 
    {
      "geometry": {
        "coordinates": [
          [
            [
              -95.572941106942906, 
              42.757226875974517
            ], 
            [
              -95.572989748275447, 
              42.757226875974517
            ], 
            [
              -95.572989748275447, 
              42.757193680003823
            ], 
            [
              -95.572970104660385, 
              42.757193680003823
            ], 
            [
              -95.572970104660385, 
              42.757177883300528
            ], 
            [
              -95.572941106942906, 
              42.757177883300528
            ], 
            [
              -95.572941106942906, 
              42.757226875974517
            ]
          ]
        ], 
        "type": "Polygon"
      }, 
      "properties": {
        "Seat Count": "", 
        "Number": "021", 
        "NCES_Type": "Kitchen", 
        "Workstations": "", 
        "Element": "Room", 
        "RevitId": 5744267, 
        "occupancyStatus": "Occupied", 
        "Building": "Connected Core", 
        "Area_SF": 166.75, 
        "Name": "KITCHEN", 
        "NCES_Occupancy Status": "", 
        "NCES_Department": "MHI", 
        "Level": "LEVEL 2", 
        "Revit_UniqueId": "1c550a43-f109-4309-9ac4-daec4b70f298-0057a68b"
      }, 
      "type": "Feature"
    }, 
    {
      "geometry": {
        "coordinates": [
          [
            [
              -95.572989748275447, 
              42.757226875974517
            ], 
            [
              -95.573044572644264, 
              42.757226875974517
            ], 
            [
              -95.573044572644264, 
              42.757195282567928
            ], 
            [
              -95.573035218541847, 
              42.757195282567928
            ], 
            [
              -95.573035218541847, 
              42.757177883300528
            ], 
            [
              -95.572989748275447, 
              42.757177883300528
            ], 
            [
              -95.572989748275447, 
              42.757193680003823
            ], 
            [
              -95.572989748275447, 
              42.757226875974517
            ]
          ]
        ], 
        "type": "Polygon"
      }, 
      "properties": {
        "Seat Count": "", 
        "Number": "020", 
        "NCES_Type": "Patient Room", 
        "Workstations": "", 
        "Element": "Room", 
        "RevitId": 5744270, 
        "occupancyStatus": "Occupied", 
        "Building": "Connected Core", 
        "Area_SF": 209.02000000000001, 
        "Name": "DORM", 
        "NCES_Occupancy Status": "", 
        "NCES_Department": "MHI", 
        "Level": "LEVEL 2", 
        "Revit_UniqueId": "1c550a43-f109-4309-9ac4-daec4b70f298-0057a68e"
      }, 
      "type": "Feature"
    }, 
    {
      "geometry": {
        "coordinates": [
          [
            [
              -95.573044572644264, 
              42.757226875974517
            ], 
            [
              -95.573098919715576, 
              42.757226875974517
            ], 
            [
              -95.573099855125818, 
              42.757226875974517
            ], 
            [
              -95.573099855125818, 
              42.757202837512985
            ], 
            [
              -95.573099855125818, 
              42.757177883300528
            ], 
            [
              -95.573035218541847, 
              42.757177883300528
            ], 
            [
              -95.573035218541847, 
              42.757195282567928
            ], 
            [
              -95.573044572644264, 
              42.757195282567928
            ], 
            [
              -95.573044572644264, 
              42.757226875974517
            ]
          ]
        ], 
        "type": "Polygon"
      }, 
      "properties": {
        "Seat Count": "", 
        "Number": "019", 
        "NCES_Type": "Patient Room", 
        "Workstations": "", 
        "Element": "Room", 
        "RevitId": 5744273, 
        "occupancyStatus": "Occupied", 
        "Building": "Connected Core", 
        "Area_SF": 238.90000000000001, 
        "Name": "DORM", 
        "NCES_Occupancy Status": "", 
        "NCES_Department": "MHI", 
        "Level": "LEVEL 2", 
        "Revit_UniqueId": "1c550a43-f109-4309-9ac4-daec4b70f298-0057a691"
      }, 
      "type": "Feature"
    }, 
    {
      "geometry": {
        "coordinates": [
          [
            [
              -95.573150624835108, 
              42.757176509674153
            ], 
            [
              -95.573099855125818, 
              42.757176509674153
            ], 
            [
              -95.573099855125818, 
              42.757202837512985
            ], 
            [
              -95.573150624835108, 
              42.757202837512985
            ], 
            [
              -95.573150624835108, 
              42.757176509674153
            ]
          ]
        ], 
        "type": "Polygon"
      }, 
      "properties": {
        "Seat Count": "", 
        "Number": "018", 
        "NCES_Type": "Patient Room", 
        "Workstations": "", 
        "Element": "Room", 
        "RevitId": 5744276, 
        "occupancyStatus": "Occupied", 
        "Building": "Connected Core", 
        "Area_SF": 116.44000000000000, 
        "Name": "DORM", 
        "NCES_Occupancy Status": "", 
        "NCES_Department": "MHI", 
        "Level": "LEVEL 2", 
        "Revit_UniqueId": "1c550a43-f109-4309-9ac4-daec4b70f298-0057a694"
      }, 
      "type": "Feature"
    }, 
    {
      "geometry": {
        "coordinates": [
          [
            [
              -95.573169021236524, 
              42.757203295388436
            ], 
            [
              -95.573169021236524, 
              42.757202837512985
            ], 
            [
              -95.573150624835108, 
              42.757202837512985
            ], 
            [
              -95.573099855125818, 
              42.757202837512985
            ], 
            [
              -95.573099855125818, 
              42.757226875974517
            ], 
            [
              -95.573098919715576, 
              42.757226875974517
            ], 
            [
              -95.573098919715576, 
              42.757233691899074
            ], 
            [
              -95.573117475997961, 
              42.757247316615668
            ], 
            [
              -95.573151635700043, 
              42.757247316615668
            ], 
            [
              -95.573169956646765, 
              42.757233864691322
            ], 
            [
              -95.573169956646765, 
              42.757229637605931
            ], 
            [
              -95.573169956646765, 
              42.757227454434911
            ], 
            [
              -95.573169021236524, 
              42.757227454434911
            ], 
            [
              -95.573169021236524, 
              42.757226875974517
            ], 
            [
              -95.573169021236524, 
              42.757203295388436
            ]
          ]
        ], 
        "type": "Polygon"
      }, 
      "properties": {
        "Seat Count": "", 
        "Number": "017A", 
        "NCES_Type": "Mechanical Room", 
        "Workstations": "", 
        "Element": "Room", 
        "RevitId": 5744279, 
        "occupancyStatus": "Occupied", 
        "Building": "Connected Core", 
        "Area_SF": 245.46000000000001, 
        "Name": "MECH", 
        "NCES_Occupancy Status": "", 
        "NCES_Department": "MHI", 
        "Level": "LEVEL 2", 
        "Revit_UniqueId": "1c550a43-f109-4309-9ac4-daec4b70f298-0057a697"
      }, 
      "type": "Feature"
    }, 
    {
      "geometry": {
        "coordinates": [
          [
            [
              -95.573169021236524, 
              42.757202837512985
            ], 
            [
              -95.573169021236524, 
              42.757176509674153
            ], 
            [
              -95.573150624835108, 
              42.757176509674153
            ], 
            [
              -95.573150624835108, 
              42.757202837512985
            ], 
            [
              -95.573169021236524, 
              42.757202837512985
            ]
          ]
        ], 
        "type": "Polygon"
      }, 
      "properties": {
        "Seat Count": "", 
        "Number": "017", 
        "NCES_Type": "Vestibule", 
        "Workstations": "", 
        "Element": "Room", 
        "RevitId": 5744282, 
        "occupancyStatus": "Occupied", 
        "Building": "Connected Core", 
        "Area_SF": 37.850000000000001, 
        "Name": "VEST", 
        "NCES_Occupancy Status": "", 
        "NCES_Department": "MHI", 
        "Level": "LEVEL 2", 
        "Revit_UniqueId": "1c550a43-f109-4309-9ac4-daec4b70f298-0057a69a"
      }, 
      "type": "Feature"
    }, 
    {
      "geometry": {
        "coordinates": [
          [
            [
              -95.573212096207982, 
              42.757177883300528
            ], 
            [
              -95.573169021236524, 
              42.757177883300528
            ], 
            [
              -95.573169021236524, 
              42.757202837512985
            ], 
            [
              -95.573169021236524, 
              42.757203295388436
            ], 
            [
              -95.573194947020227, 
              42.757203295388436
            ], 
            [
              -95.573194947020227, 
              42.757226875974517
            ], 
            [
              -95.573212096207982, 
              42.757226875974517
            ], 
            [
              -95.573212096207982, 
              42.757197343007483
            ], 
            [
              -95.573212096207982, 
              42.757177883300528
            ]
          ]
        ], 
        "type": "Polygon"
      }, 
      "properties": {
        "Seat Count": "", 
        "Number": "016", 
        "NCES_Type": "Private Office - Enclosed", 
        "Workstations": "", 
        "Element": "Room", 
        "RevitId": 5744470, 
        "occupancyStatus": "Occupied", 
        "Building": "Connected Core", 
        "Area_SF": 120.78000000000000, 
        "Name": "OFFICE", 
        "NCES_Occupancy Status": "", 
        "NCES_Department": "MHI", 
        "Level": "LEVEL 2", 
        "Revit_UniqueId": "1c550a43-f109-4309-9ac4-daec4b70f298-0057a756"
      }, 
      "type": "Feature"
    }, 
    {
      "geometry": {
        "coordinates": [
          [
            [
              -95.573212096207982, 
              42.757226875974517
            ], 
            [
              -95.573251695241538, 
              42.757226875974517
            ], 
            [
              -95.573251695241538, 
              42.757188643373787
            ], 
            [
              -95.573237975891331, 
              42.757188643373787
            ], 
            [
              -95.573237975891331, 
              42.757197343007483
            ], 
            [
              -95.573212096207982, 
              42.757197343007483
            ], 
            [
              -95.573212096207982, 
              42.757226875974517
            ]
          ]
        ], 
        "type": "Polygon"
      }, 
      "properties": {
        "Seat Count": "", 
        "Number": "015A", 
        "NCES_Type": "Restroom - Bath/Shower", 
        "Workstations": "", 
        "Element": "Room", 
        "RevitId": 5744476, 
        "occupancyStatus": "Occupied", 
        "Building": "Connected Core", 
        "Area_SF": 105.81999999999999, 
        "Name": "RR", 
        "NCES_Occupancy Status": "", 
        "NCES_Department": "MHI", 
        "Level": "LEVEL 2", 
        "Revit_UniqueId": "1c550a43-f109-4309-9ac4-daec4b70f298-0057a75c"
      }, 
      "type": "Feature"
    }, 
    {
      "geometry": {
        "coordinates": [
          [
            [
              -95.573251695241538, 
              42.757177883300528
            ], 
            [
              -95.573212096207982, 
              42.757177883300528
            ], 
            [
              -95.573212096207982, 
              42.757197343007483
            ], 
            [
              -95.573237975891331, 
              42.757197343007483
            ], 
            [
              -95.573237975891331, 
              42.757188643373787
            ], 
            [
              -95.573251695241538, 
              42.757188643373787
            ], 
            [
              -95.573251695241538, 
              42.757177883300528
            ]
          ]
        ], 
        "type": "Polygon"
      }, 
      "properties": {
        "Seat Count": "", 
        "Number": "015", 
        "NCES_Type": "Vestibule", 
        "Workstations": "", 
        "Element": "Room", 
        "RevitId": 5744479, 
        "occupancyStatus": "Occupied", 
        "Building": "Connected Core", 
        "Area_SF": 49.729999999999997, 
        "Name": "VEST", 
        "NCES_Occupancy Status": "", 
        "NCES_Department": "MHI", 
        "Level": "LEVEL 2", 
        "Revit_UniqueId": "1c550a43-f109-4309-9ac4-daec4b70f298-0057a75f"
      }, 
      "type": "Feature"
    }, 
    {
      "geometry": {
        "coordinates": [
          [
            [
              -95.573278198531696, 
              42.757177883300528
            ], 
            [
              -95.573251695241538, 
              42.757177883300528
            ], 
            [
              -95.573251695241538, 
              42.757188643373787
            ], 
            [
              -95.573251695241538, 
              42.757226875974517
            ], 
            [
              -95.573278198531696, 
              42.757226875974517
            ], 
            [
              -95.573278198531696, 
              42.757214971212612
            ], 
            [
              -95.573278198531696, 
              42.757177883300528
            ]
          ]
        ], 
        "type": "Polygon"
      }, 
      "properties": {
        "Seat Count": "", 
        "Number": "014", 
        "NCES_Type": "Patient Room", 
        "Workstations": "", 
        "Element": "Room", 
        "RevitId": 5744482, 
        "occupancyStatus": "Occupied", 
        "Building": "Connected Core", 
        "Area_SF": 105.88000000000000, 
        "Name": "DORM", 
        "NCES_Occupancy Status": "", 
        "NCES_Department": "MHI", 
        "Level": "LEVEL 2", 
        "Revit_UniqueId": "1c550a43-f109-4309-9ac4-daec4b70f298-0057a762"
      }, 
      "type": "Feature"
    }, 
    {
      "geometry": {
        "coordinates": [
          [
            [
              -95.573313048597925, 
              42.757177883300528
            ], 
            [
              -95.573278198531696, 
              42.757177883300528
            ], 
            [
              -95.573278198531696, 
              42.757214971212612
            ], 
            [
              -95.573278198531696, 
              42.757226875974517
            ], 
            [
              -95.573313048597925, 
              42.757226875974517
            ], 
            [
              -95.573313048597925, 
              42.757192306377448
            ], 
            [
              -95.573313048597925, 
              42.757177883300528
            ]
          ]
        ], 
        "type": "Polygon"
      }, 
      "properties": {
        "Seat Count": "", 
        "Number": "013", 
        "NCES_Type": "Restroom - Bath/Shower", 
        "Workstations": "", 
        "Element": "Room", 
        "RevitId": 5744485, 
        "occupancyStatus": "Occupied", 
        "Building": "Connected Core", 
        "Area_SF": 136.24000000000001, 
        "Name": "RR", 
        "NCES_Occupancy Status": "", 
        "NCES_Department": "MHI", 
        "Level": "LEVEL 2", 
        "Revit_UniqueId": "1c550a43-f109-4309-9ac4-daec4b70f298-0057a765"
      }, 
      "type": "Feature"
    }, 
    {
      "geometry": {
        "coordinates": [
          [
            [
              -95.573337992871018, 
              42.757226875974517
            ], 
            [
              -95.573355765665610, 
              42.757226875974517
            ], 
            [
              -95.573355765665610, 
              42.757203524326165
            ], 
            [
              -95.573337992871018, 
              42.757203524326165
            ], 
            [
              -95.573337992871018, 
              42.757226875974517
            ]
          ]
        ], 
        "type": "Polygon"
      }, 
      "properties": {
        "Seat Count": "", 
        "Number": "012C", 
        "NCES_Type": "General Storage", 
        "Workstations": "", 
        "Element": "Room", 
        "RevitId": 5744488, 
        "occupancyStatus": "Occupied", 
        "Building": "Connected Core", 
        "Area_SF": 30.809999999999999, 
        "Name": "STOR", 
        "NCES_Occupancy Status": "", 
        "NCES_Department": "MHI", 
        "Level": "LEVEL 2", 
        "Revit_UniqueId": "1c550a43-f109-4309-9ac4-daec4b70f298-0057a768"
      }, 
      "type": "Feature"
    }, 
    {
      "geometry": {
        "coordinates": [
          [
            [
              -95.573313048597925, 
              42.757226875974517
            ], 
            [
              -95.573337992871018, 
              42.757226875974517
            ], 
            [
              -95.573337992871018, 
              42.757203524326165
            ], 
            [
              -95.573329921555541, 
              42.757203524326165
            ], 
            [
              -95.573329921555541, 
              42.757192306377448
            ], 
            [
              -95.573313048597925, 
              42.757192306377448
            ], 
            [
              -95.573313048597925, 
              42.757226875974517
            ]
          ]
        ], 
        "type": "Polygon"
      }, 
      "properties": {
        "Seat Count": "", 
        "Number": "012D", 
        "NCES_Type": "Single Stall Restroom", 
        "Workstations": "", 
        "Element": "Room", 
        "RevitId": 5744491, 
        "occupancyStatus": "Occupied", 
        "Building": "Connected Core", 
        "Area_SF": 57.310000000000002, 
        "Name": "RR", 
        "NCES_Occupancy Status": "", 
        "NCES_Department": "MHI", 
        "Level": "LEVEL 2", 
        "Revit_UniqueId": "1c550a43-f109-4309-9ac4-daec4b70f298-0057a76b"
      }, 
      "type": "Feature"
    }, 
    {
      "geometry": {
        "coordinates": [
          [
            [
              -95.573355765665610, 
              42.757226875974517
            ], 
            [
              -95.573383239939304, 
              42.757226875974517
            ], 
            [
              -95.573384175349545, 
              42.757226875974517
            ], 
            [
              -95.573384175349545, 
              42.757192306377448
            ], 
            [
              -95.573364219931065, 
              42.757192306377448
            ], 
            [
              -95.573364219931065, 
              42.757203524326165
            ], 
            [
              -95.573355765665610, 
              42.757203524326165
            ], 
            [
              -95.573355765665610, 
              42.757226875974517
            ]
          ]
        ], 
        "type": "Polygon"
      }, 
      "properties": {
        "Seat Count": "", 
        "Number": "012A", 
        "NCES_Type": "Single Stall Restroom", 
        "Workstations": "", 
        "Element": "Room", 
        "RevitId": 5744494, 
        "occupancyStatus": "Occupied", 
        "Building": "Connected Core", 
        "Area_SF": 67.180000000000007, 
        "Name": "RR", 
        "NCES_Occupancy Status": "", 
        "NCES_Department": "MHI", 
        "Level": "LEVEL 2", 
        "Revit_UniqueId": "1c550a43-f109-4309-9ac4-daec4b70f298-0057a76e"
      }, 
      "type": "Feature"
    }, 
    {
      "geometry": {
        "coordinates": [
          [
            [
              -95.573384175349545, 
              42.757177883300528
            ], 
            [
              -95.573313048597925, 
              42.757177883300528
            ], 
            [
              -95.573313048597925, 
              42.757192306377448
            ], 
            [
              -95.573329921555541, 
              42.757192306377448
            ], 
            [
              -95.573337992871018, 
              42.757192306377448
            ], 
            [
              -95.573355765665610, 
              42.757192306377448
            ], 
            [
              -95.573364219931065, 
              42.757192306377448
            ], 
            [
              -95.573384175349545, 
              42.757192306377448
            ], 
            [
              -95.573384175349545, 
              42.757177883300528
            ]
          ]
        ], 
        "type": "Polygon"
      }, 
      "properties": {
        "Seat Count": "", 
        "Number": "012", 
        "NCES_Type": "Corridor/Hallway", 
        "Workstations": "", 
        "Element": "Room", 
        "RevitId": 5744497, 
        "occupancyStatus": "Occupied", 
        "Building": "Connected Core", 
        "Area_SF": 72.040000000000006, 
        "Name": "HALL", 
        "NCES_Occupancy Status": "", 
        "NCES_Department": "MHI", 
        "Level": "LEVEL 2", 
        "Revit_UniqueId": "1c550a43-f109-4309-9ac4-daec4b70f298-0057a771"
      }, 
      "type": "Feature"
    }, 
    {
      "geometry": {
        "coordinates": [
          [
            [
              -95.570454909908179, 
              42.757374890482566
            ], 
            [
              -95.570455533515002, 
              42.757374890482566
            ], 
            [
              -95.570455533515002, 
              42.757366190848863
            ], 
            [
              -95.570423105959975, 
              42.757366190848863
            ], 
            [
              -95.570423105959975, 
              42.757378574986959
            ], 
            [
              -95.570428718421425, 
              42.757378574986959
            ], 
            [
              -95.570431836455555, 
              42.757378574986959
            ], 
            [
              -95.570431836455555, 
              42.757396661067546
            ], 
            [
              -95.570431836455555, 
              42.757399879687270
            ], 
            [
              -95.570431836455555, 
              42.757400553008942
            ], 
            [
              -95.570454909908179, 
              42.757400553008942
            ], 
            [
              -95.570454909908179, 
              42.757379948613334
            ], 
            [
              -95.570454909908179, 
              42.757375820612140
            ], 
            [
              -95.570454909908179, 
              42.757374890482566
            ]
          ]
        ], 
        "type": "Polygon"
      }, 
      "properties": {
        "Seat Count": "", 
        "Number": "317", 
        "NCES_Type": "Restroom - Bath/Shower", 
        "Workstations": "", 
        "Element": "Room", 
        "RevitId": 5744694, 
        "occupancyStatus": "Occupied", 
        "Building": "Connected Core", 
        "Area_SF": 72.310000000000002, 
        "Name": "RR", 
        "NCES_Occupancy Status": "", 
        "NCES_Department": "CCUSO", 
        "Level": "LEVEL 2", 
        "Revit_UniqueId": "a107dc4d-08a9-43ec-9390-33850078b50e-00578395"
      }, 
      "type": "Feature"
    }, 
    {
      "geometry": {
        "coordinates": [
          [
            [
              -95.570423105959975, 
              42.757366190848863
            ], 
            [
              -95.570394957444009, 
              42.757366190848863
            ], 
            [
              -95.570394957444009, 
              42.757382265926665
            ], 
            [
              -95.570399351324681, 
              42.757385492078193
            ], 
            [
              -95.570399351324681, 
              42.757399879687270
            ], 
            [
              -95.570407146410020, 
              42.757399879687270
            ], 
            [
              -95.570421489367050, 
              42.757399879687270
            ], 
            [
              -95.570421489367050, 
              42.757396661067546
            ], 
            [
              -95.570428718421425, 
              42.757396661067546
            ], 
            [
              -95.570428718421425, 
              42.757378574986959
            ], 
            [
              -95.570423105959975, 
              42.757378574986959
            ], 
            [
              -95.570423105959975, 
              42.757366190848863
            ]
          ]
        ], 
        "type": "Polygon"
      }, 
      "properties": {
        "Seat Count": "", 
        "Number": "318", 
        "NCES_Type": "Restroom - Bath/Shower", 
        "Workstations": "", 
        "Element": "Room", 
        "RevitId": 5744696, 
        "occupancyStatus": "Occupied", 
        "Building": "Connected Core", 
        "Area_SF": 79.170000000000002, 
        "Name": "ADA RR", 
        "NCES_Occupancy Status": "", 
        "NCES_Department": "CCUSO", 
        "Level": "LEVEL 2", 
        "Revit_UniqueId": "a107dc4d-08a9-43ec-9390-33850078b50e-005783a4"
      }, 
      "type": "Feature"
    }, 
    {
      "geometry": {
        "coordinates": [
          [
            [
              -95.570330964711118, 
              42.757407421140805
            ], 
            [
              -95.570330964711118, 
              42.757392060812236
            ], 
            [
              -95.570330964711118, 
              42.757379490737875
            ], 
            [
              -95.570330964711118, 
              42.757371227478899
            ], 
            [
              -95.570324416839426, 
              42.757371227478899
            ], 
            [
              -95.570324416839426, 
              42.757366190848863
            ], 
            [
              -95.570307891258494, 
              42.757366190848863
            ], 
            [
              -95.570307891258494, 
              42.757377179859851
            ], 
            [
              -95.570307891258494, 
              42.757393892314063
            ], 
            [
              -95.570297601745835, 
              42.757393892314063
            ], 
            [
              -95.570297601745835, 
              42.757404444950332
            ], 
            [
              -95.570297601745835, 
              42.757407421140805
            ], 
            [
              -95.570330964711118, 
              42.757407421140805
            ]
          ]
        ], 
        "type": "Polygon"
      }, 
      "properties": {
        "Seat Count": "", 
        "Number": "319", 
        "NCES_Type": "Restroom - Bath/Shower", 
        "Workstations": "", 
        "Element": "Room", 
        "RevitId": 5744698, 
        "occupancyStatus": "Occupied", 
        "Building": "Connected Core", 
        "Area_SF": 84.560000000000002, 
        "Name": "RR", 
        "NCES_Occupancy Status": "", 
        "NCES_Department": "CCUSO", 
        "Level": "LEVEL 2", 
        "Revit_UniqueId": "a107dc4d-08a9-43ec-9390-33850078b50e-005783ab"
      }, 
      "type": "Feature"
    }, 
    {
      "geometry": {
        "coordinates": [
          [
            [
              -95.570297601745835, 
              42.757366190848863
            ], 
            [
              -95.570297601745835, 
              42.757364130409300
            ], 
            [
              -95.570295730925366, 
              42.757364130409300
            ], 
            [
              -95.570295730925366, 
              42.757361562366320
            ], 
            [
              -95.570279518742353, 
              42.757357694655099
            ], 
            [
              -95.570271098161953, 
              42.757359823531182
            ], 
            [
              -95.570262991566921, 
              42.757361873026056
            ], 
            [
              -95.570262991566921, 
              42.757404444950332
            ], 
            [
              -95.570297601745835, 
              42.757404444950332
            ], 
            [
              -95.570297601745835, 
              42.757393892314063
            ], 
            [
              -95.570297601745835, 
              42.757377179859851
            ], 
            [
              -95.570297601745835, 
              42.757366190848863
            ]
          ]
        ], 
        "type": "Polygon"
      }, 
      "properties": {
        "Seat Count": "", 
        "Number": "320", 
        "NCES_Type": "Stair", 
        "Workstations": "", 
        "Element": "Room", 
        "RevitId": 5744754, 
        "occupancyStatus": "Occupied", 
        "Building": "Connected Core", 
        "Area_SF": 118.89000000000000, 
        "Name": "EXIT STAIR", 
        "NCES_Occupancy Status": "", 
        "NCES_Department": "CCUSO", 
        "Level": "LEVEL 2", 
        "Revit_UniqueId": "a107dc4d-08a9-43ec-9390-33850078b50e-00579d4d"
      }, 
      "type": "Feature"
    }, 
    {
      "geometry": {
        "coordinates": [
          [
            [
              [
                -95.573383239939304, 
                42.757283348038946
              ], 
              [
                -95.573383239939304, 
                42.757325245314611
              ], 
              [
                -95.573440611767424, 
                42.757325245314611
              ], 
              [
                -95.573440611767424, 
                42.757294456882953
              ], 
              [
                -95.573440611767424, 
                42.757277855204720
              ], 
              [
                -95.573416914707977, 
                42.757277855204720
              ], 
              [
                -95.573416914707977, 
                42.757177883300528
              ], 
              [
                -95.573384175349545, 
                42.757177883300528
              ], 
              [
                -95.573384175349545, 
                42.757192306377448
              ], 
              [
                -95.573384175349545, 
                42.757226875974517
              ], 
              [
                -95.573383239939304, 
                42.757226875974517
              ], 
              [
                -95.573383239939304, 
                42.757259996390594
              ], 
              [
                -95.573383239939304, 
                42.757283348038946
              ]
            ]
          ], 
          [
            [
              [
                -95.573423453798497, 
                42.757291677096951
              ], 
              [
                -95.573423453798497, 
                42.757309820118920
              ], 
              [
                -95.573415035106336, 
                42.757309820118920
              ], 
              [
                -95.573415035106336, 
                42.757291677096951
              ], 
              [
                -95.573423453798497, 
                42.757291677096951
              ]
            ]
          ]
        ], 
        "type": "MultiPolygon"
      }, 
      "properties": {
        "Seat Count": "", 
        "Number": "029", 
        "NCES_Type": "Corridor/Hallway", 
        "Workstations": "", 
        "Element": "Room", 
        "RevitId": 5843642, 
        "occupancyStatus": "Occupied", 
        "Building": "Connected Core", 
        "Area_SF": 473.56999999999999, 
        "Name": "CORRIDOR", 
        "NCES_Occupancy Status": "", 
        "NCES_Department": "MHI", 
        "Level": "LEVEL 2", 
        "Revit_UniqueId": "8e90ecec-d930-4d50-b0be-9419869b5611-00592aba"
      }, 
      "type": "Feature"
    }, 
    {
      "geometry": {
        "coordinates": [
          [
            [
              -95.573781331796042, 
              42.757325245314611
            ], 
            [
              -95.573901687913761, 
              42.757325245314611
            ], 
            [
              -95.573901687913761, 
              42.757282205021575
            ], 
            [
              -95.573780396385800, 
              42.757282205021575
            ], 
            [
              -95.573780396385800, 
              42.757294456882953
            ], 
            [
              -95.573781331796042, 
              42.757294456882953
            ], 
            [
              -95.573781331796042, 
              42.757325245314611
            ]
          ]
        ], 
        "type": "Polygon"
      }, 
      "properties": {
        "Seat Count": "", 
        "Number": "009", 
        "NCES_Type": "Patient Room", 
        "Workstations": "", 
        "Element": "Room", 
        "RevitId": 5848898, 
        "occupancyStatus": "Occupied", 
        "Building": "Connected Core", 
        "Area_SF": 430.25999999999999, 
        "Name": "DORM", 
        "NCES_Occupancy Status": "", 
        "NCES_Department": "MHI", 
        "Level": "LEVEL 2", 
        "Revit_UniqueId": "b1859930-00b7-4da9-b24b-eb88162ccf03-00593f42"
      }, 
      "type": "Feature"
    }, 
    {
      "geometry": {
        "coordinates": [
          [
            [
              -95.573746098010290, 
              42.757325245314611
            ], 
            [
              -95.573781331796042, 
              42.757325245314611
            ], 
            [
              -95.573781331796042, 
              42.757294456882953
            ], 
            [
              -95.573780396385800, 
              42.757294456882953
            ], 
            [
              -95.573746098010290, 
              42.757294456882953
            ], 
            [
              -95.573746098010290, 
              42.757325245314611
            ]
          ]
        ], 
        "type": "Polygon"
      }, 
      "properties": {
        "Seat Count": "", 
        "Number": "008", 
        "NCES_Type": "Patient Room", 
        "Workstations": "", 
        "Element": "Room", 
        "RevitId": 5848901, 
        "occupancyStatus": "Occupied", 
        "Building": "Connected Core", 
        "Area_SF": 79.599999999999994, 
        "Name": "DORM", 
        "NCES_Occupancy Status": "", 
        "NCES_Department": "MHI", 
        "Level": "LEVEL 2", 
        "Revit_UniqueId": "b1859930-00b7-4da9-b24b-eb88162ccf03-00593f45"
      }, 
      "type": "Feature"
    }, 
    {
      "geometry": {
        "coordinates": [
          [
            [
              -95.573711470877186, 
              42.757325245314611
            ], 
            [
              -95.573746098010290, 
              42.757325245314611
            ], 
            [
              -95.573746098010290, 
              42.757294456882953
            ], 
            [
              -95.573711470877186, 
              42.757294456882953
            ], 
            [
              -95.573711470877186, 
              42.757325245314611
            ]
          ]
        ], 
        "type": "Polygon"
      }, 
      "properties": {
        "Seat Count": "", 
        "Number": "007", 
        "NCES_Type": "Patient Room", 
        "Workstations": "", 
        "Element": "Room", 
        "RevitId": 5848904, 
        "occupancyStatus": "Occupied", 
        "Building": "Connected Core", 
        "Area_SF": 78.060000000000002, 
        "Name": "DORM", 
        "NCES_Occupancy Status": "", 
        "NCES_Department": "MHI", 
        "Level": "LEVEL 2", 
        "Revit_UniqueId": "b1859930-00b7-4da9-b24b-eb88162ccf03-00593f48"
      }, 
      "type": "Feature"
    }, 
    {
      "geometry": {
        "coordinates": [
          [
            [
              -95.573676548894852, 
              42.757325245314611
            ], 
            [
              -95.573711470877186, 
              42.757325245314611
            ], 
            [
              -95.573711470877186, 
              42.757294456882953
            ], 
            [
              -95.573694321689430, 
              42.757294456882953
            ], 
            [
              -95.573676548894852, 
              42.757294456882953
            ], 
            [
              -95.573676548894852, 
              42.757325245314611
            ]
          ]
        ], 
        "type": "Polygon"
      }, 
      "properties": {
        "Seat Count": "", 
        "Number": "006", 
        "NCES_Type": "Patient Room", 
        "Workstations": "", 
        "Element": "Room", 
        "RevitId": 5848907, 
        "occupancyStatus": "Occupied", 
        "Building": "Connected Core", 
        "Area_SF": 76.439999999999998, 
        "Name": "DORM", 
        "NCES_Occupancy Status": "", 
        "NCES_Department": "MHI", 
        "Level": "LEVEL 2", 
        "Revit_UniqueId": "b1859930-00b7-4da9-b24b-eb88162ccf03-00593f4b"
      }, 
      "type": "Feature"
    }, 
    {
      "geometry": {
        "coordinates": [
          [
            [
              -95.573383239939304, 
              42.757325245314611
            ], 
            [
              -95.573380433708579, 
              42.757325245314611
            ], 
            [
              -95.573378584575849, 
              42.757360701555271
            ], 
            [
              -95.573381390806574, 
              42.757360701555271
            ], 
            [
              -95.573413818361601, 
              42.757360701555271
            ], 
            [
              -95.573475243634107, 
              42.757360701555271
            ], 
            [
              -95.573502370531102, 
              42.757360701555271
            ], 
            [
              -95.573517960701793, 
              42.757360701555271
            ], 
            [
              -95.573614819386194, 
              42.757360701555271
            ], 
            [
              -95.573614819386194, 
              42.757359327928896
            ], 
            [
              -95.573616697689957, 
              42.757359327928896
            ], 
            [
              -95.573659399707097, 
              42.757359327928896
            ], 
            [
              -95.573674670591089, 
              42.757359327928896
            ], 
            [
              -95.573676548894852, 
              42.757359327928896
            ], 
            [
              -95.573676548894852, 
              42.757360701555271
            ], 
            [
              -95.573722980147721, 
              42.757360701555271
            ], 
            [
              -95.573742935566202, 
              42.757360701555271
            ], 
            [
              -95.573774558333639, 
              42.757360701555271
            ], 
            [
              -95.573797008179426, 
              42.757360701555271
            ], 
            [
              -95.573826317700323, 
              42.757360701555271
            ], 
            [
              -95.573849188149879, 
              42.757360701555271
            ], 
            [
              -95.573868208158117, 
              42.757360701555271
            ], 
            [
              -95.573882551115148, 
              42.757360701555271
            ], 
            [
              -95.573901687913761, 
              42.757360701555271
            ], 
            [
              -95.573907742599943, 
              42.757360701555271
            ], 
            [
              -95.573924441353981, 
              42.757355778036164
            ], 
            [
              -95.573907742599943, 
              42.757325245314611
            ], 
            [
              -95.573901687913761, 
              42.757325245314611
            ], 
            [
              -95.573781331796042, 
              42.757325245314611
            ], 
            [
              -95.573746098010290, 
              42.757325245314611
            ], 
            [
              -95.573711470877186, 
              42.757325245314611
            ], 
            [
              -95.573676548894852, 
              42.757325245314611
            ], 
            [
              -95.573676548894852, 
              42.757294456882953
            ], 
            [
              -95.573676548894852, 
              42.757279228831095
            ], 
            [
              -95.573676548894852, 
              42.757260455937320
            ], 
            [
              -95.573613883975952, 
              42.757260455937320
            ], 
            [
              -95.573613883975952, 
              42.757279228831095
            ], 
            [
              -95.573613883975952, 
              42.757294456882953
            ], 
            [
              -95.573614819386194, 
              42.757294456882953
            ], 
            [
              -95.573614819386194, 
              42.757325245314611
            ], 
            [
              -95.573578950151045, 
              42.757325245314611
            ], 
            [
              -95.573543716365293, 
              42.757325245314611
            ], 
            [
              -95.573509417989783, 
              42.757325245314611
            ], 
            [
              -95.573474910142949, 
              42.757325245314611
            ], 
            [
              -95.573440611767424, 
              42.757325245314611
            ], 
            [
              -95.573383239939304, 
              42.757325245314611
            ]
          ]
        ], 
        "type": "Polygon"
      }, 
      "properties": {
        "Seat Count": "", 
        "Number": "047", 
        "NCES_Type": "Commons", 
        "Workstations": "", 
        "Element": "Room", 
        "RevitId": 5848910, 
        "occupancyStatus": "Occupied", 
        "Building": "Connected Core", 
        "Area_SF": 2184.5, 
        "Name": "COMMONS", 
        "NCES_Occupancy Status": "", 
        "NCES_Department": "MHI", 
        "Level": "LEVEL 2", 
        "Revit_UniqueId": "b1859930-00b7-4da9-b24b-eb88162ccf03-00593f4e"
      }, 
      "type": "Feature"
    }, 
    {
      "geometry": {
        "coordinates": [
          [
            [
              -95.573578950151045, 
              42.757325245314611
            ], 
            [
              -95.573614819386194, 
              42.757325245314611
            ], 
            [
              -95.573614819386194, 
              42.757294456882953
            ], 
            [
              -95.573613883975952, 
              42.757294456882953
            ], 
            [
              -95.573596250572578, 
              42.757294456882953
            ], 
            [
              -95.573578950151045, 
              42.757294456882953
            ], 
            [
              -95.573578950151045, 
              42.757325245314611
            ]
          ]
        ], 
        "type": "Polygon"
      }, 
      "properties": {
        "Seat Count": "", 
        "Number": "005", 
        "NCES_Type": "Patient Room", 
        "Workstations": "", 
        "Element": "Room", 
        "RevitId": 5848913, 
        "occupancyStatus": "Occupied", 
        "Building": "Connected Core", 
        "Area_SF": 81.200000000000003, 
        "Name": "DORM", 
        "NCES_Occupancy Status": "", 
        "NCES_Department": "MHI", 
        "Level": "LEVEL 2", 
        "Revit_UniqueId": "b1859930-00b7-4da9-b24b-eb88162ccf03-00593f51"
      }, 
      "type": "Feature"
    }, 
    {
      "geometry": {
        "coordinates": [
          [
            [
              -95.573543716365293, 
              42.757325245314611
            ], 
            [
              -95.573578950151045, 
              42.757325245314611
            ], 
            [
              -95.573578950151045, 
              42.757294456882953
            ], 
            [
              -95.573543716365293, 
              42.757294456882953
            ], 
            [
              -95.573543716365293, 
              42.757325245314611
            ]
          ]
        ], 
        "type": "Polygon"
      }, 
      "properties": {
        "Seat Count": "", 
        "Number": "004", 
        "NCES_Type": "Patient Room", 
        "Workstations": "", 
        "Element": "Room", 
        "RevitId": 5848916, 
        "occupancyStatus": "Occupied", 
        "Building": "Connected Core", 
        "Area_SF": 79.599999999999994, 
        "Name": "DORM", 
        "NCES_Occupancy Status": "", 
        "NCES_Department": "MHI", 
        "Level": "LEVEL 2", 
        "Revit_UniqueId": "b1859930-00b7-4da9-b24b-eb88162ccf03-00593f54"
      }, 
      "type": "Feature"
    }, 
    {
      "geometry": {
        "coordinates": [
          [
            [
              -95.573509417989783, 
              42.757325245314611
            ], 
            [
              -95.573543716365293, 
              42.757325245314611
            ], 
            [
              -95.573543716365293, 
              42.757294456882953
            ], 
            [
              -95.573509417989783, 
              42.757294456882953
            ], 
            [
              -95.573509417989783, 
              42.757325245314611
            ]
          ]
        ], 
        "type": "Polygon"
      }, 
      "properties": {
        "Seat Count": "", 
        "Number": "003", 
        "NCES_Type": "Patient Room", 
        "Workstations": "", 
        "Element": "Room", 
        "RevitId": 5848919, 
        "occupancyStatus": "Occupied", 
        "Building": "Connected Core", 
        "Area_SF": 77.230000000000004, 
        "Name": "DORM", 
        "NCES_Occupancy Status": "", 
        "NCES_Department": "MHI", 
        "Level": "LEVEL 2", 
        "Revit_UniqueId": "b1859930-00b7-4da9-b24b-eb88162ccf03-00593f57"
      }, 
      "type": "Feature"
    }, 
    {
      "geometry": {
        "coordinates": [
          [
            [
              -95.573474910142949, 
              42.757325245314611
            ], 
            [
              -95.573509417989783, 
              42.757325245314611
            ], 
            [
              -95.573509417989783, 
              42.757294456882953
            ], 
            [
              -95.573474910142949, 
              42.757294456882953
            ], 
            [
              -95.573474910142949, 
              42.757325245314611
            ]
          ]
        ], 
        "type": "Polygon"
      }, 
      "properties": {
        "Seat Count": "", 
        "Number": "002", 
        "NCES_Type": "Patient Room", 
        "Workstations": "", 
        "Element": "Room", 
        "RevitId": 5848922, 
        "occupancyStatus": "Occupied", 
        "Building": "Connected Core", 
        "Area_SF": 77.760000000000005, 
        "Name": "DORM", 
        "NCES_Occupancy Status": "", 
        "NCES_Department": "MHI", 
        "Level": "LEVEL 2", 
        "Revit_UniqueId": "b1859930-00b7-4da9-b24b-eb88162ccf03-00593f5a"
      }, 
      "type": "Feature"
    }, 
    {
      "geometry": {
        "coordinates": [
          [
            [
              -95.573440611767424, 
              42.757325245314611
            ], 
            [
              -95.573474910142949, 
              42.757325245314611
            ], 
            [
              -95.573474910142949, 
              42.757294456882953
            ], 
            [
              -95.573440611767424, 
              42.757294456882953
            ], 
            [
              -95.573440611767424, 
              42.757325245314611
            ]
          ]
        ], 
        "type": "Polygon"
      }, 
      "properties": {
        "Seat Count": "", 
        "Number": "001", 
        "NCES_Type": "Patient Room", 
        "Workstations": "", 
        "Element": "Room", 
        "RevitId": 5848925, 
        "occupancyStatus": "Occupied", 
        "Building": "Connected Core", 
        "Area_SF": 77.230000000000004, 
        "Name": "DORM", 
        "NCES_Occupancy Status": "", 
        "NCES_Department": "MHI", 
        "Level": "LEVEL 2", 
        "Revit_UniqueId": "b1859930-00b7-4da9-b24b-eb88162ccf03-00593f5d"
      }, 
      "type": "Feature"
    }, 
    {
      "geometry": {
        "coordinates": [
          [
            [
              -95.573875691440051, 
              42.757404081562022
            ], 
            [
              -95.573901687913761, 
              42.757404081562022
            ], 
            [
              -95.573901687913761, 
              42.757402467206298
            ], 
            [
              -95.573901687913761, 
              42.757360701555271
            ], 
            [
              -95.573882551115148, 
              42.757360701555271
            ], 
            [
              -95.573882551115148, 
              42.757373522068093
            ], 
            [
              -95.573868208158117, 
              42.757373522068093
            ], 
            [
              -95.573868208158117, 
              42.757393210712777
            ], 
            [
              -95.573875691440051, 
              42.757393210712777
            ], 
            [
              -95.573875691440051, 
              42.757404081562022
            ]
          ]
        ], 
        "type": "Polygon"
      }, 
      "properties": {
        "Seat Count": "", 
        "Number": "010", 
        "NCES_Type": "Single Stall Restroom", 
        "Workstations": "", 
        "Element": "Room", 
        "RevitId": 5848928, 
        "occupancyStatus": "Occupied", 
        "Building": "Connected Core", 
        "Area_SF": 87.650000000000006, 
        "Name": "RR", 
        "NCES_Occupancy Status": "", 
        "NCES_Department": "MHI", 
        "Level": "LEVEL 2", 
        "Revit_UniqueId": "b1859930-00b7-4da9-b24b-eb88162ccf03-00593f60"
      }, 
      "type": "Feature"
    }, 
    {
      "geometry": {
        "coordinates": [
          [
            [
              -95.573882551115148, 
              42.757360701555271
            ], 
            [
              -95.573868208158117, 
              42.757360701555271
            ], 
            [
              -95.573868208158117, 
              42.757373522068093
            ], 
            [
              -95.573882551115148, 
              42.757373522068093
            ], 
            [
              -95.573882551115148, 
              42.757360701555271
            ]
          ]
        ], 
        "type": "Polygon"
      }, 
      "properties": {
        "Seat Count": "", 
        "Number": "054", 
        "NCES_Type": "Closet", 
        "Workstations": "", 
        "Element": "Room", 
        "RevitId": 5848931, 
        "occupancyStatus": "Occupied", 
        "Building": "Connected Core", 
        "Area_SF": 11.310000000000000, 
        "Name": "LINEN CLOSET", 
        "NCES_Occupancy Status": "", 
        "NCES_Department": "MHI", 
        "Level": "LEVEL 2", 
        "Revit_UniqueId": "b1859930-00b7-4da9-b24b-eb88162ccf03-00593f63"
      }, 
      "type": "Feature"
    }, 
    {
      "geometry": {
        "coordinates": [
          [
            [
              -95.573839522244057, 
              42.757404081562022
            ], 
            [
              -95.573868208158117, 
              42.757404081562022
            ], 
            [
              -95.573868208158117, 
              42.757393210712777
            ], 
            [
              -95.573868208158117, 
              42.757373522068093
            ], 
            [
              -95.573868208158117, 
              42.757360701555271
            ], 
            [
              -95.573849188149879, 
              42.757360701555271
            ], 
            [
              -95.573849188149879, 
              42.757383436956559
            ], 
            [
              -95.573839522244057, 
              42.757383436956559
            ], 
            [
              -95.573839522244057, 
              42.757404081562022
            ]
          ]
        ], 
        "type": "Polygon"
      }, 
      "properties": {
        "Seat Count": "", 
        "Number": "012", 
        "NCES_Type": "Single Stall Restroom", 
        "Workstations": "", 
        "Element": "Room", 
        "RevitId": 5848934, 
        "occupancyStatus": "Occupied", 
        "Building": "Connected Core", 
        "Area_SF": 78.75, 
        "Name": "RR", 
        "NCES_Occupancy Status": "", 
        "NCES_Department": "MHI", 
        "Level": "LEVEL 2", 
        "Revit_UniqueId": "b1859930-00b7-4da9-b24b-eb88162ccf03-00593f66"
      }, 
      "type": "Feature"
    }, 
    {
      "geometry": {
        "coordinates": [
          [
            [
              -95.573824446879840, 
              42.757404081562022
            ], 
            [
              -95.573839522244057, 
              42.757404081562022
            ], 
            [
              -95.573839522244057, 
              42.757383436956559
            ], 
            [
              -95.573849188149879, 
              42.757383436956559
            ], 
            [
              -95.573849188149879, 
              42.757360701555271
            ], 
            [
              -95.573826317700323, 
              42.757360701555271
            ], 
            [
              -95.573826317700323, 
              42.757378329760400
            ], 
            [
              -95.573826317700323, 
              42.757384740016811
            ], 
            [
              -95.573824446879840, 
              42.757384740016811
            ], 
            [
              -95.573824446879840, 
              42.757404081562022
            ]
          ]
        ], 
        "type": "Polygon"
      }, 
      "properties": {
        "Seat Count": "", 
        "Number": "013", 
        "NCES_Type": "Janitor/Custodial Closet", 
        "Workstations": "", 
        "Element": "Room", 
        "RevitId": 5848937, 
        "occupancyStatus": "Occupied", 
        "Building": "Connected Core", 
        "Area_SF": 63.670000000000002, 
        "Name": "JAN", 
        "NCES_Occupancy Status": "", 
        "NCES_Department": "MHI", 
        "Level": "LEVEL 2", 
        "Revit_UniqueId": "b1859930-00b7-4da9-b24b-eb88162ccf03-00593f69"
      }, 
      "type": "Feature"
    }, 
    {
      "geometry": {
        "coordinates": [
          [
            [
              -95.573802414964447, 
              42.757404081562022
            ], 
            [
              -95.573824446879840, 
              42.757404081562022
            ], 
            [
              -95.573824446879840, 
              42.757384740016811
            ], 
            [
              -95.573826317700323, 
              42.757384740016811
            ], 
            [
              -95.573826317700323, 
              42.757378329760400
            ], 
            [
              -95.573826317700323, 
              42.757360701555271
            ], 
            [
              -95.573797008179426, 
              42.757360701555271
            ], 
            [
              -95.573797008179426, 
              42.757378329760400
            ], 
            [
              -95.573797008179426, 
              42.757395729027799
            ], 
            [
              -95.573802414964447, 
              42.757395729027799
            ], 
            [
              -95.573802414964447, 
              42.757404081562022
            ]
          ]
        ], 
        "type": "Polygon"
      }, 
      "properties": {
        "Seat Count": "", 
        "Number": "014", 
        "NCES_Type": "Single Stall Restroom", 
        "Workstations": "", 
        "Element": "Room", 
        "RevitId": 5848940, 
        "occupancyStatus": "Occupied", 
        "Building": "Connected Core", 
        "Area_SF": 96.519999999999996, 
        "Name": "RR", 
        "NCES_Occupancy Status": "", 
        "NCES_Department": "MHI", 
        "Level": "LEVEL 2", 
        "Revit_UniqueId": "b1859930-00b7-4da9-b24b-eb88162ccf03-00593f6c"
      }, 
      "type": "Feature"
    }, 
    {
      "geometry": {
        "coordinates": [
          [
            [
              -95.573774558333639, 
              42.757404081562022
            ], 
            [
              -95.573791707521394, 
              42.757404081562022
            ], 
            [
              -95.573791707521394, 
              42.757395729027799
            ], 
            [
              -95.573797008179426, 
              42.757395729027799
            ], 
            [
              -95.573797008179426, 
              42.757378329760400
            ], 
            [
              -95.573797008179426, 
              42.757360701555271
            ], 
            [
              -95.573774558333639, 
              42.757360701555271
            ], 
            [
              -95.573774558333639, 
              42.757404081562022
            ]
          ]
        ], 
        "type": "Polygon"
      }, 
      "properties": {
        "Seat Count": "", 
        "Number": "015", 
        "NCES_Type": "Single Stall Restroom", 
        "Workstations": "", 
        "Element": "Room", 
        "RevitId": 5848943, 
        "occupancyStatus": "Occupied", 
        "Building": "Connected Core", 
        "Area_SF": 73.620000000000005, 
        "Name": "RR", 
        "NCES_Occupancy Status": "", 
        "NCES_Department": "MHI", 
        "Level": "LEVEL 2", 
        "Revit_UniqueId": "b1859930-00b7-4da9-b24b-eb88162ccf03-00593f6f"
      }, 
      "type": "Feature"
    }, 
    {
      "geometry": {
        "coordinates": [
          [
            [
              -95.573755095899344, 
              42.757399857690821
            ], 
            [
              -95.573755095899344, 
              42.757404081562022
            ], 
            [
              -95.573774558333639, 
              42.757404081562022
            ], 
            [
              -95.573774558333639, 
              42.757360701555271
            ], 
            [
              -95.573742935566202, 
              42.757360701555271
            ], 
            [
              -95.573742935566202, 
              42.757380626921588
            ], 
            [
              -95.573742935566202, 
              42.757399857690821
            ], 
            [
              -95.573755095899344, 
              42.757399857690821
            ]
          ]
        ], 
        "type": "Polygon"
      }, 
      "properties": {
        "Seat Count": "", 
        "Number": "016", 
        "NCES_Type": "Restroom - Bath/Shower", 
        "Workstations": "", 
        "Element": "Room", 
        "RevitId": 5848946, 
        "occupancyStatus": "Occupied", 
        "Building": "Connected Core", 
        "Area_SF": 106.02000000000000, 
        "Name": "RR", 
        "NCES_Occupancy Status": "", 
        "NCES_Department": "MHI", 
        "Level": "LEVEL 2", 
        "Revit_UniqueId": "b1859930-00b7-4da9-b24b-eb88162ccf03-00593f72"
      }, 
      "type": "Feature"
    }, 
    {
      "geometry": {
        "coordinates": [
          [
            [
              -95.573722980147721, 
              42.757404081562022
            ], 
            [
              -95.573742935566202, 
              42.757404081562022
            ], 
            [
              -95.573742935566202, 
              42.757399857690821
            ], 
            [
              -95.573742935566202, 
              42.757380626921588
            ], 
            [
              -95.573742935566202, 
              42.757360701555271
            ], 
            [
              -95.573722980147721, 
              42.757360701555271
            ], 
            [
              -95.573722980147721, 
              42.757404081562022
            ]
          ]
        ], 
        "type": "Polygon"
      }, 
      "properties": {
        "Seat Count": "", 
        "Number": "017", 
        "NCES_Type": "Patient Room", 
        "Workstations": "", 
        "Element": "Room", 
        "RevitId": 5848949, 
        "occupancyStatus": "Occupied", 
        "Building": "Connected Core", 
        "Area_SF": 69.069999999999993, 
        "Name": "DORM", 
        "NCES_Occupancy Status": "", 
        "NCES_Department": "MHI", 
        "Level": "LEVEL 2", 
        "Revit_UniqueId": "b1859930-00b7-4da9-b24b-eb88162ccf03-00593f75"
      }, 
      "type": "Feature"
    }, 
    {
      "geometry": {
        "coordinates": [
          [
            [
              -95.573676548894852, 
              42.757404081562022
            ], 
            [
              -95.573722980147721, 
              42.757404081562022
            ], 
            [
              -95.573722980147721, 
              42.757360701555271
            ], 
            [
              -95.573676548894852, 
              42.757360701555271
            ], 
            [
              -95.573676548894852, 
              42.757385655767727
            ], 
            [
              -95.573676548894852, 
              42.757404081562022
            ]
          ]
        ], 
        "type": "Polygon"
      }, 
      "properties": {
        "Seat Count": "", 
        "Number": "018", 
        "NCES_Type": "Private Office - Enclosed", 
        "Workstations": "", 
        "Element": "Room", 
        "RevitId": 5848952, 
        "occupancyStatus": "Occupied", 
        "Building": "Connected Core", 
        "Area_SF": 166.62000000000000, 
        "Name": "OFFICE", 
        "NCES_Occupancy Status": "", 
        "NCES_Department": "MHI", 
        "Level": "LEVEL 2", 
        "Revit_UniqueId": "b1859930-00b7-4da9-b24b-eb88162ccf03-00593f78"
      }, 
      "type": "Feature"
    }, 
    {
      "geometry": {
        "coordinates": [
          [
            [
              -95.573614819386194, 
              42.757402124905546
            ], 
            [
              -95.573614819386194, 
              42.757404199723773
            ], 
            [
              -95.573613883975952, 
              42.757404199723773
            ], 
            [
              -95.573613883975952, 
              42.757407633789704
            ], 
            [
              -95.573677484305094, 
              42.757407633789704
            ], 
            [
              -95.573677484305094, 
              42.757404199723773
            ], 
            [
              -95.573676548894852, 
              42.757404199723773
            ], 
            [
              -95.573676548894852, 
              42.757402006743796
            ], 
            [
              -95.573676548894852, 
              42.757385655767727
            ], 
            [
              -95.573659399707097, 
              42.757385655767727
            ], 
            [
              -95.573614819386194, 
              42.757385655767727
            ], 
            [
              -95.573614819386194, 
              42.757402124905546
            ]
          ]
        ], 
        "type": "Polygon"
      }, 
      "properties": {
        "Seat Count": "", 
        "Number": "019A", 
        "NCES_Type": "Mechanical Room", 
        "Workstations": "", 
        "Element": "Room", 
        "RevitId": 5848955, 
        "occupancyStatus": "Occupied", 
        "Building": "Connected Core", 
        "Area_SF": 214.43000000000001, 
        "Name": "MECH", 
        "NCES_Occupancy Status": "", 
        "NCES_Department": "MHI", 
        "Level": "LEVEL 2", 
        "Revit_UniqueId": "b1859930-00b7-4da9-b24b-eb88162ccf03-00593f7b"
      }, 
      "type": "Feature"
    }, 
    {
      "geometry": {
        "coordinates": [
          [
            [
              -95.573676548894852, 
              42.757385655767727
            ], 
            [
              -95.573676548894852, 
              42.757359327928896
            ], 
            [
              -95.573659399707097, 
              42.757359327928896
            ], 
            [
              -95.573659399707097, 
              42.757385655767727
            ], 
            [
              -95.573676548894852, 
              42.757385655767727
            ]
          ]
        ], 
        "type": "Polygon"
      }, 
      "properties": {
        "Seat Count": "", 
        "Number": "019", 
        "NCES_Type": "Vestibule", 
        "Workstations": "", 
        "Element": "Room", 
        "RevitId": 5848958, 
        "occupancyStatus": "Occupied", 
        "Building": "Connected Core", 
        "Area_SF": 34.820000000000000, 
        "Name": "VEST", 
        "NCES_Occupancy Status": "", 
        "NCES_Department": "MHI", 
        "Level": "LEVEL 2", 
        "Revit_UniqueId": "b1859930-00b7-4da9-b24b-eb88162ccf03-00593f7e"
      }, 
      "type": "Feature"
    }, 
    {
      "geometry": {
        "coordinates": [
          [
            [
              -95.573614819386194, 
              42.757359327928896
            ], 
            [
              -95.573614819386194, 
              42.757385655767727
            ], 
            [
              -95.573659399707097, 
              42.757385655767727
            ], 
            [
              -95.573659399707097, 
              42.757359327928896
            ], 
            [
              -95.573614819386194, 
              42.757359327928896
            ]
          ]
        ], 
        "type": "Polygon"
      }, 
      "properties": {
        "Seat Count": "", 
        "Number": "020", 
        "NCES_Type": "Patient Room", 
        "Workstations": "", 
        "Element": "Room", 
        "RevitId": 5848961, 
        "occupancyStatus": "Occupied", 
        "Building": "Connected Core", 
        "Area_SF": 101.41000000000000, 
        "Name": "DORM", 
        "NCES_Occupancy Status": "", 
        "NCES_Department": "MHI", 
        "Level": "LEVEL 2", 
        "Revit_UniqueId": "b1859930-00b7-4da9-b24b-eb88162ccf03-00593f81"
      }, 
      "type": "Feature"
    }, 
    {
      "geometry": {
        "coordinates": [
          [
            [
              -95.573517960701793, 
              42.757404199723773
            ], 
            [
              -95.573614819386194, 
              42.757404199723773
            ], 
            [
              -95.573614819386194, 
              42.757385655767727
            ], 
            [
              -95.573614819386194, 
              42.757360701555271
            ], 
            [
              -95.573517960701793, 
              42.757360701555271
            ], 
            [
              -95.573517960701793, 
              42.757373522068093
            ], 
            [
              -95.573517960701793, 
              42.757404199723773
            ]
          ]
        ], 
        "type": "Polygon"
      }, 
      "properties": {
        "Seat Count": "", 
        "Number": "021", 
        "NCES_Type": "Patient Room", 
        "Workstations": "", 
        "Element": "Room", 
        "RevitId": 5848964, 
        "occupancyStatus": "Occupied", 
        "Building": "Connected Core", 
        "Area_SF": 356.70999999999998, 
        "Name": "DORM", 
        "NCES_Occupancy Status": "", 
        "NCES_Department": "MHI", 
        "Level": "LEVEL 2", 
        "Revit_UniqueId": "b1859930-00b7-4da9-b24b-eb88162ccf03-00593f84"
      }, 
      "type": "Feature"
    }, 
    {
      "geometry": {
        "coordinates": [
          [
            [
              -95.573475243634107, 
              42.757404199723773
            ], 
            [
              -95.573517960701793, 
              42.757404199723773
            ], 
            [
              -95.573517960701793, 
              42.757373522068093
            ], 
            [
              -95.573502370531102, 
              42.757373522068093
            ], 
            [
              -95.573502370531102, 
              42.757360701555271
            ], 
            [
              -95.573475243634107, 
              42.757360701555271
            ], 
            [
              -95.573475243634107, 
              42.757373522068093
            ], 
            [
              -95.573475243634107, 
              42.757383137452706
            ], 
            [
              -95.573475243634107, 
              42.757404199723773
            ]
          ]
        ], 
        "type": "Polygon"
      }, 
      "properties": {
        "Seat Count": "", 
        "Number": "022", 
        "NCES_Type": "Laundry", 
        "Workstations": "", 
        "Element": "Room", 
        "RevitId": 5848967, 
        "occupancyStatus": "Occupied", 
        "Building": "Connected Core", 
        "Area_SF": 132.99000000000001, 
        "Name": "LAUNDRY / \r\nKITCHEN", 
        "NCES_Occupancy Status": "", 
        "NCES_Department": "MHI", 
        "Level": "LEVEL 2", 
        "Revit_UniqueId": "b1859930-00b7-4da9-b24b-eb88162ccf03-00593f87"
      }, 
      "type": "Feature"
    }, 
    {
      "geometry": {
        "coordinates": [
          [
            [
              -95.573435644600565, 
              42.757404199723773
            ], 
            [
              -95.573475243634107, 
              42.757404199723773
            ], 
            [
              -95.573475243634107, 
              42.757383137452706
            ], 
            [
              -95.573435644600565, 
              42.757383137452706
            ], 
            [
              -95.573435644600565, 
              42.757404199723773
            ]
          ]
        ], 
        "type": "Polygon"
      }, 
      "properties": {
        "Seat Count": "", 
        "Number": "023A", 
        "NCES_Type": "Patient Room", 
        "Workstations": "", 
        "Element": "Room", 
        "RevitId": 5848970, 
        "occupancyStatus": "Occupied", 
        "Building": "Connected Core", 
        "Area_SF": 65.560000000000002, 
        "Name": "DORM", 
        "NCES_Occupancy Status": "", 
        "NCES_Department": "MHI", 
        "Level": "LEVEL 2", 
        "Revit_UniqueId": "b1859930-00b7-4da9-b24b-eb88162ccf03-00593f8a"
      }, 
      "type": "Feature"
    }, 
    {
      "geometry": {
        "coordinates": [
          [
            [
              -95.573475243634107, 
              42.757360701555271
            ], 
            [
              -95.573413818361601, 
              42.757360701555271
            ], 
            [
              -95.573413818361601, 
              42.757383137452706
            ], 
            [
              -95.573435644600565, 
              42.757383137452706
            ], 
            [
              -95.573475243634107, 
              42.757383137452706
            ], 
            [
              -95.573475243634107, 
              42.757373522068093
            ], 
            [
              -95.573475243634107, 
              42.757360701555271
            ]
          ]
        ], 
        "type": "Polygon"
      }, 
      "properties": {
        "Seat Count": "", 
        "Number": "023", 
        "NCES_Type": "Restroom - Bath/Shower", 
        "Workstations": "", 
        "Element": "Room", 
        "RevitId": 5848973, 
        "occupancyStatus": "Occupied", 
        "Building": "Connected Core", 
        "Area_SF": 110.78000000000000, 
        "Name": "RR", 
        "NCES_Occupancy Status": "", 
        "NCES_Department": "MHI", 
        "Level": "LEVEL 2", 
        "Revit_UniqueId": "b1859930-00b7-4da9-b24b-eb88162ccf03-00593f8d"
      }, 
      "type": "Feature"
    }, 
    {
      "geometry": {
        "coordinates": [
          [
            [
              -95.573381390806574, 
              42.757404199723773
            ], 
            [
              -95.573435644600565, 
              42.757404199723773
            ], 
            [
              -95.573435644600565, 
              42.757383137452706
            ], 
            [
              -95.573413818361601, 
              42.757383137452706
            ], 
            [
              -95.573398228190911, 
              42.757383137452706
            ], 
            [
              -95.573398228190911, 
              42.757388860895929
            ], 
            [
              -95.573381390806574, 
              42.757388860895929
            ], 
            [
              -95.573381390806574, 
              42.757404199723773
            ]
          ]
        ], 
        "type": "Polygon"
      }, 
      "properties": {
        "Seat Count": "", 
        "Number": "023B", 
        "NCES_Type": "Patient Room", 
        "Workstations": "", 
        "Element": "Room", 
        "RevitId": 5848976, 
        "occupancyStatus": "Occupied", 
        "Building": "Connected Core", 
        "Area_SF": 81.670000000000002, 
        "Name": "DORM", 
        "NCES_Occupancy Status": "", 
        "NCES_Department": "MHI", 
        "Level": "LEVEL 2", 
        "Revit_UniqueId": "b1859930-00b7-4da9-b24b-eb88162ccf03-00593f90"
      }, 
      "type": "Feature"
    }, 
    {
      "geometry": {
        "coordinates": [
          [
            [
              -95.573413818361601, 
              42.757360701555271
            ], 
            [
              -95.573381390806574, 
              42.757360701555271
            ], 
            [
              -95.573381390806574, 
              42.757388860895929
            ], 
            [
              -95.573398228190911, 
              42.757388860895929
            ], 
            [
              -95.573398228190911, 
              42.757383137452706
            ], 
            [
              -95.573413818361601, 
              42.757383137452706
            ], 
            [
              -95.573413818361601, 
              42.757360701555271
            ]
          ]
        ], 
        "type": "Polygon"
      }, 
      "properties": {
        "Seat Count": "", 
        "Number": "023C", 
        "NCES_Type": "Patient Room", 
        "Workstations": "", 
        "Element": "Room", 
        "RevitId": 5848979, 
        "occupancyStatus": "Occupied", 
        "Building": "Connected Core", 
        "Area_SF": 62.240000000000002, 
        "Name": "DORM", 
        "NCES_Occupancy Status": "", 
        "NCES_Department": "MHI", 
        "Level": "LEVEL 2", 
        "Revit_UniqueId": "b1859930-00b7-4da9-b24b-eb88162ccf03-00593f93"
      }, 
      "type": "Feature"
    }, 
    {
      "geometry": {
        "coordinates": [
          [
            [
              -95.573901687913761, 
              42.757360701555271
            ], 
            [
              -95.573901687913761, 
              42.757404542024517
            ], 
            [
              -95.573938472850941, 
              42.757404542024517
            ], 
            [
              -95.573938472850941, 
              42.757366080486058
            ], 
            [
              -95.573924441353981, 
              42.757355778036164
            ], 
            [
              -95.573907742599943, 
              42.757360701555271
            ], 
            [
              -95.573901687913761, 
              42.757360701555271
            ]
          ]
        ], 
        "type": "Polygon"
      }, 
      "properties": {
        "Seat Count": "", 
        "Number": "045", 
        "NCES_Type": "Stair", 
        "Workstations": "", 
        "Element": "Room", 
        "RevitId": 5863799, 
        "occupancyStatus": "Occupied", 
        "Building": "Connected Core", 
        "Area_SF": 122.59000000000000, 
        "Name": "STAIR", 
        "NCES_Occupancy Status": "", 
        "NCES_Department": "MHI", 
        "Level": "LEVEL 2", 
        "Revit_UniqueId": "46894b12-9641-4f62-b881-9e67f272f949-00596a98"
      }, 
      "type": "Feature"
    }, 
    {
      "geometry": {
        "coordinates": [
          [
            [
              -95.573383239939304, 
              42.757283348038946
            ], 
            [
              -95.573383239939304, 
              42.757259996390594
            ], 
            [
              -95.573359854683261, 
              42.757259996390594
            ], 
            [
              -95.573359854683261, 
              42.757283348038946
            ], 
            [
              -95.573383239939304, 
              42.757283348038946
            ]
          ]
        ], 
        "type": "Polygon"
      }, 
      "properties": {
        "Seat Count": "", 
        "Number": "051", 
        "NCES_Type": "Waiting/Queue Area", 
        "Workstations": "", 
        "Element": "Room", 
        "RevitId": 5875823, 
        "occupancyStatus": "Occupied", 
        "Building": "Connected Core", 
        "Area_SF": 36.75, 
        "Name": "ELEV LOBBY", 
        "NCES_Occupancy Status": "", 
        "NCES_Department": "MHI", 
        "Level": "LEVEL 2", 
        "Revit_UniqueId": "3de05ad8-997a-47a3-9f02-9941f977ed77-0059a86f"
      }, 
      "type": "Feature"
    }, 
    {
      "geometry": {
        "coordinates": [
          [
            [
              -95.573316825812171, 
              42.757283348038946
            ], 
            [
              -95.573359854683261, 
              42.757283348038946
            ], 
            [
              -95.573359854683261, 
              42.757259996390594
            ], 
            [
              -95.573316825812171, 
              42.757259996390594
            ], 
            [
              -95.573316825812171, 
              42.757283348038946
            ]
          ]
        ], 
        "type": "Polygon"
      }, 
      "properties": {
        "Seat Count": "", 
        "Number": "052", 
        "NCES_Type": "Elevator/Lift", 
        "Workstations": "", 
        "Element": "Room", 
        "RevitId": 5875826, 
        "occupancyStatus": "Occupied", 
        "Building": "Connected Core", 
        "Area_SF": 73.5, 
        "Name": "ELEV", 
        "NCES_Occupancy Status": "", 
        "NCES_Department": "MHI", 
        "Level": "LEVEL 2", 
        "Revit_UniqueId": "3de05ad8-997a-47a3-9f02-9941f977ed77-0059a872"
      }, 
      "type": "Feature"
    }, 
    {
      "geometry": {
        "coordinates": [
          [
            [
              -95.570869750176399, 
              42.757283348038946
            ], 
            [
              -95.570905785902056, 
              42.757283348038946
            ], 
            [
              -95.570905785902056, 
              42.757259996390594
            ], 
            [
              -95.570869750176399, 
              42.757259996390594
            ], 
            [
              -95.570869750176399, 
              42.757283348038946
            ]
          ]
        ], 
        "type": "Polygon"
      }, 
      "properties": {
        "Seat Count": "", 
        "Number": "010ZZ", 
        "NCES_Type": "Elevator/Lift", 
        "Workstations": "", 
        "Element": "Room", 
        "RevitId": 5923780, 
        "occupancyStatus": "Occupied", 
        "Building": "Connected Core", 
        "Area_SF": 60.420000000000002, 
        "Name": "ELEV", 
        "NCES_Occupancy Status": "", 
        "NCES_Department": "CCUSO", 
        "Level": "LEVEL 2", 
        "Revit_UniqueId": "db0be3e9-3b45-462b-9900-5806e1fd64a6-005a4cda"
      }, 
      "type": "Feature"
    }, 
    {
      "geometry": {
        "coordinates": [
          [
            [
              -95.570838898679540, 
              42.757259996390594
            ], 
            [
              -95.570838898679540, 
              42.757283348038946
            ], 
            [
              -95.570869750176399, 
              42.757283348038946
            ], 
            [
              -95.570869750176399, 
              42.757259996390594
            ], 
            [
              -95.570838898679540, 
              42.757259996390594
            ]
          ]
        ], 
        "type": "Polygon"
      }, 
      "properties": {
        "Seat Count": "", 
        "Number": "010AAA", 
        "NCES_Type": "Waiting/Queue Area", 
        "Workstations": "", 
        "Element": "Room", 
        "RevitId": 5923782, 
        "occupancyStatus": "Occupied", 
        "Building": "Connected Core", 
        "Area_SF": 50.719999999999999, 
        "Name": "ELEV LOBBY", 
        "NCES_Occupancy Status": "", 
        "NCES_Department": "CCUSO", 
        "Level": "LEVEL 2", 
        "Revit_UniqueId": "db0be3e9-3b45-462b-9900-5806e1fd64a6-005a4cdd"
      }, 
      "type": "Feature"
    }, 
    {
      "geometry": {
        "coordinates": [
          [
            [
              [
                -95.571729150250007, 
                42.757405601070445
              ], 
              [
                -95.571729150250007, 
                42.757416721278133
              ], 
              [
                -95.571818306530616, 
                42.757416721278133
              ], 
              [
                -95.571818306530616, 
                42.757409574131330
              ], 
              [
                -95.571840756376403, 
                42.757409574131330
              ], 
              [
                -95.571840756376403, 
                42.757416721278133
              ], 
              [
                -95.572018206700875, 
                42.757416721278133
              ], 
              [
                -95.572018206700875, 
                42.757380284953278
              ], 
              [
                -95.572069654264141, 
                42.757380284953278
              ], 
              [
                -95.572069654264141, 
                42.757348004733501
              ], 
              [
                -95.572069654264141, 
                42.757295856626193
              ], 
              [
                -95.571991079803880, 
                42.757295856626193
              ], 
              [
                -95.571991079803880, 
                42.757264492157333
              ], 
              [
                -95.571991079803880, 
                42.757245195238887
              ], 
              [
                -95.571840756376403, 
                42.757245195238887
              ], 
              [
                -95.571840756376403, 
                42.757251213769052
              ], 
              [
                -95.571818306530616, 
                42.757251213769052
              ], 
              [
                -95.571818306530616, 
                42.757245195238887
              ], 
              [
                -95.571729150250007, 
                42.757245195238887
              ], 
              [
                -95.571729150250007, 
                42.757262513913560
              ], 
              [
                -95.571729150250007, 
                42.757328676917226
              ], 
              [
                -95.571729150250007, 
                42.757405601070445
              ]
            ]
          ], 
          [
            [
              [
                -95.571840756376403, 
                42.757398585120342
              ], 
              [
                -95.571818306530616, 
                42.757398585120342
              ], 
              [
                -95.571818306530616, 
                42.757386451420707
              ], 
              [
                -95.571824854402294, 
                42.757386451420707
              ], 
              [
                -95.571824854402294, 
                42.757374775596531
              ], 
              [
                -95.571840756376403, 
                42.757386451420707
              ], 
              [
                -95.571840756376403, 
                42.757398585120342
              ]
            ]
          ], 
          [
            [
              [
                -95.571818306530616, 
                42.757262202780041
              ], 
              [
                -95.571840756376403, 
                42.757262202780041
              ], 
              [
                -95.571840756376403, 
                42.757274336479675
              ], 
              [
                -95.571824854402294, 
                42.757286012303851
              ], 
              [
                -95.571824854402294, 
                42.757274336479675
              ], 
              [
                -95.571818306530616, 
                42.757274336479675
              ], 
              [
                -95.571818306530616, 
                42.757262202780041
              ]
            ]
          ]
        ], 
        "type": "MultiPolygon"
      }, 
      "properties": {
        "Seat Count": "", 
        "Number": "010DDD", 
        "NCES_Type": "Auditorium", 
        "Workstations": "", 
        "Element": "Room", 
        "RevitId": 5923788, 
        "occupancyStatus": "Occupied", 
        "Building": "Connected Core", 
        "Area_SF": 4823.4399999999996, 
        "Name": "AUDITORIUM", 
        "NCES_Occupancy Status": "", 
        "NCES_Department": "General", 
        "Level": "LEVEL 2", 
        "Revit_UniqueId": "db0be3e9-3b45-462b-9900-5806e1fd64a6-005a4d15"
      }, 
      "type": "Feature"
    }, 
    {
      "geometry": {
        "coordinates": [
          [
            [
              -95.572435551647814, 
              42.757404323414818
            ], 
            [
              -95.572435551647814, 
              42.757342618995075
            ], 
            [
              -95.572435551647814, 
              42.757245195238887
            ], 
            [
              -95.572104480900919, 
              42.757245195238887
            ], 
            [
              -95.572104480900919, 
              42.757348004733501
            ], 
            [
              -95.572104480900919, 
              42.757385092645592
            ], 
            [
              -95.572132543208156, 
              42.757385092645592
            ], 
            [
              -95.57217247042135, 
              42.757385092645592
            ], 
            [
              -95.572205209779781, 
              42.757385092645592
            ], 
            [
              -95.572205209779781, 
              42.757404323414818
            ], 
            [
              -95.572435551647814, 
              42.757404323414818
            ]
          ]
        ], 
        "type": "Polygon"
      }, 
      "properties": {
        "Seat Count": "", 
        "Number": "010EEE", 
        "NCES_Type": "Gymnasium", 
        "Workstations": "", 
        "Element": "Room", 
        "RevitId": 5923790, 
        "occupancyStatus": "Occupied", 
        "Building": "Connected Core", 
        "Area_SF": 4748.5400000000000, 
        "Name": "GYMNASIUM (MHI PATIENTS ONLY)", 
        "NCES_Occupancy Status": "", 
        "NCES_Department": "MHI", 
        "Level": "LEVEL 2", 
        "Revit_UniqueId": "db0be3e9-3b45-462b-9900-5806e1fd64a6-005a4d18"
      }, 
      "type": "Feature"
    }, 
    {
      "geometry": {
        "coordinates": [
          [
            [
              [
                -95.571776505967691, 
                42.757035758957414
              ], 
              [
                -95.571805285945942, 
                42.757035758957414
              ], 
              [
                -95.571805285945942, 
                42.757035072144227
              ], 
              [
                -95.571876377124283, 
                42.757035072144227
              ], 
              [
                -95.571876377124283, 
                42.757005617933579
              ], 
              [
                -95.571839490257261, 
                42.757005617933579
              ], 
              [
                -95.571839490257261, 
                42.756989821230285
              ], 
              [
                -95.571798332206654, 
                42.756989821230285
              ], 
              [
                -95.571798332206654, 
                42.756990508043472
              ], 
              [
                -95.571789913514479, 
                42.756990508043472
              ], 
              [
                -95.571789913514479, 
                42.757006533684496
              ], 
              [
                -95.571776505967691, 
                42.757006533684496
              ], 
              [
                -95.571776505967691, 
                42.757024541008697
              ], 
              [
                -95.571776505967691, 
                42.757035758957414
              ]
            ]
          ], 
          [
            [
              [
                -95.571816105001233, 
                42.757021335880495
              ], 
              [
                -95.571794278762269, 
                42.757021335880495
              ], 
              [
                -95.571794278762269, 
                42.757019046503203
              ], 
              [
                -95.571816105001233, 
                42.757019046503203
              ], 
              [
                -95.571816105001233, 
                42.757021335880495
              ]
            ]
          ]
        ], 
        "type": "MultiPolygon"
      }, 
      "properties": {
        "Seat Count": "", 
        "Number": "012K", 
        "NCES_Type": "Stair", 
        "Workstations": "", 
        "Element": "Room", 
        "RevitId": 5954319, 
        "occupancyStatus": "Occupied", 
        "Building": "Connected Core", 
        "Area_SF": 292.20999999999998, 
        "Name": "STAIR", 
        "NCES_Occupancy Status": "", 
        "NCES_Department": "CCUSO", 
        "Level": "LEVEL 2", 
        "Revit_UniqueId": "d0bc729f-70f7-4d66-9f3f-6c017974e40b-005adb0f"
      }, 
      "type": "Feature"
    }, 
    {
      "geometry": {
        "coordinates": [
          [
            [
              -95.571839490257261, 
              42.756952275710603
            ], 
            [
              -95.571839490257261, 
              42.756906148996016
            ], 
            [
              -95.571797229232317, 
              42.756906148996016
            ], 
            [
              -95.571797229232317, 
              42.756952275710603
            ], 
            [
              -95.571839490257261, 
              42.756952275710603
            ]
          ]
        ], 
        "type": "Polygon"
      }, 
      "properties": {
        "Seat Count": "", 
        "Number": "012M", 
        "NCES_Type": "Secure Interview", 
        "Workstations": "", 
        "Element": "Room", 
        "RevitId": 5958097, 
        "occupancyStatus": "Occupied", 
        "Building": "Connected Core", 
        "Area_SF": 149.81999999999999, 
        "Name": "INTERVIEW\r\nROOM", 
        "NCES_Occupancy Status": "", 
        "NCES_Department": "CCUSO", 
        "Level": "LEVEL 2", 
        "Revit_UniqueId": "d0bc729f-70f7-4d66-9f3f-6c017974e40b-005ae9d1"
      }, 
      "type": "Feature"
    }, 
    {
      "geometry": {
        "coordinates": [
          [
            [
              -95.571288837213004, 
              42.757223879426405
            ], 
            [
              -95.571344961827478, 
              42.757223879426405
            ], 
            [
              -95.571344961827478, 
              42.757178070379879
            ], 
            [
              -95.571303803776871, 
              42.757178070379879
            ], 
            [
              -95.571303803776871, 
              42.757196614335925
            ], 
            [
              -95.571288837213004, 
              42.757196614335925
            ], 
            [
              -95.571288837213004, 
              42.757223879426405
            ]
          ]
        ], 
        "type": "Polygon"
      }, 
      "properties": {
        "Seat Count": "", 
        "Number": "012KK", 
        "NCES_Type": "General Storage", 
        "Workstations": "", 
        "Element": "Room", 
        "RevitId": 5963543, 
        "occupancyStatus": "Occupied", 
        "Building": "Connected Core", 
        "Area_SF": 180.21000000000001, 
        "Name": "STORAGE", 
        "NCES_Occupancy Status": "", 
        "NCES_Department": "CCUSO", 
        "Level": "LEVEL 2", 
        "Revit_UniqueId": "9ab5b8f0-ca7f-4f32-b5ae-3b2d2971185f-005aff17"
      }, 
      "type": "Feature"
    }, 
    {
      "geometry": {
        "coordinates": [
          [
            [
              -95.571247517862091, 
              42.757223879426405
            ], 
            [
              -95.571288837213004, 
              42.757223879426405
            ], 
            [
              -95.571288837213004, 
              42.757196614335925
            ], 
            [
              -95.571303803776871, 
              42.757196614335925
            ], 
            [
              -95.571303803776871, 
              42.757178070379879
            ], 
            [
              -95.571247517862091, 
              42.757178070379879
            ], 
            [
              -95.571247517862091, 
              42.757178771571731
            ], 
            [
              -95.571247517862091, 
              42.757194782834091
            ], 
            [
              -95.571247517862091, 
              42.757213019096021
            ], 
            [
              -95.571247517862091, 
              42.757223879426405
            ]
          ]
        ], 
        "type": "Polygon"
      }, 
      "properties": {
        "Seat Count": "", 
        "Number": "012LL", 
        "NCES_Type": "Private Office - Enclosed", 
        "Workstations": "", 
        "Element": "Room", 
        "RevitId": 5963546, 
        "occupancyStatus": "Occupied", 
        "Building": "Connected Core", 
        "Area_SF": 176.62000000000000, 
        "Name": "PRP STAFF\r\nOFFICE SUP", 
        "NCES_Occupancy Status": "", 
        "NCES_Department": "CCUSO", 
        "Level": "LEVEL 2", 
        "Revit_UniqueId": "9ab5b8f0-ca7f-4f32-b5ae-3b2d2971185f-005aff1a"
      }, 
      "type": "Feature"
    }, 
    {
      "geometry": {
        "coordinates": [
          [
            [
              -95.571208126616597, 
              42.757223879426405
            ], 
            [
              -95.571235045725544, 
              42.757223879426405
            ], 
            [
              -95.571235045725544, 
              42.757213019096021
            ], 
            [
              -95.571247517862091, 
              42.757213019096021
            ], 
            [
              -95.571247517862091, 
              42.757194782834091
            ], 
            [
              -95.571231615887982, 
              42.757194782834091
            ], 
            [
              -95.571231615887982, 
              42.757177383566692
            ], 
            [
              -95.571206634197566, 
              42.757177383566692
            ], 
            [
              -95.571206634197566, 
              42.757178070379879
            ], 
            [
              -95.571192224642488, 
              42.757178070379879
            ], 
            [
              -95.571192224642488, 
              42.757194782834091
            ], 
            [
              -95.571208126616597, 
              42.757194782834091
            ], 
            [
              -95.571208126616597, 
              42.757223879426405
            ]
          ]
        ], 
        "type": "Polygon"
      }, 
      "properties": {
        "Seat Count": "", 
        "Number": "012OO", 
        "NCES_Type": "Restroom - Bath/Shower", 
        "Workstations": "", 
        "Element": "Room", 
        "RevitId": 5963811, 
        "occupancyStatus": "Occupied", 
        "Building": "Connected Core", 
        "Area_SF": 138.53999999999999, 
        "Name": "RR", 
        "NCES_Occupancy Status": "", 
        "NCES_Department": "CCUSO", 
        "Level": "LEVEL 2", 
        "Revit_UniqueId": "9ab5b8f0-ca7f-4f32-b5ae-3b2d2971185f-005b0023"
      }, 
      "type": "Feature"
    }, 
    {
      "geometry": {
        "coordinates": [
          [
            [
              -95.571101221426915, 
              42.757223879426405
            ], 
            [
              -95.571208126616597, 
              42.757223879426405
            ], 
            [
              -95.571208126616597, 
              42.757194782834091
            ], 
            [
              -95.571192224642488, 
              42.757194782834091
            ], 
            [
              -95.571192224642488, 
              42.757178070379879
            ], 
            [
              -95.571103092247398, 
              42.757178070379879
            ], 
            [
              -95.571103092247398, 
              42.757192743895267
            ], 
            [
              -95.571101221426915, 
              42.757192743895267
            ], 
            [
              -95.571101221426915, 
              42.757223879426405
            ]
          ]
        ], 
        "type": "Polygon"
      }, 
      "properties": {
        "Seat Count": "", 
        "Number": "012PP", 
        "NCES_Type": "Patient Room", 
        "Workstations": "", 
        "Element": "Room", 
        "RevitId": 5963814, 
        "occupancyStatus": "Occupied", 
        "Building": "Connected Core", 
        "Area_SF": 386.91000000000003, 
        "Name": "DORM", 
        "NCES_Occupancy Status": "", 
        "NCES_Department": "CCUSO", 
        "Level": "LEVEL 2", 
        "Revit_UniqueId": "9ab5b8f0-ca7f-4f32-b5ae-3b2d2971185f-005b0026"
      }, 
      "type": "Feature"
    }, 
    {
      "geometry": {
        "coordinates": [
          [
            [
              -95.571284280251774, 
              42.757108743741540
            ], 
            [
              -95.571283344841532, 
              42.757108743741540
            ], 
            [
              -95.571247487448943, 
              42.757108743741540
            ], 
            [
              -95.571247487448943, 
              42.757140524592330
            ], 
            [
              -95.571284280251774, 
              42.757140524592330
            ], 
            [
              -95.571284280251774, 
              42.757108743741540
            ]
          ]
        ], 
        "type": "Polygon"
      }, 
      "properties": {
        "Seat Count": "", 
        "Number": "012QQ", 
        "NCES_Type": "Private Office - Enclosed", 
        "Workstations": "", 
        "Element": "Room", 
        "RevitId": 5963822, 
        "occupancyStatus": "Occupied", 
        "Building": "Connected Core", 
        "Area_SF": 88.359999999999999, 
        "Name": "PRP STAFF", 
        "NCES_Occupancy Status": "", 
        "NCES_Department": "CCUSO", 
        "Level": "LEVEL 2", 
        "Revit_UniqueId": "9ab5b8f0-ca7f-4f32-b5ae-3b2d2971185f-005b002e"
      }, 
      "type": "Feature"
    }, 
    {
      "geometry": {
        "coordinates": [
          [
            [
              -95.571247487448943, 
              42.757108743741540
            ], 
            [
              -95.571211630056368, 
              42.757108743741540
            ], 
            [
              -95.571211630056368, 
              42.757140524592330
            ], 
            [
              -95.571247487448943, 
              42.757140524592330
            ], 
            [
              -95.571247487448943, 
              42.757108743741540
            ]
          ]
        ], 
        "type": "Polygon"
      }, 
      "properties": {
        "Seat Count": "", 
        "Number": "012RR", 
        "NCES_Type": "Private Office - Enclosed", 
        "Workstations": "", 
        "Element": "Room", 
        "RevitId": 5963825, 
        "occupancyStatus": "Occupied", 
        "Building": "Connected Core", 
        "Area_SF": 87.549999999999997, 
        "Name": "PRP ON-SITE TEACHER", 
        "NCES_Occupancy Status": "", 
        "NCES_Department": "CCUSO", 
        "Level": "LEVEL 2", 
        "Revit_UniqueId": "9ab5b8f0-ca7f-4f32-b5ae-3b2d2971185f-005b0031"
      }, 
      "type": "Feature"
    }, 
    {
      "geometry": {
        "coordinates": [
          [
            [
              -95.571211630056368, 
              42.757108743741540
            ], 
            [
              -95.571175772663779, 
              42.757108743741540
            ], 
            [
              -95.571175772663779, 
              42.757140524592330
            ], 
            [
              -95.571211630056368, 
              42.757140524592330
            ], 
            [
              -95.571211630056368, 
              42.757108743741540
            ]
          ]
        ], 
        "type": "Polygon"
      }, 
      "properties": {
        "Seat Count": "", 
        "Number": "012SS", 
        "NCES_Type": "Private Office - Enclosed", 
        "Workstations": "", 
        "Element": "Room", 
        "RevitId": 5963828, 
        "occupancyStatus": "Occupied", 
        "Building": "Connected Core", 
        "Area_SF": 85.909999999999997, 
        "Name": "PRP OFFICE", 
        "NCES_Occupancy Status": "", 
        "NCES_Department": "CCUSO", 
        "Level": "LEVEL 2", 
        "Revit_UniqueId": "9ab5b8f0-ca7f-4f32-b5ae-3b2d2971185f-005b0034"
      }, 
      "type": "Feature"
    }, 
    {
      "geometry": {
        "coordinates": [
          [
            [
              -95.571175772663779, 
              42.757108743741540
            ], 
            [
              -95.571138979860962, 
              42.757108743741540
            ], 
            [
              -95.571138979860962, 
              42.757140524592330
            ], 
            [
              -95.571175772663779, 
              42.757140524592330
            ], 
            [
              -95.571175772663779, 
              42.757108743741540
            ]
          ]
        ], 
        "type": "Polygon"
      }, 
      "properties": {
        "Seat Count": "", 
        "Number": "012TT", 
        "NCES_Type": "Private Office - Enclosed", 
        "Workstations": "", 
        "Element": "Room", 
        "RevitId": 5963831, 
        "occupancyStatus": "Occupied", 
        "Building": "Connected Core", 
        "Area_SF": 86.730000000000004, 
        "Name": "OFFICE", 
        "NCES_Occupancy Status": "", 
        "NCES_Department": "CCUSO", 
        "Level": "LEVEL 2", 
        "Revit_UniqueId": "9ab5b8f0-ca7f-4f32-b5ae-3b2d2971185f-005b0037"
      }, 
      "type": "Feature"
    }, 
    {
      "geometry": {
        "coordinates": [
          [
            [
              -95.571138979860962, 
              42.757108743741540
            ], 
            [
              -95.571119959852723, 
              42.757108743741540
            ], 
            [
              -95.571100939844484, 
              42.757108743741540
            ], 
            [
              -95.571100939844484, 
              42.757140524592330
            ], 
            [
              -95.571138979860962, 
              42.757140524592330
            ], 
            [
              -95.571138979860962, 
              42.757108743741540
            ]
          ]
        ], 
        "type": "Polygon"
      }, 
      "properties": {
        "Seat Count": "", 
        "Number": "012UU", 
        "NCES_Type": "", 
        "Workstations": "", 
        "Element": "Room", 
        "RevitId": 5963834, 
        "occupancyStatus": "Occupied", 
        "Building": "Connected Core", 
        "Area_SF": 90.0, 
        "Name": "Room", 
        "NCES_Occupancy Status": "", 
        "NCES_Department": "CCUSO", 
        "Level": "LEVEL 2", 
        "Revit_UniqueId": "9ab5b8f0-ca7f-4f32-b5ae-3b2d2971185f-005b003a"
      }, 
      "type": "Feature"
    }, 
    {
      "geometry": {
        "coordinates": [
          [
            [
              -95.571103092247398, 
              42.757178070379879
            ], 
            [
              -95.571192224642488, 
              42.757178070379879
            ], 
            [
              -95.571206634197566, 
              42.757178070379879
            ], 
            [
              -95.571206634197566, 
              42.757177383566692
            ], 
            [
              -95.571231615887982, 
              42.757177383566692
            ], 
            [
              -95.571245627458481, 
              42.757177383566692
            ], 
            [
              -95.571247480444768, 
              42.757177383566692
            ], 
            [
              -95.571247480444768, 
              42.757178070379879
            ], 
            [
              -95.571247517862091, 
              42.757178070379879
            ], 
            [
              -95.571303803776871, 
              42.757178070379879
            ], 
            [
              -95.571344961827478, 
              42.757178070379879
            ], 
            [
              -95.571348703468445, 
              42.757178070379879
            ], 
            [
              -95.571348703468445, 
              42.757178757193067
            ], 
            [
              -95.571350886092347, 
              42.757178757193067
            ], 
            [
              -95.571350886092347, 
              42.757139837779150
            ], 
            [
              -95.571344961827478, 
              42.757139837779150
            ], 
            [
              -95.571344961827478, 
              42.757140524592330
            ], 
            [
              -95.571341200603399, 
              42.757140524592330
            ], 
            [
              -95.571284280251774, 
              42.757140524592330
            ], 
            [
              -95.571247487448943, 
              42.757140524592330
            ], 
            [
              -95.571211630056368, 
              42.757140524592330
            ], 
            [
              -95.571175772663779, 
              42.757140524592330
            ], 
            [
              -95.571138979860962, 
              42.757140524592330
            ], 
            [
              -95.571100939844484, 
              42.757140524592330
            ], 
            [
              -95.571036396537835, 
              42.757140524592330
            ], 
            [
              -95.570999681685862, 
              42.757140524592330
            ], 
            [
              -95.57096343453901, 
              42.757140524592330
            ], 
            [
              -95.570925827609102, 
              42.757140524592330
            ], 
            [
              -95.570801861919463, 
              42.757140524592330
            ], 
            [
              -95.570801861919463, 
              42.757139837779150
            ], 
            [
              -95.570795625851190, 
              42.757139837779150
            ], 
            [
              -95.570795625851190, 
              42.757178070379879
            ], 
            [
              -95.570802729483546, 
              42.757178070379879
            ], 
            [
              -95.570813018996191, 
              42.757178070379879
            ], 
            [
              -95.570837963269298, 
              42.757178070379879
            ], 
            [
              -95.570855917015379, 
              42.757178070379879
            ], 
            [
              -95.570889903587471, 
              42.757178070379879
            ], 
            [
              -95.570924825569818, 
              42.757178070379879
            ], 
            [
              -95.570936362296123, 
              42.757178070379879
            ], 
            [
              -95.570960661252698, 
              42.757178070379879
            ], 
            [
              -95.570970327158534, 
              42.757178070379879
            ], 
            [
              -95.570985293722387, 
              42.757178070379879
            ], 
            [
              -95.570995271431627, 
              42.757178070379879
            ], 
            [
              -95.571035810282240, 
              42.757178070379879
            ], 
            [
              -95.571103092247398, 
              42.757178070379879
            ]
          ]
        ], 
        "type": "Polygon"
      }, 
      "properties": {
        "Seat Count": "", 
        "Number": "012VV", 
        "NCES_Type": "Corridor/Hallway", 
        "Workstations": "", 
        "Element": "Room", 
        "RevitId": 5964066, 
        "occupancyStatus": "Occupied", 
        "Building": "Connected Core", 
        "Area_SF": 1936.5699999999999, 
        "Name": "CORRIDOR", 
        "NCES_Occupancy Status": "", 
        "NCES_Department": "CCUSO", 
        "Level": "LEVEL 2", 
        "Revit_UniqueId": "9ab5b8f0-ca7f-4f32-b5ae-3b2d2971185f-005b0122"
      }, 
      "type": "Feature"
    }, 
    {
      "geometry": {
        "coordinates": [
          [
            [
              -95.571103092247398, 
              42.757223879426405
            ], 
            [
              -95.571101221426915, 
              42.757223879426405
            ], 
            [
              -95.571101221426915, 
              42.757221117794991
            ], 
            [
              -95.571101221426915, 
              42.757192743895267
            ], 
            [
              -95.571103092247398, 
              42.757192743895267
            ], 
            [
              -95.571103092247398, 
              42.757178070379879
            ], 
            [
              -95.571035810282240, 
              42.757178070379879
            ], 
            [
              -95.571035810282240, 
              42.757198696276220
            ], 
            [
              -95.571037681102723, 
              42.757198696276220
            ], 
            [
              -95.571037681102723, 
              42.757221132173655
            ], 
            [
              -95.571035810282240, 
              42.757223879426405
            ], 
            [
              -95.571035810282240, 
              42.757228102621006
            ], 
            [
              -95.571055781333797, 
              42.757242766114047
            ], 
            [
              -95.571083843641034, 
              42.757242766114047
            ], 
            [
              -95.571103092247398, 
              42.757228633067285
            ], 
            [
              -95.571103092247398, 
              42.757223879426405
            ]
          ]
        ], 
        "type": "Polygon"
      }, 
      "properties": {
        "Seat Count": "", 
        "Number": "012WW", 
        "NCES_Type": "Break Room", 
        "Workstations": "", 
        "Element": "Room", 
        "RevitId": 5964069, 
        "occupancyStatus": "Occupied", 
        "Building": "Connected Core", 
        "Area_SF": 334.70999999999998, 
        "Name": "STAFF BREAK ROOM", 
        "NCES_Occupancy Status": "", 
        "NCES_Department": "CCUSO", 
        "Level": "LEVEL 2", 
        "Revit_UniqueId": "9ab5b8f0-ca7f-4f32-b5ae-3b2d2971185f-005b0125"
      }, 
      "type": "Feature"
    }, 
    {
      "geometry": {
        "coordinates": [
          [
            [
              -95.571101875254726, 
              42.757071877690329
            ], 
            [
              -95.571083843641034, 
              42.757058638205109
            ], 
            [
              -95.571055781333797, 
              42.757058638205109
            ], 
            [
              -95.571036396537835, 
              42.757072871247360
            ], 
            [
              -95.571036396537835, 
              42.757093175975967
            ], 
            [
              -95.571036396537835, 
              42.757108743741540
            ], 
            [
              -95.571036396537835, 
              42.757140524592330
            ], 
            [
              -95.571100939844484, 
              42.757140524592330
            ], 
            [
              -95.571100939844484, 
              42.757111505372947
            ], 
            [
              -95.571100939844484, 
              42.757108743741540
            ], 
            [
              -95.571101875254726, 
              42.757108743741540
            ], 
            [
              -95.571101875254726, 
              42.757093175975967
            ], 
            [
              -95.571101875254726, 
              42.757071877690329
            ]
          ]
        ], 
        "type": "Polygon"
      }, 
      "properties": {
        "Seat Count": "", 
        "Number": "012XX", 
        "NCES_Type": "Huddle/Small Meeting Room", 
        "Workstations": "", 
        "Element": "Room", 
        "RevitId": 5964072, 
        "occupancyStatus": "Occupied", 
        "Building": "Connected Core", 
        "Area_SF": 435.12000000000000, 
        "Name": "PRP MEETING ROOM", 
        "NCES_Occupancy Status": "", 
        "NCES_Department": "CCUSO", 
        "Level": "LEVEL 2", 
        "Revit_UniqueId": "9ab5b8f0-ca7f-4f32-b5ae-3b2d2971185f-005b0128"
      }, 
      "type": "Feature"
    }, 
    {
      "geometry": {
        "coordinates": [
          [
            [
              -95.570801861919463, 
              42.757139837779150
            ], 
            [
              -95.570801861919463, 
              42.757140524592330
            ], 
            [
              -95.570925827609102, 
              42.757140524592330
            ], 
            [
              -95.570925827609102, 
              42.757111505372947
            ], 
            [
              -95.570925827609102, 
              42.757108743741540
            ], 
            [
              -95.570927698429571, 
              42.757108743741540
            ], 
            [
              -95.570927698429571, 
              42.757095010976769
            ], 
            [
              -95.570801861919463, 
              42.757095010976769
            ], 
            [
              -95.570801861919463, 
              42.757139837779150
            ]
          ]
        ], 
        "type": "Polygon"
      }, 
      "properties": {
        "Seat Count": "", 
        "Number": "012YY", 
        "NCES_Type": "Training Room", 
        "Workstations": "", 
        "Element": "Room", 
        "RevitId": 5964075, 
        "occupancyStatus": "Occupied", 
        "Building": "Connected Core", 
        "Area_SF": 468.68000000000001, 
        "Name": "SECURITY TEAM TRAIN / BREAK / ROLL CALL", 
        "NCES_Occupancy Status": "", 
        "NCES_Department": "CCUSO", 
        "Level": "LEVEL 2", 
        "Revit_UniqueId": "9ab5b8f0-ca7f-4f32-b5ae-3b2d2971185f-005b012b"
      }, 
      "type": "Feature"
    }, 
    {
      "geometry": {
        "coordinates": [
          [
            [
              -95.57096343453901, 
              42.757108743741540
            ], 
            [
              -95.570925827609102, 
              42.757108743741540
            ], 
            [
              -95.570925827609102, 
              42.757140524592330
            ], 
            [
              -95.57096343453901, 
              42.757140524592330
            ], 
            [
              -95.57096343453901, 
              42.757108743741540
            ]
          ]
        ], 
        "type": "Polygon"
      }, 
      "properties": {
        "Seat Count": "", 
        "Number": "012ZZ", 
        "NCES_Type": "Patient Activity Room", 
        "Workstations": "", 
        "Element": "Room", 
        "RevitId": 5964078, 
        "occupancyStatus": "Occupied", 
        "Building": "Connected Core", 
        "Area_SF": 90.5, 
        "Name": "ACTIVITIES\r\nSPECIALIST\r\nOFFICE\r\n(HEATHER)", 
        "NCES_Occupancy Status": "", 
        "NCES_Department": "CCUSO", 
        "Level": "LEVEL 2", 
        "Revit_UniqueId": "9ab5b8f0-ca7f-4f32-b5ae-3b2d2971185f-005b012e"
      }, 
      "type": "Feature"
    }, 
    {
      "geometry": {
        "coordinates": [
          [
            [
              -95.570999681685862, 
              42.757108743741540
            ], 
            [
              -95.57096343453901, 
              42.757108743741540
            ], 
            [
              -95.57096343453901, 
              42.757140524592330
            ], 
            [
              -95.570999681685862, 
              42.757140524592330
            ], 
            [
              -95.570999681685862, 
              42.757108743741540
            ]
          ]
        ], 
        "type": "Polygon"
      }, 
      "properties": {
        "Seat Count": "", 
        "Number": "012AAA", 
        "NCES_Type": "Patient Services - Counseling/Psych", 
        "Workstations": "", 
        "Element": "Room", 
        "RevitId": 5964081, 
        "occupancyStatus": "Occupied", 
        "Building": "Connected Core", 
        "Area_SF": 86.930000000000007, 
        "Name": "PSYCH\r\nREHAB", 
        "NCES_Occupancy Status": "", 
        "NCES_Department": "CCUSO", 
        "Level": "LEVEL 2", 
        "Revit_UniqueId": "9ab5b8f0-ca7f-4f32-b5ae-3b2d2971185f-005b0131"
      }, 
      "type": "Feature"
    }, 
    {
      "geometry": {
        "coordinates": [
          [
            [
              -95.571018623743257, 
              42.757108743741540
            ], 
            [
              -95.570999681685862, 
              42.757108743741540
            ], 
            [
              -95.570999681685862, 
              42.757140524592330
            ], 
            [
              -95.571036396537835, 
              42.757140524592330
            ], 
            [
              -95.571036396537835, 
              42.757108743741540
            ], 
            [
              -95.571018623743257, 
              42.757108743741540
            ]
          ]
        ], 
        "type": "Polygon"
      }, 
      "properties": {
        "Seat Count": "", 
        "Number": "012BBB", 
        "NCES_Type": "Patient Services - Counseling/Psych", 
        "Workstations": "", 
        "Element": "Room", 
        "RevitId": 5964084, 
        "occupancyStatus": "Occupied", 
        "Building": "Connected Core", 
        "Area_SF": 84.069999999999993, 
        "Name": "PSYCH\r\nREHAB", 
        "NCES_Occupancy Status": "", 
        "NCES_Department": "CCUSO", 
        "Level": "LEVEL 2", 
        "Revit_UniqueId": "9ab5b8f0-ca7f-4f32-b5ae-3b2d2971185f-005b0134"
      }, 
      "type": "Feature"
    }, 
    {
      "geometry": {
        "coordinates": [
          [
            [
              -95.571037681102723, 
              42.757223879426405
            ], 
            [
              -95.571037681102723, 
              42.757198696276220
            ], 
            [
              -95.571035810282240, 
              42.757198696276220
            ], 
            [
              -95.571035810282240, 
              42.757178070379879
            ], 
            [
              -95.570995271431627, 
              42.757178070379879
            ], 
            [
              -95.570995271431627, 
              42.757198238400761
            ], 
            [
              -95.570995271431627, 
              42.757202817155338
            ], 
            [
              -95.570995271431627, 
              42.757223879426405
            ], 
            [
              -95.571037681102723, 
              42.757223879426405
            ]
          ]
        ], 
        "type": "Polygon"
      }, 
      "properties": {
        "Seat Count": "", 
        "Number": "012CCC", 
        "NCES_Type": "", 
        "Workstations": "", 
        "Element": "Room", 
        "RevitId": 5964087, 
        "occupancyStatus": "Occupied", 
        "Building": "Connected Core", 
        "Area_SF": 151.21000000000001, 
        "Name": "Room", 
        "NCES_Occupancy Status": "", 
        "NCES_Department": "CCUSO", 
        "Level": "LEVEL 2", 
        "Revit_UniqueId": "9ab5b8f0-ca7f-4f32-b5ae-3b2d2971185f-005b0137"
      }, 
      "type": "Feature"
    }, 
    {
      "geometry": {
        "coordinates": [
          [
            [
              -95.570960349449294, 
              42.757223879426405
            ], 
            [
              -95.570985293722387, 
              42.757223879426405
            ], 
            [
              -95.570985293722387, 
              42.757202817155338
            ], 
            [
              -95.570985293722387, 
              42.757198238400761
            ], 
            [
              -95.570985293722387, 
              42.757178070379879
            ], 
            [
              -95.570970327158534, 
              42.757178070379879
            ], 
            [
              -95.570970327158534, 
              42.757186770013575
            ], 
            [
              -95.570960349449294, 
              42.757186770013575
            ], 
            [
              -95.570960349449294, 
              42.757223879426405
            ]
          ]
        ], 
        "type": "Polygon"
      }, 
      "properties": {
        "Seat Count": "", 
        "Number": "012DDD", 
        "NCES_Type": "", 
        "Workstations": "", 
        "Element": "Room", 
        "RevitId": 5964090, 
        "occupancyStatus": "Occupied", 
        "Building": "Connected Core", 
        "Area_SF": 84.469999999999999, 
        "Name": "Room", 
        "NCES_Occupancy Status": "", 
        "NCES_Department": "CCUSO", 
        "Level": "LEVEL 2", 
        "Revit_UniqueId": "9ab5b8f0-ca7f-4f32-b5ae-3b2d2971185f-005b013a"
      }, 
      "type": "Feature"
    }, 
    {
      "geometry": {
        "coordinates": [
          [
            [
              -95.570904246544501, 
              42.757223879426405
            ], 
            [
              -95.570921395732270, 
              42.757223879426405
            ], 
            [
              -95.570921395732270, 
              42.757219436386052
            ], 
            [
              -95.570936362296123, 
              42.757219436386052
            ], 
            [
              -95.570936362296123, 
              42.757217147008760
            ], 
            [
              -95.570936362296123, 
              42.757204326495945
            ], 
            [
              -95.570936362296123, 
              42.757203045146923
            ], 
            [
              -95.570936362296123, 
              42.757195032326408
            ], 
            [
              -95.570936362296123, 
              42.757185416941795
            ], 
            [
              -95.570924825569818, 
              42.757185416941795
            ], 
            [
              -95.570924825569818, 
              42.757178070379879
            ], 
            [
              -95.570889903587471, 
              42.757178070379879
            ], 
            [
              -95.570889903587471, 
              42.757192514011386
            ], 
            [
              -95.570888032766987, 
              42.757192514011386
            ], 
            [
              -95.570888032766987, 
              42.757202587271465
            ], 
            [
              -95.570883043912374, 
              42.757202587271465
            ], 
            [
              -95.570881173091891, 
              42.757202587271465
            ], 
            [
              -95.570881173091891, 
              42.757223879426405
            ], 
            [
              -95.570904246544501, 
              42.757223879426405
            ]
          ]
        ], 
        "type": "Polygon"
      }, 
      "properties": {
        "Seat Count": "", 
        "Number": "012EEE", 
        "NCES_Type": "Restroom - Bath/Shower", 
        "Workstations": "", 
        "Element": "Room", 
        "RevitId": 5964181, 
        "occupancyStatus": "Occupied", 
        "Building": "Connected Core", 
        "Area_SF": 174.36000000000001, 
        "Name": "RR", 
        "NCES_Occupancy Status": "", 
        "NCES_Department": "CCUSO", 
        "Level": "LEVEL 2", 
        "Revit_UniqueId": "9ab5b8f0-ca7f-4f32-b5ae-3b2d2971185f-005b0195"
      }, 
      "type": "Feature"
    }, 
    {
      "geometry": {
        "coordinates": [
          [
            [
              -95.570838898679540, 
              42.757223879426405
            ], 
            [
              -95.570871818989474, 
              42.757223879426405
            ], 
            [
              -95.570871818989474, 
              42.757212385455134
            ], 
            [
              -95.570871818989474, 
              42.757202587271465
            ], 
            [
              -95.570861217673411, 
              42.757202587271465
            ], 
            [
              -95.570861217673411, 
              42.757192514011386
            ], 
            [
              -95.570855917015379, 
              42.757192514011386
            ], 
            [
              -95.570855917015379, 
              42.757178070379879
            ], 
            [
              -95.570837963269298, 
              42.757178070379879
            ], 
            [
              -95.570837963269298, 
              42.757223879426405
            ], 
            [
              -95.570838898679540, 
              42.757223879426405
            ]
          ]
        ], 
        "type": "Polygon"
      }, 
      "properties": {
        "Seat Count": "", 
        "Number": "012FFF", 
        "NCES_Type": "Restroom - Bath/Shower", 
        "Workstations": "", 
        "Element": "Room", 
        "RevitId": 5964184, 
        "occupancyStatus": "Occupied", 
        "Building": "Connected Core", 
        "Area_SF": 91.620000000000005, 
        "Name": "RR", 
        "NCES_Occupancy Status": "", 
        "NCES_Department": "CCUSO", 
        "Level": "LEVEL 2", 
        "Revit_UniqueId": "9ab5b8f0-ca7f-4f32-b5ae-3b2d2971185f-005b0198"
      }, 
      "type": "Feature"
    }, 
    {
      "geometry": {
        "coordinates": [
          [
            [
              -95.570781838654824, 
              42.757411999895389
            ], 
            [
              -95.570839834089782, 
              42.757411999895389
            ], 
            [
              -95.570839834089782, 
              42.757366190848863
            ], 
            [
              -95.570781838654824, 
              42.757366190848863
            ], 
            [
              -95.570781838654824, 
              42.757411999895389
            ]
          ]
        ], 
        "type": "Polygon"
      }, 
      "properties": {
        "Seat Count": "", 
        "Number": "090", 
        "NCES_Type": "Secure Interview", 
        "Workstations": "", 
        "Element": "Room", 
        "RevitId": 5965887, 
        "occupancyStatus": "Occupied", 
        "Building": "Connected Core", 
        "Area_SF": 211.43000000000001, 
        "Name": "INTERVIEW ROOM", 
        "NCES_Occupancy Status": "", 
        "NCES_Department": "CCUSO", 
        "Level": "LEVEL 2", 
        "Revit_UniqueId": "9ab5b8f0-ca7f-4f32-b5ae-3b2d2971185f-005b083f"
      }, 
      "type": "Feature"
    }, 
    {
      "geometry": {
        "coordinates": [
          [
            [
              -95.570742352707072, 
              42.757411999895389
            ], 
            [
              -95.570781838654824, 
              42.757411999895389
            ], 
            [
              -95.570781838654824, 
              42.757368265667083
            ], 
            [
              -95.570781838654824, 
              42.757366877662051
            ], 
            [
              -95.570781016330372, 
              42.757366877662051
            ], 
            [
              -95.570742352707072, 
              42.757366877662051
            ], 
            [
              -95.570742352707072, 
              42.757400553008942
            ], 
            [
              -95.570742352707072, 
              42.757411999895389
            ]
          ]
        ], 
        "type": "Polygon"
      }, 
      "properties": {
        "Seat Count": "", 
        "Number": "091", 
        "NCES_Type": "Patient Room", 
        "Workstations": "", 
        "Element": "Room", 
        "RevitId": 5965893, 
        "occupancyStatus": "Occupied", 
        "Building": "Connected Core", 
        "Area_SF": 140.19999999999999, 
        "Name": "PATIENT\r\nROOM", 
        "NCES_Occupancy Status": "", 
        "NCES_Department": "CCUSO", 
        "Level": "LEVEL 2", 
        "Revit_UniqueId": "9ab5b8f0-ca7f-4f32-b5ae-3b2d2971185f-005b0845"
      }, 
      "type": "Feature"
    }, 
    {
      "geometry": {
        "coordinates": [
          [
            [
              -95.570701506459869, 
              42.757411999895389
            ], 
            [
              -95.570742352707072, 
              42.757411999895389
            ], 
            [
              -95.570742352707072, 
              42.757400553008942
            ], 
            [
              -95.570742352707072, 
              42.757366877662051
            ], 
            [
              -95.570742352707072, 
              42.757365504035675
            ], 
            [
              -95.570718343844206, 
              42.757365504035675
            ], 
            [
              -95.570718343844206, 
              42.757378376639998
            ], 
            [
              -95.570701506459869, 
              42.757378376639998
            ], 
            [
              -95.570701506459869, 
              42.757411999895389
            ]
          ]
        ], 
        "type": "Polygon"
      }, 
      "properties": {
        "Seat Count": "", 
        "Number": "092", 
        "NCES_Type": "Laundry", 
        "Workstations": "", 
        "Element": "Room", 
        "RevitId": 5965896, 
        "occupancyStatus": "Occupied", 
        "Building": "Connected Core", 
        "Area_SF": 131.28000000000000, 
        "Name": "LAUNDRY", 
        "NCES_Occupancy Status": "", 
        "NCES_Department": "CCUSO", 
        "Level": "LEVEL 2", 
        "Revit_UniqueId": "9ab5b8f0-ca7f-4f32-b5ae-3b2d2971185f-005b0848"
      }, 
      "type": "Feature"
    }, 
    {
      "geometry": {
        "coordinates": [
          [
            [
              -95.570596093689218, 
              42.757411999895389
            ], 
            [
              -95.570638522170285, 
              42.757411999895389
            ], 
            [
              -95.570638522170285, 
              42.757366190848863
            ], 
            [
              -95.570597964509702, 
              42.757366190848863
            ], 
            [
              -95.570597964509702, 
              42.757380864364251
            ], 
            [
              -95.570596093689218, 
              42.757380864364251
            ], 
            [
              -95.570596093689218, 
              42.757411999895389
            ]
          ]
        ], 
        "type": "Polygon"
      }, 
      "properties": {
        "Seat Count": "", 
        "Number": "094", 
        "NCES_Type": "Patient Room", 
        "Workstations": "", 
        "Element": "Room", 
        "RevitId": 5965902, 
        "occupancyStatus": "Occupied", 
        "Building": "Connected Core", 
        "Area_SF": 152.21000000000001, 
        "Name": "PATIENT\r\nROOM", 
        "NCES_Occupancy Status": "", 
        "NCES_Department": "CCUSO", 
        "Level": "LEVEL 2", 
        "Revit_UniqueId": "9ab5b8f0-ca7f-4f32-b5ae-3b2d2971185f-005b084e"
      }, 
      "type": "Feature"
    }, 
    {
      "geometry": {
        "coordinates": [
          [
            [
              -95.570779152514064, 
              42.757296864210524
            ], 
            [
              -95.570778217103822, 
              42.757296864210524
            ], 
            [
              -95.570742359711247, 
              42.757296864210524
            ], 
            [
              -95.570742359711247, 
              42.757328645061321
            ], 
            [
              -95.570779152514064, 
              42.757328645061321
            ], 
            [
              -95.570779152514064, 
              42.757296864210524
            ]
          ]
        ], 
        "type": "Polygon"
      }, 
      "properties": {
        "Seat Count": "", 
        "Number": "095", 
        "NCES_Type": "Patient Room", 
        "Workstations": "", 
        "Element": "Room", 
        "RevitId": 5965905, 
        "occupancyStatus": "Occupied", 
        "Building": "Connected Core", 
        "Area_SF": 88.359999999999999, 
        "Name": "PATIENT\r\nROOM", 
        "NCES_Occupancy Status": "", 
        "NCES_Department": "CCUSO", 
        "Level": "LEVEL 2", 
        "Revit_UniqueId": "9ab5b8f0-ca7f-4f32-b5ae-3b2d2971185f-005b0851"
      }, 
      "type": "Feature"
    }, 
    {
      "geometry": {
        "coordinates": [
          [
            [
              -95.570679999028499, 
              42.757411999895389
            ], 
            [
              -95.570701506459869, 
              42.757411999895389
            ], 
            [
              -95.570701506459869, 
              42.757378376639998
            ], 
            [
              -95.570701506459869, 
              42.757366892040714
            ], 
            [
              -95.570701506459869, 
              42.757366190848863
            ], 
            [
              -95.570679999028499, 
              42.757366190848863
            ], 
            [
              -95.570679999028499, 
              42.757411999895389
            ]
          ]
        ], 
        "type": "Polygon"
      }, 
      "properties": {
        "Seat Count": "", 
        "Number": "096", 
        "NCES_Type": "General Storage", 
        "Workstations": "", 
        "Element": "Room", 
        "RevitId": 5966133, 
        "occupancyStatus": "Occupied", 
        "Building": "Connected Core", 
        "Area_SF": 74.590000000000003, 
        "Name": "STOR", 
        "NCES_Occupancy Status": "", 
        "NCES_Department": "CCUSO", 
        "Level": "LEVEL 2", 
        "Revit_UniqueId": "83b481c6-5042-4b52-affc-36b729025dcb-005b0935"
      }, 
      "type": "Feature"
    }, 
    {
      "geometry": {
        "coordinates": [
          [
            [
              -95.570638522170285, 
              42.757411999895389
            ], 
            [
              -95.570679999028499, 
              42.757411999895389
            ], 
            [
              -95.570679999028499, 
              42.757366190848863
            ], 
            [
              -95.570638522170285, 
              42.757366190848863
            ], 
            [
              -95.570638522170285, 
              42.757411999895389
            ]
          ]
        ], 
        "type": "Polygon"
      }, 
      "properties": {
        "Seat Count": "", 
        "Number": "097", 
        "NCES_Type": "Patient Room", 
        "Workstations": "", 
        "Element": "Room", 
        "RevitId": 5966136, 
        "occupancyStatus": "Occupied", 
        "Building": "Connected Core", 
        "Area_SF": 156.74000000000001, 
        "Name": "PATIENT\r\nROOM", 
        "NCES_Occupancy Status": "", 
        "NCES_Department": "CCUSO", 
        "Level": "LEVEL 2", 
        "Revit_UniqueId": "83b481c6-5042-4b52-affc-36b729025dcb-005b0938"
      }, 
      "type": "Feature"
    }, 
    {
      "geometry": {
        "coordinates": [
          [
            [
              -95.570597029099460, 
              42.757414747148133
            ], 
            [
              -95.570596093689218, 
              42.757414747148133
            ], 
            [
              -95.570596093689218, 
              42.757411999895389
            ], 
            [
              -95.570531617954771, 
              42.757411999895389
            ], 
            [
              -95.570531617954771, 
              42.757416168773879
            ], 
            [
              -95.570597029099460, 
              42.757416168773879
            ], 
            [
              -95.570597029099460, 
              42.757414747148133
            ]
          ]
        ], 
        "type": "Polygon"
      }, 
      "properties": {
        "Seat Count": "", 
        "Number": "098", 
        "NCES_Type": "Mechanical Room", 
        "Workstations": "", 
        "Element": "Room", 
        "RevitId": 5966182, 
        "occupancyStatus": "Occupied", 
        "Building": "Connected Core", 
        "Area_SF": 119.23000000000000, 
        "Name": "AHU ROOM", 
        "NCES_Occupancy Status": "", 
        "NCES_Department": "CCUSO", 
        "Level": "LEVEL 2", 
        "Revit_UniqueId": "83b481c6-5042-4b52-affc-36b729025dcb-005b0966"
      }, 
      "type": "Feature"
    }, 
    {
      "geometry": {
        "coordinates": [
          [
            [
              -95.570742359711247, 
              42.757296864210524
            ], 
            [
              -95.570706502318671, 
              42.757296864210524
            ], 
            [
              -95.570706502318671, 
              42.757328645061321
            ], 
            [
              -95.570742359711247, 
              42.757328645061321
            ], 
            [
              -95.570742359711247, 
              42.757296864210524
            ]
          ]
        ], 
        "type": "Polygon"
      }, 
      "properties": {
        "Seat Count": "", 
        "Number": "099", 
        "NCES_Type": "Patient Room", 
        "Workstations": "", 
        "Element": "Room", 
        "RevitId": 5966213, 
        "occupancyStatus": "Occupied", 
        "Building": "Connected Core", 
        "Area_SF": 87.549999999999997, 
        "Name": "PATIENT\r\nROOM", 
        "NCES_Occupancy Status": "", 
        "NCES_Department": "CCUSO", 
        "Level": "LEVEL 2", 
        "Revit_UniqueId": "83b481c6-5042-4b52-affc-36b729025dcb-005b0985"
      }, 
      "type": "Feature"
    }, 
    {
      "geometry": {
        "coordinates": [
          [
            [
              -95.570706502318671, 
              42.757296864210524
            ], 
            [
              -95.570670644926082, 
              42.757296864210524
            ], 
            [
              -95.570670644926082, 
              42.757328645061321
            ], 
            [
              -95.570706502318671, 
              42.757328645061321
            ], 
            [
              -95.570706502318671, 
              42.757296864210524
            ]
          ]
        ], 
        "type": "Polygon"
      }, 
      "properties": {
        "Seat Count": "", 
        "Number": "214", 
        "NCES_Type": "Patient Room", 
        "Workstations": "", 
        "Element": "Room", 
        "RevitId": 5966216, 
        "occupancyStatus": "Occupied", 
        "Building": "Connected Core", 
        "Area_SF": 85.909999999999997, 
        "Name": "PATIENT\r\nROOM", 
        "NCES_Occupancy Status": "", 
        "NCES_Department": "CCUSO", 
        "Level": "LEVEL 2", 
        "Revit_UniqueId": "83b481c6-5042-4b52-affc-36b729025dcb-005b0988"
      }, 
      "type": "Feature"
    }, 
    {
      "geometry": {
        "coordinates": [
          [
            [
              -95.570670644926082, 
              42.757296864210524
            ], 
            [
              -95.570633852123265, 
              42.757296864210524
            ], 
            [
              -95.570633852123265, 
              42.757328645061321
            ], 
            [
              -95.570670644926082, 
              42.757328645061321
            ], 
            [
              -95.570670644926082, 
              42.757296864210524
            ]
          ]
        ], 
        "type": "Polygon"
      }, 
      "properties": {
        "Seat Count": "", 
        "Number": "215", 
        "NCES_Type": "Patient Room", 
        "Workstations": "", 
        "Element": "Room", 
        "RevitId": 5966219, 
        "occupancyStatus": "Occupied", 
        "Building": "Connected Core", 
        "Area_SF": 86.730000000000004, 
        "Name": "PATIENT\r\nROOM", 
        "NCES_Occupancy Status": "", 
        "NCES_Department": "CCUSO", 
        "Level": "LEVEL 2", 
        "Revit_UniqueId": "83b481c6-5042-4b52-affc-36b729025dcb-005b098b"
      }, 
      "type": "Feature"
    }, 
    {
      "geometry": {
        "coordinates": [
          [
            [
              -95.570633852123265, 
              42.757296864210524
            ], 
            [
              -95.570595812106788, 
              42.757296864210524
            ], 
            [
              -95.570595812106788, 
              42.757328645061321
            ], 
            [
              -95.570633852123265, 
              42.757328645061321
            ], 
            [
              -95.570633852123265, 
              42.757296864210524
            ]
          ]
        ], 
        "type": "Polygon"
      }, 
      "properties": {
        "Seat Count": "", 
        "Number": "216", 
        "NCES_Type": "Patient Room", 
        "Workstations": "", 
        "Element": "Room", 
        "RevitId": 5966222, 
        "occupancyStatus": "Occupied", 
        "Building": "Connected Core", 
        "Area_SF": 90.0, 
        "Name": "PATIENT\r\nROOM", 
        "NCES_Occupancy Status": "", 
        "NCES_Department": "CCUSO", 
        "Level": "LEVEL 2", 
        "Revit_UniqueId": "83b481c6-5042-4b52-affc-36b729025dcb-005b098e"
      }, 
      "type": "Feature"
    }, 
    {
      "geometry": {
        "coordinates": [
          [
            [
              -95.570596093689218, 
              42.757411999895389
            ], 
            [
              -95.570596093689218, 
              42.757380864364251
            ], 
            [
              -95.570597964509702, 
              42.757380864364251
            ], 
            [
              -95.570597964509702, 
              42.757366190848863
            ], 
            [
              -95.570638522170285, 
              42.757366190848863
            ], 
            [
              -95.570679999028499, 
              42.757366190848863
            ], 
            [
              -95.570701506459869, 
              42.757366190848863
            ], 
            [
              -95.570701506459869, 
              42.757365504035675
            ], 
            [
              -95.570703396863465, 
              42.757365504035675
            ], 
            [
              -95.570718343844206, 
              42.757365504035675
            ], 
            [
              -95.570742352707072, 
              42.757365504035675
            ], 
            [
              -95.570742352707072, 
              42.757366877662051
            ], 
            [
              -95.570781016330372, 
              42.757366877662051
            ], 
            [
              -95.570781016330372, 
              42.757366190848863
            ], 
            [
              -95.570783105451596, 
              42.757366190848863
            ], 
            [
              -95.570839834089782, 
              42.757366190848863
            ], 
            [
              -95.570843575730748, 
              42.757366190848863
            ], 
            [
              -95.570843575730748, 
              42.757366877662051
            ], 
            [
              -95.570845758354636, 
              42.757366877662051
            ], 
            [
              -95.570845758354636, 
              42.757327958248133
            ], 
            [
              -95.570839834089782, 
              42.757327958248133
            ], 
            [
              -95.570839834089782, 
              42.757328645061321
            ], 
            [
              -95.570836072865688, 
              42.757328645061321
            ], 
            [
              -95.570779152514064, 
              42.757328645061321
            ], 
            [
              -95.570742359711247, 
              42.757328645061321
            ], 
            [
              -95.570706502318671, 
              42.757328645061321
            ], 
            [
              -95.570670644926082, 
              42.757328645061321
            ], 
            [
              -95.570633852123265, 
              42.757328645061321
            ], 
            [
              -95.570595812106788, 
              42.757328645061321
            ], 
            [
              -95.570531268800138, 
              42.757328645061321
            ], 
            [
              -95.570494553948166, 
              42.757328645061321
            ], 
            [
              -95.570458306801314, 
              42.757328645061321
            ], 
            [
              -95.570420699871391, 
              42.757328645061321
            ], 
            [
              -95.570380165427608, 
              42.757328645061321
            ], 
            [
              -95.570342437214535, 
              42.757328645061321
            ], 
            [
              -95.570296734181767, 
              42.757328645061321
            ], 
            [
              -95.570296734181767, 
              42.757327958248133
            ], 
            [
              -95.570290498113494, 
              42.757327958248133
            ], 
            [
              -95.570271098161953, 
              42.757359823531182
            ], 
            [
              -95.570279518742353, 
              42.757357694655099
            ], 
            [
              -95.570295730925366, 
              42.757361562366320
            ], 
            [
              -95.570295730925366, 
              42.757364130409300
            ], 
            [
              -95.570297601745835, 
              42.757364130409300
            ], 
            [
              -95.570297601745835, 
              42.757366190848863
            ], 
            [
              -95.570307891258494, 
              42.757366190848863
            ], 
            [
              -95.570324416839426, 
              42.757366190848863
            ], 
            [
              -95.570330964711118, 
              42.757366190848863
            ], 
            [
              -95.570350242287006, 
              42.757366190848863
            ], 
            [
              -95.570364429342334, 
              42.757366190848863
            ], 
            [
              -95.570377836889122, 
              42.757366190848863
            ], 
            [
              -95.570394957444009, 
              42.757366190848863
            ], 
            [
              -95.570423105959975, 
              42.757366190848863
            ], 
            [
              -95.570455533515002, 
              42.757366190848863
            ], 
            [
              -95.570459898762792, 
              42.757366190848863
            ], 
            [
              -95.570476424343724, 
              42.757366190848863
            ], 
            [
              -95.570485154839304, 
              42.757366190848863
            ], 
            [
              -95.570530682544529, 
              42.757366190848863
            ], 
            [
              -95.570530682544529, 
              42.757386816745203
            ], 
            [
              -95.570532553365013, 
              42.757386816745203
            ], 
            [
              -95.570532553365013, 
              42.757409238263975
            ], 
            [
              -95.570532553365013, 
              42.757411999895389
            ], 
            [
              -95.570534443768622, 
              42.757411999895389
            ], 
            [
              -95.570596093689218, 
              42.757411999895389
            ]
          ]
        ], 
        "type": "Polygon"
      }, 
      "properties": {
        "Seat Count": "", 
        "Number": "217", 
        "NCES_Type": "Corridor/Hallway", 
        "Workstations": "", 
        "Element": "Room", 
        "RevitId": 5966225, 
        "occupancyStatus": "Occupied", 
        "Building": "Connected Core", 
        "Area_SF": 2195.3299999999999, 
        "Name": "CORRIDOR", 
        "NCES_Occupancy Status": "", 
        "NCES_Department": "CCUSO", 
        "Level": "LEVEL 2", 
        "Revit_UniqueId": "83b481c6-5042-4b52-affc-36b729025dcb-005b0991"
      }, 
      "type": "Feature"
    }, 
    {
      "geometry": {
        "coordinates": [
          [
            [
              -95.570531268800138, 
              42.757296864210524
            ], 
            [
              -95.570494553948166, 
              42.757296864210524
            ], 
            [
              -95.570494553948166, 
              42.757328645061321
            ], 
            [
              -95.570531268800138, 
              42.757328645061321
            ], 
            [
              -95.570531268800138, 
              42.757296864210524
            ]
          ]
        ], 
        "type": "Polygon"
      }, 
      "properties": {
        "Seat Count": "", 
        "Number": "218", 
        "NCES_Type": "Secure Patient Room", 
        "Workstations": "", 
        "Element": "Room", 
        "RevitId": 5966228, 
        "occupancyStatus": "Occupied", 
        "Building": "Connected Core", 
        "Area_SF": 84.069999999999993, 
        "Name": "SECURE\r\nPATIENT\r\nROOM", 
        "NCES_Occupancy Status": "", 
        "NCES_Department": "CCUSO", 
        "Level": "LEVEL 2", 
        "Revit_UniqueId": "83b481c6-5042-4b52-affc-36b729025dcb-005b0994"
      }, 
      "type": "Feature"
    }, 
    {
      "geometry": {
        "coordinates": [
          [
            [
              -95.570494553948166, 
              42.757296864210524
            ], 
            [
              -95.570458306801314, 
              42.757296864210524
            ], 
            [
              -95.570458306801314, 
              42.757328645061321
            ], 
            [
              -95.570494553948166, 
              42.757328645061321
            ], 
            [
              -95.570494553948166, 
              42.757296864210524
            ]
          ]
        ], 
        "type": "Polygon"
      }, 
      "properties": {
        "Seat Count": "", 
        "Number": "219", 
        "NCES_Type": "Secure Patient Room", 
        "Workstations": "", 
        "Element": "Room", 
        "RevitId": 5966231, 
        "occupancyStatus": "Occupied", 
        "Building": "Connected Core", 
        "Area_SF": 86.930000000000007, 
        "Name": "SECURE\r\nPATIENT\r\nROOM", 
        "NCES_Occupancy Status": "", 
        "NCES_Department": "CCUSO", 
        "Level": "LEVEL 2", 
        "Revit_UniqueId": "83b481c6-5042-4b52-affc-36b729025dcb-005b0997"
      }, 
      "type": "Feature"
    }, 
    {
      "geometry": {
        "coordinates": [
          [
            [
              -95.570458306801314, 
              42.757296864210524
            ], 
            [
              -95.570420699871391, 
              42.757296864210524
            ], 
            [
              -95.570420699871391, 
              42.757328645061321
            ], 
            [
              -95.570458306801314, 
              42.757328645061321
            ], 
            [
              -95.570458306801314, 
              42.757296864210524
            ]
          ]
        ], 
        "type": "Polygon"
      }, 
      "properties": {
        "Seat Count": "", 
        "Number": "220", 
        "NCES_Type": "", 
        "Workstations": "", 
        "Element": "Room", 
        "RevitId": 5966234, 
        "occupancyStatus": "Occupied", 
        "Building": "Connected Core", 
        "Area_SF": 90.5, 
        "Name": "Room", 
        "NCES_Occupancy Status": "", 
        "NCES_Department": "CCUSO", 
        "Level": "LEVEL 2", 
        "Revit_UniqueId": "83b481c6-5042-4b52-affc-36b729025dcb-005b099a"
      }, 
      "type": "Feature"
    }, 
    {
      "geometry": {
        "coordinates": [
          [
            [
              -95.570422570691875, 
              42.757283131445753
            ], 
            [
              -95.570380165427608, 
              42.757283131445753
            ], 
            [
              -95.570380165427608, 
              42.757328645061321
            ], 
            [
              -95.570420699871391, 
              42.757328645061321
            ], 
            [
              -95.570420699871391, 
              42.757299625841931
            ], 
            [
              -95.570420699871391, 
              42.757296864210524
            ], 
            [
              -95.570422570691875, 
              42.757296864210524
            ], 
            [
              -95.570422570691875, 
              42.757283131445753
            ]
          ]
        ], 
        "type": "Polygon"
      }, 
      "properties": {
        "Seat Count": "", 
        "Number": "221", 
        "NCES_Type": "Patient Room", 
        "Workstations": "", 
        "Element": "Room", 
        "RevitId": 5966237, 
        "occupancyStatus": "Occupied", 
        "Building": "Connected Core", 
        "Area_SF": 148.16999999999999, 
        "Name": "PATIENT\r\nROOM", 
        "NCES_Occupancy Status": "", 
        "NCES_Department": "CCUSO", 
        "Level": "LEVEL 2", 
        "Revit_UniqueId": "83b481c6-5042-4b52-affc-36b729025dcb-005b099d"
      }, 
      "type": "Feature"
    }, 
    {
      "geometry": {
        "coordinates": [
          [
            [
              -95.570380165427608, 
              42.757283131445753
            ], 
            [
              -95.570342437214535, 
              42.757283131445753
            ], 
            [
              -95.570342437214535, 
              42.757328645061321
            ], 
            [
              -95.570380165427608, 
              42.757328645061321
            ], 
            [
              -95.570380165427608, 
              42.757283131445753
            ]
          ]
        ], 
        "type": "Polygon"
      }, 
      "properties": {
        "Seat Count": "", 
        "Number": "222", 
        "NCES_Type": "Patient Room", 
        "Workstations": "", 
        "Element": "Room", 
        "RevitId": 5966240, 
        "occupancyStatus": "Occupied", 
        "Building": "Connected Core", 
        "Area_SF": 139.53000000000000, 
        "Name": "PATIENT\r\nROOM", 
        "NCES_Occupancy Status": "", 
        "NCES_Department": "CCUSO", 
        "Level": "LEVEL 2", 
        "Revit_UniqueId": "83b481c6-5042-4b52-affc-36b729025dcb-005b09a0"
      }, 
      "type": "Feature"
    }, 
    {
      "geometry": {
        "coordinates": [
          [
            [
              -95.570296734181767, 
              42.757327958248133
            ], 
            [
              -95.570296734181767, 
              42.757328645061321
            ], 
            [
              -95.570342437214535, 
              42.757328645061321
            ], 
            [
              -95.570342437214535, 
              42.757283131445753
            ], 
            [
              -95.570296734181767, 
              42.757283131445753
            ], 
            [
              -95.570296734181767, 
              42.757327958248133
            ]
          ]
        ], 
        "type": "Polygon"
      }, 
      "properties": {
        "Seat Count": "", 
        "Number": "223", 
        "NCES_Type": "Patient Room", 
        "Workstations": "", 
        "Element": "Room", 
        "RevitId": 5966243, 
        "occupancyStatus": "Occupied", 
        "Building": "Connected Core", 
        "Area_SF": 161.22999999999999, 
        "Name": "PATIENT\r\nROOM", 
        "NCES_Occupancy Status": "", 
        "NCES_Department": "CCUSO", 
        "Level": "LEVEL 2", 
        "Revit_UniqueId": "83b481c6-5042-4b52-affc-36b729025dcb-005b09a3"
      }, 
      "type": "Feature"
    }, 
    {
      "geometry": {
        "coordinates": [
          [
            [
              -95.570532553365013, 
              42.757411999895389
            ], 
            [
              -95.570532553365013, 
              42.757386816745203
            ], 
            [
              -95.570530682544529, 
              42.757386816745203
            ], 
            [
              -95.570530682544529, 
              42.757366190848863
            ], 
            [
              -95.570485154839304, 
              42.757366190848863
            ], 
            [
              -95.570485154839304, 
              42.757386358869745
            ], 
            [
              -95.570485154839304, 
              42.757390937624322
            ], 
            [
              -95.570485154839304, 
              42.757411999895389
            ], 
            [
              -95.570532553365013, 
              42.757411999895389
            ]
          ]
        ], 
        "type": "Polygon"
      }, 
      "properties": {
        "Seat Count": "", 
        "Number": "224", 
        "NCES_Type": "", 
        "Workstations": "", 
        "Element": "Room", 
        "RevitId": 5966246, 
        "occupancyStatus": "Occupied", 
        "Building": "Connected Core", 
        "Area_SF": 171.11000000000001, 
        "Name": "Room", 
        "NCES_Occupancy Status": "", 
        "NCES_Department": "CCUSO", 
        "Level": "LEVEL 2", 
        "Revit_UniqueId": "83b481c6-5042-4b52-affc-36b729025dcb-005b09a6"
      }, 
      "type": "Feature"
    }, 
    {
      "geometry": {
        "coordinates": [
          [
            [
              -95.570454909908179, 
              42.757411999895389
            ], 
            [
              -95.570476424343724, 
              42.757411999895389
            ], 
            [
              -95.570476424343724, 
              42.757390937624322
            ], 
            [
              -95.570476424343724, 
              42.757386358869745
            ], 
            [
              -95.570476424343724, 
              42.757366190848863
            ], 
            [
              -95.570459898762792, 
              42.757366190848863
            ], 
            [
              -95.570459898762792, 
              42.757374890482566
            ], 
            [
              -95.570454909908179, 
              42.757374890482566
            ], 
            [
              -95.570454909908179, 
              42.757379948613334
            ], 
            [
              -95.570454909908179, 
              42.757400553008942
            ], 
            [
              -95.570454909908179, 
              42.757411999895389
            ]
          ]
        ], 
        "type": "Polygon"
      }, 
      "properties": {
        "Seat Count": "", 
        "Number": "228", 
        "NCES_Type": "", 
        "Workstations": "", 
        "Element": "Room", 
        "RevitId": 5966249, 
        "occupancyStatus": "Occupied", 
        "Building": "Connected Core", 
        "Area_SF": 74.459999999999994, 
        "Name": "Room", 
        "NCES_Occupancy Status": "", 
        "NCES_Department": "CCUSO", 
        "Level": "LEVEL 2", 
        "Revit_UniqueId": "83b481c6-5042-4b52-affc-36b729025dcb-005b09a9"
      }, 
      "type": "Feature"
    }, 
    {
      "geometry": {
        "coordinates": [
          [
            [
              -95.570838898679540, 
              42.757223879426405
            ], 
            [
              -95.570837963269298, 
              42.757223879426405
            ], 
            [
              -95.570837963269298, 
              42.757178070379879
            ], 
            [
              -95.570813018996191, 
              42.757178070379879
            ], 
            [
              -95.570813018996191, 
              42.757186541075846
            ], 
            [
              -95.570802729483546, 
              42.757186541075846
            ], 
            [
              -95.570802729483546, 
              42.757226392317136
            ], 
            [
              -95.570803664893788, 
              42.757226392317136
            ], 
            [
              -95.570803664893788, 
              42.757279881325054
            ], 
            [
              -95.570778217103822, 
              42.757279881325054
            ], 
            [
              -95.570778217103822, 
              42.757296864210524
            ], 
            [
              -95.570779152514064, 
              42.757296864210524
            ], 
            [
              -95.570779152514064, 
              42.757328645061321
            ], 
            [
              -95.570839834089782, 
              42.757328645061321
            ], 
            [
              -95.570839834089782, 
              42.757283348038946
            ], 
            [
              -95.570838898679540, 
              42.757283348038946
            ], 
            [
              -95.570838898679540, 
              42.757281273220720
            ], 
            [
              -95.570838898679540, 
              42.757259996390594
            ], 
            [
              -95.570838898679540, 
              42.757223879426405
            ]
          ]
        ], 
        "type": "Polygon"
      }, 
      "properties": {
        "Seat Count": "", 
        "Number": "229", 
        "NCES_Type": "Corridor/Hallway", 
        "Workstations": "", 
        "Element": "Room", 
        "RevitId": 5966322, 
        "occupancyStatus": "Occupied", 
        "Building": "Connected Core", 
        "Area_SF": 517.11000000000001, 
        "Name": "CORRIDOR", 
        "NCES_Occupancy Status": "", 
        "NCES_Department": "CCUSO", 
        "Level": "LEVEL 2", 
        "Revit_UniqueId": "83b481c6-5042-4b52-affc-36b729025dcb-005b09f2"
      }, 
      "type": "Feature"
    }, 
    {
      "geometry": {
        "coordinates": [
          [
            [
              -95.570531268800138, 
              42.757261512863316
            ], 
            [
              -95.570531268800138, 
              42.757296864210524
            ], 
            [
              -95.570531268800138, 
              42.757328645061321
            ], 
            [
              -95.570595812106788, 
              42.757328645061321
            ], 
            [
              -95.570595812106788, 
              42.757299625841931
            ], 
            [
              -95.570595812106788, 
              42.757296864210524
            ], 
            [
              -95.570596747517030, 
              42.757296864210524
            ], 
            [
              -95.570596747517030, 
              42.757261512863316
            ], 
            [
              -95.570531268800138, 
              42.757261512863316
            ]
          ]
        ], 
        "type": "Polygon"
      }, 
      "properties": {
        "Seat Count": "", 
        "Number": "230", 
        "NCES_Type": "Commons", 
        "Workstations": "", 
        "Element": "Room", 
        "RevitId": 5966425, 
        "occupancyStatus": "Occupied", 
        "Building": "Connected Core", 
        "Area_SF": 491.50999999999999, 
        "Name": "COMMONS", 
        "NCES_Occupancy Status": "", 
        "NCES_Department": "CCUSO", 
        "Level": "LEVEL 2", 
        "Revit_UniqueId": "83b481c6-5042-4b52-affc-36b729025dcb-005b0a59"
      }, 
      "type": "Feature"
    }, 
    {
      "geometry": {
        "coordinates": [
          [
            [
              -95.572831046957162, 
              42.757226875974517
            ], 
            [
              -95.572879688289717, 
              42.757226875974517
            ], 
            [
              -95.572879688289717, 
              42.757203295388436
            ], 
            [
              -95.572860044674641, 
              42.757203295388436
            ], 
            [
              -95.572851937785885, 
              42.757203295388436
            ], 
            [
              -95.572831046957162, 
              42.757203295388436
            ], 
            [
              -95.572831046957162, 
              42.757226875974517
            ]
          ]
        ], 
        "type": "Polygon"
      }, 
      "properties": {
        "Seat Count": "", 
        "Number": "243", 
        "NCES_Type": "Single Stall Restroom", 
        "Workstations": "", 
        "Element": "Room", 
        "RevitId": 5989749, 
        "occupancyStatus": "Occupied", 
        "Building": "Connected Core", 
        "Area_SF": 88.540000000000006, 
        "Name": "RR", 
        "NCES_Occupancy Status": "", 
        "NCES_Department": "MHI", 
        "Level": "LEVEL 2", 
        "Revit_UniqueId": "0f5c1804-2ca3-42ab-83da-8c3ea60eb790-005b6575"
      }, 
      "type": "Feature"
    }, 
    {
      "geometry": {
        "coordinates": [
          [
            [
              -95.571936555183143, 
              42.757035072144227
            ], 
            [
              -95.571876377124283, 
              42.757035072144227
            ], 
            [
              -95.571876377124283, 
              42.757045374342034
            ], 
            [
              -95.571876377124283, 
              42.757058235893822
            ], 
            [
              -95.571876377124283, 
              42.757067622340706
            ], 
            [
              -95.571936555183143, 
              42.757067622340706
            ], 
            [
              -95.571936555183143, 
              42.757035758957414
            ], 
            [
              -95.571936555183143, 
              42.757035072144227
            ]
          ]
        ], 
        "type": "Polygon"
      }, 
      "properties": {
        "Seat Count": "", 
        "Number": "289", 
        "NCES_Type": "Kitchen", 
        "Workstations": "", 
        "Element": "Room", 
        "RevitId": 6016526, 
        "occupancyStatus": "Occupied", 
        "Building": "Connected Core", 
        "Area_SF": 159.55000000000001, 
        "Name": "KITCHEN", 
        "NCES_Occupancy Status": "", 
        "NCES_Department": "General", 
        "Level": "LEVEL 2", 
        "Revit_UniqueId": "568ae92b-a280-451e-8461-f6d387948176-005bce0e"
      }, 
      "type": "Feature"
    }, 
    {
      "geometry": {
        "coordinates": [
          [
            [
              -95.571876377124283, 
              42.757035072144227
            ], 
            [
              -95.571805285945942, 
              42.757035072144227
            ], 
            [
              -95.571805285945942, 
              42.757035758957414
            ], 
            [
              -95.571805285945942, 
              42.757150348903224
            ], 
            [
              -95.571889503455694, 
              42.757150348903224
            ], 
            [
              -95.571889503455694, 
              42.757124115328423
            ], 
            [
              -95.571936555183143, 
              42.757124115328423
            ], 
            [
              -95.571936555183143, 
              42.757067622340706
            ], 
            [
              -95.571876377124283, 
              42.757067622340706
            ], 
            [
              -95.571876377124283, 
              42.757058235893822
            ], 
            [
              -95.571876377124283, 
              42.757045374342034
            ], 
            [
              -95.571876377124283, 
              42.757035072144227
            ]
          ]
        ], 
        "type": "Polygon"
      }, 
      "properties": {
        "Seat Count": "", 
        "Number": "290", 
        "NCES_Type": "Supervised Family Meeting/Visitation", 
        "Workstations": "", 
        "Element": "Room", 
        "RevitId": 6016529, 
        "occupancyStatus": "Occupied", 
        "Building": "Connected Core", 
        "Area_SF": 1062.9000000000001, 
        "Name": "NURSING\r\nBREAKROOM / \r\nMHI FAMILY\r\nVISITATION", 
        "NCES_Occupancy Status": "", 
        "NCES_Department": "General", 
        "Level": "LEVEL 2", 
        "Revit_UniqueId": "568ae92b-a280-451e-8461-f6d387948176-005bce11"
      }, 
      "type": "Feature"
    }, 
    {
      "geometry": {
        "coordinates": [
          [
            [
              -95.571936555183143, 
              42.757150348903224
            ], 
            [
              -95.571936555183143, 
              42.757124115328423
            ], 
            [
              -95.571889503455694, 
              42.757124115328423
            ], 
            [
              -95.571889503455694, 
              42.757150348903224
            ], 
            [
              -95.571936555183143, 
              42.757150348903224
            ]
          ]
        ], 
        "type": "Polygon"
      }, 
      "properties": {
        "Seat Count": "", 
        "Number": "291", 
        "NCES_Type": "Single Stall Restroom", 
        "Workstations": "", 
        "Element": "Room", 
        "RevitId": 6016532, 
        "occupancyStatus": "Occupied", 
        "Building": "Connected Core", 
        "Area_SF": 93.989999999999995, 
        "Name": "RR", 
        "NCES_Occupancy Status": "", 
        "NCES_Department": "General", 
        "Level": "LEVEL 2", 
        "Revit_UniqueId": "568ae92b-a280-451e-8461-f6d387948176-005bce14"
      }, 
      "type": "Feature"
    }, 
    {
      "geometry": {
        "coordinates": [
          [
            [
              -95.572014309158206, 
              42.757052242473904
            ], 
            [
              -95.572014309158206, 
              42.757112066501307
            ], 
            [
              -95.572068718853899, 
              42.757112066501307
            ], 
            [
              -95.572068718853899, 
              42.757052242473904
            ], 
            [
              -95.572049387042256, 
              42.757052242473904
            ], 
            [
              -95.572014309158206, 
              42.757052242473904
            ]
          ]
        ], 
        "type": "Polygon"
      }, 
      "properties": {
        "Seat Count": "", 
        "Number": "292", 
        "NCES_Type": "Medical/Nurse Triage Room", 
        "Workstations": "", 
        "Element": "Room", 
        "RevitId": 6016541, 
        "occupancyStatus": "Occupied", 
        "Building": "Connected Core", 
        "Area_SF": 281.69000000000000, 
        "Name": "NURSING", 
        "NCES_Occupancy Status": "", 
        "NCES_Department": "General", 
        "Level": "LEVEL 2", 
        "Revit_UniqueId": "568ae92b-a280-451e-8461-f6d387948176-005bce1d"
      }, 
      "type": "Feature"
    }, 
    {
      "geometry": {
        "coordinates": [
          [
            [
              -95.572014309158206, 
              42.757112066501307
            ], 
            [
              -95.572014309158206, 
              42.757150348903224
            ], 
            [
              -95.572036759003993, 
              42.757150348903224
            ], 
            [
              -95.572067763860545, 
              42.757150348903224
            ], 
            [
              -95.572068718853899, 
              42.757150348903224
            ], 
            [
              -95.572068718853899, 
              42.757112066501307
            ], 
            [
              -95.572014309158206, 
              42.757112066501307
            ]
          ]
        ], 
        "type": "Polygon"
      }, 
      "properties": {
        "Seat Count": "", 
        "Number": "293", 
        "NCES_Type": "Private Office - Enclosed", 
        "Workstations": "", 
        "Element": "Room", 
        "RevitId": 6016655, 
        "occupancyStatus": "Occupied", 
        "Building": "Connected Core", 
        "Area_SF": 175.25, 
        "Name": "JARED RAPP\r\nPUBL SERV SUP", 
        "NCES_Occupancy Status": "", 
        "NCES_Department": "General", 
        "Level": "LEVEL 2", 
        "Revit_UniqueId": "568ae92b-a280-451e-8461-f6d387948176-005bce8f"
      }, 
      "type": "Feature"
    }, 
    {
      "geometry": {
        "coordinates": [
          [
            [
              -95.572105416311160, 
              42.757150348903224
            ], 
            [
              -95.572106371304528, 
              42.757150348903224
            ], 
            [
              -95.572137860242421, 
              42.757150348903224
            ], 
            [
              -95.572163411746118, 
              42.757150348903224
            ], 
            [
              -95.572163411746118, 
              42.757063231484892
            ], 
            [
              -95.572143856874519, 
              42.757063231484892
            ], 
            [
              -95.572143856874519, 
              42.757035072144227
            ], 
            [
              -95.572125010444566, 
              42.757035072144227
            ], 
            [
              -95.572105416311160, 
              42.757049458889867
            ], 
            [
              -95.572105416311160, 
              42.757150348903224
            ]
          ]
        ], 
        "type": "Polygon"
      }, 
      "properties": {
        "Seat Count": "", 
        "Number": "294", 
        "NCES_Type": "IT/Telecom Room", 
        "Workstations": "", 
        "Element": "Room", 
        "RevitId": 6016833, 
        "occupancyStatus": "Occupied", 
        "Building": "Connected Core", 
        "Area_SF": 516.36000000000001, 
        "Name": "PROGRAMMER \r\n& IT STORAGE", 
        "NCES_Occupancy Status": "", 
        "NCES_Department": "General", 
        "Level": "LEVEL 2", 
        "Revit_UniqueId": "568ae92b-a280-451e-8461-f6d387948176-005bcf41"
      }, 
      "type": "Feature"
    }, 
    {
      "geometry": {
        "coordinates": [
          [
            [
              -95.572372743171329, 
              42.757129236830977
            ], 
            [
              -95.572372743171329, 
              42.757067622340706
            ], 
            [
              -95.572310571736651, 
              42.757067622340706
            ], 
            [
              -95.572310571736651, 
              42.757078570312729
            ], 
            [
              -95.572310571736651, 
              42.757087112288851
            ], 
            [
              -95.572310571736651, 
              42.757099017050756
            ], 
            [
              -95.572310571736651, 
              42.757108908134292
            ], 
            [
              -95.572310571736651, 
              42.757120355020739
            ], 
            [
              -95.572310571736651, 
              42.757129236830977
            ], 
            [
              -95.572329714300224, 
              42.757129236830977
            ], 
            [
              -95.572339068402641, 
              42.757129236830977
            ], 
            [
              -95.572372743171329, 
              42.757129236830977
            ]
          ]
        ], 
        "type": "Polygon"
      }, 
      "properties": {
        "Seat Count": "", 
        "Number": "295", 
        "NCES_Type": "Administrative Workroom", 
        "Workstations": "", 
        "Element": "Room", 
        "RevitId": 6017374, 
        "occupancyStatus": "Occupied", 
        "Building": "Connected Core", 
        "Area_SF": 353.38999999999999, 
        "Name": "WORK\r\nROOM", 
        "NCES_Occupancy Status": "", 
        "NCES_Department": "General", 
        "Level": "LEVEL 2", 
        "Revit_UniqueId": "568ae92b-a280-451e-8461-f6d387948176-005bd15e"
      }, 
      "type": "Feature"
    }, 
    {
      "geometry": {
        "coordinates": [
          [
            [
              -95.572372743171329, 
              42.757035758957414
            ], 
            [
              -95.572372743171329, 
              42.757035072144227
            ], 
            [
              -95.572318055018570, 
              42.757035072144227
            ], 
            [
              -95.572308700916167, 
              42.757035072144227
            ], 
            [
              -95.572308700916167, 
              42.757067622340706
            ], 
            [
              -95.572310571736651, 
              42.757067622340706
            ], 
            [
              -95.572372743171329, 
              42.757067622340706
            ], 
            [
              -95.572372743171329, 
              42.757053199263780
            ], 
            [
              -95.572372743171329, 
              42.757035758957414
            ]
          ]
        ], 
        "type": "Polygon"
      }, 
      "properties": {
        "Seat Count": "", 
        "Number": "296", 
        "NCES_Type": "Private Office - Enclosed", 
        "Workstations": "", 
        "Element": "Room", 
        "RevitId": 6017377, 
        "occupancyStatus": "Occupied", 
        "Building": "Connected Core", 
        "Area_SF": 174.83000000000001, 
        "Name": "OFFICE", 
        "NCES_Occupancy Status": "", 
        "NCES_Department": "General", 
        "Level": "LEVEL 2", 
        "Revit_UniqueId": "568ae92b-a280-451e-8461-f6d387948176-005bd161"
      }, 
      "type": "Feature"
    }, 
    {
      "geometry": {
        "coordinates": [
          [
            [
              -95.572237351442993, 
              42.757150348903224
            ], 
            [
              -95.572285003856720, 
              42.757150348903224
            ], 
            [
              -95.572285003856720, 
              42.757126310441684
            ], 
            [
              -95.572237351442993, 
              42.757126310441684
            ], 
            [
              -95.572237351442993, 
              42.757150348903224
            ]
          ]
        ], 
        "type": "Polygon"
      }, 
      "properties": {
        "Seat Count": "", 
        "Number": "297", 
        "NCES_Type": "Private Office - Enclosed", 
        "Workstations": "", 
        "Element": "Room", 
        "RevitId": 6018119, 
        "occupancyStatus": "Occupied", 
        "Building": "Connected Core", 
        "Area_SF": 93.890000000000001, 
        "Name": "OFFICE", 
        "NCES_Occupancy Status": "", 
        "NCES_Department": "General", 
        "Level": "LEVEL 2", 
        "Revit_UniqueId": "568ae92b-a280-451e-8461-f6d387948176-005bd447"
      }, 
      "type": "Feature"
    }, 
    {
      "geometry": {
        "coordinates": [
          [
            [
              -95.572237351442993, 
              42.757094824891482
            ], 
            [
              -95.572237351442993, 
              42.757126310441684
            ], 
            [
              -95.572285003856720, 
              42.757126310441684
            ], 
            [
              -95.572285003856720, 
              42.757094824891482
            ], 
            [
              -95.572237351442993, 
              42.757094824891482
            ]
          ]
        ], 
        "type": "Polygon"
      }, 
      "properties": {
        "Seat Count": "", 
        "Number": "298", 
        "NCES_Type": "Private Office - Enclosed", 
        "Workstations": "", 
        "Element": "Room", 
        "RevitId": 6018122, 
        "occupancyStatus": "Occupied", 
        "Building": "Connected Core", 
        "Area_SF": 128.63000000000000, 
        "Name": "OFFICE", 
        "NCES_Occupancy Status": "", 
        "NCES_Department": "General", 
        "Level": "LEVEL 2", 
        "Revit_UniqueId": "568ae92b-a280-451e-8461-f6d387948176-005bd44a"
      }, 
      "type": "Feature"
    }, 
    {
      "geometry": {
        "coordinates": [
          [
            [
              -95.572237351442993, 
              42.757063231484892
            ], 
            [
              -95.572237351442993, 
              42.757094824891482
            ], 
            [
              -95.572285003856720, 
              42.757094824891482
            ], 
            [
              -95.572285003856720, 
              42.757072961338366
            ], 
            [
              -95.572285003856720, 
              42.757063231484892
            ], 
            [
              -95.572237351442993, 
              42.757063231484892
            ]
          ]
        ], 
        "type": "Polygon"
      }, 
      "properties": {
        "Seat Count": "", 
        "Number": "299", 
        "NCES_Type": "Private Office - Enclosed", 
        "Workstations": "", 
        "Element": "Room", 
        "RevitId": 6018125, 
        "occupancyStatus": "Occupied", 
        "Building": "Connected Core", 
        "Area_SF": 129.09000000000000, 
        "Name": "OFFICE", 
        "NCES_Occupancy Status": "", 
        "NCES_Department": "General", 
        "Level": "LEVEL 2", 
        "Revit_UniqueId": "568ae92b-a280-451e-8461-f6d387948176-005bd44d"
      }, 
      "type": "Feature"
    }, 
    {
      "geometry": {
        "coordinates": [
          [
            [
              -95.572237351442993, 
              42.757035072144227
            ], 
            [
              -95.572237351442993, 
              42.757063231484892
            ], 
            [
              -95.572285003856720, 
              42.757063231484892
            ], 
            [
              -95.572285003856720, 
              42.757035072144227
            ], 
            [
              -95.572275649754303, 
              42.757035072144227
            ], 
            [
              -95.572237351442993, 
              42.757035072144227
            ]
          ]
        ], 
        "type": "Polygon"
      }, 
      "properties": {
        "Seat Count": "", 
        "Number": "300", 
        "NCES_Type": "Private Office - Enclosed", 
        "Workstations": "", 
        "Element": "Room", 
        "RevitId": 6018128, 
        "occupancyStatus": "Occupied", 
        "Building": "Connected Core", 
        "Area_SF": 108.56000000000000, 
        "Name": "OFFICE", 
        "NCES_Occupancy Status": "", 
        "NCES_Department": "General", 
        "Level": "LEVEL 2", 
        "Revit_UniqueId": "568ae92b-a280-451e-8461-f6d387948176-005bd450"
      }, 
      "type": "Feature"
    }, 
    {
      "geometry": {
        "coordinates": [
          [
            [
              -95.572372743171329, 
              42.757142286281521
            ], 
            [
              -95.572372743171329, 
              42.757129236830977
            ], 
            [
              -95.572339068402641, 
              42.757129236830977
            ], 
            [
              -95.572339068402641, 
              42.757150348903224
            ], 
            [
              -95.572372743171329, 
              42.757150348903224
            ], 
            [
              -95.572372743171329, 
              42.757142286281521
            ]
          ]
        ], 
        "type": "Polygon"
      }, 
      "properties": {
        "Seat Count": "", 
        "Number": "302", 
        "NCES_Type": "Single Stall Restroom", 
        "Workstations": "", 
        "Element": "Room", 
        "RevitId": 6018140, 
        "occupancyStatus": "Occupied", 
        "Building": "Connected Core", 
        "Area_SF": 55.210000000000001, 
        "Name": "RR", 
        "NCES_Occupancy Status": "", 
        "NCES_Department": "General", 
        "Level": "LEVEL 2", 
        "Revit_UniqueId": "568ae92b-a280-451e-8461-f6d387948176-005bd45c"
      }, 
      "type": "Feature"
    }, 
    {
      "geometry": {
        "coordinates": [
          [
            [
              -95.572308403832807, 
              42.757150348903224
            ], 
            [
              -95.572339068402641, 
              42.757150348903224
            ], 
            [
              -95.572339068402641, 
              42.757129236830977
            ], 
            [
              -95.572329714300224, 
              42.757129236830977
            ], 
            [
              -95.572310571736651, 
              42.757129236830977
            ], 
            [
              -95.572308403832807, 
              42.757129236830977
            ], 
            [
              -95.572308403832807, 
              42.757150348903224
            ]
          ]
        ], 
        "type": "Polygon"
      }, 
      "properties": {
        "Seat Count": "", 
        "Number": "303", 
        "NCES_Type": "Single Stall Restroom", 
        "Workstations": "", 
        "Element": "Room", 
        "RevitId": 6018143, 
        "occupancyStatus": "Occupied", 
        "Building": "Connected Core", 
        "Area_SF": 50.049999999999997, 
        "Name": "RR", 
        "NCES_Occupancy Status": "", 
        "NCES_Department": "General", 
        "Level": "LEVEL 2", 
        "Revit_UniqueId": "568ae92b-a280-451e-8461-f6d387948176-005bd45f"
      }, 
      "type": "Feature"
    }, 
    {
      "geometry": {
        "coordinates": [
          [
            [
              -95.572069654264141, 
              42.757264492157333
            ], 
            [
              -95.572069654264141, 
              42.757245195238887
            ], 
            [
              -95.572030367034017, 
              42.757245195238887
            ], 
            [
              -95.572030367034017, 
              42.757264492157333
            ], 
            [
              -95.572069654264141, 
              42.757264492157333
            ]
          ]
        ], 
        "type": "Polygon"
      }, 
      "properties": {
        "Seat Count": "", 
        "Number": "304", 
        "NCES_Type": "Single Stall Restroom", 
        "Workstations": "", 
        "Element": "Room", 
        "RevitId": 6019696, 
        "occupancyStatus": "Occupied", 
        "Building": "Connected Core", 
        "Area_SF": 58.729999999999997, 
        "Name": "RR", 
        "NCES_Occupancy Status": "", 
        "NCES_Department": "General", 
        "Level": "LEVEL 2", 
        "Revit_UniqueId": "568ae92b-a280-451e-8461-f6d387948176-005bda70"
      }, 
      "type": "Feature"
    }, 
    {
      "geometry": {
        "coordinates": [
          [
            [
              -95.572030367034017, 
              42.757245195238887
            ], 
            [
              -95.571991079803880, 
              42.757245195238887
            ], 
            [
              -95.571991079803880, 
              42.757264492157333
            ], 
            [
              -95.572030367034017, 
              42.757264492157333
            ], 
            [
              -95.572030367034017, 
              42.757245195238887
            ]
          ]
        ], 
        "type": "Polygon"
      }, 
      "properties": {
        "Seat Count": "", 
        "Number": "307", 
        "NCES_Type": "Single Stall Restroom", 
        "Workstations": "", 
        "Element": "Room", 
        "RevitId": 6019699, 
        "occupancyStatus": "Occupied", 
        "Building": "Connected Core", 
        "Area_SF": 60.240000000000002, 
        "Name": "RR", 
        "NCES_Occupancy Status": "", 
        "NCES_Department": "General", 
        "Level": "LEVEL 2", 
        "Revit_UniqueId": "568ae92b-a280-451e-8461-f6d387948176-005bda73"
      }, 
      "type": "Feature"
    }, 
    {
      "geometry": {
        "coordinates": [
          [
            [
              -95.572069654264141, 
              42.757295856626193
            ], 
            [
              -95.572069654264141, 
              42.757264492157333
            ], 
            [
              -95.572030367034017, 
              42.757264492157333
            ], 
            [
              -95.571991079803880, 
              42.757264492157333
            ], 
            [
              -95.571991079803880, 
              42.757295856626193
            ], 
            [
              -95.572069654264141, 
              42.757295856626193
            ]
          ]
        ], 
        "type": "Polygon"
      }, 
      "properties": {
        "Seat Count": "", 
        "Number": "308", 
        "NCES_Type": "Waiting/Queue Area", 
        "Workstations": "", 
        "Element": "Room", 
        "RevitId": 6019740, 
        "occupancyStatus": "Occupied", 
        "Building": "Connected Core", 
        "Area_SF": 221.06000000000000, 
        "Name": "RR QUEUE", 
        "NCES_Occupancy Status": "", 
        "NCES_Department": "General", 
        "Level": "LEVEL 2", 
        "Revit_UniqueId": "568ae92b-a280-451e-8461-f6d387948176-005bda9c"
      }, 
      "type": "Feature"
    }, 
    {
      "geometry": {
        "coordinates": [
          [
            [
              -95.572018206700875, 
              42.757416721278133
            ], 
            [
              -95.572069654264141, 
              42.757416721278133
            ], 
            [
              -95.572069654264141, 
              42.757380284953278
            ], 
            [
              -95.572018206700875, 
              42.757380284953278
            ], 
            [
              -95.572018206700875, 
              42.757416721278133
            ]
          ]
        ], 
        "type": "Polygon"
      }, 
      "properties": {
        "Seat Count": "", 
        "Number": "309", 
        "NCES_Type": "General Storage", 
        "Workstations": "", 
        "Element": "Room", 
        "RevitId": 6019750, 
        "occupancyStatus": "Occupied", 
        "Building": "Connected Core", 
        "Area_SF": 159.41999999999999, 
        "Name": "STOR", 
        "NCES_Occupancy Status": "", 
        "NCES_Department": "General", 
        "Level": "LEVEL 2", 
        "Revit_UniqueId": "568ae92b-a280-451e-8461-f6d387948176-005bdaa6"
      }, 
      "type": "Feature"
    }, 
    {
      "geometry": {
        "coordinates": [
          [
            [
              -95.572104480900919, 
              42.757404323414818
            ], 
            [
              -95.572132543208156, 
              42.757404323414818
            ], 
            [
              -95.572132543208156, 
              42.757385092645592
            ], 
            [
              -95.572104480900919, 
              42.757385092645592
            ], 
            [
              -95.572104480900919, 
              42.757404323414818
            ]
          ]
        ], 
        "type": "Polygon"
      }, 
      "properties": {
        "Seat Count": "", 
        "Number": "310", 
        "NCES_Type": "General Storage", 
        "Workstations": "", 
        "Element": "Room", 
        "RevitId": 6020120, 
        "occupancyStatus": "Occupied", 
        "Building": "Connected Core", 
        "Area_SF": 40.5, 
        "Name": "STORAGE", 
        "NCES_Occupancy Status": "", 
        "NCES_Department": "General", 
        "Level": "LEVEL 2", 
        "Revit_UniqueId": "568ae92b-a280-451e-8461-f6d387948176-005bdc18"
      }, 
      "type": "Feature"
    }, 
    {
      "geometry": {
        "coordinates": [
          [
            [
              -95.57217247042135, 
              42.757404323414818
            ], 
            [
              -95.572205209779781, 
              42.757404323414818
            ], 
            [
              -95.572205209779781, 
              42.757385092645592
            ], 
            [
              -95.57217247042135, 
              42.757385092645592
            ], 
            [
              -95.57217247042135, 
              42.757404323414818
            ]
          ]
        ], 
        "type": "Polygon"
      }, 
      "properties": {
        "Seat Count": "", 
        "Number": "311", 
        "NCES_Type": "Single Stall Restroom", 
        "Workstations": "", 
        "Element": "Room", 
        "RevitId": 6020123, 
        "occupancyStatus": "Occupied", 
        "Building": "Connected Core", 
        "Area_SF": 49.5, 
        "Name": "RR", 
        "NCES_Occupancy Status": "", 
        "NCES_Department": "General", 
        "Level": "LEVEL 2", 
        "Revit_UniqueId": "568ae92b-a280-451e-8461-f6d387948176-005bdc1b"
      }, 
      "type": "Feature"
    }, 
    {
      "geometry": {
        "coordinates": [
          [
            [
              -95.572014309158206, 
              42.757035758957414
            ], 
            [
              -95.572014309158206, 
              42.757052242473904
            ], 
            [
              -95.572049387042256, 
              42.757052242473904
            ], 
            [
              -95.572049387042256, 
              42.757038330416705
            ], 
            [
              -95.572049387042256, 
              42.757035758957414
            ], 
            [
              -95.572014309158206, 
              42.757035758957414
            ]
          ]
        ], 
        "type": "Polygon"
      }, 
      "properties": {
        "Seat Count": "", 
        "Number": "313", 
        "NCES_Type": "Elevator/Lift", 
        "Workstations": "", 
        "Element": "Room", 
        "RevitId": 6021128, 
        "occupancyStatus": "Occupied", 
        "Building": "Connected Core", 
        "Area_SF": 39.859999999999999, 
        "Name": "ELEV", 
        "NCES_Occupancy Status": "", 
        "NCES_Department": "General", 
        "Level": "LEVEL 2", 
        "Revit_UniqueId": "568ae92b-a280-451e-8461-f6d387948176-005be008"
      }, 
      "type": "Feature"
    }, 
    {
      "geometry": {
        "coordinates": [
          [
            [
              -95.571992424792981, 
              42.756891666436417
            ], 
            [
              -95.572042680866716, 
              42.756891666436417
            ], 
            [
              -95.572050052551347, 
              42.756897079003004
            ], 
            [
              -95.572050052551347, 
              42.756835458126943
            ], 
            [
              -95.572032591560173, 
              42.756835458126943
            ], 
            [
              -95.571992424792981, 
              42.756835458126943
            ], 
            [
              -95.571992424792981, 
              42.756891666436417
            ]
          ]
        ], 
        "type": "Polygon"
      }, 
      "properties": {
        "Seat Count": "", 
        "Number": "344", 
        "NCES_Type": "Single Stall Restroom", 
        "Workstations": "", 
        "Element": "Room", 
        "RevitId": 6023131, 
        "occupancyStatus": "Occupied", 
        "Building": "Connected Core", 
        "Area_SF": 259.16000000000003, 
        "Name": "STAFF RR'S & AHU", 
        "NCES_Occupancy Status": "", 
        "NCES_Department": "Administration", 
        "Level": "LEVEL 2", 
        "Revit_UniqueId": "568ae92b-a280-451e-8461-f6d387948176-005be7db"
      }, 
      "type": "Feature"
    }, 
    {
      "geometry": {
        "coordinates": [
          [
            [
              -95.571343091006995, 
              42.756989821230285
            ], 
            [
              -95.571318578627285, 
              42.756989821230285
            ], 
            [
              -95.571318578627285, 
              42.756999207677168
            ], 
            [
              -95.571307665507803, 
              42.756999207677168
            ], 
            [
              -95.571307665507803, 
              42.757042019032482
            ], 
            [
              -95.571308600918044, 
              42.757042019032482
            ], 
            [
              -95.571308600918044, 
              42.757091760856071
            ], 
            [
              -95.571283344841532, 
              42.757091760856071
            ], 
            [
              -95.571283344841532, 
              42.757108743741540
            ], 
            [
              -95.571284280251774, 
              42.757108743741540
            ], 
            [
              -95.571284280251774, 
              42.757140524592330
            ], 
            [
              -95.571344961827478, 
              42.757140524592330
            ], 
            [
              -95.571344961827478, 
              42.757089013603320
            ], 
            [
              -95.571344026417236, 
              42.757089013603320
            ], 
            [
              -95.571344026417236, 
              42.757035758957414
            ], 
            [
              -95.571343091006995, 
              42.757035758957414
            ], 
            [
              -95.571343091006995, 
              42.756989821230285
            ]
          ]
        ], 
        "type": "Polygon"
      }, 
      "properties": {
        "Seat Count": "", 
        "Number": "350", 
        "NCES_Type": "Corridor/Hallway", 
        "Workstations": "", 
        "Element": "Room", 
        "RevitId": 6025387, 
        "occupancyStatus": "Occupied", 
        "Building": "Connected Core", 
        "Area_SF": 518.25999999999999, 
        "Name": "CORRIDOR", 
        "NCES_Occupancy Status": "", 
        "NCES_Department": "CCUSO", 
        "Level": "LEVEL 2", 
        "Revit_UniqueId": "eef478cf-42ac-44fb-8ec0-2d083b00022a-005bf0ab"
      }, 
      "type": "Feature"
    }, 
    {
      "geometry": {
        "coordinates": [
          [
            [
              -95.572066578132279, 
              42.756994100477655
            ], 
            [
              -95.572050891848960, 
              42.757005617933579
            ], 
            [
              -95.571876377124283, 
              42.757005617933579
            ], 
            [
              -95.571876377124283, 
              42.757035072144227
            ], 
            [
              -95.571936555183143, 
              42.757035072144227
            ], 
            [
              -95.571936555183143, 
              42.757035758957414
            ], 
            [
              -95.572014309158206, 
              42.757035758957414
            ], 
            [
              -95.572049387042256, 
              42.757035758957414
            ], 
            [
              -95.572051147925521, 
              42.757035758957414
            ], 
            [
              -95.572052651991172, 
              42.757036863298666
            ], 
            [
              -95.572068718853899, 
              42.757048660190250
            ], 
            [
              -95.572068718853899, 
              42.757052242473904
            ], 
            [
              -95.572068718853899, 
              42.757112066501307
            ], 
            [
              -95.572068718853899, 
              42.757150348903224
            ], 
            [
              -95.572069654264141, 
              42.757150348903224
            ], 
            [
              -95.572069654264141, 
              42.757151736908256
            ], 
            [
              -95.572069654264141, 
              42.757210458456541
            ], 
            [
              -95.572069654264141, 
              42.757245195238887
            ], 
            [
              -95.572069654264141, 
              42.757264492157333
            ], 
            [
              -95.572069654264141, 
              42.757295856626193
            ], 
            [
              -95.572069654264141, 
              42.757348004733501
            ], 
            [
              -95.572104480900919, 
              42.757348004733501
            ], 
            [
              -95.572104480900919, 
              42.757245195238887
            ], 
            [
              -95.572104480900919, 
              42.757210458456541
            ], 
            [
              -95.572104480900919, 
              42.757151736908256
            ], 
            [
              -95.572104480900919, 
              42.757150348903224
            ], 
            [
              -95.572105416311160, 
              42.757150348903224
            ], 
            [
              -95.572105416311160, 
              42.757049458889867
            ], 
            [
              -95.572125010444566, 
              42.757035072144227
            ], 
            [
              -95.572143856874519, 
              42.757035072144227
            ], 
            [
              -95.572163411746118, 
              42.757035072144227
            ], 
            [
              -95.572237351442993, 
              42.757035072144227
            ], 
            [
              -95.572275649754303, 
              42.757035072144227
            ], 
            [
              -95.572275649754303, 
              42.757005617933579
            ], 
            [
              -95.572122973414949, 
              42.757005617933579
            ], 
            [
              -95.572107287131644, 
              42.756994100477655
            ], 
            [
              -95.572107287131644, 
              42.756904944824697
            ], 
            [
              -95.572066578132279, 
              42.756904944824697
            ], 
            [
              -95.572066578132279, 
              42.756994100477655
            ]
          ]
        ], 
        "type": "Polygon"
      }, 
      "properties": {
        "Seat Count": "", 
        "Number": "57", 
        "NCES_Type": "Corridor/Hallway", 
        "Workstations": "", 
        "Element": "Room", 
        "RevitId": 6034322, 
        "occupancyStatus": "Occupied", 
        "Building": "Connected Core", 
        "Area_SF": 2286.6399999999999, 
        "Name": "CORRIDOR", 
        "NCES_Occupancy Status": "", 
        "NCES_Department": "General", 
        "Level": "LEVEL 2", 
        "Revit_UniqueId": "2cc3fb41-b675-463a-99e2-3d1988e37f16-005c1392"
      }, 
      "type": "Feature"
    }, 
    {
      "geometry": {
        "coordinates": [
          [
            [
              -95.572871388476415, 
              42.757085585019674
            ], 
            [
              -95.572871388476415, 
              42.756999513687283
            ], 
            [
              -95.572861410767175, 
              42.756999513687283
            ], 
            [
              -95.572861410767175, 
              42.756990127240392
            ], 
            [
              -95.572832917777646, 
              42.756990127240392
            ], 
            [
              -95.572832917777646, 
              42.757004028890449
            ], 
            [
              -95.572832917777646, 
              42.757035758957414
            ], 
            [
              -95.572832917777646, 
              42.757138011759601
            ], 
            [
              -95.572901633407540, 
              42.757138011759601
            ], 
            [
              -95.572901633407540, 
              42.757103609024099
            ], 
            [
              -95.572901633407540, 
              42.757085585019674
            ], 
            [
              -95.572871388476415, 
              42.757085585019674
            ]
          ]
        ], 
        "type": "Polygon"
      }, 
      "properties": {
        "Seat Count": "", 
        "Number": "62", 
        "NCES_Type": "Corridor/Hallway", 
        "Workstations": "", 
        "Element": "Room", 
        "RevitId": 6261675, 
        "occupancyStatus": "Occupied", 
        "Building": "Connected Core", 
        "Area_SF": 584.24000000000001, 
        "Name": "CORRIDOR", 
        "NCES_Occupancy Status": "", 
        "NCES_Department": "General", 
        "Level": "LEVEL 2", 
        "Revit_UniqueId": "e7b39e5f-423f-49c4-a9b4-c2b902d874fa-005f4e2c"
      }, 
      "type": "Feature"
    }
  ], 
  "type": "FeatureCollection", 
  "name": "Connected Core - LEVEL 2"
}