{
  "features": [
    {
      "geometry": {
        "coordinates": [
          [
            [
              -95.572050052551347, 
              42.756588737165558
            ], 
            [
              -95.572050052551347, 
              42.756607967934791
            ], 
            [
              -95.572123890284857, 
              42.756607967934791
            ], 
            [
              -95.572123890284857, 
              42.756588737165558
            ], 
            [
              -95.572123890284857, 
              42.756529225896713
            ], 
            [
              -95.572050052551347, 
              42.756529225896713
            ], 
            [
              -95.572050052551347, 
              42.756588737165558
            ]
          ]
        ], 
        "type": "Polygon"
      }, 
      "properties": {
        "Seat Count": "", 
        "Number": "39", 
        "NCES_Type": "Porch/Balcony", 
        "Workstations": "", 
        "Element": "Room", 
        "RevitId": 5671258, 
        "occupancyStatus": "Occupied", 
        "Building": "Connected Core", 
        "Area_SF": 495.27999999999997, 
        "Name": "OUTDOOR BALCONY", 
        "NCES_Occupancy Status": "", 
        "NCES_Department": "Administration", 
        "Level": "LEVEL 3", 
        "Revit_UniqueId": "dad237cc-6968-4188-9f55-ae8359a05182-0056895a"
      }, 
      "type": "Feature"
    }, 
    {
      "geometry": {
        "coordinates": [
          [
            [
              -95.572233144418561, 
              42.756588737165558
            ], 
            [
              -95.572123890284857, 
              42.756588737165558
            ], 
            [
              -95.572123890284857, 
              42.756607967934791
            ], 
            [
              -95.572123890284857, 
              42.756648569606476
            ], 
            [
              -95.572137921438468, 
              42.756648569606476
            ], 
            [
              -95.572163801121803, 
              42.756648569606476
            ], 
            [
              -95.572233144418561, 
              42.756648569606476
            ], 
            [
              -95.572233144418561, 
              42.756588737165558
            ]
          ]
        ], 
        "type": "Polygon"
      }, 
      "properties": {
        "Seat Count": "", 
        "Number": "40", 
        "NCES_Type": "Medical/Nurse Triage Room", 
        "Workstations": "", 
        "Element": "Room", 
        "RevitId": 5676829, 
        "occupancyStatus": "Occupied", 
        "Building": "Connected Core", 
        "Area_SF": 549.78999999999996, 
        "Name": "COMPLIANCE NURSE FOR MHI", 
        "NCES_Occupancy Status": "", 
        "NCES_Department": "Administration", 
        "Level": "LEVEL 3", 
        "Revit_UniqueId": "dad237cc-6968-4188-9f55-ae8359a05182-00569f1d"
      }, 
      "type": "Feature"
    }, 
    {
      "geometry": {
        "coordinates": [
          [
            [
              -95.572233144418561, 
              42.756706304544963
            ], 
            [
              -95.572233144418561, 
              42.756648569606476
            ], 
            [
              -95.572163801121803, 
              42.756648569606476
            ], 
            [
              -95.572163801121803, 
              42.756706304544963
            ], 
            [
              -95.572233144418561, 
              42.756706304544963
            ]
          ]
        ], 
        "type": "Polygon"
      }, 
      "properties": {
        "Seat Count": "", 
        "Number": "41", 
        "NCES_Type": "Private Office - Enclosed", 
        "Workstations": "", 
        "Element": "Room", 
        "RevitId": 5676832, 
        "occupancyStatus": "Occupied", 
        "Building": "Connected Core", 
        "Area_SF": 337.27999999999997, 
        "Name": "PUBL SERV SUP OFFICE", 
        "NCES_Occupancy Status": "", 
        "NCES_Department": "Administration", 
        "Level": "LEVEL 3", 
        "Revit_UniqueId": "dad237cc-6968-4188-9f55-ae8359a05182-00569f20"
      }, 
      "type": "Feature"
    }, 
    {
      "geometry": {
        "coordinates": [
          [
            [
              -95.571940549877567, 
              42.756647583648132
            ], 
            [
              -95.571940549877567, 
              42.756706790539305
            ], 
            [
              -95.571949340048704, 
              42.756706790539305
            ], 
            [
              -95.571982079407150, 
              42.756706790539305
            ], 
            [
              -95.572006088270001, 
              42.756706790539305
            ], 
            [
              -95.572050052551347, 
              42.756706790539305
            ], 
            [
              -95.572050052551347, 
              42.756647583648132
            ], 
            [
              -95.571940549877567, 
              42.756647583648132
            ]
          ]
        ], 
        "type": "Polygon"
      }, 
      "properties": {
        "Seat Count": "", 
        "Number": "42", 
        "NCES_Type": "Open Office - Workstations", 
        "Workstations": "", 
        "Element": "Room", 
        "RevitId": 5676835, 
        "occupancyStatus": "Occupied", 
        "Building": "Connected Core", 
        "Area_SF": 558.61000000000001, 
        "Name": "CCUSO SCHEDULING", 
        "NCES_Occupancy Status": "", 
        "NCES_Department": "Administration", 
        "Level": "LEVEL 3", 
        "Revit_UniqueId": "dad237cc-6968-4188-9f55-ae8359a05182-00569f23"
      }, 
      "type": "Feature"
    }, 
    {
      "geometry": {
        "coordinates": [
          [
            [
              -95.572050052551347, 
              42.756588737165558
            ], 
            [
              -95.571940549877567, 
              42.756588737165558
            ], 
            [
              -95.571940549877567, 
              42.756647583648132
            ], 
            [
              -95.572050052551347, 
              42.756647583648132
            ], 
            [
              -95.572050052551347, 
              42.756607967934791
            ], 
            [
              -95.572050052551347, 
              42.756588737165558
            ]
          ]
        ], 
        "type": "Polygon"
      }, 
      "properties": {
        "Seat Count": "", 
        "Number": "43", 
        "NCES_Type": "Open Office - Workstations", 
        "Workstations": "", 
        "Element": "Room", 
        "RevitId": 5676838, 
        "occupancyStatus": "Occupied", 
        "Building": "Connected Core", 
        "Area_SF": 541.24000000000001, 
        "Name": "FUTURE CCUSO & TPS", 
        "NCES_Occupancy Status": "", 
        "NCES_Department": "Administration", 
        "Level": "LEVEL 3", 
        "Revit_UniqueId": "dad237cc-6968-4188-9f55-ae8359a05182-00569f26"
      }, 
      "type": "Feature"
    }, 
    {
      "geometry": {
        "coordinates": [
          [
            [
              -95.572233144418561, 
              42.756758936374155
            ], 
            [
              -95.572233144418561, 
              42.756755002207669
            ], 
            [
              -95.572233144418561, 
              42.756705445769988
            ], 
            [
              -95.572233144418561, 
              42.756706304544963
            ], 
            [
              -95.572229383194482, 
              42.756706304544963
            ], 
            [
              -95.572163801121803, 
              42.756706304544963
            ], 
            [
              -95.572153511609159, 
              42.756706304544963
            ], 
            [
              -95.572153511609159, 
              42.756719811870973
            ], 
            [
              -95.572123890284857, 
              42.756719811870973
            ], 
            [
              -95.572123890284857, 
              42.756747742409480
            ], 
            [
              -95.572153511609159, 
              42.756747742409480
            ], 
            [
              -95.572153511609159, 
              42.756758936374155
            ], 
            [
              -95.572197598829391, 
              42.756758936374155
            ], 
            [
              -95.572233144418561, 
              42.756758936374155
            ]
          ]
        ], 
        "type": "Polygon"
      }, 
      "properties": {
        "Seat Count": "", 
        "Number": "44", 
        "NCES_Type": "Private Office - Enclosed", 
        "Workstations": "", 
        "Element": "Room", 
        "RevitId": 5676855, 
        "occupancyStatus": "Occupied", 
        "Building": "Connected Core", 
        "Area_SF": 552.13000000000000, 
        "Name": "MATTHEW'S FUTURE OFFICE", 
        "NCES_Occupancy Status": "", 
        "NCES_Department": "Administration", 
        "Level": "LEVEL 3", 
        "Revit_UniqueId": "dad237cc-6968-4188-9f55-ae8359a05182-00569f37"
      }, 
      "type": "Feature"
    }, 
    {
      "geometry": {
        "coordinates": [
          [
            [
              -95.572153511609159, 
              42.756706304544963
            ], 
            [
              -95.572123890284857, 
              42.756706304544963
            ], 
            [
              -95.572123890284857, 
              42.756719811870973
            ], 
            [
              -95.572153511609159, 
              42.756719811870973
            ], 
            [
              -95.572153511609159, 
              42.756706304544963
            ]
          ]
        ], 
        "type": "Polygon"
      }, 
      "properties": {
        "Seat Count": "", 
        "Number": "45", 
        "NCES_Type": "Closet", 
        "Workstations": "", 
        "Element": "Room", 
        "RevitId": 5676858, 
        "occupancyStatus": "Occupied", 
        "Building": "Connected Core", 
        "Area_SF": 27.090000000000000, 
        "Name": "CLOS", 
        "NCES_Occupancy Status": "", 
        "NCES_Department": "Administration", 
        "Level": "LEVEL 3", 
        "Revit_UniqueId": "dad237cc-6968-4188-9f55-ae8359a05182-00569f3a"
      }, 
      "type": "Feature"
    }, 
    {
      "geometry": {
        "coordinates": [
          [
            [
              -95.572123890284857, 
              42.756837690952906
            ], 
            [
              -95.572123890284857, 
              42.756822937924056
            ], 
            [
              -95.572123890284857, 
              42.756771070073789
            ], 
            [
              -95.572153511609159, 
              42.756758936374155
            ], 
            [
              -95.572153511609159, 
              42.756747742409480
            ], 
            [
              -95.572123890284857, 
              42.756747742409480
            ], 
            [
              -95.572123890284857, 
              42.756719811870973
            ], 
            [
              -95.572123890284857, 
              42.756706304544963
            ], 
            [
              -95.572123890284857, 
              42.756673795387456
            ], 
            [
              -95.572123890284857, 
              42.756648569606476
            ], 
            [
              -95.572123890284857, 
              42.756607967934791
            ], 
            [
              -95.572050052551347, 
              42.756607967934791
            ], 
            [
              -95.572050052551347, 
              42.756647583648132
            ], 
            [
              -95.572050052551347, 
              42.756706790539305
            ], 
            [
              -95.572050052551347, 
              42.756735353924178
            ], 
            [
              -95.572050052551347, 
              42.756779309968131
            ], 
            [
              -95.572050052551347, 
              42.756797624986447
            ], 
            [
              -95.572050052551347, 
              42.756820087536695
            ], 
            [
              -95.572050052551347, 
              42.756835458126943
            ], 
            [
              -95.572050052551347, 
              42.756837690952906
            ], 
            [
              -95.572070319773246, 
              42.756837690952906
            ], 
            [
              -95.572085909943922, 
              42.756837690952906
            ], 
            [
              -95.572123890284857, 
              42.756837690952906
            ]
          ]
        ], 
        "type": "Polygon"
      }, 
      "properties": {
        "Seat Count": "", 
        "Number": "46", 
        "NCES_Type": "Corridor/Hallway", 
        "Workstations": "", 
        "Element": "Room", 
        "RevitId": 5676928, 
        "occupancyStatus": "Occupied", 
        "Building": "Connected Core", 
        "Area_SF": 1555.8900000000001, 
        "Name": "CORRIDOR", 
        "NCES_Occupancy Status": "", 
        "NCES_Department": "Administration", 
        "Level": "LEVEL 3", 
        "Revit_UniqueId": "dad237cc-6968-4188-9f55-ae8359a05182-00569f80"
      }, 
      "type": "Feature"
    }, 
    {
      "geometry": {
        "coordinates": [
          [
            [
              -95.571940549877567, 
              42.756706790539305
            ], 
            [
              -95.571936808236600, 
              42.756706790539305
            ], 
            [
              -95.571936808236600, 
              42.756705416912929
            ], 
            [
              -95.571932693272473, 
              42.756705416912929
            ], 
            [
              -95.571911542910556, 
              42.756720946299744
            ], 
            [
              -95.571911542910556, 
              42.756735353924178
            ], 
            [
              -95.571949340048704, 
              42.756735353924178
            ], 
            [
              -95.571949340048704, 
              42.756719382114390
            ], 
            [
              -95.571949340048704, 
              42.756706790539305
            ], 
            [
              -95.571940549877567, 
              42.756706790539305
            ]
          ]
        ], 
        "type": "Polygon"
      }, 
      "properties": {
        "Seat Count": "", 
        "Number": "47", 
        "NCES_Type": "Restroom - Bath/Shower", 
        "Workstations": "", 
        "Element": "Room", 
        "RevitId": 5676935, 
        "occupancyStatus": "Occupied", 
        "Building": "Connected Core", 
        "Area_SF": 68.129999999999995, 
        "Name": "BATH", 
        "NCES_Occupancy Status": "", 
        "NCES_Department": "Administration", 
        "Level": "LEVEL 3", 
        "Revit_UniqueId": "dad237cc-6968-4188-9f55-ae8359a05182-00569f87"
      }, 
      "type": "Feature"
    }, 
    {
      "geometry": {
        "coordinates": [
          [
            [
              -95.571982079407150, 
              42.756735353924178
            ], 
            [
              -95.572006088270001, 
              42.756735353924178
            ], 
            [
              -95.572006088270001, 
              42.756719382114390
            ], 
            [
              -95.571982079407150, 
              42.756719382114390
            ], 
            [
              -95.571982079407150, 
              42.756727341103662
            ], 
            [
              -95.571982079407150, 
              42.756730317294142
            ], 
            [
              -95.571982079407150, 
              42.756735353924178
            ]
          ]
        ], 
        "type": "Polygon"
      }, 
      "properties": {
        "Seat Count": "", 
        "Number": "48", 
        "NCES_Type": "Closet", 
        "Workstations": "", 
        "Element": "Room", 
        "RevitId": 5676942, 
        "occupancyStatus": "Occupied", 
        "Building": "Connected Core", 
        "Area_SF": 28.480000000000000, 
        "Name": "CLOSET", 
        "NCES_Occupancy Status": "", 
        "NCES_Department": "Administration", 
        "Level": "LEVEL 3", 
        "Revit_UniqueId": "dad237cc-6968-4188-9f55-ae8359a05182-00569f8e"
      }, 
      "type": "Feature"
    }, 
    {
      "geometry": {
        "coordinates": [
          [
            [
              -95.571949340048704, 
              42.756735353924178
            ], 
            [
              -95.571968360056943, 
              42.756735353924178
            ], 
            [
              -95.571968360056943, 
              42.756730317294142
            ], 
            [
              -95.571968360056943, 
              42.756727341103662
            ], 
            [
              -95.571968360056943, 
              42.756719382114390
            ], 
            [
              -95.571949340048704, 
              42.756719382114390
            ], 
            [
              -95.571949340048704, 
              42.756735353924178
            ]
          ]
        ], 
        "type": "Polygon"
      }, 
      "properties": {
        "Seat Count": "", 
        "Number": "49", 
        "NCES_Type": "Staff Toilet/Changing", 
        "Workstations": "", 
        "Element": "Room", 
        "RevitId": 5676949, 
        "occupancyStatus": "Occupied", 
        "Building": "Connected Core", 
        "Area_SF": 22.059999999999999, 
        "Name": "RR", 
        "NCES_Occupancy Status": "", 
        "NCES_Department": "Administration", 
        "Level": "LEVEL 3", 
        "Revit_UniqueId": "dad237cc-6968-4188-9f55-ae8359a05182-00569f95"
      }, 
      "type": "Feature"
    }, 
    {
      "geometry": {
        "coordinates": [
          [
            [
              -95.572050052551347, 
              42.756706790539305
            ], 
            [
              -95.572006088270001, 
              42.756706790539305
            ], 
            [
              -95.572006088270001, 
              42.756719382114390
            ], 
            [
              -95.572006088270001, 
              42.756735353924178
            ], 
            [
              -95.572050052551347, 
              42.756735353924178
            ], 
            [
              -95.572050052551347, 
              42.756706790539305
            ]
          ]
        ], 
        "type": "Polygon"
      }, 
      "properties": {
        "Seat Count": "", 
        "Number": "50", 
        "NCES_Type": "Staff Toilet/Changing", 
        "Workstations": "", 
        "Element": "Room", 
        "RevitId": 5676956, 
        "occupancyStatus": "Occupied", 
        "Building": "Connected Core", 
        "Area_SF": 98.329999999999998, 
        "Name": "RR", 
        "NCES_Occupancy Status": "", 
        "NCES_Department": "Administration", 
        "Level": "LEVEL 3", 
        "Revit_UniqueId": "dad237cc-6968-4188-9f55-ae8359a05182-00569f9c"
      }, 
      "type": "Feature"
    }, 
    {
      "geometry": {
        "coordinates": [
          [
            [
              -95.571982079407150, 
              42.756706790539305
            ], 
            [
              -95.571949340048704, 
              42.756706790539305
            ], 
            [
              -95.571949340048704, 
              42.756719382114390
            ], 
            [
              -95.571968360056943, 
              42.756719382114390
            ], 
            [
              -95.571968360056943, 
              42.756727341103662
            ], 
            [
              -95.571982079407150, 
              42.756727341103662
            ], 
            [
              -95.571982079407150, 
              42.756719382114390
            ], 
            [
              -95.571982079407150, 
              42.756706790539305
            ]
          ]
        ], 
        "type": "Polygon"
      }, 
      "properties": {
        "Seat Count": "", 
        "Number": "51", 
        "NCES_Type": "Corridor/Hallway", 
        "Workstations": "", 
        "Element": "Room", 
        "RevitId": 5676963, 
        "occupancyStatus": "Occupied", 
        "Building": "Connected Core", 
        "Area_SF": 40.799999999999997, 
        "Name": "CORR", 
        "NCES_Occupancy Status": "", 
        "NCES_Department": "Administration", 
        "Level": "LEVEL 3", 
        "Revit_UniqueId": "dad237cc-6968-4188-9f55-ae8359a05182-00569fa3"
      }, 
      "type": "Feature"
    }, 
    {
      "geometry": {
        "coordinates": [
          [
            [
              -95.571940408907238, 
              42.756755958319779
            ], 
            [
              -95.571940408907238, 
              42.756779309968131
            ], 
            [
              -95.572031284670970, 
              42.756779309968131
            ], 
            [
              -95.572050052551347, 
              42.756779309968131
            ], 
            [
              -95.572050052551347, 
              42.756735353924178
            ], 
            [
              -95.572006088270001, 
              42.756735353924178
            ], 
            [
              -95.571982079407150, 
              42.756735353924178
            ], 
            [
              -95.571968360056943, 
              42.756735353924178
            ], 
            [
              -95.571949340048704, 
              42.756735353924178
            ], 
            [
              -95.571911542910556, 
              42.756735353924178
            ], 
            [
              -95.571911542910556, 
              42.756741550695345
            ], 
            [
              -95.571931165479995, 
              42.756755958319779
            ], 
            [
              -95.571940408907238, 
              42.756755958319779
            ]
          ]
        ], 
        "type": "Polygon"
      }, 
      "properties": {
        "Seat Count": "", 
        "Number": "52", 
        "NCES_Type": "Patient Services - Counseling/Psych", 
        "Workstations": "", 
        "Element": "Room", 
        "RevitId": 5676970, 
        "occupancyStatus": "Occupied", 
        "Building": "Connected Core", 
        "Area_SF": 433.04000000000002, 
        "Name": "VOCATIONAL REHAB\r\nOFFICES", 
        "NCES_Occupancy Status": "", 
        "NCES_Department": "Administration", 
        "Level": "LEVEL 3", 
        "Revit_UniqueId": "dad237cc-6968-4188-9f55-ae8359a05182-00569faa"
      }, 
      "type": "Feature"
    }, 
    {
      "geometry": {
        "coordinates": [
          [
            [
              -95.572233144418561, 
              42.756782288022507
            ], 
            [
              -95.572233144418561, 
              42.756758936374155
            ], 
            [
              -95.572197598829391, 
              42.756758936374155
            ], 
            [
              -95.572197598829391, 
              42.756771070073789
            ], 
            [
              -95.572197598829391, 
              42.756782288022507
            ], 
            [
              -95.572233144418561, 
              42.756782288022507
            ]
          ]
        ], 
        "type": "Polygon"
      }, 
      "properties": {
        "Seat Count": "", 
        "Number": "53", 
        "NCES_Type": "Restroom - Bath/Shower", 
        "Workstations": "", 
        "Element": "Room", 
        "RevitId": 5676977, 
        "occupancyStatus": "Occupied", 
        "Building": "Connected Core", 
        "Area_SF": 63.939999999999998, 
        "Name": "BATH", 
        "NCES_Occupancy Status": "", 
        "NCES_Department": "Administration", 
        "Level": "LEVEL 3", 
        "Revit_UniqueId": "dad237cc-6968-4188-9f55-ae8359a05182-00569fb1"
      }, 
      "type": "Feature"
    }, 
    {
      "geometry": {
        "coordinates": [
          [
            [
              -95.572153511609159, 
              42.756782288022507
            ], 
            [
              -95.572166919155947, 
              42.756782288022507
            ], 
            [
              -95.572166919155947, 
              42.756771070073789
            ], 
            [
              -95.572153511609159, 
              42.756771070073789
            ], 
            [
              -95.572153511609159, 
              42.756782288022507
            ]
          ]
        ], 
        "type": "Polygon"
      }, 
      "properties": {
        "Seat Count": "", 
        "Number": "54", 
        "NCES_Type": "Closet", 
        "Workstations": "", 
        "Element": "Room", 
        "RevitId": 5676984, 
        "occupancyStatus": "Occupied", 
        "Building": "Connected Core", 
        "Area_SF": 10.279999999999999, 
        "Name": "CLOS", 
        "NCES_Occupancy Status": "", 
        "NCES_Department": "Administration", 
        "Level": "LEVEL 3", 
        "Revit_UniqueId": "dad237cc-6968-4188-9f55-ae8359a05182-00569fb8"
      }, 
      "type": "Feature"
    }, 
    {
      "geometry": {
        "coordinates": [
          [
            [
              -95.572178455882252, 
              42.756782288022507
            ], 
            [
              -95.572197598829391, 
              42.756782288022507
            ], 
            [
              -95.572197598829391, 
              42.756771070073789
            ], 
            [
              -95.572178455882252, 
              42.756771070073789
            ], 
            [
              -95.572178455882252, 
              42.756782288022507
            ]
          ]
        ], 
        "type": "Polygon"
      }, 
      "properties": {
        "Seat Count": "", 
        "Number": "55", 
        "NCES_Type": "Staff Toilet/Changing", 
        "Workstations": "", 
        "Element": "Room", 
        "RevitId": 5676991, 
        "occupancyStatus": "Occupied", 
        "Building": "Connected Core", 
        "Area_SF": 15.390000000000001, 
        "Name": "RR", 
        "NCES_Occupancy Status": "", 
        "NCES_Department": "Administration", 
        "Level": "LEVEL 3", 
        "Revit_UniqueId": "dad237cc-6968-4188-9f55-ae8359a05182-00569fbf"
      }, 
      "type": "Feature"
    }, 
    {
      "geometry": {
        "coordinates": [
          [
            [
              -95.572166919155947, 
              42.756782288022507
            ], 
            [
              -95.572178455882252, 
              42.756782288022507
            ], 
            [
              -95.572178455882252, 
              42.756771070073789
            ], 
            [
              -95.572197598829391, 
              42.756771070073789
            ], 
            [
              -95.572197598829391, 
              42.756758936374155
            ], 
            [
              -95.572153511609159, 
              42.756758936374155
            ], 
            [
              -95.572153511609159, 
              42.756771070073789
            ], 
            [
              -95.572166919155947, 
              42.756771070073789
            ], 
            [
              -95.572166919155947, 
              42.756782288022507
            ]
          ]
        ], 
        "type": "Polygon"
      }, 
      "properties": {
        "Seat Count": "", 
        "Number": "56", 
        "NCES_Type": "Corridor/Hallway", 
        "Workstations": "", 
        "Element": "Room", 
        "RevitId": 5676998, 
        "occupancyStatus": "Occupied", 
        "Building": "Connected Core", 
        "Area_SF": 54.090000000000003, 
        "Name": "CORR", 
        "NCES_Occupancy Status": "", 
        "NCES_Department": "Administration", 
        "Level": "LEVEL 3", 
        "Revit_UniqueId": "dad237cc-6968-4188-9f55-ae8359a05182-00569fc6"
      }, 
      "type": "Feature"
    }, 
    {
      "geometry": {
        "coordinates": [
          [
            [
              -95.571940408907238, 
              42.756836831753311
            ], 
            [
              -95.571992424792981, 
              42.756836831753311
            ], 
            [
              -95.571992424792981, 
              42.756835458126943
            ], 
            [
              -95.571996186017074, 
              42.756835458126943
            ], 
            [
              -95.572031284670970, 
              42.756835458126943
            ], 
            [
              -95.572031284670970, 
              42.756820087536695
            ], 
            [
              -95.572050052551347, 
              42.756820087536695
            ], 
            [
              -95.572050052551347, 
              42.756797624986447
            ], 
            [
              -95.572031284670970, 
              42.756797624986447
            ], 
            [
              -95.572031284670970, 
              42.756779309968131
            ], 
            [
              -95.571940408907238, 
              42.756779309968131
            ], 
            [
              -95.571940408907238, 
              42.756836831753311
            ]
          ]
        ], 
        "type": "Polygon"
      }, 
      "properties": {
        "Seat Count": "", 
        "Number": "58", 
        "NCES_Type": "Private Office - Enclosed", 
        "Workstations": "", 
        "Element": "Room", 
        "RevitId": 5677106, 
        "occupancyStatus": "Occupied", 
        "Building": "Connected Core", 
        "Area_SF": 475.93000000000001, 
        "Name": "BRAD WITTROCK'S OFFICE", 
        "NCES_Occupancy Status": "", 
        "NCES_Department": "Administration", 
        "Level": "LEVEL 3", 
        "Revit_UniqueId": "dad237cc-6968-4188-9f55-ae8359a05182-0056a032"
      }, 
      "type": "Feature"
    }, 
    {
      "geometry": {
        "coordinates": [
          [
            [
              -95.572179416048343, 
              42.756836317326531
            ], 
            [
              -95.572179416048343, 
              42.756837004139719
            ], 
            [
              -95.572233144418561, 
              42.756837004139719
            ], 
            [
              -95.572233144418561, 
              42.756782288022507
            ], 
            [
              -95.572197598829391, 
              42.756782288022507
            ], 
            [
              -95.572178455882252, 
              42.756782288022507
            ], 
            [
              -95.572166919155947, 
              42.756782288022507
            ], 
            [
              -95.572153511609159, 
              42.756782288022507
            ], 
            [
              -95.572153511609159, 
              42.756771070073789
            ], 
            [
              -95.572153511609159, 
              42.756758936374155
            ], 
            [
              -95.572123890284857, 
              42.756771070073789
            ], 
            [
              -95.572123890284857, 
              42.756822937924056
            ], 
            [
              -95.572153511609159, 
              42.756822937924056
            ], 
            [
              -95.572153511609159, 
              42.756836317326531
            ], 
            [
              -95.572179416048343, 
              42.756836317326531
            ]
          ]
        ], 
        "type": "Polygon"
      }, 
      "properties": {
        "Seat Count": "", 
        "Number": "59", 
        "NCES_Type": "Patient Services - Counseling/Psych", 
        "Workstations": "", 
        "Element": "Room", 
        "RevitId": 5677216, 
        "occupancyStatus": "Occupied", 
        "Building": "Connected Core", 
        "Area_SF": 516.41999999999996, 
        "Name": "FIRST SHIFT TPS", 
        "NCES_Occupancy Status": "", 
        "NCES_Department": "Administration", 
        "Level": "LEVEL 3", 
        "Revit_UniqueId": "1f9d7a8f-f265-4728-a925-62dafe2a6a5e-0056a0a0"
      }, 
      "type": "Feature"
    }, 
    {
      "geometry": {
        "coordinates": [
          [
            [
              -95.572123890284857, 
              42.756836317326531
            ], 
            [
              -95.572153511609159, 
              42.756836317326531
            ], 
            [
              -95.572153511609159, 
              42.756822937924056
            ], 
            [
              -95.572123890284857, 
              42.756822937924056
            ], 
            [
              -95.572123890284857, 
              42.756836317326531
            ]
          ]
        ], 
        "type": "Polygon"
      }, 
      "properties": {
        "Seat Count": "", 
        "Number": "60", 
        "NCES_Type": "Closet", 
        "Workstations": "", 
        "Element": "Room", 
        "RevitId": 5677223, 
        "occupancyStatus": "Occupied", 
        "Building": "Connected Core", 
        "Area_SF": 26.770000000000000, 
        "Name": "CLOS", 
        "NCES_Occupancy Status": "", 
        "NCES_Department": "Administration", 
        "Level": "LEVEL 3", 
        "Revit_UniqueId": "1f9d7a8f-f265-4728-a925-62dafe2a6a5e-0056a0a7"
      }, 
      "type": "Feature"
    }, 
    {
      "geometry": {
        "coordinates": [
          [
            [
              -95.572050052551347, 
              42.756797624986447
            ], 
            [
              -95.572050052551347, 
              42.756779309968131
            ], 
            [
              -95.572031284670970, 
              42.756779309968131
            ], 
            [
              -95.572031284670970, 
              42.756797624986447
            ], 
            [
              -95.572050052551347, 
              42.756797624986447
            ]
          ]
        ], 
        "type": "Polygon"
      }, 
      "properties": {
        "Seat Count": "", 
        "Number": "61", 
        "NCES_Type": "Closet", 
        "Workstations": "", 
        "Element": "Room", 
        "RevitId": 5677230, 
        "occupancyStatus": "Occupied", 
        "Building": "Connected Core", 
        "Area_SF": 22.760000000000002, 
        "Name": "CLOS", 
        "NCES_Occupancy Status": "", 
        "NCES_Department": "Administration", 
        "Level": "LEVEL 3", 
        "Revit_UniqueId": "1f9d7a8f-f265-4728-a925-62dafe2a6a5e-0056a0ae"
      }, 
      "type": "Feature"
    }, 
    {
      "geometry": {
        "coordinates": [
          [
            [
              -95.571992424792981, 
              42.756835458126943
            ], 
            [
              -95.571992424792981, 
              42.756860126850341
            ], 
            [
              -95.572070319773246, 
              42.756860126850341
            ], 
            [
              -95.572070319773246, 
              42.756837690952906
            ], 
            [
              -95.572050052551347, 
              42.756837690952906
            ], 
            [
              -95.572050052551347, 
              42.756835458126943
            ], 
            [
              -95.572034402705100, 
              42.756835458126943
            ], 
            [
              -95.572031284670970, 
              42.756835458126943
            ], 
            [
              -95.571992424792981, 
              42.756835458126943
            ]
          ]
        ], 
        "type": "Polygon"
      }, 
      "properties": {
        "Seat Count": "", 
        "Number": "63", 
        "NCES_Type": "General Storage", 
        "Workstations": "", 
        "Element": "Room", 
        "RevitId": 5677294, 
        "occupancyStatus": "Occupied", 
        "Building": "Connected Core", 
        "Area_SF": 149.11000000000001, 
        "Name": "SUPPLY", 
        "NCES_Occupancy Status": "", 
        "NCES_Department": "Administration", 
        "Level": "LEVEL 3", 
        "Revit_UniqueId": "1f9d7a8f-f265-4728-a925-62dafe2a6a5e-0056a0ee"
      }, 
      "type": "Feature"
    }, 
    {
      "geometry": {
        "coordinates": [
          [
            [
              -95.572085909943922, 
              42.756837690952906
            ], 
            [
              -95.572070319773246, 
              42.756837690952906
            ], 
            [
              -95.572070319773246, 
              42.756860126850341
            ], 
            [
              -95.572085909943922, 
              42.756860126850341
            ], 
            [
              -95.572085909943922, 
              42.756837690952906
            ]
          ]
        ], 
        "type": "Polygon"
      }, 
      "properties": {
        "Seat Count": "", 
        "Number": "64", 
        "NCES_Type": "Closet", 
        "Workstations": "", 
        "Element": "Room", 
        "RevitId": 5677301, 
        "occupancyStatus": "Occupied", 
        "Building": "Connected Core", 
        "Area_SF": 28.109999999999999, 
        "Name": "CLOS", 
        "NCES_Occupancy Status": "", 
        "NCES_Department": "Administration", 
        "Level": "LEVEL 3", 
        "Revit_UniqueId": "1f9d7a8f-f265-4728-a925-62dafe2a6a5e-0056a0f5"
      }, 
      "type": "Feature"
    }, 
    {
      "geometry": {
        "coordinates": [
          [
            [
              -95.571992424792981, 
              42.756891666436417
            ], 
            [
              -95.572042680866716, 
              42.756891666436417
            ], 
            [
              -95.572060765464713, 
              42.756904944824697
            ], 
            [
              -95.572085909943922, 
              42.756904944824697
            ], 
            [
              -95.572085909943922, 
              42.756860126850341
            ], 
            [
              -95.572070319773246, 
              42.756860126850341
            ], 
            [
              -95.571992424792981, 
              42.756860126850341
            ], 
            [
              -95.571992424792981, 
              42.756891666436417
            ]
          ]
        ], 
        "type": "Polygon"
      }, 
      "properties": {
        "Seat Count": "", 
        "Number": "65", 
        "NCES_Type": "Private Office - Enclosed", 
        "Workstations": "", 
        "Element": "Room", 
        "RevitId": 5677308, 
        "occupancyStatus": "Occupied", 
        "Building": "Connected Core", 
        "Area_SF": 285.25, 
        "Name": "PUBL SERV SUP\r\n& NICOLE OFFICE", 
        "NCES_Occupancy Status": "", 
        "NCES_Department": "Administration", 
        "Level": "LEVEL 3", 
        "Revit_UniqueId": "1f9d7a8f-f265-4728-a925-62dafe2a6a5e-0056a0fc"
      }, 
      "type": "Feature"
    }, 
    {
      "geometry": {
        "coordinates": [
          [
            [
              [
                -95.572128801567189, 
                42.756891666436417
              ], 
              [
                -95.572179416048343, 
                42.756891666436417
              ], 
              [
                -95.572179416048343, 
                42.756837004139719
              ], 
              [
                -95.572179416048343, 
                42.756836317326531
              ], 
              [
                -95.572153511609159, 
                42.756836317326531
              ], 
              [
                -95.572123890284857, 
                42.756836317326531
              ], 
              [
                -95.572123890284857, 
                42.756837690952906
              ], 
              [
                -95.572122011981079, 
                42.756837690952906
              ], 
              [
                -95.572085909943922, 
                42.756837690952906
              ], 
              [
                -95.572085909943922, 
                42.756860126850341
              ], 
              [
                -95.572085909943922, 
                42.756904944824697
              ], 
              [
                -95.572110716969192, 
                42.756904944824697
              ], 
              [
                -95.572128801567189, 
                42.756891666436417
              ]
            ]
          ], 
          [
            [
              [
                -95.572155095382072, 
                42.756853945531660
              ], 
              [
                -95.572155095382072, 
                42.756873351418108
              ], 
              [
                -95.572131014674412, 
                42.756873351418108
              ], 
              [
                -95.572131014674412, 
                42.756853945531660
              ], 
              [
                -95.572155095382072, 
                42.756853945531660
              ]
            ]
          ]
        ], 
        "type": "MultiPolygon"
      }, 
      "properties": {
        "Seat Count": "", 
        "Number": "66", 
        "NCES_Type": "Stair", 
        "Workstations": "", 
        "Element": "Room", 
        "RevitId": 5677315, 
        "occupancyStatus": "Occupied", 
        "Building": "Connected Core", 
        "Area_SF": 422.58999999999997, 
        "Name": "STAIR HALL", 
        "NCES_Occupancy Status": "", 
        "NCES_Department": "Administration", 
        "Level": "LEVEL 3", 
        "Revit_UniqueId": "1f9d7a8f-f265-4728-a925-62dafe2a6a5e-0056a103"
      }, 
      "type": "Feature"
    }, 
    {
      "geometry": {
        "coordinates": [
          [
            [
              -95.572155095382072, 
              42.756873351418108
            ], 
            [
              -95.572155095382072, 
              42.756853945531660
            ], 
            [
              -95.572131014674412, 
              42.756853945531660
            ], 
            [
              -95.572131014674412, 
              42.756873351418108
            ], 
            [
              -95.572155095382072, 
              42.756873351418108
            ]
          ]
        ], 
        "type": "Polygon"
      }, 
      "properties": {
        "Seat Count": "", 
        "Number": "93", 
        "NCES_Type": "Elevator/Lift", 
        "Workstations": "", 
        "Element": "Room", 
        "RevitId": 5679446, 
        "occupancyStatus": "Occupied", 
        "Building": "Connected Core", 
        "Area_SF": 35.899999999999999, 
        "Name": "ELEV", 
        "NCES_Occupancy Status": "", 
        "NCES_Department": "Administration", 
        "Level": "LEVEL 3", 
        "Revit_UniqueId": "1f9d7a8f-f265-4728-a925-62dafe2a6a5e-0056a956"
      }, 
      "type": "Feature"
    }, 
    {
      "geometry": {
        "coordinates": [
          [
            [
              -95.572050052551347, 
              42.756835458126943
            ], 
            [
              -95.572050052551347, 
              42.756820087536695
            ], 
            [
              -95.572031284670970, 
              42.756820087536695
            ], 
            [
              -95.572031284670970, 
              42.756835458126943
            ], 
            [
              -95.572034402705100, 
              42.756835458126943
            ], 
            [
              -95.572050052551347, 
              42.756835458126943
            ]
          ]
        ], 
        "type": "Polygon"
      }, 
      "properties": {
        "Seat Count": "", 
        "Number": "94", 
        "NCES_Type": "Closet", 
        "Workstations": "", 
        "Element": "Room", 
        "RevitId": 5679453, 
        "occupancyStatus": "Occupied", 
        "Building": "Connected Core", 
        "Area_SF": 19.460000000000001, 
        "Name": "CLOS", 
        "NCES_Occupancy Status": "", 
        "NCES_Department": "Administration", 
        "Level": "LEVEL 3", 
        "Revit_UniqueId": "1f9d7a8f-f265-4728-a925-62dafe2a6a5e-0056a95d"
      }, 
      "type": "Feature"
    }, 
    {
      "geometry": {
        "coordinates": [
          [
            [
              [
                -95.571835748616294, 
                42.757035758957414
              ], 
              [
                -95.571839490257261, 
                42.757035758957414
              ], 
              [
                -95.571839490257261, 
                42.757005617933579
              ], 
              [
                -95.571839490257261, 
                42.756989821230285
              ], 
              [
                -95.571817352214893, 
                42.756989821230285
              ], 
              [
                -95.571817352214893, 
                42.757007220497684
              ], 
              [
                -95.571791803918089, 
                42.757007220497684
              ], 
              [
                -95.571789913514479, 
                42.757007220497684
              ], 
              [
                -95.571789913514479, 
                42.757006533684496
              ], 
              [
                -95.571776505967691, 
                42.757006533684496
              ], 
              [
                -95.571776505967691, 
                42.757024541008697
              ], 
              [
                -95.571776505967691, 
                42.757035758957414
              ], 
              [
                -95.571835748616294, 
                42.757035758957414
              ]
            ]
          ], 
          [
            [
              [
                -95.571794902369092, 
                42.757019024358506
              ], 
              [
                -95.571817352214893, 
                42.757019024358506
              ], 
              [
                -95.571817352214893, 
                42.757022000548986
              ], 
              [
                -95.571794902369092, 
                42.757022000548986
              ], 
              [
                -95.571794902369092, 
                42.757019024358506
              ]
            ]
          ]
        ], 
        "type": "MultiPolygon"
      }, 
      "properties": {
        "Seat Count": "", 
        "Number": "183", 
        "NCES_Type": "Stair", 
        "Workstations": "", 
        "Element": "Room", 
        "RevitId": 5702797, 
        "occupancyStatus": "Occupied", 
        "Building": "Connected Core", 
        "Area_SF": 157.05000000000001, 
        "Name": "STAIR", 
        "NCES_Occupancy Status": "", 
        "NCES_Department": "CCUSO", 
        "Level": "LEVEL 3", 
        "Revit_UniqueId": "7b110d46-b9ca-4cf5-900e-4d5b9f499b2a-0057048d"
      }, 
      "type": "Feature"
    }, 
    {
      "geometry": {
        "coordinates": [
          [
            [
              -95.571789913514479, 
              42.756990508043472
            ], 
            [
              -95.571789913514479, 
              42.757007220497684
            ], 
            [
              -95.571817352214893, 
              42.757007220497684
            ], 
            [
              -95.571817352214893, 
              42.756989821230285
            ], 
            [
              -95.571798332206654, 
              42.756989821230285
            ], 
            [
              -95.571798332206654, 
              42.756990508043472
            ], 
            [
              -95.571789913514479, 
              42.756990508043472
            ]
          ]
        ], 
        "type": "Polygon"
      }, 
      "properties": {
        "Seat Count": "", 
        "Number": "184", 
        "NCES_Type": "General Storage", 
        "Workstations": "", 
        "Element": "Room", 
        "RevitId": 5702804, 
        "occupancyStatus": "Occupied", 
        "Building": "Connected Core", 
        "Area_SF": 34.240000000000002, 
        "Name": "STOR", 
        "NCES_Occupancy Status": "", 
        "NCES_Department": "CCUSO", 
        "Level": "LEVEL 3", 
        "Revit_UniqueId": "7b110d46-b9ca-4cf5-900e-4d5b9f499b2a-00570494"
      }, 
      "type": "Feature"
    }, 
    {
      "geometry": {
        "coordinates": [
          [
            [
              -95.571738673739262, 
              42.757035758957414
            ], 
            [
              -95.571764657437967, 
              42.757035758957414
            ], 
            [
              -95.571764657437967, 
              42.757024541008697
            ], 
            [
              -95.571776505967691, 
              42.757024541008697
            ], 
            [
              -95.571776505967691, 
              42.757006533684496
            ], 
            [
              -95.571776505967691, 
              42.757006304746767
            ], 
            [
              -95.571761227600405, 
              42.757006304746767
            ], 
            [
              -95.571761227600405, 
              42.756989821230285
            ], 
            [
              -95.571721836354925, 
              42.756989821230285
            ], 
            [
              -95.571721836354925, 
              42.757006304746767
            ], 
            [
              -95.571738673739262, 
              42.757006304746767
            ], 
            [
              -95.571738673739262, 
              42.757035758957414
            ]
          ]
        ], 
        "type": "Polygon"
      }, 
      "properties": {
        "Seat Count": "", 
        "Number": "185", 
        "NCES_Type": "Restroom - Bath/Shower", 
        "Workstations": "", 
        "Element": "Room", 
        "RevitId": 5702807, 
        "occupancyStatus": "Occupied", 
        "Building": "Connected Core", 
        "Area_SF": 131.84000000000000, 
        "Name": "RR", 
        "NCES_Occupancy Status": "", 
        "NCES_Department": "CCUSO", 
        "Level": "LEVEL 3", 
        "Revit_UniqueId": "7b110d46-b9ca-4cf5-900e-4d5b9f499b2a-00570497"
      }, 
      "type": "Feature"
    }, 
    {
      "geometry": {
        "coordinates": [
          [
            [
              -95.571680678304304, 
              42.757035758957414
            ], 
            [
              -95.571738673739262, 
              42.757035758957414
            ], 
            [
              -95.571738673739262, 
              42.757006304746767
            ], 
            [
              -95.571721836354925, 
              42.757006304746767
            ], 
            [
              -95.571721836354925, 
              42.756989821230285
            ], 
            [
              -95.571680678304304, 
              42.756989821230285
            ], 
            [
              -95.571680678304304, 
              42.757035758957414
            ]
          ]
        ], 
        "type": "Polygon"
      }, 
      "properties": {
        "Seat Count": "", 
        "Number": "187", 
        "NCES_Type": "Kitchen", 
        "Workstations": "", 
        "Element": "Room", 
        "RevitId": 5702813, 
        "occupancyStatus": "Occupied", 
        "Building": "Connected Core", 
        "Area_SF": 198.56999999999999, 
        "Name": "KITCHEN", 
        "NCES_Occupancy Status": "", 
        "NCES_Department": "CCUSO", 
        "Level": "LEVEL 3", 
        "Revit_UniqueId": "7b110d46-b9ca-4cf5-900e-4d5b9f499b2a-0057049d"
      }, 
      "type": "Feature"
    }, 
    {
      "geometry": {
        "coordinates": [
          [
            [
              -95.571644197304892, 
              42.757035758957414
            ], 
            [
              -95.571680678304304, 
              42.757035758957414
            ], 
            [
              -95.571680678304304, 
              42.756989821230285
            ], 
            [
              -95.571644197304892, 
              42.756989821230285
            ], 
            [
              -95.571644197304892, 
              42.757035758957414
            ]
          ]
        ], 
        "type": "Polygon"
      }, 
      "properties": {
        "Seat Count": "", 
        "Number": "188", 
        "NCES_Type": "Patient Room - Group", 
        "Workstations": "", 
        "Element": "Room", 
        "RevitId": 5702816, 
        "occupancyStatus": "Occupied", 
        "Building": "Connected Core", 
        "Area_SF": 135.99000000000001, 
        "Name": "DOUBLE\r\nPATIENT\r\nROOM", 
        "NCES_Occupancy Status": "", 
        "NCES_Department": "CCUSO", 
        "Level": "LEVEL 3", 
        "Revit_UniqueId": "7b110d46-b9ca-4cf5-900e-4d5b9f499b2a-005704a0"
      }, 
      "type": "Feature"
    }, 
    {
      "geometry": {
        "coordinates": [
          [
            [
              -95.571606245747375, 
              42.757035758957414
            ], 
            [
              -95.571644197304892, 
              42.757035758957414
            ], 
            [
              -95.571644197304892, 
              42.756989821230285
            ], 
            [
              -95.571608116567859, 
              42.756989821230285
            ], 
            [
              -95.571608116567859, 
              42.757008973243131
            ], 
            [
              -95.571606245747375, 
              42.757008973243131
            ], 
            [
              -95.571606245747375, 
              42.757035758957414
            ]
          ]
        ], 
        "type": "Polygon"
      }, 
      "properties": {
        "Seat Count": "", 
        "Number": "189", 
        "NCES_Type": "Patient Room", 
        "Workstations": "", 
        "Element": "Room", 
        "RevitId": 5702819, 
        "occupancyStatus": "Occupied", 
        "Building": "Connected Core", 
        "Area_SF": 133.16000000000000, 
        "Name": "PATIENT\r\nROOM", 
        "NCES_Occupancy Status": "", 
        "NCES_Department": "CCUSO", 
        "Level": "LEVEL 3", 
        "Revit_UniqueId": "7b110d46-b9ca-4cf5-900e-4d5b9f499b2a-005704a3"
      }, 
      "type": "Feature"
    }, 
    {
      "geometry": {
        "coordinates": [
          [
            [
              -95.571608116567859, 
              42.757035758957414
            ], 
            [
              -95.571606245747375, 
              42.757035758957414
            ], 
            [
              -95.571606245747375, 
              42.757032997326007
            ], 
            [
              -95.571606245747375, 
              42.757008973243131
            ], 
            [
              -95.571608116567859, 
              42.757008973243131
            ], 
            [
              -95.571608116567859, 
              42.756989821230285
            ], 
            [
              -95.571644197304892, 
              42.756989821230285
            ], 
            [
              -95.571680678304304, 
              42.756989821230285
            ], 
            [
              -95.571721836354925, 
              42.756989821230285
            ], 
            [
              -95.571761227600405, 
              42.756989821230285
            ], 
            [
              -95.571774615564081, 
              42.756989821230285
            ], 
            [
              -95.571776505967691, 
              42.756989821230285
            ], 
            [
              -95.571776505967691, 
              42.756990508043472
            ], 
            [
              -95.571789913514479, 
              42.756990508043472
            ], 
            [
              -95.571798332206654, 
              42.756990508043472
            ], 
            [
              -95.571798332206654, 
              42.756989821230285
            ], 
            [
              -95.571817352214893, 
              42.756989821230285
            ], 
            [
              -95.571839490257261, 
              42.756989821230285
            ], 
            [
              -95.571839490257261, 
              42.756952275710603
            ], 
            [
              -95.571797229232317, 
              42.756952275710603
            ], 
            [
              -95.571757630198775, 
              42.756952275710603
            ], 
            [
              -95.571717136200164, 
              42.756952275710603
            ], 
            [
              -95.571680343397333, 
              42.756952275710603
            ], 
            [
              -95.571643967943999, 
              42.756952275710603
            ], 
            [
              -95.571605304320698, 
              42.756952275710603
            ], 
            [
              -95.571605304320698, 
              42.756923325140271
            ], 
            [
              -95.571605304320698, 
              42.756920563508864
            ], 
            [
              -95.571607175141182, 
              42.756920563508864
            ], 
            [
              -95.571607175141182, 
              42.756906148996016
            ], 
            [
              -95.571540053964753, 
              42.756906148996016
            ], 
            [
              -95.571540053964753, 
              42.756921262803253
            ], 
            [
              -95.571540989374995, 
              42.756921262803253
            ], 
            [
              -95.571540989374995, 
              42.756924024434660
            ], 
            [
              -95.571540989374995, 
              42.756952275710603
            ], 
            [
              -95.571503884768759, 
              42.756952275710603
            ], 
            [
              -95.571467624053085, 
              42.756952275710603
            ], 
            [
              -95.571430368005934, 
              42.756952275710603
            ], 
            [
              -95.571389981609030, 
              42.756952275710603
            ], 
            [
              -95.571350070772070, 
              42.756952275710603
            ], 
            [
              -95.571307665507803, 
              42.756952275710603
            ], 
            [
              -95.571303923866836, 
              42.756952275710603
            ], 
            [
              -95.571303923866836, 
              42.756951588897415
            ], 
            [
              -95.571302364849771, 
              42.756951588897415
            ], 
            [
              -95.571302364849771, 
              42.756990508043472
            ], 
            [
              -95.571307665507803, 
              42.756990508043472
            ], 
            [
              -95.571307665507803, 
              42.756989821230285
            ], 
            [
              -95.571318578627285, 
              42.756989821230285
            ], 
            [
              -95.571343091006995, 
              42.756989821230285
            ], 
            [
              -95.571360551998168, 
              42.756989821230285
            ], 
            [
              -95.571394538570274, 
              42.756989821230285
            ], 
            [
              -95.571430707766268, 
              42.756989821230285
            ], 
            [
              -95.571440997278913, 
              42.756989821230285
            ], 
            [
              -95.571466253355425, 
              42.756989821230285
            ], 
            [
              -95.571491839444349, 
              42.756989821230285
            ], 
            [
              -95.571541349303089, 
              42.756989821230285
            ], 
            [
              -95.571541349303089, 
              42.757008973243131
            ], 
            [
              -95.571543220123573, 
              42.757008973243131
            ], 
            [
              -95.571543220123573, 
              42.757032997326007
            ], 
            [
              -95.571543220123573, 
              42.757035758957414
            ], 
            [
              -95.571541349303089, 
              42.757035758957414
            ], 
            [
              -95.571541349303089, 
              42.757040108774270
            ], 
            [
              -95.571608116567859, 
              42.757040108774270
            ], 
            [
              -95.571608116567859, 
              42.757035758957414
            ]
          ]
        ], 
        "type": "Polygon"
      }, 
      "properties": {
        "Seat Count": "", 
        "Number": "190", 
        "NCES_Type": "Corridor/Hallway", 
        "Workstations": "", 
        "Element": "Room", 
        "RevitId": 5702822, 
        "occupancyStatus": "Occupied", 
        "Building": "Connected Core", 
        "Area_SF": 2468.5999999999999, 
        "Name": "CORRIDOR", 
        "NCES_Occupancy Status": "", 
        "NCES_Department": "CCUSO", 
        "Level": "LEVEL 3", 
        "Revit_UniqueId": "7b110d46-b9ca-4cf5-900e-4d5b9f499b2a-005704a6"
      }, 
      "type": "Feature"
    }, 
    {
      "geometry": {
        "coordinates": [
          [
            [
              -95.571605304320698, 
              42.756952275710603
            ], 
            [
              -95.571643967943999, 
              42.756952275710603
            ], 
            [
              -95.571643967943999, 
              42.756920563508864
            ], 
            [
              -95.571605304320698, 
              42.756920563508864
            ], 
            [
              -95.571605304320698, 
              42.756952275710603
            ]
          ]
        ], 
        "type": "Polygon"
      }, 
      "properties": {
        "Seat Count": "", 
        "Number": "191", 
        "NCES_Type": "Patient Room", 
        "Workstations": "", 
        "Element": "Room", 
        "RevitId": 5702825, 
        "occupancyStatus": "Occupied", 
        "Building": "Connected Core", 
        "Area_SF": 91.400000000000006, 
        "Name": "PATIENT\r\nROOM", 
        "NCES_Occupancy Status": "", 
        "NCES_Department": "CCUSO", 
        "Level": "LEVEL 3", 
        "Revit_UniqueId": "7b110d46-b9ca-4cf5-900e-4d5b9f499b2a-005704a9"
      }, 
      "type": "Feature"
    }, 
    {
      "geometry": {
        "coordinates": [
          [
            [
              -95.571643967943999, 
              42.756952275710603
            ], 
            [
              -95.571680343397333, 
              42.756952275710603
            ], 
            [
              -95.571680343397333, 
              42.756920563508864
            ], 
            [
              -95.571643967943999, 
              42.756920563508864
            ], 
            [
              -95.571643967943999, 
              42.756952275710603
            ]
          ]
        ], 
        "type": "Polygon"
      }, 
      "properties": {
        "Seat Count": "", 
        "Number": "192", 
        "NCES_Type": "Patient Room", 
        "Workstations": "", 
        "Element": "Room", 
        "RevitId": 5702828, 
        "occupancyStatus": "Occupied", 
        "Building": "Connected Core", 
        "Area_SF": 85.409999999999997, 
        "Name": "PATIENT\r\nROOM", 
        "NCES_Occupancy Status": "", 
        "NCES_Department": "CCUSO", 
        "Level": "LEVEL 3", 
        "Revit_UniqueId": "7b110d46-b9ca-4cf5-900e-4d5b9f499b2a-005704ac"
      }, 
      "type": "Feature"
    }, 
    {
      "geometry": {
        "coordinates": [
          [
            [
              -95.571680343397333, 
              42.756952275710603
            ], 
            [
              -95.571717136200164, 
              42.756952275710603
            ], 
            [
              -95.571717136200164, 
              42.756920563508864
            ], 
            [
              -95.571680343397333, 
              42.756920563508864
            ], 
            [
              -95.571680343397333, 
              42.756952275710603
            ]
          ]
        ], 
        "type": "Polygon"
      }, 
      "properties": {
        "Seat Count": "", 
        "Number": "193", 
        "NCES_Type": "Patient Room", 
        "Workstations": "", 
        "Element": "Room", 
        "RevitId": 5702831, 
        "occupancyStatus": "Occupied", 
        "Building": "Connected Core", 
        "Area_SF": 86.510000000000005, 
        "Name": "PATIENT\r\nROOM", 
        "NCES_Occupancy Status": "", 
        "NCES_Department": "CCUSO", 
        "Level": "LEVEL 3", 
        "Revit_UniqueId": "7b110d46-b9ca-4cf5-900e-4d5b9f499b2a-005704af"
      }, 
      "type": "Feature"
    }, 
    {
      "geometry": {
        "coordinates": [
          [
            [
              -95.571757630198775, 
              42.756906148996016
            ], 
            [
              -95.571715265379680, 
              42.756906148996016
            ], 
            [
              -95.571715265379680, 
              42.756920563508864
            ], 
            [
              -95.571717136200164, 
              42.756920563508864
            ], 
            [
              -95.571717136200164, 
              42.756923325140271
            ], 
            [
              -95.571717136200164, 
              42.756952275710603
            ], 
            [
              -95.571757630198775, 
              42.756952275710603
            ], 
            [
              -95.571757630198775, 
              42.756906148996016
            ]
          ]
        ], 
        "type": "Polygon"
      }, 
      "properties": {
        "Seat Count": "", 
        "Number": "194", 
        "NCES_Type": "Patient Room", 
        "Workstations": "", 
        "Element": "Room", 
        "RevitId": 5702834, 
        "occupancyStatus": "Occupied", 
        "Building": "Connected Core", 
        "Area_SF": 147.72999999999999, 
        "Name": "PATIENT\r\nROOM", 
        "NCES_Occupancy Status": "", 
        "NCES_Department": "CCUSO", 
        "Level": "LEVEL 3", 
        "Revit_UniqueId": "7b110d46-b9ca-4cf5-900e-4d5b9f499b2a-005704b2"
      }, 
      "type": "Feature"
    }, 
    {
      "geometry": {
        "coordinates": [
          [
            [
              -95.571797229232317, 
              42.756906148996016
            ], 
            [
              -95.571757630198775, 
              42.756906148996016
            ], 
            [
              -95.571757630198775, 
              42.756952275710603
            ], 
            [
              -95.571797229232317, 
              42.756952275710603
            ], 
            [
              -95.571797229232317, 
              42.756906148996016
            ]
          ]
        ], 
        "type": "Polygon"
      }, 
      "properties": {
        "Seat Count": "", 
        "Number": "195", 
        "NCES_Type": "Patient Room - Group", 
        "Workstations": "", 
        "Element": "Room", 
        "RevitId": 5702837, 
        "occupancyStatus": "Occupied", 
        "Building": "Connected Core", 
        "Area_SF": 146.63999999999999, 
        "Name": "DOUBLE\r\nPATIENT\r\nROOM", 
        "NCES_Occupancy Status": "", 
        "NCES_Department": "CCUSO", 
        "Level": "LEVEL 3", 
        "Revit_UniqueId": "7b110d46-b9ca-4cf5-900e-4d5b9f499b2a-005704b5"
      }, 
      "type": "Feature"
    }, 
    {
      "geometry": {
        "coordinates": [
          [
            [
              -95.571839490257261, 
              42.756952275710603
            ], 
            [
              -95.571839490257261, 
              42.756906148996016
            ], 
            [
              -95.571797229232317, 
              42.756906148996016
            ], 
            [
              -95.571797229232317, 
              42.756952275710603
            ], 
            [
              -95.571839490257261, 
              42.756952275710603
            ]
          ]
        ], 
        "type": "Polygon"
      }, 
      "properties": {
        "Seat Count": "", 
        "Number": "196", 
        "NCES_Type": "Secure Interview", 
        "Workstations": "", 
        "Element": "Room", 
        "RevitId": 5702840, 
        "occupancyStatus": "Occupied", 
        "Building": "Connected Core", 
        "Area_SF": 149.81999999999999, 
        "Name": "INTERVIEW ROOM", 
        "NCES_Occupancy Status": "", 
        "NCES_Department": "CCUSO", 
        "Level": "LEVEL 3", 
        "Revit_UniqueId": "7b110d46-b9ca-4cf5-900e-4d5b9f499b2a-005704b8"
      }, 
      "type": "Feature"
    }, 
    {
      "geometry": {
        "coordinates": [
          [
            [
              -95.571503884768759, 
              42.756952275710603
            ], 
            [
              -95.571540989374995, 
              42.756952275710603
            ], 
            [
              -95.571540989374995, 
              42.756921262803253
            ], 
            [
              -95.571503884768759, 
              42.756921262803253
            ], 
            [
              -95.571503884768759, 
              42.756952275710603
            ]
          ]
        ], 
        "type": "Polygon"
      }, 
      "properties": {
        "Seat Count": "", 
        "Number": "199", 
        "NCES_Type": "", 
        "Workstations": "", 
        "Element": "Room", 
        "RevitId": 5702849, 
        "occupancyStatus": "Occupied", 
        "Building": "Connected Core", 
        "Area_SF": 82.670000000000002, 
        "Name": "Room", 
        "NCES_Occupancy Status": "", 
        "NCES_Department": "CCUSO", 
        "Level": "LEVEL 3", 
        "Revit_UniqueId": "7b110d46-b9ca-4cf5-900e-4d5b9f499b2a-005704c1"
      }, 
      "type": "Feature"
    }, 
    {
      "geometry": {
        "coordinates": [
          [
            [
              -95.571467624053085, 
              42.756952275710603
            ], 
            [
              -95.571503884768759, 
              42.756952275710603
            ], 
            [
              -95.571503884768759, 
              42.756921262803253
            ], 
            [
              -95.571467624053085, 
              42.756921262803253
            ], 
            [
              -95.571467624053085, 
              42.756952275710603
            ]
          ]
        ], 
        "type": "Polygon"
      }, 
      "properties": {
        "Seat Count": "", 
        "Number": "200", 
        "NCES_Type": "", 
        "Workstations": "", 
        "Element": "Room", 
        "RevitId": 5702852, 
        "occupancyStatus": "Occupied", 
        "Building": "Connected Core", 
        "Area_SF": 82.900000000000006, 
        "Name": "Room", 
        "NCES_Occupancy Status": "", 
        "NCES_Department": "CCUSO", 
        "Level": "LEVEL 3", 
        "Revit_UniqueId": "7b110d46-b9ca-4cf5-900e-4d5b9f499b2a-005704c4"
      }, 
      "type": "Feature"
    }, 
    {
      "geometry": {
        "coordinates": [
          [
            [
              -95.571430368005934, 
              42.756952275710603
            ], 
            [
              -95.571467624053085, 
              42.756952275710603
            ], 
            [
              -95.571467624053085, 
              42.756921262803253
            ], 
            [
              -95.571430368005934, 
              42.756921262803253
            ], 
            [
              -95.571430368005934, 
              42.756952275710603
            ]
          ]
        ], 
        "type": "Polygon"
      }, 
      "properties": {
        "Seat Count": "", 
        "Number": "201", 
        "NCES_Type": "Patient Room", 
        "Workstations": "", 
        "Element": "Room", 
        "RevitId": 5702855, 
        "occupancyStatus": "Occupied", 
        "Building": "Connected Core", 
        "Area_SF": 85.439999999999998, 
        "Name": "PATIENT\r\nROOM", 
        "NCES_Occupancy Status": "", 
        "NCES_Department": "CCUSO", 
        "Level": "LEVEL 3", 
        "Revit_UniqueId": "7b110d46-b9ca-4cf5-900e-4d5b9f499b2a-005704c7"
      }, 
      "type": "Feature"
    }, 
    {
      "geometry": {
        "coordinates": [
          [
            [
              -95.571389981609030, 
              42.756952275710603
            ], 
            [
              -95.571430368005934, 
              42.756952275710603
            ], 
            [
              -95.571430368005934, 
              42.756924024434660
            ], 
            [
              -95.571430368005934, 
              42.756921262803253
            ], 
            [
              -95.571432238826418, 
              42.756921262803253
            ], 
            [
              -95.571432238826418, 
              42.756907255303958
            ], 
            [
              -95.571389981609030, 
              42.756907255303958
            ], 
            [
              -95.571389981609030, 
              42.756952275710603
            ]
          ]
        ], 
        "type": "Polygon"
      }, 
      "properties": {
        "Seat Count": "", 
        "Number": "202", 
        "NCES_Type": "Patient Room", 
        "Workstations": "", 
        "Element": "Room", 
        "RevitId": 5702858, 
        "occupancyStatus": "Occupied", 
        "Building": "Connected Core", 
        "Area_SF": 143.36000000000001, 
        "Name": "PATIENT\r\nROOM", 
        "NCES_Occupancy Status": "", 
        "NCES_Department": "CCUSO", 
        "Level": "LEVEL 3", 
        "Revit_UniqueId": "7b110d46-b9ca-4cf5-900e-4d5b9f499b2a-005704ca"
      }, 
      "type": "Feature"
    }, 
    {
      "geometry": {
        "coordinates": [
          [
            [
              -95.571350070772070, 
              42.756952275710603
            ], 
            [
              -95.571389981609030, 
              42.756952275710603
            ], 
            [
              -95.571389981609030, 
              42.756907255303958
            ], 
            [
              -95.571350070772070, 
              42.756907255303958
            ], 
            [
              -95.571350070772070, 
              42.756952275710603
            ]
          ]
        ], 
        "type": "Polygon"
      }, 
      "properties": {
        "Seat Count": "", 
        "Number": "203", 
        "NCES_Type": "Patient Room", 
        "Workstations": "", 
        "Element": "Room", 
        "RevitId": 5702861, 
        "occupancyStatus": "Occupied", 
        "Building": "Connected Core", 
        "Area_SF": 141.5, 
        "Name": "PATIENT\r\nROOM", 
        "NCES_Occupancy Status": "", 
        "NCES_Department": "CCUSO", 
        "Level": "LEVEL 3", 
        "Revit_UniqueId": "7b110d46-b9ca-4cf5-900e-4d5b9f499b2a-005704cd"
      }, 
      "type": "Feature"
    }, 
    {
      "geometry": {
        "coordinates": [
          [
            [
              -95.571307665507803, 
              42.756952275710603
            ], 
            [
              -95.571350070772070, 
              42.756952275710603
            ], 
            [
              -95.571350070772070, 
              42.756907255303958
            ], 
            [
              -95.571307665507803, 
              42.756907255303958
            ], 
            [
              -95.571307665507803, 
              42.756952275710603
            ]
          ]
        ], 
        "type": "Polygon"
      }, 
      "properties": {
        "Seat Count": "", 
        "Number": "204", 
        "NCES_Type": "Patient Room", 
        "Workstations": "", 
        "Element": "Room", 
        "RevitId": 5702864, 
        "occupancyStatus": "Occupied", 
        "Building": "Connected Core", 
        "Area_SF": 143.93000000000001, 
        "Name": "PATIENT\r\nROOM", 
        "NCES_Occupancy Status": "", 
        "NCES_Department": "CCUSO", 
        "Level": "LEVEL 3", 
        "Revit_UniqueId": "7b110d46-b9ca-4cf5-900e-4d5b9f499b2a-005704d0"
      }, 
      "type": "Feature"
    }, 
    {
      "geometry": {
        "coordinates": [
          [
            [
              -95.571491839444349, 
              42.757035758957414
            ], 
            [
              -95.571543220123573, 
              42.757035758957414
            ], 
            [
              -95.571543220123573, 
              42.757008973243131
            ], 
            [
              -95.571541349303089, 
              42.757008973243131
            ], 
            [
              -95.571541349303089, 
              42.756989821230285
            ], 
            [
              -95.571491839444349, 
              42.756989821230285
            ], 
            [
              -95.571491839444349, 
              42.757035758957414
            ]
          ]
        ], 
        "type": "Polygon"
      }, 
      "properties": {
        "Seat Count": "", 
        "Number": "205", 
        "NCES_Type": "", 
        "Workstations": "", 
        "Element": "Room", 
        "RevitId": 5702867, 
        "occupancyStatus": "Occupied", 
        "Building": "Connected Core", 
        "Area_SF": 188.13999999999999, 
        "Name": "Room", 
        "NCES_Occupancy Status": "", 
        "NCES_Department": "CCUSO", 
        "Level": "LEVEL 3", 
        "Revit_UniqueId": "7b110d46-b9ca-4cf5-900e-4d5b9f499b2a-005704d3"
      }, 
      "type": "Feature"
    }, 
    {
      "geometry": {
        "coordinates": [
          [
            [
              -95.571465941552020, 
              42.757035758957414
            ], 
            [
              -95.571491839444349, 
              42.757035758957414
            ], 
            [
              -95.571491839444349, 
              42.756989821230285
            ], 
            [
              -95.571466253355425, 
              42.756989821230285
            ], 
            [
              -95.571466253355425, 
              42.756998749801717
            ], 
            [
              -95.571465941552020, 
              42.756998749801717
            ], 
            [
              -95.571465941552020, 
              42.757035758957414
            ]
          ]
        ], 
        "type": "Polygon"
      }, 
      "properties": {
        "Seat Count": "", 
        "Number": "208", 
        "NCES_Type": "", 
        "Workstations": "", 
        "Element": "Room", 
        "RevitId": 5702876, 
        "occupancyStatus": "Occupied", 
        "Building": "Connected Core", 
        "Area_SF": 95.719999999999999, 
        "Name": "Room", 
        "NCES_Occupancy Status": "", 
        "NCES_Department": "CCUSO", 
        "Level": "LEVEL 3", 
        "Revit_UniqueId": "7b110d46-b9ca-4cf5-900e-4d5b9f499b2a-005704dc"
      }, 
      "type": "Feature"
    }, 
    {
      "geometry": {
        "coordinates": [
          [
            [
              -95.571440997278913, 
              42.757035758957414
            ], 
            [
              -95.571465941552020, 
              42.757035758957414
            ], 
            [
              -95.571465941552020, 
              42.756998749801717
            ], 
            [
              -95.571466253355425, 
              42.756998749801717
            ], 
            [
              -95.571466253355425, 
              42.756989821230285
            ], 
            [
              -95.571440997278913, 
              42.756989821230285
            ], 
            [
              -95.571440997278913, 
              42.756996918610128
            ], 
            [
              -95.571440997278913, 
              42.757006533994740
            ], 
            [
              -95.571440997278913, 
              42.757014560025979
            ], 
            [
              -95.571445362526717, 
              42.757014560025979
            ], 
            [
              -95.571445362526717, 
              42.757028661887823
            ], 
            [
              -95.571440997278913, 
              42.757028661887823
            ], 
            [
              -95.571440997278913, 
              42.757030951265108
            ], 
            [
              -95.571440997278913, 
              42.757035758957414
            ]
          ]
        ], 
        "type": "Polygon"
      }, 
      "properties": {
        "Seat Count": "", 
        "Number": "209", 
        "NCES_Type": "", 
        "Workstations": "", 
        "Element": "Room", 
        "RevitId": 5702879, 
        "occupancyStatus": "Occupied", 
        "Building": "Connected Core", 
        "Area_SF": 85.75, 
        "Name": "Room", 
        "NCES_Occupancy Status": "", 
        "NCES_Department": "CCUSO", 
        "Level": "LEVEL 3", 
        "Revit_UniqueId": "7b110d46-b9ca-4cf5-900e-4d5b9f499b2a-005704df"
      }, 
      "type": "Feature"
    }, 
    {
      "geometry": {
        "coordinates": [
          [
            [
              -95.571408881527304, 
              42.757035758957414
            ], 
            [
              -95.571426030715060, 
              42.757035758957414
            ], 
            [
              -95.571426030715060, 
              42.757030951265108
            ], 
            [
              -95.571440997278913, 
              42.757030951265108
            ], 
            [
              -95.571440997278913, 
              42.757028661887823
            ], 
            [
              -95.571440997278913, 
              42.757015704714625
            ], 
            [
              -95.571440997278913, 
              42.757014560025979
            ], 
            [
              -95.571440997278913, 
              42.757006533994740
            ], 
            [
              -95.571440997278913, 
              42.756996918610128
            ], 
            [
              -95.571430707766268, 
              42.756996918610128
            ], 
            [
              -95.571430707766268, 
              42.756989821230285
            ], 
            [
              -95.571394538570274, 
              42.756989821230285
            ], 
            [
              -95.571394538570274, 
              42.757004028890449
            ], 
            [
              -95.571392667749791, 
              42.757004028890449
            ], 
            [
              -95.571392667749791, 
              42.757014102150521
            ], 
            [
              -95.571387678895164, 
              42.757014102150521
            ], 
            [
              -95.571385799625773, 
              42.757014102150521
            ], 
            [
              -95.571385799625773, 
              42.757035758957414
            ], 
            [
              -95.571408881527304, 
              42.757035758957414
            ]
          ]
        ], 
        "type": "Polygon"
      }, 
      "properties": {
        "Seat Count": "", 
        "Number": "210", 
        "NCES_Type": "Restroom - Bath/Shower", 
        "Workstations": "", 
        "Element": "Room", 
        "RevitId": 5702882, 
        "occupancyStatus": "Occupied", 
        "Building": "Connected Core", 
        "Area_SF": 175.80000000000001, 
        "Name": "RR", 
        "NCES_Occupancy Status": "", 
        "NCES_Department": "CCUSO", 
        "Level": "LEVEL 3", 
        "Revit_UniqueId": "7b110d46-b9ca-4cf5-900e-4d5b9f499b2a-005704e2"
      }, 
      "type": "Feature"
    }, 
    {
      "geometry": {
        "coordinates": [
          [
            [
              -95.571394538570274, 
              42.756989821230285
            ], 
            [
              -95.571360551998168, 
              42.756989821230285
            ], 
            [
              -95.571360551998168, 
              42.757004028890449
            ], 
            [
              -95.571365852656200, 
              42.757004028890449
            ], 
            [
              -95.571387678895164, 
              42.757004028890449
            ], 
            [
              -95.571392667749791, 
              42.757004028890449
            ], 
            [
              -95.571394538570274, 
              42.757004028890449
            ], 
            [
              -95.571394538570274, 
              42.756989821230285
            ]
          ]
        ], 
        "type": "Polygon"
      }, 
      "properties": {
        "Seat Count": "", 
        "Number": "211", 
        "NCES_Type": "", 
        "Workstations": "", 
        "Element": "Room", 
        "RevitId": 5702885, 
        "occupancyStatus": "Occupied", 
        "Building": "Connected Core", 
        "Area_SF": 35.090000000000003, 
        "Name": "Room", 
        "NCES_Occupancy Status": "", 
        "NCES_Department": "CCUSO", 
        "Level": "LEVEL 3", 
        "Revit_UniqueId": "7b110d46-b9ca-4cf5-900e-4d5b9f499b2a-005704e5"
      }, 
      "type": "Feature"
    }, 
    {
      "geometry": {
        "coordinates": [
          [
            [
              -95.571387678895164, 
              42.757004028890449
            ], 
            [
              -95.571365852656200, 
              42.757004028890449
            ], 
            [
              -95.571365852656200, 
              42.757014102150521
            ], 
            [
              -95.571376453972263, 
              42.757014102150521
            ], 
            [
              -95.571385799625773, 
              42.757014102150521
            ], 
            [
              -95.571387678895164, 
              42.757014102150521
            ], 
            [
              -95.571387678895164, 
              42.757004028890449
            ]
          ]
        ], 
        "type": "Polygon"
      }, 
      "properties": {
        "Seat Count": "", 
        "Number": "212", 
        "NCES_Type": "", 
        "Workstations": "", 
        "Element": "Room", 
        "RevitId": 5702888, 
        "occupancyStatus": "Occupied", 
        "Building": "Connected Core", 
        "Area_SF": 16.440000000000001, 
        "Name": "Room", 
        "NCES_Occupancy Status": "", 
        "NCES_Department": "CCUSO", 
        "Level": "LEVEL 3", 
        "Revit_UniqueId": "7b110d46-b9ca-4cf5-900e-4d5b9f499b2a-005704e8"
      }, 
      "type": "Feature"
    }, 
    {
      "geometry": {
        "coordinates": [
          [
            [
              -95.571344026417236, 
              42.757035758957414
            ], 
            [
              -95.571376453972263, 
              42.757035758957414
            ], 
            [
              -95.571376453972263, 
              42.757023900334190
            ], 
            [
              -95.571376453972263, 
              42.757014102150521
            ], 
            [
              -95.571365852656200, 
              42.757014102150521
            ], 
            [
              -95.571365852656200, 
              42.757004028890449
            ], 
            [
              -95.571360551998168, 
              42.757004028890449
            ], 
            [
              -95.571360551998168, 
              42.756989821230285
            ], 
            [
              -95.571343091006995, 
              42.756989821230285
            ], 
            [
              -95.571343091006995, 
              42.757035758957414
            ], 
            [
              -95.571344026417236, 
              42.757035758957414
            ]
          ]
        ], 
        "type": "Polygon"
      }, 
      "properties": {
        "Seat Count": "", 
        "Number": "213", 
        "NCES_Type": "Restroom - Bath/Shower", 
        "Workstations": "", 
        "Element": "Room", 
        "RevitId": 5702891, 
        "occupancyStatus": "Occupied", 
        "Building": "Connected Core", 
        "Area_SF": 90.400000000000006, 
        "Name": "RR", 
        "NCES_Occupancy Status": "", 
        "NCES_Department": "CCUSO", 
        "Level": "LEVEL 3", 
        "Revit_UniqueId": "7b110d46-b9ca-4cf5-900e-4d5b9f499b2a-005704eb"
      }, 
      "type": "Feature"
    }, 
    {
      "geometry": {
        "coordinates": [
          [
            [
              -95.572688866594461, 
              42.757035851234768
            ], 
            [
              -95.572735637106518, 
              42.757035851234768
            ], 
            [
              -95.572735637106518, 
              42.757020283469203
            ], 
            [
              -95.572735637106518, 
              42.756998992260414
            ], 
            [
              -95.572735637106518, 
              42.756990127240392
            ], 
            [
              -95.572712251850490, 
              42.756990127240392
            ], 
            [
              -95.572712251850490, 
              42.756998992260414
            ], 
            [
              -95.572701650534427, 
              42.756998992260414
            ], 
            [
              -95.572701650534427, 
              42.757009981271402
            ], 
            [
              -95.572688866594461, 
              42.757009981271402
            ], 
            [
              -95.572688866594461, 
              42.757035851234768
            ]
          ]
        ], 
        "type": "Polygon"
      }, 
      "properties": {
        "Seat Count": "", 
        "Number": "016", 
        "NCES_Type": "Patient Room", 
        "Workstations": "", 
        "Element": "Room", 
        "RevitId": 5727241, 
        "occupancyStatus": "Occupied", 
        "Building": "Connected Core", 
        "Area_SF": 148.00999999999999, 
        "Name": "DORM", 
        "NCES_Occupancy Status": "", 
        "NCES_Department": "CCUSO", 
        "Level": "LEVEL 3", 
        "Revit_UniqueId": "eb404dfa-e280-4078-b5d5-c2f8c920171d-00576409"
      }, 
      "type": "Feature"
    }, 
    {
      "geometry": {
        "coordinates": [
          [
            [
              -95.572735637106518, 
              42.757035851234768
            ], 
            [
              -95.572769591770992, 
              42.757035851234768
            ], 
            [
              -95.572769591770992, 
              42.757004028890449
            ], 
            [
              -95.572769591770992, 
              42.756990127240392
            ], 
            [
              -95.572735637106518, 
              42.756990127240392
            ], 
            [
              -95.572735637106518, 
              42.756998992260414
            ], 
            [
              -95.572735637106518, 
              42.757020283469203
            ], 
            [
              -95.572735637106518, 
              42.757035851234768
            ]
          ]
        ], 
        "type": "Polygon"
      }, 
      "properties": {
        "Seat Count": "", 
        "Number": "015", 
        "NCES_Type": "Restroom - Bath/Shower", 
        "Workstations": "", 
        "Element": "Room", 
        "RevitId": 5727244, 
        "occupancyStatus": "Occupied", 
        "Building": "Connected Core", 
        "Area_SF": 120.56999999999999, 
        "Name": "RR", 
        "NCES_Occupancy Status": "", 
        "NCES_Department": "CCUSO", 
        "Level": "LEVEL 3", 
        "Revit_UniqueId": "eb404dfa-e280-4078-b5d5-c2f8c920171d-0057640c"
      }, 
      "type": "Feature"
    }, 
    {
      "geometry": {
        "coordinates": [
          [
            [
              -95.572769591770992, 
              42.757035851234768
            ], 
            [
              -95.572794847847504, 
              42.757035851234768
            ], 
            [
              -95.572794847847504, 
              42.757024862223780
            ], 
            [
              -95.572794847847504, 
              42.75701433108825
            ], 
            [
              -95.572794847847504, 
              42.757004028890449
            ], 
            [
              -95.572769591770992, 
              42.757004028890449
            ], 
            [
              -95.572769591770992, 
              42.757035851234768
            ]
          ]
        ], 
        "type": "Polygon"
      }, 
      "properties": {
        "Seat Count": "", 
        "Number": "014C", 
        "NCES_Type": "Restroom - Bath/Shower", 
        "Workstations": "", 
        "Element": "Room", 
        "RevitId": 5727247, 
        "occupancyStatus": "Occupied", 
        "Building": "Connected Core", 
        "Area_SF": 58.920000000000002, 
        "Name": "RR", 
        "NCES_Occupancy Status": "", 
        "NCES_Department": "CCUSO", 
        "Level": "LEVEL 3", 
        "Revit_UniqueId": "eb404dfa-e280-4078-b5d5-c2f8c920171d-0057640f"
      }, 
      "type": "Feature"
    }, 
    {
      "geometry": {
        "coordinates": [
          [
            [
              -95.572832917777646, 
              42.757035851234768
            ], 
            [
              -95.572832917777646, 
              42.757004028890449
            ], 
            [
              -95.572803266539680, 
              42.757004028890449
            ], 
            [
              -95.572803266539680, 
              42.75701433108825
            ], 
            [
              -95.572803266539680, 
              42.757024862223780
            ], 
            [
              -95.572803266539680, 
              42.757035851234768
            ], 
            [
              -95.572832917777646, 
              42.757035851234768
            ]
          ]
        ], 
        "type": "Polygon"
      }, 
      "properties": {
        "Seat Count": "", 
        "Number": "014A", 
        "NCES_Type": "Restroom - Bath/Shower", 
        "Workstations": "", 
        "Element": "Room", 
        "RevitId": 5727250, 
        "occupancyStatus": "Occupied", 
        "Building": "Connected Core", 
        "Area_SF": 68.159999999999997, 
        "Name": "RR", 
        "NCES_Occupancy Status": "", 
        "NCES_Department": "CCUSO", 
        "Level": "LEVEL 3", 
        "Revit_UniqueId": "eb404dfa-e280-4078-b5d5-c2f8c920171d-00576412"
      }, 
      "type": "Feature"
    }, 
    {
      "geometry": {
        "coordinates": [
          [
            [
              -95.572832917777646, 
              42.757004028890449
            ], 
            [
              -95.572832917777646, 
              42.756990127240392
            ], 
            [
              -95.572804038939040, 
              42.756990127240392
            ], 
            [
              -95.572794847847504, 
              42.756990127240392
            ], 
            [
              -95.572769591770992, 
              42.756990127240392
            ], 
            [
              -95.572769591770992, 
              42.757004028890449
            ], 
            [
              -95.572794847847504, 
              42.757004028890449
            ], 
            [
              -95.572803266539680, 
              42.757004028890449
            ], 
            [
              -95.572832917777646, 
              42.757004028890449
            ]
          ]
        ], 
        "type": "Polygon"
      }, 
      "properties": {
        "Seat Count": "", 
        "Number": "014", 
        "NCES_Type": "Corridor/Hallway", 
        "Workstations": "", 
        "Element": "Room", 
        "RevitId": 5727253, 
        "occupancyStatus": "Occupied", 
        "Building": "Connected Core", 
        "Area_SF": 61.570000000000000, 
        "Name": "HALL", 
        "NCES_Occupancy Status": "", 
        "NCES_Department": "CCUSO", 
        "Level": "LEVEL 3", 
        "Revit_UniqueId": "eb404dfa-e280-4078-b5d5-c2f8c920171d-00576415"
      }, 
      "type": "Feature"
    }, 
    {
      "geometry": {
        "coordinates": [
          [
            [
              -95.572830182333760, 
              42.756907314570462
            ], 
            [
              -95.572788774005460, 
              42.756907314570462
            ], 
            [
              -95.572788774005460, 
              42.756948165140678
            ], 
            [
              -95.572797192697635, 
              42.756948165140678
            ], 
            [
              -95.572797192697635, 
              42.756952286019796
            ], 
            [
              -95.572830182333760, 
              42.756952286019796
            ], 
            [
              -95.572830182333760, 
              42.756907314570462
            ]
          ]
        ], 
        "type": "Polygon"
      }, 
      "properties": {
        "Seat Count": "", 
        "Number": "012", 
        "NCES_Type": "Patient Room", 
        "Workstations": "", 
        "Element": "Room", 
        "RevitId": 5727259, 
        "occupancyStatus": "Occupied", 
        "Building": "Connected Core", 
        "Area_SF": 147.69000000000000, 
        "Name": "DORM", 
        "NCES_Occupancy Status": "", 
        "NCES_Department": "CCUSO", 
        "Level": "LEVEL 3", 
        "Revit_UniqueId": "eb404dfa-e280-4078-b5d5-c2f8c920171d-0057641b"
      }, 
      "type": "Feature"
    }, 
    {
      "geometry": {
        "coordinates": [
          [
            [
              -95.572788774005460, 
              42.756907314570462
            ], 
            [
              -95.572745745134370, 
              42.756907314570462
            ], 
            [
              -95.572745745134370, 
              42.756919906145548
            ], 
            [
              -95.572746680544611, 
              42.756919906145548
            ], 
            [
              -95.572746680544611, 
              42.756952286019796
            ], 
            [
              -95.572781290723540, 
              42.756952286019796
            ], 
            [
              -95.572781290723540, 
              42.756948165140678
            ], 
            [
              -95.572788774005460, 
              42.756948165140678
            ], 
            [
              -95.572788774005460, 
              42.756907314570462
            ]
          ]
        ], 
        "type": "Polygon"
      }, 
      "properties": {
        "Seat Count": "", 
        "Number": "011", 
        "NCES_Type": "Patient Room", 
        "Workstations": "", 
        "Element": "Room", 
        "RevitId": 5727262, 
        "occupancyStatus": "Occupied", 
        "Building": "Connected Core", 
        "Area_SF": 149.71000000000001, 
        "Name": "DORM", 
        "NCES_Occupancy Status": "", 
        "NCES_Department": "CCUSO", 
        "Level": "LEVEL 3", 
        "Revit_UniqueId": "eb404dfa-e280-4078-b5d5-c2f8c920171d-0057641e"
      }, 
      "type": "Feature"
    }, 
    {
      "geometry": {
        "coordinates": [
          [
            [
              -95.572717682827133, 
              42.756952286019796
            ], 
            [
              -95.572746680544611, 
              42.756952286019796
            ], 
            [
              -95.572746680544611, 
              42.756919906145548
            ], 
            [
              -95.572745745134370, 
              42.756919906145548
            ], 
            [
              -95.572709731840078, 
              42.756919906145548
            ], 
            [
              -95.572709731840078, 
              42.756948165140678
            ], 
            [
              -95.572717682827133, 
              42.756948165140678
            ], 
            [
              -95.572717682827133, 
              42.756952286019796
            ]
          ]
        ], 
        "type": "Polygon"
      }, 
      "properties": {
        "Seat Count": "", 
        "Number": "010", 
        "NCES_Type": "Patient Room", 
        "Workstations": "", 
        "Element": "Room", 
        "RevitId": 5727265, 
        "occupancyStatus": "Occupied", 
        "Building": "Connected Core", 
        "Area_SF": 89.420000000000002, 
        "Name": "DORM", 
        "NCES_Occupancy Status": "", 
        "NCES_Department": "CCUSO", 
        "Level": "LEVEL 3", 
        "Revit_UniqueId": "eb404dfa-e280-4078-b5d5-c2f8c920171d-00576421"
      }, 
      "type": "Feature"
    }, 
    {
      "geometry": {
        "coordinates": [
          [
            [
              -95.572673039654944, 
              42.756952286019796
            ], 
            [
              -95.572702092656442, 
              42.756952286019796
            ], 
            [
              -95.572702092656442, 
              42.756948165140678
            ], 
            [
              -95.572709731840078, 
              42.756948165140678
            ], 
            [
              -95.572709731840078, 
              42.756919906145548
            ], 
            [
              -95.572673039654944, 
              42.756919906145548
            ], 
            [
              -95.572673039654944, 
              42.756952286019796
            ]
          ]
        ], 
        "type": "Polygon"
      }, 
      "properties": {
        "Seat Count": "", 
        "Number": "009", 
        "NCES_Type": "Patient Room", 
        "Workstations": "", 
        "Element": "Room", 
        "RevitId": 5727275, 
        "occupancyStatus": "Occupied", 
        "Building": "Connected Core", 
        "Area_SF": 88.790000000000006, 
        "Name": "DORM", 
        "NCES_Occupancy Status": "", 
        "NCES_Department": "CCUSO", 
        "Level": "LEVEL 3", 
        "Revit_UniqueId": "eb404dfa-e280-4078-b5d5-c2f8c920171d-0057642b"
      }, 
      "type": "Feature"
    }, 
    {
      "geometry": {
        "coordinates": [
          [
            [
              -95.572636876692073, 
              42.756919906145548
            ], 
            [
              -95.572636876692073, 
              42.756948165140678
            ], 
            [
              -95.572645607187667, 
              42.756948165140678
            ], 
            [
              -95.572645607187667, 
              42.756952286019796
            ], 
            [
              -95.572673039654944, 
              42.756952286019796
            ], 
            [
              -95.572673039654944, 
              42.756919906145548
            ], 
            [
              -95.572636876692073, 
              42.756919906145548
            ]
          ]
        ], 
        "type": "Polygon"
      }, 
      "properties": {
        "Seat Count": "", 
        "Number": "008", 
        "NCES_Type": "Patient Room", 
        "Workstations": "", 
        "Element": "Room", 
        "RevitId": 5727278, 
        "occupancyStatus": "Occupied", 
        "Building": "Connected Core", 
        "Area_SF": 84.730000000000004, 
        "Name": "DORM", 
        "NCES_Occupancy Status": "", 
        "NCES_Department": "CCUSO", 
        "Level": "LEVEL 3", 
        "Revit_UniqueId": "eb404dfa-e280-4078-b5d5-c2f8c920171d-0057642e"
      }, 
      "type": "Feature"
    }, 
    {
      "geometry": {
        "coordinates": [
          [
            [
              -95.572333916996058, 
              42.756952286019796
            ], 
            [
              -95.572333916996058, 
              42.756990750502169
            ], 
            [
              -95.572355743235022, 
              42.756990750502169
            ], 
            [
              -95.572386319925457, 
              42.756990750502169
            ], 
            [
              -95.572398480258599, 
              42.756990750502169
            ], 
            [
              -95.572432388879847, 
              42.756990750502169
            ], 
            [
              -95.572487919742898, 
              42.756990750502169
            ], 
            [
              -95.572496338435073, 
              42.756990750502169
            ], 
            [
              -95.572503509913588, 
              42.756990750502169
            ], 
            [
              -95.572531884024244, 
              42.756990750502169
            ], 
            [
              -95.572560075871749, 
              42.756990750502169
            ], 
            [
              -95.572569429974152, 
              42.756990750502169
            ], 
            [
              -95.572569429974152, 
              42.756988919000335
            ], 
            [
              -95.572614345578572, 
              42.756988919000335
            ], 
            [
              -95.572634293513772, 
              42.756988919000335
            ], 
            [
              -95.572636171817535, 
              42.756988919000335
            ], 
            [
              -95.572636171817535, 
              42.756990127240392
            ], 
            [
              -95.572679512492044, 
              42.756990127240392
            ], 
            [
              -95.572701650534427, 
              42.756990127240392
            ], 
            [
              -95.572712251850490, 
              42.756990127240392
            ], 
            [
              -95.572735637106518, 
              42.756990127240392
            ], 
            [
              -95.572769591770992, 
              42.756990127240392
            ], 
            [
              -95.572794847847504, 
              42.756990127240392
            ], 
            [
              -95.572804038939040, 
              42.756990127240392
            ], 
            [
              -95.572832917777646, 
              42.756990127240392
            ], 
            [
              -95.572867289846130, 
              42.756990127240392
            ], 
            [
              -95.572871388476415, 
              42.756991025779506
            ], 
            [
              -95.572871652187786, 
              42.756951071114287
            ], 
            [
              -95.572871652187786, 
              42.756952286019796
            ], 
            [
              -95.572862298085369, 
              42.756952286019796
            ], 
            [
              -95.572830182333760, 
              42.756952286019796
            ], 
            [
              -95.572797192697635, 
              42.756952286019796
            ], 
            [
              -95.572788774005460, 
              42.756952286019796
            ], 
            [
              -95.572781290723540, 
              42.756952286019796
            ], 
            [
              -95.572746680544611, 
              42.756952286019796
            ], 
            [
              -95.572717682827133, 
              42.756952286019796
            ], 
            [
              -95.572709731840078, 
              42.756952286019796
            ], 
            [
              -95.572702092656442, 
              42.756952286019796
            ], 
            [
              -95.572673039654944, 
              42.756952286019796
            ], 
            [
              -95.572645607187667, 
              42.756952286019796
            ], 
            [
              -95.572636876692073, 
              42.756952286019796
            ], 
            [
              -95.572636876692073, 
              42.756954346459359
            ], 
            [
              -95.572570511918670, 
              42.756954346459359
            ], 
            [
              -95.572570511918670, 
              42.756952286019796
            ], 
            [
              -95.572562093226495, 
              42.756952286019796
            ], 
            [
              -95.572532708833464, 
              42.756952286019796
            ], 
            [
              -95.572502463902325, 
              42.756952286019796
            ], 
            [
              -95.572494668816987, 
              42.756952286019796
            ], 
            [
              -95.572486873731634, 
              42.756952286019796
            ], 
            [
              -95.572458161046995, 
              42.756952286019796
            ], 
            [
              -95.572426210806526, 
              42.756952286019796
            ], 
            [
              -95.572418103917769, 
              42.756952286019796
            ], 
            [
              -95.572409997029013, 
              42.756952286019796
            ], 
            [
              -95.572377257670567, 
              42.756952286019796
            ], 
            [
              -95.572342959295057, 
              42.756952286019796
            ], 
            [
              -95.572333916996058, 
              42.756952286019796
            ]
          ]
        ], 
        "type": "Polygon"
      }, 
      "properties": {
        "Seat Count": "", 
        "Number": "301", 
        "NCES_Type": "Corridor/Hallway", 
        "Workstations": "", 
        "Element": "Room", 
        "RevitId": 5727281, 
        "occupancyStatus": "Occupied", 
        "Building": "Connected Core", 
        "Area_SF": 1862.0200000000000, 
        "Name": "CORRIDOR", 
        "NCES_Occupancy Status": "", 
        "NCES_Department": "CCUSO", 
        "Level": "LEVEL 3", 
        "Revit_UniqueId": "eb404dfa-e280-4078-b5d5-c2f8c920171d-00576431"
      }, 
      "type": "Feature"
    }, 
    {
      "geometry": {
        "coordinates": [
          [
            [
              -95.572659245270145, 
              42.757035851234768
            ], 
            [
              -95.572688866594461, 
              42.757035851234768
            ], 
            [
              -95.572688866594461, 
              42.757009981271402
            ], 
            [
              -95.572679512492044, 
              42.757009981271402
            ], 
            [
              -95.572679512492044, 
              42.756990127240392
            ], 
            [
              -95.572636171817535, 
              42.756990127240392
            ], 
            [
              -95.572636171817535, 
              42.756990298121217
            ], 
            [
              -95.572636171817535, 
              42.757013873212792
            ], 
            [
              -95.572636171817535, 
              42.757014560025979
            ], 
            [
              -95.572659245270145, 
              42.757014560025979
            ], 
            [
              -95.572659245270145, 
              42.757035851234768
            ]
          ]
        ], 
        "type": "Polygon"
      }, 
      "properties": {
        "Seat Count": "", 
        "Number": "017", 
        "NCES_Type": "Private Office - Enclosed", 
        "Workstations": "", 
        "Element": "Room", 
        "RevitId": 5727284, 
        "occupancyStatus": "Occupied", 
        "Building": "Connected Core", 
        "Area_SF": 138.37000000000000, 
        "Name": "OFFICE", 
        "NCES_Occupancy Status": "", 
        "NCES_Department": "CCUSO", 
        "Level": "LEVEL 3", 
        "Revit_UniqueId": "eb404dfa-e280-4078-b5d5-c2f8c920171d-00576434"
      }, 
      "type": "Feature"
    }, 
    {
      "geometry": {
        "coordinates": [
          [
            [
              -95.572688866594461, 
              42.757009981271402
            ], 
            [
              -95.572701650534427, 
              42.757009981271402
            ], 
            [
              -95.572701650534427, 
              42.756998992260414
            ], 
            [
              -95.572701650534427, 
              42.756990127240392
            ], 
            [
              -95.572679512492044, 
              42.756990127240392
            ], 
            [
              -95.572679512492044, 
              42.757009981271402
            ], 
            [
              -95.572688866594461, 
              42.757009981271402
            ]
          ]
        ], 
        "type": "Polygon"
      }, 
      "properties": {
        "Seat Count": "", 
        "Number": "017B", 
        "NCES_Type": "General Storage", 
        "Workstations": "", 
        "Element": "Room", 
        "RevitId": 5727287, 
        "occupancyStatus": "Occupied", 
        "Building": "Connected Core", 
        "Area_SF": 33.729999999999997, 
        "Name": "STOR", 
        "NCES_Occupancy Status": "", 
        "NCES_Department": "CCUSO", 
        "Level": "LEVEL 3", 
        "Revit_UniqueId": "eb404dfa-e280-4078-b5d5-c2f8c920171d-00576437"
      }, 
      "type": "Feature"
    }, 
    {
      "geometry": {
        "coordinates": [
          [
            [
              -95.572636888627798, 
              42.757035851234768
            ], 
            [
              -95.572659245270145, 
              42.757035851234768
            ], 
            [
              -95.572659245270145, 
              42.757014560025979
            ], 
            [
              -95.572636171817535, 
              42.757014560025979
            ], 
            [
              -95.572636171817535, 
              42.757035851234768
            ], 
            [
              -95.572636888627798, 
              42.757035851234768
            ]
          ]
        ], 
        "type": "Polygon"
      }, 
      "properties": {
        "Seat Count": "", 
        "Number": "017A", 
        "NCES_Type": "Medical/Nurse Triage Room", 
        "Workstations": "", 
        "Element": "Room", 
        "RevitId": 5727290, 
        "occupancyStatus": "Occupied", 
        "Building": "Connected Core", 
        "Area_SF": 33.579999999999998, 
        "Name": "MED", 
        "NCES_Occupancy Status": "", 
        "NCES_Department": "CCUSO", 
        "Level": "LEVEL 3", 
        "Revit_UniqueId": "eb404dfa-e280-4078-b5d5-c2f8c920171d-0057643a"
      }, 
      "type": "Feature"
    }, 
    {
      "geometry": {
        "coordinates": [
          [
            [
              -95.572636171817535, 
              42.757014560025979
            ], 
            [
              -95.572636171817535, 
              42.757013873212792
            ], 
            [
              -95.572614345578572, 
              42.757013873212792
            ], 
            [
              -95.572569429974152, 
              42.757013873212792
            ], 
            [
              -95.572569429974152, 
              42.757033766866250
            ], 
            [
              -95.572568907536237, 
              42.757036538047956
            ], 
            [
              -95.572636888627798, 
              42.757035851234768
            ], 
            [
              -95.572636171817535, 
              42.757035851234768
            ], 
            [
              -95.572636171817535, 
              42.757014560025979
            ]
          ]
        ], 
        "type": "Polygon"
      }, 
      "properties": {
        "Seat Count": "", 
        "Number": "018A", 
        "NCES_Type": "Mechanical Room", 
        "Workstations": "", 
        "Element": "Room", 
        "RevitId": 5727293, 
        "occupancyStatus": "Occupied", 
        "Building": "Connected Core", 
        "Area_SF": 253.50999999999999, 
        "Name": "MECH", 
        "NCES_Occupancy Status": "", 
        "NCES_Department": "CCUSO", 
        "Level": "LEVEL 3", 
        "Revit_UniqueId": "eb404dfa-e280-4078-b5d5-c2f8c920171d-0057643d"
      }, 
      "type": "Feature"
    }, 
    {
      "geometry": {
        "coordinates": [
          [
            [
              -95.572636171817535, 
              42.757013873212792
            ], 
            [
              -95.572636171817535, 
              42.756988919000335
            ], 
            [
              -95.572614345578572, 
              42.756988919000335
            ], 
            [
              -95.572614345578572, 
              42.757013873212792
            ], 
            [
              -95.572636171817535, 
              42.757013873212792
            ]
          ]
        ], 
        "type": "Polygon"
      }, 
      "properties": {
        "Seat Count": "", 
        "Number": "018", 
        "NCES_Type": "Vestibule", 
        "Workstations": "", 
        "Element": "Room", 
        "RevitId": 5727296, 
        "occupancyStatus": "Occupied", 
        "Building": "Connected Core", 
        "Area_SF": 41.490000000000002, 
        "Name": "VEST", 
        "NCES_Occupancy Status": "", 
        "NCES_Department": "CCUSO", 
        "Level": "LEVEL 3", 
        "Revit_UniqueId": "eb404dfa-e280-4078-b5d5-c2f8c920171d-00576440"
      }, 
      "type": "Feature"
    }, 
    {
      "geometry": {
        "coordinates": [
          [
            [
              -95.572569429974152, 
              42.756988919000335
            ], 
            [
              -95.572569429974152, 
              42.756995329256746
            ], 
            [
              -95.572569429974152, 
              42.757013873212792
            ], 
            [
              -95.572614345578572, 
              42.757013873212792
            ], 
            [
              -95.572614345578572, 
              42.756988919000335
            ], 
            [
              -95.572569429974152, 
              42.756988919000335
            ]
          ]
        ], 
        "type": "Polygon"
      }, 
      "properties": {
        "Seat Count": "", 
        "Number": "019", 
        "NCES_Type": "General Storage", 
        "Workstations": "", 
        "Element": "Room", 
        "RevitId": 5727299, 
        "occupancyStatus": "Occupied", 
        "Building": "Connected Core", 
        "Area_SF": 94.450000000000003, 
        "Name": "STOR", 
        "NCES_Occupancy Status": "", 
        "NCES_Department": "CCUSO", 
        "Level": "LEVEL 3", 
        "Revit_UniqueId": "eb404dfa-e280-4078-b5d5-c2f8c920171d-00576443"
      }, 
      "type": "Feature"
    }, 
    {
      "geometry": {
        "coordinates": [
          [
            [
              -95.572531884024244, 
              42.757036538047956
            ], 
            [
              -95.572568907536237, 
              42.757036538047956
            ], 
            [
              -95.572569429974152, 
              42.757033766866250
            ], 
            [
              -95.572569429974152, 
              42.757013873212792
            ], 
            [
              -95.572569429974152, 
              42.756995329256746
            ], 
            [
              -95.572560075871749, 
              42.756995329256746
            ], 
            [
              -95.572560075871749, 
              42.756990750502169
            ], 
            [
              -95.572531884024244, 
              42.756990750502169
            ], 
            [
              -95.572531884024244, 
              42.757036538047956
            ]
          ]
        ], 
        "type": "Polygon"
      }, 
      "properties": {
        "Seat Count": "", 
        "Number": "020", 
        "NCES_Type": "Patient Room", 
        "Workstations": "", 
        "Element": "Room", 
        "RevitId": 5727302, 
        "occupancyStatus": "Occupied", 
        "Building": "Connected Core", 
        "Area_SF": 128.69999999999999, 
        "Name": "DORM", 
        "NCES_Occupancy Status": "", 
        "NCES_Department": "CCUSO", 
        "Level": "LEVEL 3", 
        "Revit_UniqueId": "eb404dfa-e280-4078-b5d5-c2f8c920171d-00576446"
      }, 
      "type": "Feature"
    }, 
    {
      "geometry": {
        "coordinates": [
          [
            [
              -95.572496338435073, 
              42.757036538047956
            ], 
            [
              -95.572531884024244, 
              42.757036538047956
            ], 
            [
              -95.572531884024244, 
              42.756990750502169
            ], 
            [
              -95.572503509913588, 
              42.756990750502169
            ], 
            [
              -95.572503509913588, 
              42.756995329256746
            ], 
            [
              -95.572496338435073, 
              42.756995329256746
            ], 
            [
              -95.572496338435073, 
              42.757036538047956
            ]
          ]
        ], 
        "type": "Polygon"
      }, 
      "properties": {
        "Seat Count": "", 
        "Number": "021", 
        "NCES_Type": "Patient Room", 
        "Workstations": "", 
        "Element": "Room", 
        "RevitId": 5727305, 
        "occupancyStatus": "Occupied", 
        "Building": "Connected Core", 
        "Area_SF": 124.84999999999999, 
        "Name": "DORM", 
        "NCES_Occupancy Status": "", 
        "NCES_Department": "CCUSO", 
        "Level": "LEVEL 3", 
        "Revit_UniqueId": "eb404dfa-e280-4078-b5d5-c2f8c920171d-00576449"
      }, 
      "type": "Feature"
    }, 
    {
      "geometry": {
        "coordinates": [
          [
            [
              -95.572437377734460, 
              42.757036538047956
            ], 
            [
              -95.572496338435073, 
              42.757036538047956
            ], 
            [
              -95.572496338435073, 
              42.756995329256746
            ], 
            [
              -95.572487919742898, 
              42.756995329256746
            ], 
            [
              -95.572487919742898, 
              42.756990750502169
            ], 
            [
              -95.572432388879847, 
              42.756990750502169
            ], 
            [
              -95.572432388879847, 
              42.757007291253082
            ], 
            [
              -95.572437377734460, 
              42.757007291253082
            ], 
            [
              -95.572437377734460, 
              42.757036538047956
            ]
          ]
        ], 
        "type": "Polygon"
      }, 
      "properties": {
        "Seat Count": "", 
        "Number": "022", 
        "NCES_Type": "Patient Room", 
        "Workstations": "", 
        "Element": "Room", 
        "RevitId": 5727308, 
        "occupancyStatus": "Occupied", 
        "Building": "Connected Core", 
        "Area_SF": 228.22999999999999, 
        "Name": "DORM", 
        "NCES_Occupancy Status": "", 
        "NCES_Department": "CCUSO", 
        "Level": "LEVEL 3", 
        "Revit_UniqueId": "eb404dfa-e280-4078-b5d5-c2f8c920171d-0057644c"
      }, 
      "type": "Feature"
    }, 
    {
      "geometry": {
        "coordinates": [
          [
            [
              -95.572398480258599, 
              42.757036538047956
            ], 
            [
              -95.572437377734460, 
              42.757036538047956
            ], 
            [
              -95.572437377734460, 
              42.757007291253082
            ], 
            [
              -95.572432388879847, 
              42.757007291253082
            ], 
            [
              -95.572432388879847, 
              42.756990750502169
            ], 
            [
              -95.572398480258599, 
              42.756990750502169
            ], 
            [
              -95.572398480258599, 
              42.757003551181704
            ], 
            [
              -95.572398480258599, 
              42.757009045687198
            ], 
            [
              -95.572398480258599, 
              42.757036538047956
            ]
          ]
        ], 
        "type": "Polygon"
      }, 
      "properties": {
        "Seat Count": "", 
        "Number": "023", 
        "NCES_Type": "Laundry", 
        "Workstations": "", 
        "Element": "Room", 
        "RevitId": 5727311, 
        "occupancyStatus": "Occupied", 
        "Building": "Connected Core", 
        "Area_SF": 135.77000000000001, 
        "Name": "LAUND / \r\nKITCHENETTE", 
        "NCES_Occupancy Status": "", 
        "NCES_Department": "CCUSO", 
        "Level": "LEVEL 3", 
        "Revit_UniqueId": "eb404dfa-e280-4078-b5d5-c2f8c920171d-0057644f"
      }, 
      "type": "Feature"
    }, 
    {
      "geometry": {
        "coordinates": [
          [
            [
              -95.572386319925457, 
              42.756990750502169
            ], 
            [
              -95.572355743235022, 
              42.756990750502169
            ], 
            [
              -95.572355743235022, 
              42.757009045687198
            ], 
            [
              -95.572386319925457, 
              42.757009045687198
            ], 
            [
              -95.572386319925457, 
              42.757003551181704
            ], 
            [
              -95.572386319925457, 
              42.756990750502169
            ]
          ]
        ], 
        "type": "Polygon"
      }, 
      "properties": {
        "Seat Count": "", 
        "Number": "024", 
        "NCES_Type": "Staff Toilet/Changing", 
        "Workstations": "", 
        "Element": "Room", 
        "RevitId": 5727314, 
        "occupancyStatus": "Occupied", 
        "Building": "Connected Core", 
        "Area_SF": 43.420000000000002, 
        "Name": "STAFF RR", 
        "NCES_Occupancy Status": "", 
        "NCES_Department": "CCUSO", 
        "Level": "LEVEL 3", 
        "Revit_UniqueId": "eb404dfa-e280-4078-b5d5-c2f8c920171d-00576452"
      }, 
      "type": "Feature"
    }, 
    {
      "geometry": {
        "coordinates": [
          [
            [
              -95.572398480258599, 
              42.757003551181704
            ], 
            [
              -95.572398480258599, 
              42.756990750502169
            ], 
            [
              -95.572386319925457, 
              42.756990750502169
            ], 
            [
              -95.572386319925457, 
              42.757003551181704
            ], 
            [
              -95.572398480258599, 
              42.757003551181704
            ]
          ]
        ], 
        "type": "Polygon"
      }, 
      "properties": {
        "Seat Count": "", 
        "Number": "305", 
        "NCES_Type": "Closet", 
        "Workstations": "", 
        "Element": "Room", 
        "RevitId": 5727317, 
        "occupancyStatus": "Occupied", 
        "Building": "Connected Core", 
        "Area_SF": 9.1500000000000004, 
        "Name": "CLOSET", 
        "NCES_Occupancy Status": "", 
        "NCES_Department": "CCUSO", 
        "Level": "LEVEL 3", 
        "Revit_UniqueId": "eb404dfa-e280-4078-b5d5-c2f8c920171d-00576455"
      }, 
      "type": "Feature"
    }, 
    {
      "geometry": {
        "coordinates": [
          [
            [
              -95.572333916996058, 
              42.756906840438475
            ], 
            [
              -95.572333916996058, 
              42.756948165140678
            ], 
            [
              -95.572342959295057, 
              42.756948165140678
            ], 
            [
              -95.572342959295057, 
              42.756952286019796
            ], 
            [
              -95.572377257670567, 
              42.756952286019796
            ], 
            [
              -95.572377257670567, 
              42.756906840438475
            ], 
            [
              -95.572333916996058, 
              42.756906840438475
            ]
          ]
        ], 
        "type": "Polygon"
      }, 
      "properties": {
        "Seat Count": "", 
        "Number": "001", 
        "NCES_Type": "Patient Room", 
        "Workstations": "", 
        "Element": "Room", 
        "RevitId": 5727323, 
        "occupancyStatus": "Occupied", 
        "Building": "Connected Core", 
        "Area_SF": 153.52000000000001, 
        "Name": "DORM", 
        "NCES_Occupancy Status": "", 
        "NCES_Department": "CCUSO", 
        "Level": "LEVEL 3", 
        "Revit_UniqueId": "eb404dfa-e280-4078-b5d5-c2f8c920171d-0057645b"
      }, 
      "type": "Feature"
    }, 
    {
      "geometry": {
        "coordinates": [
          [
            [
              -95.572418103917769, 
              42.756906840438475
            ], 
            [
              -95.572377257670567, 
              42.756906840438475
            ], 
            [
              -95.572377257670567, 
              42.756952286019796
            ], 
            [
              -95.572409997029013, 
              42.756952286019796
            ], 
            [
              -95.572409997029013, 
              42.756948165140678
            ], 
            [
              -95.572418103917769, 
              42.756948165140678
            ], 
            [
              -95.572418103917769, 
              42.756906840438475
            ]
          ]
        ], 
        "type": "Polygon"
      }, 
      "properties": {
        "Seat Count": "", 
        "Number": "002", 
        "NCES_Type": "Patient Room", 
        "Workstations": "", 
        "Element": "Room", 
        "RevitId": 5727326, 
        "occupancyStatus": "Occupied", 
        "Building": "Connected Core", 
        "Area_SF": 147.25, 
        "Name": "DORM", 
        "NCES_Occupancy Status": "", 
        "NCES_Department": "CCUSO", 
        "Level": "LEVEL 3", 
        "Revit_UniqueId": "eb404dfa-e280-4078-b5d5-c2f8c920171d-0057645e"
      }, 
      "type": "Feature"
    }, 
    {
      "geometry": {
        "coordinates": [
          [
            [
              -95.572460031867479, 
              42.756906840438475
            ], 
            [
              -95.572418103917769, 
              42.756906840438475
            ], 
            [
              -95.572418103917769, 
              42.756948165140678
            ], 
            [
              -95.572426210806526, 
              42.756948165140678
            ], 
            [
              -95.572426210806526, 
              42.756952286019796
            ], 
            [
              -95.572458161046995, 
              42.756952286019796
            ], 
            [
              -95.572458161046995, 
              42.756920463675478
            ], 
            [
              -95.572460031867479, 
              42.756920463675478
            ], 
            [
              -95.572460031867479, 
              42.756906840438475
            ]
          ]
        ], 
        "type": "Polygon"
      }, 
      "properties": {
        "Seat Count": "", 
        "Number": "003", 
        "NCES_Type": "Patient Room", 
        "Workstations": "", 
        "Element": "Room", 
        "RevitId": 5727329, 
        "occupancyStatus": "Occupied", 
        "Building": "Connected Core", 
        "Area_SF": 144.08000000000001, 
        "Name": "DORM", 
        "NCES_Occupancy Status": "", 
        "NCES_Department": "CCUSO", 
        "Level": "LEVEL 3", 
        "Revit_UniqueId": "eb404dfa-e280-4078-b5d5-c2f8c920171d-00576461"
      }, 
      "type": "Feature"
    }, 
    {
      "geometry": {
        "coordinates": [
          [
            [
              -95.572494668816987, 
              42.756920463675478
            ], 
            [
              -95.572460031867479, 
              42.756920463675478
            ], 
            [
              -95.572458161046995, 
              42.756920463675478
            ], 
            [
              -95.572458161046995, 
              42.756952286019796
            ], 
            [
              -95.572486873731634, 
              42.756952286019796
            ], 
            [
              -95.572486873731634, 
              42.756948165140678
            ], 
            [
              -95.572494668816987, 
              42.756948165140678
            ], 
            [
              -95.572494668816987, 
              42.756920463675478
            ]
          ]
        ], 
        "type": "Polygon"
      }, 
      "properties": {
        "Seat Count": "", 
        "Number": "004", 
        "NCES_Type": "Patient Room", 
        "Workstations": "", 
        "Element": "Room", 
        "RevitId": 5727332, 
        "occupancyStatus": "Occupied", 
        "Building": "Connected Core", 
        "Area_SF": 86.469999999999999, 
        "Name": "DORM", 
        "NCES_Occupancy Status": "", 
        "NCES_Department": "CCUSO", 
        "Level": "LEVEL 3", 
        "Revit_UniqueId": "eb404dfa-e280-4078-b5d5-c2f8c920171d-00576464"
      }, 
      "type": "Feature"
    }, 
    {
      "geometry": {
        "coordinates": [
          [
            [
              -95.572532708833464, 
              42.756920463675478
            ], 
            [
              -95.572494668816987, 
              42.756920463675478
            ], 
            [
              -95.572494668816987, 
              42.756948165140678
            ], 
            [
              -95.572502463902325, 
              42.756948165140678
            ], 
            [
              -95.572502463902325, 
              42.756952286019796
            ], 
            [
              -95.572532708833464, 
              42.756952286019796
            ], 
            [
              -95.572532708833464, 
              42.756920463675478
            ]
          ]
        ], 
        "type": "Polygon"
      }, 
      "properties": {
        "Seat Count": "", 
        "Number": "005", 
        "NCES_Type": "Patient Room", 
        "Workstations": "", 
        "Element": "Room", 
        "RevitId": 5727335, 
        "occupancyStatus": "Occupied", 
        "Building": "Connected Core", 
        "Area_SF": 90.599999999999994, 
        "Name": "DORM", 
        "NCES_Occupancy Status": "", 
        "NCES_Department": "CCUSO", 
        "Level": "LEVEL 3", 
        "Revit_UniqueId": "eb404dfa-e280-4078-b5d5-c2f8c920171d-00576467"
      }, 
      "type": "Feature"
    }, 
    {
      "geometry": {
        "coordinates": [
          [
            [
              -95.572570511918670, 
              42.756920463675478
            ], 
            [
              -95.572532708833464, 
              42.756920463675478
            ], 
            [
              -95.572532708833464, 
              42.756952286019796
            ], 
            [
              -95.572562093226495, 
              42.756952286019796
            ], 
            [
              -95.572562093226495, 
              42.756948165140678
            ], 
            [
              -95.572570511918670, 
              42.756948165140678
            ], 
            [
              -95.572570511918670, 
              42.756920463675478
            ]
          ]
        ], 
        "type": "Polygon"
      }, 
      "properties": {
        "Seat Count": "", 
        "Number": "006", 
        "NCES_Type": "Patient Room", 
        "Workstations": "", 
        "Element": "Room", 
        "RevitId": 5727338, 
        "occupancyStatus": "Occupied", 
        "Building": "Connected Core", 
        "Area_SF": 89.790000000000006, 
        "Name": "DORM", 
        "NCES_Occupancy Status": "", 
        "NCES_Department": "CCUSO", 
        "Level": "LEVEL 3", 
        "Revit_UniqueId": "eb404dfa-e280-4078-b5d5-c2f8c920171d-0057646a"
      }, 
      "type": "Feature"
    }, 
    {
      "geometry": {
        "coordinates": [
          [
            [
              -95.572871652187786, 
              42.756948165140678
            ], 
            [
              -95.572871652187786, 
              42.756907314570462
            ], 
            [
              -95.572830182333760, 
              42.756907314570462
            ], 
            [
              -95.572830182333760, 
              42.756952286019796
            ], 
            [
              -95.572862298085369, 
              42.756952286019796
            ], 
            [
              -95.572862298085369, 
              42.756948165140678
            ], 
            [
              -95.572871652187786, 
              42.756948165140678
            ]
          ]
        ], 
        "type": "Polygon"
      }, 
      "properties": {
        "Seat Count": "", 
        "Number": "013", 
        "NCES_Type": "Patient Room", 
        "Workstations": "", 
        "Element": "Room", 
        "RevitId": 5728841, 
        "occupancyStatus": "Occupied", 
        "Building": "Connected Core", 
        "Area_SF": 144.22000000000000, 
        "Name": "DORM", 
        "NCES_Occupancy Status": "", 
        "NCES_Department": "CCUSO", 
        "Level": "LEVEL 3", 
        "Revit_UniqueId": "eb404dfa-e280-4078-b5d5-c2f8c920171d-00576a49"
      }, 
      "type": "Feature"
    }, 
    {
      "geometry": {
        "coordinates": [
          [
            [
              -95.572566946898363, 
              42.756885008172183
            ], 
            [
              -95.572569083694930, 
              42.756885008172183
            ], 
            [
              -95.572569083694930, 
              42.756920463675478
            ], 
            [
              -95.572570511918670, 
              42.756920463675478
            ], 
            [
              -95.572570511918670, 
              42.756922538493697
            ], 
            [
              -95.572570511918670, 
              42.756948165140678
            ], 
            [
              -95.572570511918670, 
              42.756954346459359
            ], 
            [
              -95.572636876692073, 
              42.756954346459359
            ], 
            [
              -95.572636876692073, 
              42.756948165140678
            ], 
            [
              -95.572636876692073, 
              42.756919906145548
            ], 
            [
              -95.572636876692073, 
              42.756885008172183
            ], 
            [
              -95.572566946898363, 
              42.756885008172183
            ]
          ]
        ], 
        "type": "Polygon"
      }, 
      "properties": {
        "Seat Count": "", 
        "Number": "325", 
        "NCES_Type": "Commons", 
        "Workstations": "", 
        "Element": "Room", 
        "RevitId": 5734614, 
        "occupancyStatus": "Occupied", 
        "Building": "Connected Core", 
        "Area_SF": 530.62000000000000, 
        "Name": "COMMONS", 
        "NCES_Occupancy Status": "", 
        "NCES_Department": "CCUSO", 
        "Level": "LEVEL 3", 
        "Revit_UniqueId": "1c550a43-f109-4309-9ac4-daec4b70f298-00576d9e"
      }, 
      "type": "Feature"
    }, 
    {
      "geometry": {
        "coordinates": [
          [
            [
              -95.570658789392184, 
              42.757366190848863
            ], 
            [
              -95.570626026816939, 
              42.757366190848863
            ], 
            [
              -95.570626026816939, 
              42.757400095133484
            ], 
            [
              -95.570630392064729, 
              42.757400095133484
            ], 
            [
              -95.570655359554635, 
              42.757400095133484
            ], 
            [
              -95.570658789392184, 
              42.757400095133484
            ], 
            [
              -95.570658789392184, 
              42.757381810705930
            ], 
            [
              -95.570658789392184, 
              42.757366190848863
            ]
          ]
        ], 
        "type": "Polygon"
      }, 
      "properties": {
        "Seat Count": "", 
        "Number": "321", 
        "NCES_Type": "Restroom - Bath/Shower", 
        "Workstations": "", 
        "Element": "Room", 
        "RevitId": 5747840, 
        "occupancyStatus": "Occupied", 
        "Building": "Connected Core", 
        "Area_SF": 91.219999999999999, 
        "Name": "ADA RR", 
        "NCES_Occupancy Status": "", 
        "NCES_Department": "CCUSO", 
        "Level": "LEVEL 3", 
        "Revit_UniqueId": "a107dc4d-08a9-43ec-9390-33850078b50e-0057b480"
      }, 
      "type": "Feature"
    }, 
    {
      "geometry": {
        "coordinates": [
          [
            [
              -95.570455221711583, 
              42.757374890482566
            ], 
            [
              -95.570455533515002, 
              42.757374890482566
            ], 
            [
              -95.570455533515002, 
              42.757366190848863
            ], 
            [
              -95.570426223994104, 
              42.757366190848863
            ], 
            [
              -95.570426223994104, 
              42.757379469237144
            ], 
            [
              -95.570430589241909, 
              42.757379469237144
            ], 
            [
              -95.570430589241909, 
              42.757388855684027
            ], 
            [
              -95.570430589241909, 
              42.757398242130918
            ], 
            [
              -95.570430589241909, 
              42.757400324071213
            ], 
            [
              -95.570455221711583, 
              42.757400324071213
            ], 
            [
              -95.570455221711583, 
              42.757381758614429
            ], 
            [
              -95.570455221711583, 
              42.757375820612140
            ], 
            [
              -95.570455221711583, 
              42.757374890482566
            ]
          ]
        ], 
        "type": "Polygon"
      }, 
      "properties": {
        "Seat Count": "", 
        "Number": "322", 
        "NCES_Type": "Restroom - Bath/Shower", 
        "Workstations": "", 
        "Element": "Room", 
        "RevitId": 5787313, 
        "occupancyStatus": "Occupied", 
        "Building": "Connected Core", 
        "Area_SF": 72.640000000000001, 
        "Name": "RR", 
        "NCES_Occupancy Status": "", 
        "NCES_Department": "CCUSO", 
        "Level": "LEVEL 3", 
        "Revit_UniqueId": "a107dc4d-08a9-43ec-9390-33850078b50e-00584eb1"
      }, 
      "type": "Feature"
    }, 
    {
      "geometry": {
        "coordinates": [
          [
            [
              -95.570399663128086, 
              42.757411999895389
            ], 
            [
              -95.570415934481460, 
              42.757411999895389
            ], 
            [
              -95.570415934481460, 
              42.757398242130918
            ], 
            [
              -95.570430589241909, 
              42.757398242130918
            ], 
            [
              -95.570430589241909, 
              42.757388855684027
            ], 
            [
              -95.570430589241909, 
              42.757379469237144
            ], 
            [
              -95.570426223994104, 
              42.757379469237144
            ], 
            [
              -95.570416558088283, 
              42.757379469237144
            ], 
            [
              -95.570416558088283, 
              42.757366190848863
            ], 
            [
              -95.570399663128086, 
              42.757366190848863
            ], 
            [
              -95.570399663128086, 
              42.757379469237144
            ], 
            [
              -95.570399663128086, 
              42.757411999895389
            ]
          ]
        ], 
        "type": "Polygon"
      }, 
      "properties": {
        "Seat Count": "", 
        "Number": "324", 
        "NCES_Type": "Restroom - Bath/Shower", 
        "Workstations": "", 
        "Element": "Room", 
        "RevitId": 5787327, 
        "occupancyStatus": "Occupied", 
        "Building": "Connected Core", 
        "Area_SF": 79.969999999999999, 
        "Name": "RR", 
        "NCES_Occupancy Status": "", 
        "NCES_Department": "CCUSO", 
        "Level": "LEVEL 3", 
        "Revit_UniqueId": "a107dc4d-08a9-43ec-9390-33850078b50e-00584ebf"
      }, 
      "type": "Feature"
    }, 
    {
      "geometry": {
        "coordinates": [
          [
            [
              -95.570372536231091, 
              42.757411999895389
            ], 
            [
              -95.570399663128086, 
              42.757411999895389
            ], 
            [
              -95.570399663128086, 
              42.757379469237144
            ], 
            [
              -95.570381968284366, 
              42.757379469237144
            ], 
            [
              -95.570381968284366, 
              42.757390458248132
            ], 
            [
              -95.570376044019497, 
              42.757390458248132
            ], 
            [
              -95.570372536231091, 
              42.757390458248132
            ], 
            [
              -95.570372536231091, 
              42.757411999895389
            ]
          ]
        ], 
        "type": "Polygon"
      }, 
      "properties": {
        "Seat Count": "", 
        "Number": "325", 
        "NCES_Type": "Janitor/Custodial Closet", 
        "Workstations": "", 
        "Element": "Room", 
        "RevitId": 5787863, 
        "occupancyStatus": "Occupied", 
        "Building": "Connected Core", 
        "Area_SF": 60.180000000000000, 
        "Name": "JANITOR", 
        "NCES_Occupancy Status": "", 
        "NCES_Department": "CCUSO", 
        "Level": "LEVEL 3", 
        "Revit_UniqueId": "a107dc4d-08a9-43ec-9390-33850078b50e-005850d7"
      }, 
      "type": "Feature"
    }, 
    {
      "geometry": {
        "coordinates": [
          [
            [
              -95.570338759796456, 
              42.757411999895389
            ], 
            [
              -95.570362870325269, 
              42.757411999895389
            ], 
            [
              -95.570362870325269, 
              42.757397555317731
            ], 
            [
              -95.570362870325269, 
              42.757390458248132
            ], 
            [
              -95.570372536231091, 
              42.757390458248132
            ], 
            [
              -95.570376044019497, 
              42.757390458248132
            ], 
            [
              -95.570376044019497, 
              42.757379469237144
            ], 
            [
              -95.570355075239931, 
              42.757379469237144
            ], 
            [
              -95.570355075239931, 
              42.757366190848863
            ], 
            [
              -95.570338759796456, 
              42.757366190848863
            ], 
            [
              -95.570338759796456, 
              42.757411999895389
            ]
          ]
        ], 
        "type": "Polygon"
      }, 
      "properties": {
        "Seat Count": "", 
        "Number": "327", 
        "NCES_Type": "Restroom - Bath/Shower", 
        "Workstations": "", 
        "Element": "Room", 
        "RevitId": 5788121, 
        "occupancyStatus": "Occupied", 
        "Building": "Connected Core", 
        "Area_SF": 89.879999999999995, 
        "Name": "RR", 
        "NCES_Occupancy Status": "", 
        "NCES_Department": "CCUSO", 
        "Level": "LEVEL 3", 
        "Revit_UniqueId": "a107dc4d-08a9-43ec-9390-33850078b50e-005851d9"
      }, 
      "type": "Feature"
    }, 
    {
      "geometry": {
        "coordinates": [
          [
            [
              -95.570332835531602, 
              42.757409023704909
            ], 
            [
              -95.570332835531602, 
              42.757387925980417
            ], 
            [
              -95.570332835531602, 
              42.757366190848863
            ], 
            [
              -95.570307891258494, 
              42.757366190848863
            ], 
            [
              -95.570307891258494, 
              42.757376721984393
            ], 
            [
              -95.570307891258494, 
              42.757387925980417
            ], 
            [
              -95.570297601745835, 
              42.757387925980417
            ], 
            [
              -95.570297601745835, 
              42.757404444950332
            ], 
            [
              -95.570297601745835, 
              42.757409023704909
            ], 
            [
              -95.570332835531602, 
              42.757409023704909
            ]
          ]
        ], 
        "type": "Polygon"
      }, 
      "properties": {
        "Seat Count": "", 
        "Number": "328", 
        "NCES_Type": "Restroom - Bath/Shower", 
        "Workstations": "", 
        "Element": "Room", 
        "RevitId": 5790902, 
        "occupancyStatus": "Occupied", 
        "Building": "Connected Core", 
        "Area_SF": 97.790000000000006, 
        "Name": "RR", 
        "NCES_Occupancy Status": "", 
        "NCES_Department": "CCUSO", 
        "Level": "LEVEL 3", 
        "Revit_UniqueId": "a107dc4d-08a9-43ec-9390-33850078b50e-00585cb6"
      }, 
      "type": "Feature"
    }, 
    {
      "geometry": {
        "coordinates": [
          [
            [
              -95.573099177271843, 
              42.757103609024099
            ], 
            [
              -95.573100112682084, 
              42.757103609024099
            ], 
            [
              -95.573100112682084, 
              42.757138011759601
            ], 
            [
              -95.573169696056823, 
              42.757138011759601
            ], 
            [
              -95.573169696056823, 
              42.757103609024099
            ], 
            [
              -95.573170631467065, 
              42.757103609024099
            ], 
            [
              -95.573170631467065, 
              42.757062321298079
            ], 
            [
              -95.573152016596481, 
              42.757048653563828
            ], 
            [
              -95.573115597376031, 
              42.757048653563828
            ], 
            [
              -95.573099177271843, 
              42.757062321298079
            ], 
            [
              -95.573099177271843, 
              42.757103609024099
            ]
          ]
        ], 
        "type": "Polygon"
      }, 
      "properties": {
        "Seat Count": "", 
        "Number": "028", 
        "NCES_Type": "Commons", 
        "Workstations": "", 
        "Element": "Room", 
        "RevitId": 5841099, 
        "occupancyStatus": "Occupied", 
        "Building": "Connected Core", 
        "Area_SF": 539.91999999999996, 
        "Name": "COMMONS", 
        "NCES_Occupancy Status": "", 
        "NCES_Department": "CCUSO", 
        "Level": "LEVEL 3", 
        "Revit_UniqueId": "7d8f068e-0638-4231-bf9f-2974a72323a8-0057b1dd"
      }, 
      "type": "Feature"
    }, 
    {
      "geometry": {
        "coordinates": [
          [
            [
              -95.573169696056823, 
              42.757138011759601
            ], 
            [
              -95.573208983286960, 
              42.757138011759601
            ], 
            [
              -95.573208983286960, 
              42.757103609024099
            ], 
            [
              -95.573170631467065, 
              42.757103609024099
            ], 
            [
              -95.573169696056823, 
              42.757103609024099
            ], 
            [
              -95.573169696056823, 
              42.757138011759601
            ]
          ]
        ], 
        "type": "Polygon"
      }, 
      "properties": {
        "Seat Count": "", 
        "Number": "007", 
        "NCES_Type": "Patient Room", 
        "Workstations": "", 
        "Element": "Room", 
        "RevitId": 5841101, 
        "occupancyStatus": "Occupied", 
        "Building": "Connected Core", 
        "Area_SF": 104.70999999999999, 
        "Name": "DORM", 
        "NCES_Occupancy Status": "", 
        "NCES_Department": "CCUSO", 
        "Level": "LEVEL 3", 
        "Revit_UniqueId": "7d8f068e-0638-4231-bf9f-2974a72323a8-0057b1e0"
      }, 
      "type": "Feature"
    }, 
    {
      "geometry": {
        "coordinates": [
          [
            [
              -95.573208983286960, 
              42.757138011759601
            ], 
            [
              -95.573248270517098, 
              42.757138011759601
            ], 
            [
              -95.573248270517098, 
              42.757103609024099
            ], 
            [
              -95.573208983286960, 
              42.757103609024099
            ], 
            [
              -95.573208983286960, 
              42.757138011759601
            ]
          ]
        ], 
        "type": "Polygon"
      }, 
      "properties": {
        "Seat Count": "", 
        "Number": "008", 
        "NCES_Type": "Patient Room", 
        "Workstations": "", 
        "Element": "Room", 
        "RevitId": 5841103, 
        "occupancyStatus": "Occupied", 
        "Building": "Connected Core", 
        "Area_SF": 104.70999999999999, 
        "Name": "DORM", 
        "NCES_Occupancy Status": "", 
        "NCES_Department": "CCUSO", 
        "Level": "LEVEL 3", 
        "Revit_UniqueId": "7d8f068e-0638-4231-bf9f-2974a72323a8-0057b1e3"
      }, 
      "type": "Feature"
    }, 
    {
      "geometry": {
        "coordinates": [
          [
            [
              -95.573248270517098, 
              42.757138011759601
            ], 
            [
              -95.573288605595550, 
              42.757138011759601
            ], 
            [
              -95.573288605595550, 
              42.757103609024099
            ], 
            [
              -95.573287670185309, 
              42.757103609024099
            ], 
            [
              -95.573248270517098, 
              42.757103609024099
            ], 
            [
              -95.573248270517098, 
              42.757138011759601
            ]
          ]
        ], 
        "type": "Polygon"
      }, 
      "properties": {
        "Seat Count": "", 
        "Number": "009", 
        "NCES_Type": "Patient Room", 
        "Workstations": "", 
        "Element": "Room", 
        "RevitId": 5841105, 
        "occupancyStatus": "Occupied", 
        "Building": "Connected Core", 
        "Area_SF": 107.80000000000000, 
        "Name": "DORM", 
        "NCES_Occupancy Status": "", 
        "NCES_Department": "CCUSO", 
        "Level": "LEVEL 3", 
        "Revit_UniqueId": "7d8f068e-0638-4231-bf9f-2974a72323a8-0057b1e6"
      }, 
      "type": "Feature"
    }, 
    {
      "geometry": {
        "coordinates": [
          [
            [
              -95.573288605595550, 
              42.757138011759601
            ], 
            [
              -95.573355955132925, 
              42.757138011759601
            ], 
            [
              -95.573355955132925, 
              42.757088062951297
            ], 
            [
              -95.573287670185309, 
              42.757088062951297
            ], 
            [
              -95.573287670185309, 
              42.757103609024099
            ], 
            [
              -95.573288605595550, 
              42.757103609024099
            ], 
            [
              -95.573288605595550, 
              42.757138011759601
            ]
          ]
        ], 
        "type": "Polygon"
      }, 
      "properties": {
        "Seat Count": "", 
        "Number": "010", 
        "NCES_Type": "Patient Room", 
        "Workstations": "", 
        "Element": "Room", 
        "RevitId": 5841107, 
        "occupancyStatus": "Occupied", 
        "Building": "Connected Core", 
        "Area_SF": 283.44000000000000, 
        "Name": "DORM", 
        "NCES_Occupancy Status": "", 
        "NCES_Department": "CCUSO", 
        "Level": "LEVEL 3", 
        "Revit_UniqueId": "7d8f068e-0638-4231-bf9f-2974a72323a8-0057b1e9"
      }, 
      "type": "Feature"
    }, 
    {
      "geometry": {
        "coordinates": [
          [
            [
              -95.573355955132925, 
              42.757138011759601
            ], 
            [
              -95.573423616473704, 
              42.757138011759601
            ], 
            [
              -95.573423616473704, 
              42.757088062951297
            ], 
            [
              -95.573355955132925, 
              42.757088062951297
            ], 
            [
              -95.573355955132925, 
              42.757138011759601
            ]
          ]
        ], 
        "type": "Polygon"
      }, 
      "properties": {
        "Seat Count": "", 
        "Number": "011", 
        "NCES_Type": "Patient Room", 
        "Workstations": "", 
        "Element": "Room", 
        "RevitId": 5841109, 
        "occupancyStatus": "Occupied", 
        "Building": "Connected Core", 
        "Area_SF": 280.69999999999999, 
        "Name": "DORM", 
        "NCES_Occupancy Status": "", 
        "NCES_Department": "CCUSO", 
        "Level": "LEVEL 3", 
        "Revit_UniqueId": "7d8f068e-0638-4231-bf9f-2974a72323a8-0057b1ec"
      }, 
      "type": "Feature"
    }, 
    {
      "geometry": {
        "coordinates": [
          [
            [
              -95.573355765665610, 
              42.757226875974517
            ], 
            [
              -95.573383239939304, 
              42.757226875974517
            ], 
            [
              -95.573384175349545, 
              42.757226875974517
            ], 
            [
              -95.573384175349545, 
              42.757192306377448
            ], 
            [
              -95.573364219931065, 
              42.757192306377448
            ], 
            [
              -95.573364219931065, 
              42.757203524326165
            ], 
            [
              -95.573355765665610, 
              42.757203524326165
            ], 
            [
              -95.573355765665610, 
              42.757226875974517
            ]
          ]
        ], 
        "type": "Polygon"
      }, 
      "properties": {
        "Seat Count": "", 
        "Number": "012A", 
        "NCES_Type": "Single Stall Restroom", 
        "Workstations": "", 
        "Element": "Room", 
        "RevitId": 5841111, 
        "occupancyStatus": "Occupied", 
        "Building": "Connected Core", 
        "Area_SF": 67.180000000000007, 
        "Name": "RR", 
        "NCES_Occupancy Status": "", 
        "NCES_Department": "CCUSO", 
        "Level": "LEVEL 3", 
        "Revit_UniqueId": "7d8f068e-0638-4231-bf9f-2974a72323a8-0057b1f2"
      }, 
      "type": "Feature"
    }, 
    {
      "geometry": {
        "coordinates": [
          [
            [
              -95.573337992871018, 
              42.757226875974517
            ], 
            [
              -95.573355765665610, 
              42.757226875974517
            ], 
            [
              -95.573355765665610, 
              42.757203524326165
            ], 
            [
              -95.573337992871018, 
              42.757203524326165
            ], 
            [
              -95.573337992871018, 
              42.757226875974517
            ]
          ]
        ], 
        "type": "Polygon"
      }, 
      "properties": {
        "Seat Count": "", 
        "Number": "012C", 
        "NCES_Type": "General Storage", 
        "Workstations": "", 
        "Element": "Room", 
        "RevitId": 5841117, 
        "occupancyStatus": "Occupied", 
        "Building": "Connected Core", 
        "Area_SF": 30.809999999999999, 
        "Name": "STOR", 
        "NCES_Occupancy Status": "", 
        "NCES_Department": "CCUSO", 
        "Level": "LEVEL 3", 
        "Revit_UniqueId": "7d8f068e-0638-4231-bf9f-2974a72323a8-0057b1fb"
      }, 
      "type": "Feature"
    }, 
    {
      "geometry": {
        "coordinates": [
          [
            [
              -95.573313048597925, 
              42.757226875974517
            ], 
            [
              -95.573337992871018, 
              42.757226875974517
            ], 
            [
              -95.573337992871018, 
              42.757203524326165
            ], 
            [
              -95.573329921555541, 
              42.757203524326165
            ], 
            [
              -95.573329921555541, 
              42.757192306377448
            ], 
            [
              -95.573313048597925, 
              42.757192306377448
            ], 
            [
              -95.573313048597925, 
              42.757226875974517
            ]
          ]
        ], 
        "type": "Polygon"
      }, 
      "properties": {
        "Seat Count": "", 
        "Number": "012D", 
        "NCES_Type": "Single Stall Restroom", 
        "Workstations": "", 
        "Element": "Room", 
        "RevitId": 5841119, 
        "occupancyStatus": "Occupied", 
        "Building": "Connected Core", 
        "Area_SF": 57.310000000000002, 
        "Name": "RR", 
        "NCES_Occupancy Status": "", 
        "NCES_Department": "CCUSO", 
        "Level": "LEVEL 3", 
        "Revit_UniqueId": "7d8f068e-0638-4231-bf9f-2974a72323a8-0057b1fe"
      }, 
      "type": "Feature"
    }, 
    {
      "geometry": {
        "coordinates": [
          [
            [
              -95.573313048597925, 
              42.757177883300528
            ], 
            [
              -95.573278198531696, 
              42.757177883300528
            ], 
            [
              -95.573278198531696, 
              42.757226875974517
            ], 
            [
              -95.573313048597925, 
              42.757226875974517
            ], 
            [
              -95.573313048597925, 
              42.757192306377448
            ], 
            [
              -95.573313048597925, 
              42.757177883300528
            ]
          ]
        ], 
        "type": "Polygon"
      }, 
      "properties": {
        "Seat Count": "", 
        "Number": "013", 
        "NCES_Type": "Patient Room", 
        "Workstations": "", 
        "Element": "Room", 
        "RevitId": 5841121, 
        "occupancyStatus": "Occupied", 
        "Building": "Connected Core", 
        "Area_SF": 137.74000000000001, 
        "Name": "DORM", 
        "NCES_Occupancy Status": "", 
        "NCES_Department": "CCUSO", 
        "Level": "LEVEL 3", 
        "Revit_UniqueId": "7d8f068e-0638-4231-bf9f-2974a72323a8-0057b201"
      }, 
      "type": "Feature"
    }, 
    {
      "geometry": {
        "coordinates": [
          [
            [
              -95.573278198531696, 
              42.757177883300528
            ], 
            [
              -95.573251695241538, 
              42.757177883300528
            ], 
            [
              -95.573251695241538, 
              42.757188643373787
            ], 
            [
              -95.573251695241538, 
              42.757226875974517
            ], 
            [
              -95.573278198531696, 
              42.757226875974517
            ], 
            [
              -95.573278198531696, 
              42.757177883300528
            ]
          ]
        ], 
        "type": "Polygon"
      }, 
      "properties": {
        "Seat Count": "", 
        "Number": "014", 
        "NCES_Type": "Patient Room", 
        "Workstations": "", 
        "Element": "Room", 
        "RevitId": 5841123, 
        "occupancyStatus": "Occupied", 
        "Building": "Connected Core", 
        "Area_SF": 105.88000000000000, 
        "Name": "DORM", 
        "NCES_Occupancy Status": "", 
        "NCES_Department": "CCUSO", 
        "Level": "LEVEL 3", 
        "Revit_UniqueId": "7d8f068e-0638-4231-bf9f-2974a72323a8-0057b204"
      }, 
      "type": "Feature"
    }, 
    {
      "geometry": {
        "coordinates": [
          [
            [
              -95.573212096207982, 
              42.757226875974517
            ], 
            [
              -95.573251695241538, 
              42.757226875974517
            ], 
            [
              -95.573251695241538, 
              42.757188643373787
            ], 
            [
              -95.573237975891331, 
              42.757188643373787
            ], 
            [
              -95.573237975891331, 
              42.757197343007483
            ], 
            [
              -95.573212096207982, 
              42.757197343007483
            ], 
            [
              -95.573212096207982, 
              42.757226875974517
            ]
          ]
        ], 
        "type": "Polygon"
      }, 
      "properties": {
        "Seat Count": "", 
        "Number": "015A", 
        "NCES_Type": "Restroom - Bath/Shower", 
        "Workstations": "", 
        "Element": "Room", 
        "RevitId": 5841125, 
        "occupancyStatus": "Occupied", 
        "Building": "Connected Core", 
        "Area_SF": 105.81999999999999, 
        "Name": "RR", 
        "NCES_Occupancy Status": "", 
        "NCES_Department": "CCUSO", 
        "Level": "LEVEL 3", 
        "Revit_UniqueId": "7d8f068e-0638-4231-bf9f-2974a72323a8-0057b207"
      }, 
      "type": "Feature"
    }, 
    {
      "geometry": {
        "coordinates": [
          [
            [
              -95.573237975891331, 
              42.757177883300528
            ], 
            [
              -95.573212096207982, 
              42.757177883300528
            ], 
            [
              -95.573212096207982, 
              42.757197343007483
            ], 
            [
              -95.573237975891331, 
              42.757197343007483
            ], 
            [
              -95.573237975891331, 
              42.757188643373787
            ], 
            [
              -95.573237975891331, 
              42.757177883300528
            ]
          ]
        ], 
        "type": "Polygon"
      }, 
      "properties": {
        "Seat Count": "", 
        "Number": "015", 
        "NCES_Type": "Vestibule", 
        "Workstations": "", 
        "Element": "Room", 
        "RevitId": 5841127, 
        "occupancyStatus": "Occupied", 
        "Building": "Connected Core", 
        "Area_SF": 39.030000000000001, 
        "Name": "VEST", 
        "NCES_Occupancy Status": "", 
        "NCES_Department": "CCUSO", 
        "Level": "LEVEL 3", 
        "Revit_UniqueId": "7d8f068e-0638-4231-bf9f-2974a72323a8-0057b20a"
      }, 
      "type": "Feature"
    }, 
    {
      "geometry": {
        "coordinates": [
          [
            [
              -95.573212096207982, 
              42.757177883300528
            ], 
            [
              -95.573169021236524, 
              42.757177883300528
            ], 
            [
              -95.573169021236524, 
              42.757202837512985
            ], 
            [
              -95.573169021236524, 
              42.757203295388436
            ], 
            [
              -95.573194947020227, 
              42.757203295388436
            ], 
            [
              -95.573194947020227, 
              42.757226875974517
            ], 
            [
              -95.573212096207982, 
              42.757226875974517
            ], 
            [
              -95.573212096207982, 
              42.757197343007483
            ], 
            [
              -95.573212096207982, 
              42.757177883300528
            ]
          ]
        ], 
        "type": "Polygon"
      }, 
      "properties": {
        "Seat Count": "", 
        "Number": "016", 
        "NCES_Type": "Private Office - Enclosed", 
        "Workstations": "", 
        "Element": "Room", 
        "RevitId": 5841129, 
        "occupancyStatus": "Occupied", 
        "Building": "Connected Core", 
        "Area_SF": 120.78000000000000, 
        "Name": "OFFICE", 
        "NCES_Occupancy Status": "", 
        "NCES_Department": "CCUSO", 
        "Level": "LEVEL 3", 
        "Revit_UniqueId": "7d8f068e-0638-4231-bf9f-2974a72323a8-0057b20d"
      }, 
      "type": "Feature"
    }, 
    {
      "geometry": {
        "coordinates": [
          [
            [
              -95.573169021236524, 
              42.757203295388436
            ], 
            [
              -95.573169021236524, 
              42.757226875974517
            ], 
            [
              -95.573172782460603, 
              42.757226875974517
            ], 
            [
              -95.573194947020227, 
              42.757226875974517
            ], 
            [
              -95.573194947020227, 
              42.757203295388436
            ], 
            [
              -95.573169021236524, 
              42.757203295388436
            ]
          ]
        ], 
        "type": "Polygon"
      }, 
      "properties": {
        "Seat Count": "", 
        "Number": "016A", 
        "NCES_Type": "General Storage", 
        "Workstations": "", 
        "Element": "Room", 
        "RevitId": 5841131, 
        "occupancyStatus": "Occupied", 
        "Building": "Connected Core", 
        "Area_SF": 45.310000000000002, 
        "Name": "STOR", 
        "NCES_Occupancy Status": "", 
        "NCES_Department": "CCUSO", 
        "Level": "LEVEL 3", 
        "Revit_UniqueId": "7d8f068e-0638-4231-bf9f-2974a72323a8-0057b210"
      }, 
      "type": "Feature"
    }, 
    {
      "geometry": {
        "coordinates": [
          [
            [
              -95.573169021236524, 
              42.757203295388436
            ], 
            [
              -95.573169021236524, 
              42.757202837512985
            ], 
            [
              -95.573150624835108, 
              42.757202837512985
            ], 
            [
              -95.573099855125818, 
              42.757202837512985
            ], 
            [
              -95.573099855125818, 
              42.757226875974517
            ], 
            [
              -95.573098919715576, 
              42.757226875974517
            ], 
            [
              -95.573098919715576, 
              42.757233691899074
            ], 
            [
              -95.573117475997961, 
              42.757247316615668
            ], 
            [
              -95.573151635700043, 
              42.757247316615668
            ], 
            [
              -95.573169956646765, 
              42.757233864691322
            ], 
            [
              -95.573169956646765, 
              42.757229637605931
            ], 
            [
              -95.573169956646765, 
              42.757227454434911
            ], 
            [
              -95.573169021236524, 
              42.757227454434911
            ], 
            [
              -95.573169021236524, 
              42.757226875974517
            ], 
            [
              -95.573169021236524, 
              42.757203295388436
            ]
          ]
        ], 
        "type": "Polygon"
      }, 
      "properties": {
        "Seat Count": "", 
        "Number": "017A", 
        "NCES_Type": "Mechanical Room", 
        "Workstations": "", 
        "Element": "Room", 
        "RevitId": 5841133, 
        "occupancyStatus": "Occupied", 
        "Building": "Connected Core", 
        "Area_SF": 245.46000000000001, 
        "Name": "MECH", 
        "NCES_Occupancy Status": "", 
        "NCES_Department": "CCUSO", 
        "Level": "LEVEL 3", 
        "Revit_UniqueId": "7d8f068e-0638-4231-bf9f-2974a72323a8-0057b213"
      }, 
      "type": "Feature"
    }, 
    {
      "geometry": {
        "coordinates": [
          [
            [
              -95.573169021236524, 
              42.757202837512985
            ], 
            [
              -95.573169021236524, 
              42.757176509674153
            ], 
            [
              -95.573150624835108, 
              42.757176509674153
            ], 
            [
              -95.573150624835108, 
              42.757202837512985
            ], 
            [
              -95.573169021236524, 
              42.757202837512985
            ]
          ]
        ], 
        "type": "Polygon"
      }, 
      "properties": {
        "Seat Count": "", 
        "Number": "017", 
        "NCES_Type": "Vestibule", 
        "Workstations": "", 
        "Element": "Room", 
        "RevitId": 5841135, 
        "occupancyStatus": "Occupied", 
        "Building": "Connected Core", 
        "Area_SF": 37.850000000000001, 
        "Name": "VEST", 
        "NCES_Occupancy Status": "", 
        "NCES_Department": "CCUSO", 
        "Level": "LEVEL 3", 
        "Revit_UniqueId": "7d8f068e-0638-4231-bf9f-2974a72323a8-0057b216"
      }, 
      "type": "Feature"
    }, 
    {
      "geometry": {
        "coordinates": [
          [
            [
              -95.573150624835108, 
              42.757176509674153
            ], 
            [
              -95.573099855125818, 
              42.757176509674153
            ], 
            [
              -95.573099855125818, 
              42.757202837512985
            ], 
            [
              -95.573150624835108, 
              42.757202837512985
            ], 
            [
              -95.573150624835108, 
              42.757176509674153
            ]
          ]
        ], 
        "type": "Polygon"
      }, 
      "properties": {
        "Seat Count": "", 
        "Number": "018", 
        "NCES_Type": "Patient Room", 
        "Workstations": "", 
        "Element": "Room", 
        "RevitId": 5841137, 
        "occupancyStatus": "Occupied", 
        "Building": "Connected Core", 
        "Area_SF": 116.44000000000000, 
        "Name": "DORM", 
        "NCES_Occupancy Status": "", 
        "NCES_Department": "CCUSO", 
        "Level": "LEVEL 3", 
        "Revit_UniqueId": "7d8f068e-0638-4231-bf9f-2974a72323a8-0057b219"
      }, 
      "type": "Feature"
    }, 
    {
      "geometry": {
        "coordinates": [
          [
            [
              -95.573044572644264, 
              42.757226875974517
            ], 
            [
              -95.573098919715576, 
              42.757226875974517
            ], 
            [
              -95.573099855125818, 
              42.757226875974517
            ], 
            [
              -95.573099855125818, 
              42.757202837512985
            ], 
            [
              -95.573099855125818, 
              42.757177883300528
            ], 
            [
              -95.573035218541847, 
              42.757177883300528
            ], 
            [
              -95.573035218541847, 
              42.757195282567928
            ], 
            [
              -95.573044572644264, 
              42.757195282567928
            ], 
            [
              -95.573044572644264, 
              42.757226875974517
            ]
          ]
        ], 
        "type": "Polygon"
      }, 
      "properties": {
        "Seat Count": "", 
        "Number": "019", 
        "NCES_Type": "Patient Room", 
        "Workstations": "", 
        "Element": "Room", 
        "RevitId": 5841139, 
        "occupancyStatus": "Occupied", 
        "Building": "Connected Core", 
        "Area_SF": 238.90000000000001, 
        "Name": "DORM", 
        "NCES_Occupancy Status": "", 
        "NCES_Department": "CCUSO", 
        "Level": "LEVEL 3", 
        "Revit_UniqueId": "7d8f068e-0638-4231-bf9f-2974a72323a8-0057b21c"
      }, 
      "type": "Feature"
    }, 
    {
      "geometry": {
        "coordinates": [
          [
            [
              -95.572989748275447, 
              42.757226875974517
            ], 
            [
              -95.573044572644264, 
              42.757226875974517
            ], 
            [
              -95.573044572644264, 
              42.757195282567928
            ], 
            [
              -95.573035218541847, 
              42.757195282567928
            ], 
            [
              -95.573035218541847, 
              42.757177883300528
            ], 
            [
              -95.572989748275447, 
              42.757177883300528
            ], 
            [
              -95.572989748275447, 
              42.757192306377448
            ], 
            [
              -95.572989748275447, 
              42.757226875974517
            ]
          ]
        ], 
        "type": "Polygon"
      }, 
      "properties": {
        "Seat Count": "", 
        "Number": "020", 
        "NCES_Type": "Patient Room", 
        "Workstations": "", 
        "Element": "Room", 
        "RevitId": 5841141, 
        "occupancyStatus": "Occupied", 
        "Building": "Connected Core", 
        "Area_SF": 209.02000000000001, 
        "Name": "DORM", 
        "NCES_Occupancy Status": "", 
        "NCES_Department": "CCUSO", 
        "Level": "LEVEL 3", 
        "Revit_UniqueId": "7d8f068e-0638-4231-bf9f-2974a72323a8-0057b21f"
      }, 
      "type": "Feature"
    }, 
    {
      "geometry": {
        "coordinates": [
          [
            [
              -95.572941106942906, 
              42.757226875974517
            ], 
            [
              -95.572989748275447, 
              42.757226875974517
            ], 
            [
              -95.572989748275447, 
              42.757192306377448
            ], 
            [
              -95.572970104660385, 
              42.757192306377448
            ], 
            [
              -95.572970104660385, 
              42.757177883300528
            ], 
            [
              -95.572941106942906, 
              42.757177883300528
            ], 
            [
              -95.572941106942906, 
              42.757226875974517
            ]
          ]
        ], 
        "type": "Polygon"
      }, 
      "properties": {
        "Seat Count": "", 
        "Number": "021", 
        "NCES_Type": "Laundry", 
        "Workstations": "", 
        "Element": "Room", 
        "RevitId": 5841143, 
        "occupancyStatus": "Occupied", 
        "Building": "Connected Core", 
        "Area_SF": 169.25, 
        "Name": "LAUND / KITCHEN", 
        "NCES_Occupancy Status": "", 
        "NCES_Department": "CCUSO", 
        "Level": "LEVEL 3", 
        "Revit_UniqueId": "7d8f068e-0638-4231-bf9f-2974a72323a8-0057b222"
      }, 
      "type": "Feature"
    }, 
    {
      "geometry": {
        "coordinates": [
          [
            [
              -95.572879688289717, 
              42.757226875974517
            ], 
            [
              -95.572941106942906, 
              42.757226875974517
            ], 
            [
              -95.572941106942906, 
              42.757177883300528
            ], 
            [
              -95.572879688289717, 
              42.757177883300528
            ], 
            [
              -95.572879688289717, 
              42.757226875974517
            ]
          ]
        ], 
        "type": "Polygon"
      }, 
      "properties": {
        "Seat Count": "", 
        "Number": "022", 
        "NCES_Type": "Patient Room", 
        "Workstations": "", 
        "Element": "Room", 
        "RevitId": 5841145, 
        "occupancyStatus": "Occupied", 
        "Building": "Connected Core", 
        "Area_SF": 251.94000000000000, 
        "Name": "DORM", 
        "NCES_Occupancy Status": "", 
        "NCES_Department": "CCUSO", 
        "Level": "LEVEL 3", 
        "Revit_UniqueId": "7d8f068e-0638-4231-bf9f-2974a72323a8-0057b228"
      }, 
      "type": "Feature"
    }, 
    {
      "geometry": {
        "coordinates": [
          [
            [
              -95.572831046957162, 
              42.757226875974517
            ], 
            [
              -95.572879688289717, 
              42.757226875974517
            ], 
            [
              -95.572879688289717, 
              42.757177883300528
            ], 
            [
              -95.572831046957162, 
              42.757177883300528
            ], 
            [
              -95.572831046957162, 
              42.757226875974517
            ]
          ]
        ], 
        "type": "Polygon"
      }, 
      "properties": {
        "Seat Count": "", 
        "Number": "023", 
        "NCES_Type": "Single Stall Restroom", 
        "Workstations": "", 
        "Element": "Room", 
        "RevitId": 5841147, 
        "occupancyStatus": "Occupied", 
        "Building": "Connected Core", 
        "Area_SF": 193.0, 
        "Name": "RR", 
        "NCES_Occupancy Status": "", 
        "NCES_Department": "CCUSO", 
        "Level": "LEVEL 3", 
        "Revit_UniqueId": "7d8f068e-0638-4231-bf9f-2974a72323a8-0057b22b"
      }, 
      "type": "Feature"
    }, 
    {
      "geometry": {
        "coordinates": [
          [
            [
              -95.573057668387634, 
              42.757138011759601
            ], 
            [
              -95.573100112682084, 
              42.757138011759601
            ], 
            [
              -95.573100112682084, 
              42.757103609024099
            ], 
            [
              -95.573099177271843, 
              42.757103609024099
            ], 
            [
              -95.573057668387634, 
              42.757103609024099
            ], 
            [
              -95.573057668387634, 
              42.757138011759601
            ]
          ]
        ], 
        "type": "Polygon"
      }, 
      "properties": {
        "Seat Count": "", 
        "Number": "005", 
        "NCES_Type": "Patient Room", 
        "Workstations": "", 
        "Element": "Room", 
        "RevitId": 5841154, 
        "occupancyStatus": "Occupied", 
        "Building": "Connected Core", 
        "Area_SF": 114.02000000000000, 
        "Name": "DORM", 
        "NCES_Occupancy Status": "", 
        "NCES_Department": "CCUSO", 
        "Level": "LEVEL 3", 
        "Revit_UniqueId": "7d8f068e-0638-4231-bf9f-2974a72323a8-0057b23c"
      }, 
      "type": "Feature"
    }, 
    {
      "geometry": {
        "coordinates": [
          [
            [
              -95.573017445747269, 
              42.757138011759601
            ], 
            [
              -95.573057668387634, 
              42.757138011759601
            ], 
            [
              -95.573057668387634, 
              42.757103609024099
            ], 
            [
              -95.573017445747269, 
              42.757103609024099
            ], 
            [
              -95.573017445747269, 
              42.757138011759601
            ]
          ]
        ], 
        "type": "Polygon"
      }, 
      "properties": {
        "Seat Count": "", 
        "Number": "004", 
        "NCES_Type": "Patient Room", 
        "Workstations": "", 
        "Element": "Room", 
        "RevitId": 5841156, 
        "occupancyStatus": "Occupied", 
        "Building": "Connected Core", 
        "Area_SF": 107.47000000000000, 
        "Name": "DORM", 
        "NCES_Occupancy Status": "", 
        "NCES_Department": "CCUSO", 
        "Level": "LEVEL 3", 
        "Revit_UniqueId": "7d8f068e-0638-4231-bf9f-2974a72323a8-0057b23f"
      }, 
      "type": "Feature"
    }, 
    {
      "geometry": {
        "coordinates": [
          [
            [
              -95.572977846713712, 
              42.757138011759601
            ], 
            [
              -95.573017445747269, 
              42.757138011759601
            ], 
            [
              -95.573017445747269, 
              42.757103609024099
            ], 
            [
              -95.572977846713712, 
              42.757103609024099
            ], 
            [
              -95.572977846713712, 
              42.757138011759601
            ]
          ]
        ], 
        "type": "Polygon"
      }, 
      "properties": {
        "Seat Count": "", 
        "Number": "003", 
        "NCES_Type": "Patient Room", 
        "Workstations": "", 
        "Element": "Room", 
        "RevitId": 5841158, 
        "occupancyStatus": "Occupied", 
        "Building": "Connected Core", 
        "Area_SF": 105.63000000000000, 
        "Name": "DORM", 
        "NCES_Occupancy Status": "", 
        "NCES_Department": "CCUSO", 
        "Level": "LEVEL 3", 
        "Revit_UniqueId": "7d8f068e-0638-4231-bf9f-2974a72323a8-0057b242"
      }, 
      "type": "Feature"
    }, 
    {
      "geometry": {
        "coordinates": [
          [
            [
              -95.572938871286993, 
              42.757138011759601
            ], 
            [
              -95.572977846713712, 
              42.757138011759601
            ], 
            [
              -95.572977846713712, 
              42.757103609024099
            ], 
            [
              -95.572938871286993, 
              42.757103609024099
            ], 
            [
              -95.572938871286993, 
              42.757138011759601
            ]
          ]
        ], 
        "type": "Polygon"
      }, 
      "properties": {
        "Seat Count": "", 
        "Number": "002", 
        "NCES_Type": "Patient Room", 
        "Workstations": "", 
        "Element": "Room", 
        "RevitId": 5841160, 
        "occupancyStatus": "Occupied", 
        "Building": "Connected Core", 
        "Area_SF": 103.80000000000000, 
        "Name": "DORM", 
        "NCES_Occupancy Status": "", 
        "NCES_Department": "CCUSO", 
        "Level": "LEVEL 3", 
        "Revit_UniqueId": "7d8f068e-0638-4231-bf9f-2974a72323a8-0057b245"
      }, 
      "type": "Feature"
    }, 
    {
      "geometry": {
        "coordinates": [
          [
            [
              -95.572901633407540, 
              42.757138011759601
            ], 
            [
              -95.572938871286993, 
              42.757138011759601
            ], 
            [
              -95.572938871286993, 
              42.757103609024099
            ], 
            [
              -95.572901633407540, 
              42.757103609024099
            ], 
            [
              -95.572901633407540, 
              42.757138011759601
            ]
          ]
        ], 
        "type": "Polygon"
      }, 
      "properties": {
        "Seat Count": "", 
        "Number": "001", 
        "NCES_Type": "Patient Room", 
        "Workstations": "", 
        "Element": "Room", 
        "RevitId": 5841162, 
        "occupancyStatus": "Occupied", 
        "Building": "Connected Core", 
        "Area_SF": 98.680000000000007, 
        "Name": "DORM", 
        "NCES_Occupancy Status": "", 
        "NCES_Department": "CCUSO", 
        "Level": "LEVEL 3", 
        "Revit_UniqueId": "7d8f068e-0638-4231-bf9f-2974a72323a8-0057b248"
      }, 
      "type": "Feature"
    }, 
    {
      "geometry": {
        "coordinates": [
          [
            [
              -95.573746098010290, 
              42.757325245314611
            ], 
            [
              -95.573781331796042, 
              42.757325245314611
            ], 
            [
              -95.573781331796042, 
              42.757294456882953
            ], 
            [
              -95.573780396385800, 
              42.757294456882953
            ], 
            [
              -95.573746098010290, 
              42.757294456882953
            ], 
            [
              -95.573746098010290, 
              42.757325245314611
            ]
          ]
        ], 
        "type": "Polygon"
      }, 
      "properties": {
        "Seat Count": "", 
        "Number": "008", 
        "NCES_Type": "Patient Room", 
        "Workstations": "", 
        "Element": "Room", 
        "RevitId": 5850071, 
        "occupancyStatus": "Occupied", 
        "Building": "Connected Core", 
        "Area_SF": 79.599999999999994, 
        "Name": "DORM", 
        "NCES_Occupancy Status": "", 
        "NCES_Department": "CCUSO", 
        "Level": "LEVEL 3", 
        "Revit_UniqueId": "b1859930-00b7-4da9-b24b-eb88162ccf03-005943d7"
      }, 
      "type": "Feature"
    }, 
    {
      "geometry": {
        "coordinates": [
          [
            [
              -95.573711470877186, 
              42.757325245314611
            ], 
            [
              -95.573746098010290, 
              42.757325245314611
            ], 
            [
              -95.573746098010290, 
              42.757294456882953
            ], 
            [
              -95.573711470877186, 
              42.757294456882953
            ], 
            [
              -95.573711470877186, 
              42.757325245314611
            ]
          ]
        ], 
        "type": "Polygon"
      }, 
      "properties": {
        "Seat Count": "", 
        "Number": "007", 
        "NCES_Type": "Patient Room", 
        "Workstations": "", 
        "Element": "Room", 
        "RevitId": 5850074, 
        "occupancyStatus": "Occupied", 
        "Building": "Connected Core", 
        "Area_SF": 78.060000000000002, 
        "Name": "DORM", 
        "NCES_Occupancy Status": "", 
        "NCES_Department": "CCUSO", 
        "Level": "LEVEL 3", 
        "Revit_UniqueId": "b1859930-00b7-4da9-b24b-eb88162ccf03-005943da"
      }, 
      "type": "Feature"
    }, 
    {
      "geometry": {
        "coordinates": [
          [
            [
              -95.573676548894852, 
              42.757325245314611
            ], 
            [
              -95.573711470877186, 
              42.757325245314611
            ], 
            [
              -95.573711470877186, 
              42.757294456882953
            ], 
            [
              -95.573676548894852, 
              42.757294456882953
            ], 
            [
              -95.573676548894852, 
              42.757325245314611
            ]
          ]
        ], 
        "type": "Polygon"
      }, 
      "properties": {
        "Seat Count": "", 
        "Number": "006", 
        "NCES_Type": "Patient Room", 
        "Workstations": "", 
        "Element": "Room", 
        "RevitId": 5850077, 
        "occupancyStatus": "Occupied", 
        "Building": "Connected Core", 
        "Area_SF": 76.439999999999998, 
        "Name": "DORM", 
        "NCES_Occupancy Status": "", 
        "NCES_Department": "CCUSO", 
        "Level": "LEVEL 3", 
        "Revit_UniqueId": "b1859930-00b7-4da9-b24b-eb88162ccf03-005943dd"
      }, 
      "type": "Feature"
    }, 
    {
      "geometry": {
        "coordinates": [
          [
            [
              -95.573383239939304, 
              42.757325245314611
            ], 
            [
              -95.573380433708579, 
              42.757325245314611
            ], 
            [
              -95.573378584575849, 
              42.757360701555271
            ], 
            [
              -95.573381390806574, 
              42.757360701555271
            ], 
            [
              -95.573475243634107, 
              42.757360701555271
            ], 
            [
              -95.573502370531102, 
              42.757360701555271
            ], 
            [
              -95.573517960701793, 
              42.757360701555271
            ], 
            [
              -95.573614819386194, 
              42.757360701555271
            ], 
            [
              -95.573614819386194, 
              42.757359327928896
            ], 
            [
              -95.573616697689957, 
              42.757359327928896
            ], 
            [
              -95.573659399707097, 
              42.757359327928896
            ], 
            [
              -95.573674670591089, 
              42.757359327928896
            ], 
            [
              -95.573676548894852, 
              42.757359327928896
            ], 
            [
              -95.573676548894852, 
              42.757360701555271
            ], 
            [
              -95.573725605197680, 
              42.757360701555271
            ], 
            [
              -95.573743066188840, 
              42.757360701555271
            ], 
            [
              -95.573753043898080, 
              42.757360701555271
            ], 
            [
              -95.573777052760946, 
              42.757360701555271
            ], 
            [
              -95.573791083914557, 
              42.757360701555271
            ], 
            [
              -95.573805115068183, 
              42.757360701555271
            ], 
            [
              -95.573822264255938, 
              42.757360701555271
            ], 
            [
              -95.573849188149879, 
              42.757360701555271
            ], 
            [
              -95.573868208158117, 
              42.757360701555271
            ], 
            [
              -95.573882551115148, 
              42.757360701555271
            ], 
            [
              -95.573901687913761, 
              42.757360701555271
            ], 
            [
              -95.573907742599943, 
              42.757360701555271
            ], 
            [
              -95.573924449442814, 
              42.757355772346607
            ], 
            [
              -95.573907742599943, 
              42.757325245314611
            ], 
            [
              -95.573901687913761, 
              42.757325245314611
            ], 
            [
              -95.573833597979188, 
              42.757325245314611
            ], 
            [
              -95.573781331796042, 
              42.757325245314611
            ], 
            [
              -95.573746098010290, 
              42.757325245314611
            ], 
            [
              -95.573711470877186, 
              42.757325245314611
            ], 
            [
              -95.573676548894852, 
              42.757325245314611
            ], 
            [
              -95.573676548894852, 
              42.757294456882953
            ], 
            [
              -95.573676548894852, 
              42.757260455937320
            ], 
            [
              -95.573613883975952, 
              42.757260455937320
            ], 
            [
              -95.573613883975952, 
              42.757294456882953
            ], 
            [
              -95.573614819386194, 
              42.757294456882953
            ], 
            [
              -95.573614819386194, 
              42.757325245314611
            ], 
            [
              -95.573578950151045, 
              42.757325245314611
            ], 
            [
              -95.573543716365293, 
              42.757325245314611
            ], 
            [
              -95.573509417989783, 
              42.757325245314611
            ], 
            [
              -95.573474910142949, 
              42.757325245314611
            ], 
            [
              -95.573440611767424, 
              42.757325245314611
            ], 
            [
              -95.573415043887508, 
              42.757325245314611
            ], 
            [
              -95.573383239939304, 
              42.757325245314611
            ]
          ]
        ], 
        "type": "Polygon"
      }, 
      "properties": {
        "Seat Count": "", 
        "Number": "048", 
        "NCES_Type": "Commons", 
        "Workstations": "", 
        "Element": "Room", 
        "RevitId": 5850080, 
        "occupancyStatus": "Occupied", 
        "Building": "Connected Core", 
        "Area_SF": 2184.5, 
        "Name": "COMMONS", 
        "NCES_Occupancy Status": "", 
        "NCES_Department": "CCUSO", 
        "Level": "LEVEL 3", 
        "Revit_UniqueId": "b1859930-00b7-4da9-b24b-eb88162ccf03-005943e0"
      }, 
      "type": "Feature"
    }, 
    {
      "geometry": {
        "coordinates": [
          [
            [
              -95.573578950151045, 
              42.757325245314611
            ], 
            [
              -95.573614819386194, 
              42.757325245314611
            ], 
            [
              -95.573614819386194, 
              42.757294456882953
            ], 
            [
              -95.573613883975952, 
              42.757294456882953
            ], 
            [
              -95.573578950151045, 
              42.757294456882953
            ], 
            [
              -95.573578950151045, 
              42.757325245314611
            ]
          ]
        ], 
        "type": "Polygon"
      }, 
      "properties": {
        "Seat Count": "", 
        "Number": "005", 
        "NCES_Type": "Patient Room", 
        "Workstations": "", 
        "Element": "Room", 
        "RevitId": 5850083, 
        "occupancyStatus": "Occupied", 
        "Building": "Connected Core", 
        "Area_SF": 81.200000000000003, 
        "Name": "DORM", 
        "NCES_Occupancy Status": "", 
        "NCES_Department": "CCUSO", 
        "Level": "LEVEL 3", 
        "Revit_UniqueId": "b1859930-00b7-4da9-b24b-eb88162ccf03-005943e3"
      }, 
      "type": "Feature"
    }, 
    {
      "geometry": {
        "coordinates": [
          [
            [
              -95.573543716365293, 
              42.757325245314611
            ], 
            [
              -95.573578950151045, 
              42.757325245314611
            ], 
            [
              -95.573578950151045, 
              42.757294456882953
            ], 
            [
              -95.573543716365293, 
              42.757294456882953
            ], 
            [
              -95.573543716365293, 
              42.757325245314611
            ]
          ]
        ], 
        "type": "Polygon"
      }, 
      "properties": {
        "Seat Count": "", 
        "Number": "004", 
        "NCES_Type": "Patient Room", 
        "Workstations": "", 
        "Element": "Room", 
        "RevitId": 5850086, 
        "occupancyStatus": "Occupied", 
        "Building": "Connected Core", 
        "Area_SF": 79.599999999999994, 
        "Name": "DORM", 
        "NCES_Occupancy Status": "", 
        "NCES_Department": "CCUSO", 
        "Level": "LEVEL 3", 
        "Revit_UniqueId": "b1859930-00b7-4da9-b24b-eb88162ccf03-005943e6"
      }, 
      "type": "Feature"
    }, 
    {
      "geometry": {
        "coordinates": [
          [
            [
              -95.573509417989783, 
              42.757325245314611
            ], 
            [
              -95.573543716365293, 
              42.757325245314611
            ], 
            [
              -95.573543716365293, 
              42.757294456882953
            ], 
            [
              -95.573509417989783, 
              42.757294456882953
            ], 
            [
              -95.573509417989783, 
              42.757325245314611
            ]
          ]
        ], 
        "type": "Polygon"
      }, 
      "properties": {
        "Seat Count": "", 
        "Number": "003", 
        "NCES_Type": "Patient Room", 
        "Workstations": "", 
        "Element": "Room", 
        "RevitId": 5850089, 
        "occupancyStatus": "Occupied", 
        "Building": "Connected Core", 
        "Area_SF": 77.230000000000004, 
        "Name": "DORM", 
        "NCES_Occupancy Status": "", 
        "NCES_Department": "CCUSO", 
        "Level": "LEVEL 3", 
        "Revit_UniqueId": "b1859930-00b7-4da9-b24b-eb88162ccf03-005943e9"
      }, 
      "type": "Feature"
    }, 
    {
      "geometry": {
        "coordinates": [
          [
            [
              -95.573474910142949, 
              42.757325245314611
            ], 
            [
              -95.573509417989783, 
              42.757325245314611
            ], 
            [
              -95.573509417989783, 
              42.757294456882953
            ], 
            [
              -95.573474910142949, 
              42.757294456882953
            ], 
            [
              -95.573474910142949, 
              42.757325245314611
            ]
          ]
        ], 
        "type": "Polygon"
      }, 
      "properties": {
        "Seat Count": "", 
        "Number": "002", 
        "NCES_Type": "Patient Room", 
        "Workstations": "", 
        "Element": "Room", 
        "RevitId": 5850092, 
        "occupancyStatus": "Occupied", 
        "Building": "Connected Core", 
        "Area_SF": 77.760000000000005, 
        "Name": "DORM", 
        "NCES_Occupancy Status": "", 
        "NCES_Department": "CCUSO", 
        "Level": "LEVEL 3", 
        "Revit_UniqueId": "b1859930-00b7-4da9-b24b-eb88162ccf03-005943ec"
      }, 
      "type": "Feature"
    }, 
    {
      "geometry": {
        "coordinates": [
          [
            [
              -95.573440611767424, 
              42.757325245314611
            ], 
            [
              -95.573474910142949, 
              42.757325245314611
            ], 
            [
              -95.573474910142949, 
              42.757294456882953
            ], 
            [
              -95.573440611767424, 
              42.757294456882953
            ], 
            [
              -95.573440611767424, 
              42.757325245314611
            ]
          ]
        ], 
        "type": "Polygon"
      }, 
      "properties": {
        "Seat Count": "", 
        "Number": "001", 
        "NCES_Type": "Patient Room", 
        "Workstations": "", 
        "Element": "Room", 
        "RevitId": 5850095, 
        "occupancyStatus": "Occupied", 
        "Building": "Connected Core", 
        "Area_SF": 77.230000000000004, 
        "Name": "DORM", 
        "NCES_Occupancy Status": "", 
        "NCES_Department": "CCUSO", 
        "Level": "LEVEL 3", 
        "Revit_UniqueId": "b1859930-00b7-4da9-b24b-eb88162ccf03-005943ef"
      }, 
      "type": "Feature"
    }, 
    {
      "geometry": {
        "coordinates": [
          [
            [
              -95.573383239939304, 
              42.757283348038946
            ], 
            [
              -95.573383239939304, 
              42.757325245314611
            ], 
            [
              -95.573415043887508, 
              42.757325245314611
            ], 
            [
              -95.573415043887508, 
              42.757309820118920
            ], 
            [
              -95.573415043887508, 
              42.757291677096951
            ], 
            [
              -95.573423453798497, 
              42.757291677096951
            ], 
            [
              -95.573423453798497, 
              42.757309820118920
            ], 
            [
              -95.573415043887508, 
              42.757309820118920
            ], 
            [
              -95.573415043887508, 
              42.757325245314611
            ], 
            [
              -95.573440611767424, 
              42.757325245314611
            ], 
            [
              -95.573440611767424, 
              42.757294456882953
            ], 
            [
              -95.573440611767424, 
              42.757277973366470
            ], 
            [
              -95.573416914707977, 
              42.757277973366470
            ], 
            [
              -95.573416914707977, 
              42.757177883300528
            ], 
            [
              -95.573384175349545, 
              42.757177883300528
            ], 
            [
              -95.573384175349545, 
              42.757192306377448
            ], 
            [
              -95.573384175349545, 
              42.757226875974517
            ], 
            [
              -95.573383239939304, 
              42.757226875974517
            ], 
            [
              -95.573383239939304, 
              42.757259996390594
            ], 
            [
              -95.573383239939304, 
              42.757283348038946
            ]
          ]
        ], 
        "type": "Polygon"
      }, 
      "properties": {
        "Seat Count": "", 
        "Number": "055", 
        "NCES_Type": "Corridor/Hallway", 
        "Workstations": "", 
        "Element": "Room", 
        "RevitId": 5850098, 
        "occupancyStatus": "Occupied", 
        "Building": "Connected Core", 
        "Area_SF": 471.12000000000000, 
        "Name": "CORRIDOR", 
        "NCES_Occupancy Status": "", 
        "NCES_Department": "CCUSO", 
        "Level": "LEVEL 3", 
        "Revit_UniqueId": "b1859930-00b7-4da9-b24b-eb88162ccf03-005943f2"
      }, 
      "type": "Feature"
    }, 
    {
      "geometry": {
        "coordinates": [
          [
            [
              -95.573517960701793, 
              42.757404199723773
            ], 
            [
              -95.573614819386194, 
              42.757404199723773
            ], 
            [
              -95.573614819386194, 
              42.757385655767727
            ], 
            [
              -95.573614819386194, 
              42.757360701555271
            ], 
            [
              -95.573517960701793, 
              42.757360701555271
            ], 
            [
              -95.573517960701793, 
              42.757373522068093
            ], 
            [
              -95.573517960701793, 
              42.757404199723773
            ]
          ]
        ], 
        "type": "Polygon"
      }, 
      "properties": {
        "Seat Count": "", 
        "Number": "019", 
        "NCES_Type": "Patient Room", 
        "Workstations": "", 
        "Element": "Room", 
        "RevitId": 5850101, 
        "occupancyStatus": "Occupied", 
        "Building": "Connected Core", 
        "Area_SF": 356.70999999999998, 
        "Name": "DORM", 
        "NCES_Occupancy Status": "", 
        "NCES_Department": "CCUSO", 
        "Level": "LEVEL 3", 
        "Revit_UniqueId": "b1859930-00b7-4da9-b24b-eb88162ccf03-005943f5"
      }, 
      "type": "Feature"
    }, 
    {
      "geometry": {
        "coordinates": [
          [
            [
              -95.573614819386194, 
              42.757402124905546
            ], 
            [
              -95.573614819386194, 
              42.757404199723773
            ], 
            [
              -95.573613883975952, 
              42.757404199723773
            ], 
            [
              -95.573613883975952, 
              42.757407633789704
            ], 
            [
              -95.573677484305094, 
              42.757407633789704
            ], 
            [
              -95.573677484305094, 
              42.757404199723773
            ], 
            [
              -95.573676548894852, 
              42.757404199723773
            ], 
            [
              -95.573676548894852, 
              42.757402006743796
            ], 
            [
              -95.573676548894852, 
              42.757385655767727
            ], 
            [
              -95.573659399707097, 
              42.757385655767727
            ], 
            [
              -95.573614819386194, 
              42.757385655767727
            ], 
            [
              -95.573614819386194, 
              42.757402124905546
            ]
          ]
        ], 
        "type": "Polygon"
      }, 
      "properties": {
        "Seat Count": "", 
        "Number": "017", 
        "NCES_Type": "Mechanical Room", 
        "Workstations": "", 
        "Element": "Room", 
        "RevitId": 5850104, 
        "occupancyStatus": "Occupied", 
        "Building": "Connected Core", 
        "Area_SF": 214.43000000000001, 
        "Name": "MECH", 
        "NCES_Occupancy Status": "", 
        "NCES_Department": "CCUSO", 
        "Level": "LEVEL 3", 
        "Revit_UniqueId": "b1859930-00b7-4da9-b24b-eb88162ccf03-005943f8"
      }, 
      "type": "Feature"
    }, 
    {
      "geometry": {
        "coordinates": [
          [
            [
              -95.573614819386194, 
              42.757359327928896
            ], 
            [
              -95.573614819386194, 
              42.757385655767727
            ], 
            [
              -95.573659399707097, 
              42.757385655767727
            ], 
            [
              -95.573659399707097, 
              42.757359327928896
            ], 
            [
              -95.573614819386194, 
              42.757359327928896
            ]
          ]
        ], 
        "type": "Polygon"
      }, 
      "properties": {
        "Seat Count": "", 
        "Number": "018", 
        "NCES_Type": "Patient Room", 
        "Workstations": "", 
        "Element": "Room", 
        "RevitId": 5850107, 
        "occupancyStatus": "Occupied", 
        "Building": "Connected Core", 
        "Area_SF": 101.41000000000000, 
        "Name": "DORM", 
        "NCES_Occupancy Status": "", 
        "NCES_Department": "CCUSO", 
        "Level": "LEVEL 3", 
        "Revit_UniqueId": "b1859930-00b7-4da9-b24b-eb88162ccf03-005943fb"
      }, 
      "type": "Feature"
    }, 
    {
      "geometry": {
        "coordinates": [
          [
            [
              -95.573676548894852, 
              42.757385655767727
            ], 
            [
              -95.573676548894852, 
              42.757359327928896
            ], 
            [
              -95.573659399707097, 
              42.757359327928896
            ], 
            [
              -95.573659399707097, 
              42.757385655767727
            ], 
            [
              -95.573676548894852, 
              42.757385655767727
            ]
          ]
        ], 
        "type": "Polygon"
      }, 
      "properties": {
        "Seat Count": "", 
        "Number": "017A", 
        "NCES_Type": "Vestibule", 
        "Workstations": "", 
        "Element": "Room", 
        "RevitId": 5850110, 
        "occupancyStatus": "Occupied", 
        "Building": "Connected Core", 
        "Area_SF": 34.820000000000000, 
        "Name": "VEST", 
        "NCES_Occupancy Status": "", 
        "NCES_Department": "CCUSO", 
        "Level": "LEVEL 3", 
        "Revit_UniqueId": "b1859930-00b7-4da9-b24b-eb88162ccf03-005943fe"
      }, 
      "type": "Feature"
    }, 
    {
      "geometry": {
        "coordinates": [
          [
            [
              -95.573833597979188, 
              42.757325245314611
            ], 
            [
              -95.573901687913761, 
              42.757325245314611
            ], 
            [
              -95.573901687913761, 
              42.757282205021575
            ], 
            [
              -95.573842640278187, 
              42.757282205021575
            ], 
            [
              -95.573842640278187, 
              42.757314256303623
            ], 
            [
              -95.573833597979188, 
              42.757314256303623
            ], 
            [
              -95.573833597979188, 
              42.757325245314611
            ]
          ]
        ], 
        "type": "Polygon"
      }, 
      "properties": {
        "Seat Count": "", 
        "Number": "010", 
        "NCES_Type": "Patient Room", 
        "Workstations": "", 
        "Element": "Room", 
        "RevitId": 5850844, 
        "occupancyStatus": "Occupied", 
        "Building": "Connected Core", 
        "Area_SF": 212.96000000000001, 
        "Name": "DORM", 
        "NCES_Occupancy Status": "", 
        "NCES_Department": "CCUSO", 
        "Level": "LEVEL 3", 
        "Revit_UniqueId": "b1859930-00b7-4da9-b24b-eb88162ccf03-005946dc"
      }, 
      "type": "Feature"
    }, 
    {
      "geometry": {
        "coordinates": [
          [
            [
              -95.573781331796042, 
              42.757325245314611
            ], 
            [
              -95.573833597979188, 
              42.757325245314611
            ], 
            [
              -95.573833597979188, 
              42.757314256303623
            ], 
            [
              -95.573842640278187, 
              42.757314256303623
            ], 
            [
              -95.573842640278187, 
              42.757282205021575
            ], 
            [
              -95.573780396385800, 
              42.757282205021575
            ], 
            [
              -95.573780396385800, 
              42.757294456882953
            ], 
            [
              -95.573781331796042, 
              42.757294456882953
            ], 
            [
              -95.573781331796042, 
              42.757325245314611
            ]
          ]
        ], 
        "type": "Polygon"
      }, 
      "properties": {
        "Seat Count": "", 
        "Number": "009", 
        "NCES_Type": "Patient Room", 
        "Workstations": "", 
        "Element": "Room", 
        "RevitId": 5850847, 
        "occupancyStatus": "Occupied", 
        "Building": "Connected Core", 
        "Area_SF": 209.13999999999999, 
        "Name": "DORM", 
        "NCES_Occupancy Status": "", 
        "NCES_Department": "CCUSO", 
        "Level": "LEVEL 3", 
        "Revit_UniqueId": "b1859930-00b7-4da9-b24b-eb88162ccf03-005946df"
      }, 
      "type": "Feature"
    }, 
    {
      "geometry": {
        "coordinates": [
          [
            [
              -95.573316825812171, 
              42.757283348038946
            ], 
            [
              -95.573359854683261, 
              42.757283348038946
            ], 
            [
              -95.573359854683261, 
              42.757259996390594
            ], 
            [
              -95.573316825812171, 
              42.757259996390594
            ], 
            [
              -95.573316825812171, 
              42.757283348038946
            ]
          ]
        ], 
        "type": "Polygon"
      }, 
      "properties": {
        "Seat Count": "", 
        "Number": "012E", 
        "NCES_Type": "Elevator/Lift", 
        "Workstations": "", 
        "Element": "Room", 
        "RevitId": 5863735, 
        "occupancyStatus": "Occupied", 
        "Building": "Connected Core", 
        "Area_SF": 73.5, 
        "Name": "ELEV", 
        "NCES_Occupancy Status": "", 
        "NCES_Department": "CCUSO", 
        "Level": "LEVEL 3", 
        "Revit_UniqueId": "46894b12-9641-4f62-b881-9e67f272f949-005969c7"
      }, 
      "type": "Feature"
    }, 
    {
      "geometry": {
        "coordinates": [
          [
            [
              -95.573383239939304, 
              42.757283348038946
            ], 
            [
              -95.573383239939304, 
              42.757259996390594
            ], 
            [
              -95.573359854683261, 
              42.757259996390594
            ], 
            [
              -95.573359854683261, 
              42.757283348038946
            ], 
            [
              -95.573383239939304, 
              42.757283348038946
            ]
          ]
        ], 
        "type": "Polygon"
      }, 
      "properties": {
        "Seat Count": "", 
        "Number": "012F", 
        "NCES_Type": "Waiting/Queue Area", 
        "Workstations": "", 
        "Element": "Room", 
        "RevitId": 5863737, 
        "occupancyStatus": "Occupied", 
        "Building": "Connected Core", 
        "Area_SF": 36.75, 
        "Name": "ELEV LOBBY", 
        "NCES_Occupancy Status": "", 
        "NCES_Department": "CCUSO", 
        "Level": "LEVEL 3", 
        "Revit_UniqueId": "46894b12-9641-4f62-b881-9e67f272f949-005969ce"
      }, 
      "type": "Feature"
    }, 
    {
      "geometry": {
        "coordinates": [
          [
            [
              -95.573475243634107, 
              42.757404199723773
            ], 
            [
              -95.573517960701793, 
              42.757404199723773
            ], 
            [
              -95.573517960701793, 
              42.757373522068093
            ], 
            [
              -95.573502370531102, 
              42.757373522068093
            ], 
            [
              -95.573502370531102, 
              42.757360701555271
            ], 
            [
              -95.573475243634107, 
              42.757360701555271
            ], 
            [
              -95.573475243634107, 
              42.757404199723773
            ]
          ]
        ], 
        "type": "Polygon"
      }, 
      "properties": {
        "Seat Count": "", 
        "Number": "020", 
        "NCES_Type": "Laundry", 
        "Workstations": "", 
        "Element": "Room", 
        "RevitId": 5863745, 
        "occupancyStatus": "Occupied", 
        "Building": "Connected Core", 
        "Area_SF": 132.99000000000001, 
        "Name": "LAUNDRY / \r\nKITCHEN", 
        "NCES_Occupancy Status": "", 
        "NCES_Department": "CCUSO", 
        "Level": "LEVEL 3", 
        "Revit_UniqueId": "46894b12-9641-4f62-b881-9e67f272f949-005969eb"
      }, 
      "type": "Feature"
    }, 
    {
      "geometry": {
        "coordinates": [
          [
            [
              -95.573517960701793, 
              42.757360701555271
            ], 
            [
              -95.573502370531102, 
              42.757360701555271
            ], 
            [
              -95.573502370531102, 
              42.757373522068093
            ], 
            [
              -95.573517960701793, 
              42.757373522068093
            ], 
            [
              -95.573517960701793, 
              42.757360701555271
            ]
          ]
        ], 
        "type": "Polygon"
      }, 
      "properties": {
        "Seat Count": "", 
        "Number": "020A", 
        "NCES_Type": "General Storage", 
        "Workstations": "", 
        "Element": "Room", 
        "RevitId": 5863747, 
        "occupancyStatus": "Occupied", 
        "Building": "Connected Core", 
        "Area_SF": 12.529999999999999, 
        "Name": "STOR", 
        "NCES_Occupancy Status": "", 
        "NCES_Department": "CCUSO", 
        "Level": "LEVEL 3", 
        "Revit_UniqueId": "46894b12-9641-4f62-b881-9e67f272f949-005969ee"
      }, 
      "type": "Feature"
    }, 
    {
      "geometry": {
        "coordinates": [
          [
            [
              -95.573676548894852, 
              42.757404081562022
            ], 
            [
              -95.573725605197680, 
              42.757404081562022
            ], 
            [
              -95.573725605197680, 
              42.757360701555271
            ], 
            [
              -95.573676548894852, 
              42.757360701555271
            ], 
            [
              -95.573676548894852, 
              42.757385655767727
            ], 
            [
              -95.573676548894852, 
              42.757404081562022
            ]
          ]
        ], 
        "type": "Polygon"
      }, 
      "properties": {
        "Seat Count": "", 
        "Number": "016", 
        "NCES_Type": "Private Office - Enclosed", 
        "Workstations": "", 
        "Element": "Room", 
        "RevitId": 5863751, 
        "occupancyStatus": "Occupied", 
        "Building": "Connected Core", 
        "Area_SF": 176.63999999999999, 
        "Name": "OFFICE", 
        "NCES_Occupancy Status": "", 
        "NCES_Department": "CCUSO", 
        "Level": "LEVEL 3", 
        "Revit_UniqueId": "46894b12-9641-4f62-b881-9e67f272f949-005969f4"
      }, 
      "type": "Feature"
    }, 
    {
      "geometry": {
        "coordinates": [
          [
            [
              -95.573725605197680, 
              42.757404081562022
            ], 
            [
              -95.573753043898080, 
              42.757404081562022
            ], 
            [
              -95.573753043898080, 
              42.757369401188974
            ], 
            [
              -95.573743066188840, 
              42.757369401188974
            ], 
            [
              -95.573743066188840, 
              42.757360701555271
            ], 
            [
              -95.573725605197680, 
              42.757360701555271
            ], 
            [
              -95.573725605197680, 
              42.757404081562022
            ]
          ]
        ], 
        "type": "Polygon"
      }, 
      "properties": {
        "Seat Count": "", 
        "Number": "016A", 
        "NCES_Type": "Medical Storage", 
        "Workstations": "", 
        "Element": "Room", 
        "RevitId": 5863753, 
        "occupancyStatus": "Occupied", 
        "Building": "Connected Core", 
        "Area_SF": 90.540000000000006, 
        "Name": "MED STOR", 
        "NCES_Occupancy Status": "", 
        "NCES_Department": "CCUSO", 
        "Level": "LEVEL 3", 
        "Revit_UniqueId": "46894b12-9641-4f62-b881-9e67f272f949-005969f7"
      }, 
      "type": "Feature"
    }, 
    {
      "geometry": {
        "coordinates": [
          [
            [
              -95.573753043898080, 
              42.757404081562022
            ], 
            [
              -95.573777052760946, 
              42.757404081562022
            ], 
            [
              -95.573777052760946, 
              42.757360701555271
            ], 
            [
              -95.573753043898080, 
              42.757360701555271
            ], 
            [
              -95.573753043898080, 
              42.757369401188974
            ], 
            [
              -95.573753043898080, 
              42.757404081562022
            ]
          ]
        ], 
        "type": "Polygon"
      }, 
      "properties": {
        "Seat Count": "", 
        "Number": "015", 
        "NCES_Type": "Patient Room", 
        "Workstations": "", 
        "Element": "Room", 
        "RevitId": 5863755, 
        "occupancyStatus": "Occupied", 
        "Building": "Connected Core", 
        "Area_SF": 84.549999999999997, 
        "Name": "DORM", 
        "NCES_Occupancy Status": "", 
        "NCES_Department": "CCUSO", 
        "Level": "LEVEL 3", 
        "Revit_UniqueId": "46894b12-9641-4f62-b881-9e67f272f949-005969fa"
      }, 
      "type": "Feature"
    }, 
    {
      "geometry": {
        "coordinates": [
          [
            [
              -95.573777052760946, 
              42.757404081562022
            ], 
            [
              -95.573791707521394, 
              42.757404081562022
            ], 
            [
              -95.573791707521394, 
              42.757395729027799
            ], 
            [
              -95.573805115068183, 
              42.757395729027799
            ], 
            [
              -95.573805115068183, 
              42.757387258331832
            ], 
            [
              -95.573805115068183, 
              42.757379474449046
            ], 
            [
              -95.573798099491370, 
              42.757379474449046
            ], 
            [
              -95.573798099491370, 
              42.757368943313516
            ], 
            [
              -95.573791083914557, 
              42.757368943313516
            ], 
            [
              -95.573791083914557, 
              42.757360701555271
            ], 
            [
              -95.573777052760946, 
              42.757360701555271
            ], 
            [
              -95.573777052760946, 
              42.757404081562022
            ]
          ]
        ], 
        "type": "Polygon"
      }, 
      "properties": {
        "Seat Count": "", 
        "Number": "014", 
        "NCES_Type": "Single Stall Restroom", 
        "Workstations": "", 
        "Element": "Room", 
        "RevitId": 5863757, 
        "occupancyStatus": "Occupied", 
        "Building": "Connected Core", 
        "Area_SF": 72.950000000000003, 
        "Name": "RR", 
        "NCES_Occupancy Status": "", 
        "NCES_Department": "CCUSO", 
        "Level": "LEVEL 3", 
        "Revit_UniqueId": "46894b12-9641-4f62-b881-9e67f272f949-005969fd"
      }, 
      "type": "Feature"
    }, 
    {
      "geometry": {
        "coordinates": [
          [
            [
              -95.573791707521394, 
              42.757404081562022
            ], 
            [
              -95.573830371144695, 
              42.757404081562022
            ], 
            [
              -95.573830371144695, 
              42.757384740016811
            ], 
            [
              -95.573822264255938, 
              42.757384740016811
            ], 
            [
              -95.573822264255938, 
              42.757360701555271
            ], 
            [
              -95.573805115068183, 
              42.757360701555271
            ], 
            [
              -95.573805115068183, 
              42.757368943313516
            ], 
            [
              -95.573798099491370, 
              42.757368943313516
            ], 
            [
              -95.573798099491370, 
              42.757379474449046
            ], 
            [
              -95.573805115068183, 
              42.757379474449046
            ], 
            [
              -95.573805115068183, 
              42.757387258331832
            ], 
            [
              -95.573805115068183, 
              42.757395729027799
            ], 
            [
              -95.573791707521394, 
              42.757395729027799
            ], 
            [
              -95.573791707521394, 
              42.757404081562022
            ]
          ]
        ], 
        "type": "Polygon"
      }, 
      "properties": {
        "Seat Count": "", 
        "Number": "013", 
        "NCES_Type": "Single Stall Restroom", 
        "Workstations": "", 
        "Element": "Room", 
        "RevitId": 5863759, 
        "occupancyStatus": "Occupied", 
        "Building": "Connected Core", 
        "Area_SF": 85.0, 
        "Name": "RR", 
        "NCES_Occupancy Status": "", 
        "NCES_Department": "CCUSO", 
        "Level": "LEVEL 3", 
        "Revit_UniqueId": "46894b12-9641-4f62-b881-9e67f272f949-00596a00"
      }, 
      "type": "Feature"
    }, 
    {
      "geometry": {
        "coordinates": [
          [
            [
              -95.573830371144695, 
              42.757404081562022
            ], 
            [
              -95.573842952081606, 
              42.757404081562022
            ], 
            [
              -95.573842952081606, 
              42.757383436956559
            ], 
            [
              -95.573849188149879, 
              42.757383436956559
            ], 
            [
              -95.573849188149879, 
              42.757360701555271
            ], 
            [
              -95.573822264255938, 
              42.757360701555271
            ], 
            [
              -95.573822264255938, 
              42.757384740016811
            ], 
            [
              -95.573830371144695, 
              42.757384740016811
            ], 
            [
              -95.573830371144695, 
              42.757404081562022
            ]
          ]
        ], 
        "type": "Polygon"
      }, 
      "properties": {
        "Seat Count": "", 
        "Number": "012A", 
        "NCES_Type": "Janitor/Custodial Closet", 
        "Workstations": "", 
        "Element": "Room", 
        "RevitId": 5863761, 
        "occupancyStatus": "Occupied", 
        "Building": "Connected Core", 
        "Area_SF": 69.819999999999993, 
        "Name": "JAN", 
        "NCES_Occupancy Status": "", 
        "NCES_Department": "CCUSO", 
        "Level": "LEVEL 3", 
        "Revit_UniqueId": "46894b12-9641-4f62-b881-9e67f272f949-00596a03"
      }, 
      "type": "Feature"
    }, 
    {
      "geometry": {
        "coordinates": [
          [
            [
              -95.573842952081606, 
              42.757404081562022
            ], 
            [
              -95.573868208158117, 
              42.757404081562022
            ], 
            [
              -95.573868208158117, 
              42.757393210712777
            ], 
            [
              -95.573868208158117, 
              42.757373522068093
            ], 
            [
              -95.573868208158117, 
              42.757360701555271
            ], 
            [
              -95.573849188149879, 
              42.757360701555271
            ], 
            [
              -95.573849188149879, 
              42.757383436956559
            ], 
            [
              -95.573842952081606, 
              42.757383436956559
            ], 
            [
              -95.573842952081606, 
              42.757404081562022
            ]
          ]
        ], 
        "type": "Polygon"
      }, 
      "properties": {
        "Seat Count": "", 
        "Number": "012", 
        "NCES_Type": "Single Stall Restroom", 
        "Workstations": "", 
        "Element": "Room", 
        "RevitId": 5863763, 
        "occupancyStatus": "Occupied", 
        "Building": "Connected Core", 
        "Area_SF": 72.780000000000001, 
        "Name": "RR", 
        "NCES_Occupancy Status": "", 
        "NCES_Department": "CCUSO", 
        "Level": "LEVEL 3", 
        "Revit_UniqueId": "46894b12-9641-4f62-b881-9e67f272f949-00596a06"
      }, 
      "type": "Feature"
    }, 
    {
      "geometry": {
        "coordinates": [
          [
            [
              -95.573875691440051, 
              42.757404081562022
            ], 
            [
              -95.573901687913761, 
              42.757404081562022
            ], 
            [
              -95.573901687913761, 
              42.757402454694812
            ], 
            [
              -95.573901687913761, 
              42.757360701555271
            ], 
            [
              -95.573882551115148, 
              42.757360701555271
            ], 
            [
              -95.573882551115148, 
              42.757373522068093
            ], 
            [
              -95.573868208158117, 
              42.757373522068093
            ], 
            [
              -95.573868208158117, 
              42.757393210712777
            ], 
            [
              -95.573875691440051, 
              42.757393210712777
            ], 
            [
              -95.573875691440051, 
              42.757404081562022
            ]
          ]
        ], 
        "type": "Polygon"
      }, 
      "properties": {
        "Seat Count": "", 
        "Number": "011", 
        "NCES_Type": "Single Stall Restroom", 
        "Workstations": "", 
        "Element": "Room", 
        "RevitId": 5863765, 
        "occupancyStatus": "Occupied", 
        "Building": "Connected Core", 
        "Area_SF": 87.650000000000006, 
        "Name": "RR", 
        "NCES_Occupancy Status": "", 
        "NCES_Department": "CCUSO", 
        "Level": "LEVEL 3", 
        "Revit_UniqueId": "46894b12-9641-4f62-b881-9e67f272f949-00596a09"
      }, 
      "type": "Feature"
    }, 
    {
      "geometry": {
        "coordinates": [
          [
            [
              -95.573882551115148, 
              42.757360701555271
            ], 
            [
              -95.573868208158117, 
              42.757360701555271
            ], 
            [
              -95.573868208158117, 
              42.757373522068093
            ], 
            [
              -95.573882551115148, 
              42.757373522068093
            ], 
            [
              -95.573882551115148, 
              42.757360701555271
            ]
          ]
        ], 
        "type": "Polygon"
      }, 
      "properties": {
        "Seat Count": "", 
        "Number": "011A", 
        "NCES_Type": "Closet", 
        "Workstations": "", 
        "Element": "Room", 
        "RevitId": 5863767, 
        "occupancyStatus": "Occupied", 
        "Building": "Connected Core", 
        "Area_SF": 11.310000000000000, 
        "Name": "LINEN CLOSET", 
        "NCES_Occupancy Status": "", 
        "NCES_Department": "CCUSO", 
        "Level": "LEVEL 3", 
        "Revit_UniqueId": "46894b12-9641-4f62-b881-9e67f272f949-00596a0c"
      }, 
      "type": "Feature"
    }, 
    {
      "geometry": {
        "coordinates": [
          [
            [
              -95.573805115068183, 
              42.757360701555271
            ], 
            [
              -95.573791083914557, 
              42.757360701555271
            ], 
            [
              -95.573791083914557, 
              42.757368943313516
            ], 
            [
              -95.573798099491370, 
              42.757368943313516
            ], 
            [
              -95.573805115068183, 
              42.757368943313516
            ], 
            [
              -95.573805115068183, 
              42.757360701555271
            ]
          ]
        ], 
        "type": "Polygon"
      }, 
      "properties": {
        "Seat Count": "", 
        "Number": "013A", 
        "NCES_Type": "Closet", 
        "Workstations": "", 
        "Element": "Room", 
        "RevitId": 5863769, 
        "occupancyStatus": "Occupied", 
        "Building": "Connected Core", 
        "Area_SF": 6.5, 
        "Name": "LINEN CLOSET", 
        "NCES_Occupancy Status": "", 
        "NCES_Department": "CCUSO", 
        "Level": "LEVEL 3", 
        "Revit_UniqueId": "46894b12-9641-4f62-b881-9e67f272f949-00596a0f"
      }, 
      "type": "Feature"
    }, 
    {
      "geometry": {
        "coordinates": [
          [
            [
              -95.573901687913761, 
              42.757360701555271
            ], 
            [
              -95.573901687913761, 
              42.757404529513032
            ], 
            [
              -95.573938471648603, 
              42.757404529513032
            ], 
            [
              -95.573938471648603, 
              42.757366067974573
            ], 
            [
              -95.573924449442814, 
              42.757355772346607
            ], 
            [
              -95.573907742599943, 
              42.757360701555271
            ], 
            [
              -95.573901687913761, 
              42.757360701555271
            ]
          ]
        ], 
        "type": "Polygon"
      }, 
      "properties": {
        "Seat Count": "", 
        "Number": "044", 
        "NCES_Type": "Stair", 
        "Workstations": "", 
        "Element": "Room", 
        "RevitId": 5863797, 
        "occupancyStatus": "Occupied", 
        "Building": "Connected Core", 
        "Area_SF": 122.56000000000000, 
        "Name": "STAIR", 
        "NCES_Occupancy Status": "", 
        "NCES_Department": "CCUSO", 
        "Level": "LEVEL 3", 
        "Revit_UniqueId": "46894b12-9641-4f62-b881-9e67f272f949-00596a91"
      }, 
      "type": "Feature"
    }, 
    {
      "geometry": {
        "coordinates": [
          [
            [
              -95.572871388476415, 
              42.757085585019674
            ], 
            [
              -95.572871388476415, 
              42.756991025779506
            ], 
            [
              -95.572867289846130, 
              42.756990127240392
            ], 
            [
              -95.572832917777646, 
              42.756990127240392
            ], 
            [
              -95.572832917777646, 
              42.757004028890449
            ], 
            [
              -95.572832917777646, 
              42.757035851234768
            ], 
            [
              -95.572832917777646, 
              42.757138011759601
            ], 
            [
              -95.572871388476415, 
              42.757138011759601
            ], 
            [
              -95.572901633407540, 
              42.757138011759601
            ], 
            [
              -95.572901633407540, 
              42.757103609024099
            ], 
            [
              -95.572901633407540, 
              42.757085585019674
            ], 
            [
              -95.572871388476415, 
              42.757085585019674
            ]
          ]
        ], 
        "type": "Polygon"
      }, 
      "properties": {
        "Seat Count": "", 
        "Number": "010UU", 
        "NCES_Type": "Corridor/Hallway", 
        "Workstations": "", 
        "Element": "Room", 
        "RevitId": 5923754, 
        "occupancyStatus": "Occupied", 
        "Building": "Connected Core", 
        "Area_SF": 588.35000000000002, 
        "Name": "CORRIDOR", 
        "NCES_Occupancy Status": "", 
        "NCES_Department": "CCUSO", 
        "Level": "LEVEL 3", 
        "Revit_UniqueId": "db0be3e9-3b45-462b-9900-5806e1fd64a6-005a4aaf"
      }, 
      "type": "Feature"
    }, 
    {
      "geometry": {
        "coordinates": [
          [
            [
              -95.570869715071353, 
              42.757283348038946
            ], 
            [
              -95.570905785902056, 
              42.757283348038946
            ], 
            [
              -95.570905785902056, 
              42.757259996390594
            ], 
            [
              -95.570869715071353, 
              42.757259996390594
            ], 
            [
              -95.570869715071353, 
              42.757283348038946
            ]
          ]
        ], 
        "type": "Polygon"
      }, 
      "properties": {
        "Seat Count": "", 
        "Number": "010BBB", 
        "NCES_Type": "Elevator/Lift", 
        "Workstations": "", 
        "Element": "Room", 
        "RevitId": 5923784, 
        "occupancyStatus": "Occupied", 
        "Building": "Connected Core", 
        "Area_SF": 60.479999999999997, 
        "Name": "ELEV", 
        "NCES_Occupancy Status": "", 
        "NCES_Department": "CCUSO", 
        "Level": "LEVEL 3", 
        "Revit_UniqueId": "db0be3e9-3b45-462b-9900-5806e1fd64a6-005a4ce7"
      }, 
      "type": "Feature"
    }, 
    {
      "geometry": {
        "coordinates": [
          [
            [
              -95.570838898679540, 
              42.757259996390594
            ], 
            [
              -95.570838898679540, 
              42.757283348038946
            ], 
            [
              -95.570869715071353, 
              42.757283348038946
            ], 
            [
              -95.570869715071353, 
              42.757259996390594
            ], 
            [
              -95.570838898679540, 
              42.757259996390594
            ]
          ]
        ], 
        "type": "Polygon"
      }, 
      "properties": {
        "Seat Count": "", 
        "Number": "010CCC", 
        "NCES_Type": "Waiting/Queue Area", 
        "Workstations": "", 
        "Element": "Room", 
        "RevitId": 5923786, 
        "occupancyStatus": "Occupied", 
        "Building": "Connected Core", 
        "Area_SF": 50.649999999999999, 
        "Name": "ELEV LOBBY", 
        "NCES_Occupancy Status": "", 
        "NCES_Department": "CCUSO", 
        "Level": "LEVEL 3", 
        "Revit_UniqueId": "db0be3e9-3b45-462b-9900-5806e1fd64a6-005a4cea"
      }, 
      "type": "Feature"
    }, 
    {
      "geometry": {
        "coordinates": [
          [
            [
              -95.572435551647814, 
              42.757404323414818
            ], 
            [
              -95.572435551647814, 
              42.757342618995075
            ], 
            [
              -95.572435551647814, 
              42.757245195238887
            ], 
            [
              -95.572105416311160, 
              42.757245195238887
            ], 
            [
              -95.572104480900919, 
              42.757245195238887
            ], 
            [
              -95.572104480900919, 
              42.757404323414818
            ], 
            [
              -95.572435551647814, 
              42.757404323414818
            ]
          ]
        ], 
        "type": "Polygon"
      }, 
      "properties": {
        "Seat Count": "", 
        "Number": "010FFF", 
        "NCES_Type": "Gymnasium", 
        "Workstations": "", 
        "Element": "Room", 
        "RevitId": 5923792, 
        "occupancyStatus": "Occupied", 
        "Building": "Connected Core", 
        "Area_SF": 4907.8000000000002, 
        "Name": "GYMNASIUM", 
        "NCES_Occupancy Status": "", 
        "NCES_Department": "MHI", 
        "Level": "LEVEL 3", 
        "Revit_UniqueId": "db0be3e9-3b45-462b-9900-5806e1fd64a6-005a4d20"
      }, 
      "type": "Feature"
    }, 
    {
      "geometry": {
        "coordinates": [
          [
            [
              -95.571730085660249, 
              42.757416721278133
            ], 
            [
              -95.572069654264141, 
              42.757416721278133
            ], 
            [
              -95.572069654264141, 
              42.757364030374525
            ], 
            [
              -95.572028808016938, 
              42.757364030374525
            ], 
            [
              -95.572028808016938, 
              42.757330834403831
            ], 
            [
              -95.572069654264141, 
              42.757330834403831
            ], 
            [
              -95.572069654264141, 
              42.757245195238887
            ], 
            [
              -95.572068718853899, 
              42.757245195238887
            ], 
            [
              -95.571730085660249, 
              42.757245195238887
            ], 
            [
              -95.571730085660249, 
              42.757283656777354
            ], 
            [
              -95.571730085660249, 
              42.757316535181587
            ], 
            [
              -95.571730085660249, 
              42.757416721278133
            ]
          ]
        ], 
        "type": "Polygon"
      }, 
      "properties": {
        "Seat Count": "", 
        "Number": "010GGG", 
        "NCES_Type": "Auditorium", 
        "Workstations": "", 
        "Element": "Room", 
        "RevitId": 5923794, 
        "occupancyStatus": "Occupied", 
        "Building": "Connected Core", 
        "Area_SF": 5304.8599999999997, 
        "Name": "AUDITORIUM", 
        "NCES_Occupancy Status": "", 
        "NCES_Department": "General", 
        "Level": "LEVEL 3", 
        "Revit_UniqueId": "db0be3e9-3b45-462b-9900-5806e1fd64a6-005a4d23"
      }, 
      "type": "Feature"
    }, 
    {
      "geometry": {
        "coordinates": [
          [
            [
              -95.572123890284857, 
              42.756706304544963
            ], 
            [
              -95.572153511609159, 
              42.756706304544963
            ], 
            [
              -95.572163801121803, 
              42.756706304544963
            ], 
            [
              -95.572163801121803, 
              42.756648569606476
            ], 
            [
              -95.572137921438468, 
              42.756648569606476
            ], 
            [
              -95.572137921438468, 
              42.756673795387456
            ], 
            [
              -95.572123890284857, 
              42.756673795387456
            ], 
            [
              -95.572123890284857, 
              42.756706304544963
            ]
          ]
        ], 
        "type": "Polygon"
      }, 
      "properties": {
        "Seat Count": "", 
        "Number": "081", 
        "NCES_Type": "Copy/Print/Mail Area", 
        "Workstations": "", 
        "Element": "Room", 
        "RevitId": 5927375, 
        "occupancyStatus": "Occupied", 
        "Building": "Connected Core", 
        "Area_SF": 160.43000000000001, 
        "Name": "COPY ROOM", 
        "NCES_Occupancy Status": "", 
        "NCES_Department": "Administration", 
        "Level": "LEVEL 3", 
        "Revit_UniqueId": "185e0212-5b70-45e3-8c84-bf7a196600d1-005a71cf"
      }, 
      "type": "Feature"
    }, 
    {
      "geometry": {
        "coordinates": [
          [
            [
              -95.572137921438468, 
              42.756648569606476
            ], 
            [
              -95.572123890284857, 
              42.756648569606476
            ], 
            [
              -95.572123890284857, 
              42.756673795387456
            ], 
            [
              -95.572137921438468, 
              42.756673795387456
            ], 
            [
              -95.572137921438468, 
              42.756648569606476
            ]
          ]
        ], 
        "type": "Polygon"
      }, 
      "properties": {
        "Seat Count": "", 
        "Number": "082", 
        "NCES_Type": "Closet", 
        "Workstations": "", 
        "Element": "Room", 
        "RevitId": 5927734, 
        "occupancyStatus": "Occupied", 
        "Building": "Connected Core", 
        "Area_SF": 22.5, 
        "Name": "CLOS", 
        "NCES_Occupancy Status": "", 
        "NCES_Department": "Administration", 
        "Level": "LEVEL 3", 
        "Revit_UniqueId": "185e0212-5b70-45e3-8c84-bf7a196600d1-005a7336"
      }, 
      "type": "Feature"
    }, 
    {
      "geometry": {
        "coordinates": [
          [
            [
              -95.571607175141182, 
              42.756906148996016
            ], 
            [
              -95.571607175141182, 
              42.756886332992110
            ], 
            [
              -95.571540053964753, 
              42.756886332992110
            ], 
            [
              -95.571540053964753, 
              42.756906148996016
            ], 
            [
              -95.571607175141182, 
              42.756906148996016
            ]
          ]
        ], 
        "type": "Polygon"
      }, 
      "properties": {
        "Seat Count": "", 
        "Number": "012N", 
        "NCES_Type": "Mechanical Room", 
        "Workstations": "", 
        "Element": "Room", 
        "RevitId": 5960764, 
        "occupancyStatus": "Occupied", 
        "Building": "Connected Core", 
        "Area_SF": 210.75, 
        "Name": "AIR HANDLING ROOM", 
        "NCES_Occupancy Status": "", 
        "NCES_Department": "CCUSO", 
        "Level": "LEVEL 3", 
        "Revit_UniqueId": "9ab5b8f0-ca7f-4f32-b5ae-3b2d2971185f-005af43c"
      }, 
      "type": "Feature"
    }, 
    {
      "geometry": {
        "coordinates": [
          [
            [
              -95.571839490257261, 
              42.757005617933579
            ], 
            [
              -95.571839490257261, 
              42.757035758957414
            ], 
            [
              -95.572009518107564, 
              42.757035758957414
            ], 
            [
              -95.572049387042256, 
              42.757035758957414
            ], 
            [
              -95.572051147925521, 
              42.757035758957414
            ], 
            [
              -95.572053313426096, 
              42.757037348948927
            ], 
            [
              -95.572068718853899, 
              42.757048660190250
            ], 
            [
              -95.572068718853899, 
              42.757052242473904
            ], 
            [
              -95.572068718853899, 
              42.757245195238887
            ], 
            [
              -95.572069654264141, 
              42.757245195238887
            ], 
            [
              -95.572069654264141, 
              42.757330834403831
            ], 
            [
              -95.572069654264141, 
              42.757364030374525
            ], 
            [
              -95.572069654264141, 
              42.757416721278133
            ], 
            [
              -95.572104480900919, 
              42.757416721278133
            ], 
            [
              -95.572104480900919, 
              42.757404323414818
            ], 
            [
              -95.572104480900919, 
              42.757245195238887
            ], 
            [
              -95.572105416311160, 
              42.757245195238887
            ], 
            [
              -95.572105416311160, 
              42.757049458889867
            ], 
            [
              -95.572123013946268, 
              42.757036538047956
            ], 
            [
              -95.572333916996058, 
              42.757036538047956
            ], 
            [
              -95.572333916996058, 
              42.757005617933579
            ], 
            [
              -95.572122973414949, 
              42.757005617933579
            ], 
            [
              -95.572107287131644, 
              42.756994100477655
            ], 
            [
              -95.572066578132279, 
              42.756994100477655
            ], 
            [
              -95.572050891848960, 
              42.757005617933579
            ], 
            [
              -95.571839490257261, 
              42.757005617933579
            ]
          ]
        ], 
        "type": "Polygon"
      }, 
      "properties": {
        "Seat Count": "", 
        "Number": "012O", 
        "NCES_Type": "Corridor/Hallway", 
        "Workstations": "", 
        "Element": "Room", 
        "RevitId": 5961073, 
        "occupancyStatus": "Occupied", 
        "Building": "Connected Core", 
        "Area_SF": 2359.5, 
        "Name": "CORRIDOR", 
        "NCES_Occupancy Status": "", 
        "NCES_Department": "General", 
        "Level": "LEVEL 3", 
        "Revit_UniqueId": "9ab5b8f0-ca7f-4f32-b5ae-3b2d2971185f-005af571"
      }, 
      "type": "Feature"
    }, 
    {
      "geometry": {
        "coordinates": [
          [
            [
              -95.571247480444768, 
              42.757223879426405
            ], 
            [
              -95.571344961827478, 
              42.757223879426405
            ], 
            [
              -95.571344961827478, 
              42.757178070379879
            ], 
            [
              -95.571247480444768, 
              42.757178070379879
            ], 
            [
              -95.571247480444768, 
              42.757186822105083
            ], 
            [
              -95.571247480444768, 
              42.757212432539951
            ], 
            [
              -95.571247480444768, 
              42.757223879426405
            ]
          ]
        ], 
        "type": "Polygon"
      }, 
      "properties": {
        "Seat Count": "", 
        "Number": "012GGG", 
        "NCES_Type": "General Storage", 
        "Workstations": "", 
        "Element": "Room", 
        "RevitId": 5964192, 
        "occupancyStatus": "Occupied", 
        "Building": "Connected Core", 
        "Area_SF": 366.44000000000000, 
        "Name": "STORAGE", 
        "NCES_Occupancy Status": "", 
        "NCES_Department": "CCUSO", 
        "Level": "LEVEL 3", 
        "Revit_UniqueId": "9ab5b8f0-ca7f-4f32-b5ae-3b2d2971185f-005b01a0"
      }, 
      "type": "Feature"
    }, 
    {
      "geometry": {
        "coordinates": [
          [
            [
              -95.571103092247398, 
              42.757176009940316
            ], 
            [
              -95.571103092247398, 
              42.757178070379879
            ], 
            [
              -95.571206634197566, 
              42.757178070379879
            ], 
            [
              -95.571206634197566, 
              42.757177383566692
            ], 
            [
              -95.571208524601175, 
              42.757177383566692
            ], 
            [
              -95.571223471581902, 
              42.757177383566692
            ], 
            [
              -95.571247480444768, 
              42.757177383566692
            ], 
            [
              -95.571247480444768, 
              42.757178070379879
            ], 
            [
              -95.571344961827478, 
              42.757178070379879
            ], 
            [
              -95.571348703468445, 
              42.757178070379879
            ], 
            [
              -95.571348703468445, 
              42.757178757193067
            ], 
            [
              -95.571350886092347, 
              42.757178757193067
            ], 
            [
              -95.571350886092347, 
              42.757139837779150
            ], 
            [
              -95.571344961827478, 
              42.757139837779150
            ], 
            [
              -95.571344961827478, 
              42.757140524592330
            ], 
            [
              -95.571341200603399, 
              42.757140524592330
            ], 
            [
              -95.571284280251774, 
              42.757140524592330
            ], 
            [
              -95.571247487448943, 
              42.757140524592330
            ], 
            [
              -95.571211630056368, 
              42.757140524592330
            ], 
            [
              -95.571175772663779, 
              42.757140524592330
            ], 
            [
              -95.571138979860962, 
              42.757140524592330
            ], 
            [
              -95.571100939844484, 
              42.757140524592330
            ], 
            [
              -95.571100939844484, 
              42.757111505372947
            ], 
            [
              -95.571100939844484, 
              42.757108743741540
            ], 
            [
              -95.571101875254726, 
              42.757108743741540
            ], 
            [
              -95.571101875254726, 
              42.757093175975967
            ], 
            [
              -95.571101875254726, 
              42.757071877690329
            ], 
            [
              -95.571083843641034, 
              42.757058638205109
            ], 
            [
              -95.571055781333797, 
              42.757058638205109
            ], 
            [
              -95.571036396537835, 
              42.757072871247360
            ], 
            [
              -95.571036396537835, 
              42.757093175975967
            ], 
            [
              -95.571036396537835, 
              42.757108743741540
            ], 
            [
              -95.571036396537835, 
              42.757140524592330
            ], 
            [
              -95.570999681685862, 
              42.757140524592330
            ], 
            [
              -95.57096343453901, 
              42.757140524592330
            ], 
            [
              -95.570925827609102, 
              42.757140524592330
            ], 
            [
              -95.570801861919463, 
              42.757140524592330
            ], 
            [
              -95.570801861919463, 
              42.757139837779150
            ], 
            [
              -95.570795625851190, 
              42.757139837779150
            ], 
            [
              -95.570795625851190, 
              42.757178070379879
            ], 
            [
              -95.570802729483546, 
              42.757178070379879
            ], 
            [
              -95.570813018996191, 
              42.757178070379879
            ], 
            [
              -95.570837963269298, 
              42.757178070379879
            ], 
            [
              -95.570903231848717, 
              42.757178070379879
            ], 
            [
              -95.570935093372782, 
              42.757178070379879
            ], 
            [
              -95.570960661252698, 
              42.757178070379879
            ], 
            [
              -95.570970327158534, 
              42.757178070379879
            ], 
            [
              -95.570985293722387, 
              42.757178070379879
            ], 
            [
              -95.570995271431627, 
              42.757178070379879
            ], 
            [
              -95.571035810282240, 
              42.757178070379879
            ], 
            [
              -95.571035810282240, 
              42.757176009940316
            ], 
            [
              -95.571103092247398, 
              42.757176009940316
            ]
          ]
        ], 
        "type": "Polygon"
      }, 
      "properties": {
        "Seat Count": "", 
        "Number": "012HHH", 
        "NCES_Type": "Corridor/Hallway", 
        "Workstations": "", 
        "Element": "Room", 
        "RevitId": 5964195, 
        "occupancyStatus": "Occupied", 
        "Building": "Connected Core", 
        "Area_SF": 2370.0799999999999, 
        "Name": "CORRIDOR", 
        "NCES_Occupancy Status": "", 
        "NCES_Department": "CCUSO", 
        "Level": "LEVEL 3", 
        "Revit_UniqueId": "9ab5b8f0-ca7f-4f32-b5ae-3b2d2971185f-005b01a3"
      }, 
      "type": "Feature"
    }, 
    {
      "geometry": {
        "coordinates": [
          [
            [
              -95.570708989741789, 
              42.757411999895389
            ], 
            [
              -95.570744535330959, 
              42.757411999895389
            ], 
            [
              -95.570744535330959, 
              42.757366877662051
            ], 
            [
              -95.570744535330959, 
              42.757365504035675
            ], 
            [
              -95.570708989741789, 
              42.757365504035675
            ], 
            [
              -95.570708989741789, 
              42.757411999895389
            ]
          ]
        ], 
        "type": "Polygon"
      }, 
      "properties": {
        "Seat Count": "", 
        "Number": "231", 
        "NCES_Type": "Laundry", 
        "Workstations": "", 
        "Element": "Room", 
        "RevitId": 5967719, 
        "occupancyStatus": "Occupied", 
        "Building": "Connected Core", 
        "Area_SF": 131.11000000000001, 
        "Name": "LAUNDRY", 
        "NCES_Occupancy Status": "", 
        "NCES_Department": "CCUSO", 
        "Level": "LEVEL 3", 
        "Revit_UniqueId": "83b481c6-5042-4b52-affc-36b729025dcb-005b0f67"
      }, 
      "type": "Feature"
    }, 
    {
      "geometry": {
        "coordinates": [
          [
            [
              -95.570779152514064, 
              42.757296864210524
            ], 
            [
              -95.570778217103822, 
              42.757296864210524
            ], 
            [
              -95.570742359711247, 
              42.757296864210524
            ], 
            [
              -95.570742359711247, 
              42.757328645061321
            ], 
            [
              -95.570779152514064, 
              42.757328645061321
            ], 
            [
              -95.570779152514064, 
              42.757296864210524
            ]
          ]
        ], 
        "type": "Polygon"
      }, 
      "properties": {
        "Seat Count": "", 
        "Number": "232", 
        "NCES_Type": "Program Service Room", 
        "Workstations": "", 
        "Element": "Room", 
        "RevitId": 5967722, 
        "occupancyStatus": "Occupied", 
        "Building": "Connected Core", 
        "Area_SF": 88.359999999999999, 
        "Name": "PROGRAM\r\nROOM", 
        "NCES_Occupancy Status": "", 
        "NCES_Department": "CCUSO", 
        "Level": "LEVEL 3", 
        "Revit_UniqueId": "83b481c6-5042-4b52-affc-36b729025dcb-005b0f6a"
      }, 
      "type": "Feature"
    }, 
    {
      "geometry": {
        "coordinates": [
          [
            [
              -95.570742359711247, 
              42.757296864210524
            ], 
            [
              -95.570706502318671, 
              42.757296864210524
            ], 
            [
              -95.570706502318671, 
              42.757328645061321
            ], 
            [
              -95.570742359711247, 
              42.757328645061321
            ], 
            [
              -95.570742359711247, 
              42.757296864210524
            ]
          ]
        ], 
        "type": "Polygon"
      }, 
      "properties": {
        "Seat Count": "", 
        "Number": "233", 
        "NCES_Type": "Program Service Room", 
        "Workstations": "", 
        "Element": "Room", 
        "RevitId": 5967725, 
        "occupancyStatus": "Occupied", 
        "Building": "Connected Core", 
        "Area_SF": 87.549999999999997, 
        "Name": "PROGRAM\r\nROOM", 
        "NCES_Occupancy Status": "", 
        "NCES_Department": "CCUSO", 
        "Level": "LEVEL 3", 
        "Revit_UniqueId": "83b481c6-5042-4b52-affc-36b729025dcb-005b0f6d"
      }, 
      "type": "Feature"
    }, 
    {
      "geometry": {
        "coordinates": [
          [
            [
              -95.570706502318671, 
              42.757296864210524
            ], 
            [
              -95.570670644926082, 
              42.757296864210524
            ], 
            [
              -95.570670644926082, 
              42.757328645061321
            ], 
            [
              -95.570706502318671, 
              42.757328645061321
            ], 
            [
              -95.570706502318671, 
              42.757296864210524
            ]
          ]
        ], 
        "type": "Polygon"
      }, 
      "properties": {
        "Seat Count": "", 
        "Number": "234", 
        "NCES_Type": "Program Service Room", 
        "Workstations": "", 
        "Element": "Room", 
        "RevitId": 5967728, 
        "occupancyStatus": "Occupied", 
        "Building": "Connected Core", 
        "Area_SF": 85.909999999999997, 
        "Name": "PROGRAM\r\nROOM", 
        "NCES_Occupancy Status": "", 
        "NCES_Department": "CCUSO", 
        "Level": "LEVEL 3", 
        "Revit_UniqueId": "83b481c6-5042-4b52-affc-36b729025dcb-005b0f70"
      }, 
      "type": "Feature"
    }, 
    {
      "geometry": {
        "coordinates": [
          [
            [
              -95.570670644926082, 
              42.757296864210524
            ], 
            [
              -95.570633852123265, 
              42.757296864210524
            ], 
            [
              -95.570633852123265, 
              42.757328645061321
            ], 
            [
              -95.570670644926082, 
              42.757328645061321
            ], 
            [
              -95.570670644926082, 
              42.757296864210524
            ]
          ]
        ], 
        "type": "Polygon"
      }, 
      "properties": {
        "Seat Count": "", 
        "Number": "235", 
        "NCES_Type": "Program Service Room", 
        "Workstations": "", 
        "Element": "Room", 
        "RevitId": 5967731, 
        "occupancyStatus": "Occupied", 
        "Building": "Connected Core", 
        "Area_SF": 86.730000000000004, 
        "Name": "PROGRAM\r\nROOM", 
        "NCES_Occupancy Status": "", 
        "NCES_Department": "CCUSO", 
        "Level": "LEVEL 3", 
        "Revit_UniqueId": "83b481c6-5042-4b52-affc-36b729025dcb-005b0f73"
      }, 
      "type": "Feature"
    }, 
    {
      "geometry": {
        "coordinates": [
          [
            [
              -95.570633852123265, 
              42.757296864210524
            ], 
            [
              -95.570595812106788, 
              42.757296864210524
            ], 
            [
              -95.570595812106788, 
              42.757328645061321
            ], 
            [
              -95.570633852123265, 
              42.757328645061321
            ], 
            [
              -95.570633852123265, 
              42.757296864210524
            ]
          ]
        ], 
        "type": "Polygon"
      }, 
      "properties": {
        "Seat Count": "", 
        "Number": "236", 
        "NCES_Type": "Program Service Room", 
        "Workstations": "", 
        "Element": "Room", 
        "RevitId": 5967734, 
        "occupancyStatus": "Occupied", 
        "Building": "Connected Core", 
        "Area_SF": 90.0, 
        "Name": "PROGRAM\r\nROOM", 
        "NCES_Occupancy Status": "", 
        "NCES_Department": "CCUSO", 
        "Level": "LEVEL 3", 
        "Revit_UniqueId": "83b481c6-5042-4b52-affc-36b729025dcb-005b0f76"
      }, 
      "type": "Feature"
    }, 
    {
      "geometry": {
        "coordinates": [
          [
            [
              -95.570597029099460, 
              42.757414747148133
            ], 
            [
              -95.570596093689218, 
              42.757414747148133
            ], 
            [
              -95.570596093689218, 
              42.757411999895389
            ], 
            [
              -95.570596093689218, 
              42.757403758137144
            ], 
            [
              -95.570570525809288, 
              42.757403758137144
            ], 
            [
              -95.570554000228356, 
              42.757403758137144
            ], 
            [
              -95.570532553365013, 
              42.757403758137144
            ], 
            [
              -95.570532553365013, 
              42.757409238263975
            ], 
            [
              -95.570532553365013, 
              42.757411999895389
            ], 
            [
              -95.570531617954771, 
              42.757411999895389
            ], 
            [
              -95.570531617954771, 
              42.757416168773879
            ], 
            [
              -95.570597029099460, 
              42.757416168773879
            ], 
            [
              -95.570597029099460, 
              42.757414747148133
            ]
          ]
        ], 
        "type": "Polygon"
      }, 
      "properties": {
        "Seat Count": "", 
        "Number": "238", 
        "NCES_Type": "Mechanical Room", 
        "Workstations": "", 
        "Element": "Room", 
        "RevitId": 5967737, 
        "occupancyStatus": "Occupied", 
        "Building": "Connected Core", 
        "Area_SF": 168.50999999999999, 
        "Name": "AHU ROOM", 
        "NCES_Occupancy Status": "", 
        "NCES_Department": "CCUSO", 
        "Level": "LEVEL 3", 
        "Revit_UniqueId": "83b481c6-5042-4b52-affc-36b729025dcb-005b0f79"
      }, 
      "type": "Feature"
    }, 
    {
      "geometry": {
        "coordinates": [
          [
            [
              -95.570596093689218, 
              42.757403758137144
            ], 
            [
              -95.570596093689218, 
              42.757380864364251
            ], 
            [
              -95.570597964509702, 
              42.757380864364251
            ], 
            [
              -95.570597964509702, 
              42.757366190848863
            ], 
            [
              -95.570626026816939, 
              42.757366190848863
            ], 
            [
              -95.570658789392184, 
              42.757366190848863
            ], 
            [
              -95.570708989741789, 
              42.757366190848863
            ], 
            [
              -95.570708989741789, 
              42.757365504035675
            ], 
            [
              -95.570710880145398, 
              42.757365504035675
            ], 
            [
              -95.570744535330959, 
              42.757365504035675
            ], 
            [
              -95.570744535330959, 
              42.757366877662051
            ], 
            [
              -95.570783666659395, 
              42.757366877662051
            ], 
            [
              -95.570783666659395, 
              42.757366190848863
            ], 
            [
              -95.570784933456167, 
              42.757366190848863
            ], 
            [
              -95.570839834089782, 
              42.757366190848863
            ], 
            [
              -95.570843575730748, 
              42.757366190848863
            ], 
            [
              -95.570843575730748, 
              42.757366877662051
            ], 
            [
              -95.570845758354636, 
              42.757366877662051
            ], 
            [
              -95.570845758354636, 
              42.757327958248133
            ], 
            [
              -95.570839834089782, 
              42.757327958248133
            ], 
            [
              -95.570839834089782, 
              42.757328645061321
            ], 
            [
              -95.570836072865688, 
              42.757328645061321
            ], 
            [
              -95.570779152514064, 
              42.757328645061321
            ], 
            [
              -95.570742359711247, 
              42.757328645061321
            ], 
            [
              -95.570706502318671, 
              42.757328645061321
            ], 
            [
              -95.570670644926082, 
              42.757328645061321
            ], 
            [
              -95.570633852123265, 
              42.757328645061321
            ], 
            [
              -95.570595812106788, 
              42.757328645061321
            ], 
            [
              -95.570595812106788, 
              42.757299625841931
            ], 
            [
              -95.570595812106788, 
              42.757296864210524
            ], 
            [
              -95.570596747517030, 
              42.757296864210524
            ], 
            [
              -95.570596747517030, 
              42.757261512863316
            ], 
            [
              -95.570531268800138, 
              42.757261512863316
            ], 
            [
              -95.570531268800138, 
              42.757296864210524
            ], 
            [
              -95.570531268800138, 
              42.757328645061321
            ], 
            [
              -95.570494553948166, 
              42.757328645061321
            ], 
            [
              -95.570458306801314, 
              42.757328645061321
            ], 
            [
              -95.570420699871391, 
              42.757328645061321
            ], 
            [
              -95.570359718471337, 
              42.757328645061321
            ], 
            [
              -95.570296734181767, 
              42.757328645061321
            ], 
            [
              -95.570296734181767, 
              42.757327958248133
            ], 
            [
              -95.570290498113494, 
              42.757327958248133
            ], 
            [
              -95.570271098161953, 
              42.757359823531182
            ], 
            [
              -95.570279518742353, 
              42.757357694655099
            ], 
            [
              -95.570295730925366, 
              42.757361562366320
            ], 
            [
              -95.570295730925366, 
              42.757366190848863
            ], 
            [
              -95.570297601745835, 
              42.757366190848863
            ], 
            [
              -95.570307891258494, 
              42.757366190848863
            ], 
            [
              -95.570332835531602, 
              42.757366190848863
            ], 
            [
              -95.570338759796456, 
              42.757366190848863
            ], 
            [
              -95.570355075239931, 
              42.757366190848863
            ], 
            [
              -95.570399663128086, 
              42.757366190848863
            ], 
            [
              -95.570416558088283, 
              42.757366190848863
            ], 
            [
              -95.570426223994104, 
              42.757366190848863
            ], 
            [
              -95.570455533515002, 
              42.757366190848863
            ], 
            [
              -95.570465199420823, 
              42.757366190848863
            ], 
            [
              -95.570480165984691, 
              42.757366190848863
            ], 
            [
              -95.570530682544529, 
              42.757366190848863
            ], 
            [
              -95.570530682544529, 
              42.757386816745203
            ], 
            [
              -95.570532553365013, 
              42.757386816745203
            ], 
            [
              -95.570532553365013, 
              42.757403758137144
            ], 
            [
              -95.570554000228356, 
              42.757403758137144
            ], 
            [
              -95.570554000228356, 
              42.757395974254358
            ], 
            [
              -95.570570525809288, 
              42.757395974254358
            ], 
            [
              -95.570570525809288, 
              42.757403758137144
            ], 
            [
              -95.570596093689218, 
              42.757403758137144
            ]
          ]
        ], 
        "type": "Polygon"
      }, 
      "properties": {
        "Seat Count": "", 
        "Number": "239", 
        "NCES_Type": "Corridor/Hallway", 
        "Workstations": "", 
        "Element": "Room", 
        "RevitId": 5967740, 
        "occupancyStatus": "Occupied", 
        "Building": "Connected Core", 
        "Area_SF": 2625.3600000000001, 
        "Name": "CORRIDOR", 
        "NCES_Occupancy Status": "", 
        "NCES_Department": "CCUSO", 
        "Level": "LEVEL 3", 
        "Revit_UniqueId": "83b481c6-5042-4b52-affc-36b729025dcb-005b0f7c"
      }, 
      "type": "Feature"
    }, 
    {
      "geometry": {
        "coordinates": [
          [
            [
              -95.570297601745835, 
              42.757376721984393
            ], 
            [
              -95.570297601745835, 
              42.757366190848863
            ], 
            [
              -95.570295730925366, 
              42.757366190848863
            ], 
            [
              -95.570295730925366, 
              42.757361562366320
            ], 
            [
              -95.570279518742353, 
              42.757357694655099
            ], 
            [
              -95.570271098161953, 
              42.757359823531182
            ], 
            [
              -95.570262991566921, 
              42.757361873026056
            ], 
            [
              -95.570262991566921, 
              42.757404444950332
            ], 
            [
              -95.570297601745835, 
              42.757404444950332
            ], 
            [
              -95.570297601745835, 
              42.757387925980417
            ], 
            [
              -95.570297601745835, 
              42.757376721984393
            ]
          ]
        ], 
        "type": "Polygon"
      }, 
      "properties": {
        "Seat Count": "", 
        "Number": "240", 
        "NCES_Type": "Stair", 
        "Workstations": "", 
        "Element": "Room", 
        "RevitId": 5967857, 
        "occupancyStatus": "Occupied", 
        "Building": "Connected Core", 
        "Area_SF": 118.89000000000000, 
        "Name": "STAIR", 
        "NCES_Occupancy Status": "", 
        "NCES_Department": "CCUSO", 
        "Level": "LEVEL 3", 
        "Revit_UniqueId": "83b481c6-5042-4b52-affc-36b729025dcb-005b0ff1"
      }, 
      "type": "Feature"
    }, 
    {
      "geometry": {
        "coordinates": [
          [
            [
              -95.572832917777646, 
              42.757138011759601
            ], 
            [
              -95.572826287895637, 
              42.757138011759601
            ], 
            [
              -95.572826287895637, 
              42.757177883300528
            ], 
            [
              -95.572831046957162, 
              42.757177883300528
            ], 
            [
              -95.572879688289717, 
              42.757177883300528
            ], 
            [
              -95.572941106942906, 
              42.757177883300528
            ], 
            [
              -95.572970104660385, 
              42.757177883300528
            ], 
            [
              -95.572989748275447, 
              42.757177883300528
            ], 
            [
              -95.573035218541847, 
              42.757177883300528
            ], 
            [
              -95.573099855125818, 
              42.757177883300528
            ], 
            [
              -95.573099855125818, 
              42.757176509674153
            ], 
            [
              -95.573101733429581, 
              42.757176509674153
            ], 
            [
              -95.573150624835108, 
              42.757176509674153
            ], 
            [
              -95.573167142932746, 
              42.757176509674153
            ], 
            [
              -95.573169021236524, 
              42.757176509674153
            ], 
            [
              -95.573169021236524, 
              42.757177883300528
            ], 
            [
              -95.573212096207982, 
              42.757177883300528
            ], 
            [
              -95.573237975891331, 
              42.757177883300528
            ], 
            [
              -95.573251695241538, 
              42.757177883300528
            ], 
            [
              -95.573278198531696, 
              42.757177883300528
            ], 
            [
              -95.573313048597925, 
              42.757177883300528
            ], 
            [
              -95.573384175349545, 
              42.757177883300528
            ], 
            [
              -95.573416914707977, 
              42.757177883300528
            ], 
            [
              -95.573430957303046, 
              42.757177883300528
            ], 
            [
              -95.573430957303046, 
              42.757138011759601
            ], 
            [
              -95.573423616473704, 
              42.757138011759601
            ], 
            [
              -95.573355955132925, 
              42.757138011759601
            ], 
            [
              -95.573288605595550, 
              42.757138011759601
            ], 
            [
              -95.573248270517098, 
              42.757138011759601
            ], 
            [
              -95.573208983286960, 
              42.757138011759601
            ], 
            [
              -95.573169696056823, 
              42.757138011759601
            ], 
            [
              -95.573100112682084, 
              42.757138011759601
            ], 
            [
              -95.573057668387634, 
              42.757138011759601
            ], 
            [
              -95.573017445747269, 
              42.757138011759601
            ], 
            [
              -95.572977846713712, 
              42.757138011759601
            ], 
            [
              -95.572938871286993, 
              42.757138011759601
            ], 
            [
              -95.572901633407540, 
              42.757138011759601
            ], 
            [
              -95.572871388476415, 
              42.757138011759601
            ], 
            [
              -95.572832917777646, 
              42.757138011759601
            ]
          ]
        ], 
        "type": "Polygon"
      }, 
      "properties": {
        "Seat Count": "", 
        "Number": "244", 
        "NCES_Type": "Corridor/Hallway", 
        "Workstations": "", 
        "Element": "Room", 
        "RevitId": 5991314, 
        "occupancyStatus": "Occupied", 
        "Building": "Connected Core", 
        "Area_SF": 2249.9600000000000, 
        "Name": "CORRIDOR", 
        "NCES_Occupancy Status": "", 
        "NCES_Department": "CCUSO", 
        "Level": "LEVEL 3", 
        "Revit_UniqueId": "0f5c1804-2ca3-42ab-83da-8c3ea60eb790-005b6b92"
      }, 
      "type": "Feature"
    }, 
    {
      "geometry": {
        "coordinates": [
          [
            [
              -95.573381390806574, 
              42.757404199723773
            ], 
            [
              -95.573475243634107, 
              42.757404199723773
            ], 
            [
              -95.573475243634107, 
              42.757360701555271
            ], 
            [
              -95.573381390806574, 
              42.757360701555271
            ], 
            [
              -95.573381390806574, 
              42.757404199723773
            ]
          ]
        ], 
        "type": "Polygon"
      }, 
      "properties": {
        "Seat Count": "", 
        "Number": "247", 
        "NCES_Type": "Patient Room", 
        "Workstations": "", 
        "Element": "Room", 
        "RevitId": 6006602, 
        "occupancyStatus": "Occupied", 
        "Building": "Connected Core", 
        "Area_SF": 341.61000000000001, 
        "Name": "DORM", 
        "NCES_Occupancy Status": "", 
        "NCES_Department": "CCUSO", 
        "Level": "LEVEL 3", 
        "Revit_UniqueId": "d9e755f5-b8d5-4dcb-8e48-c5a9c413e1a9-005ba74a"
      }, 
      "type": "Feature"
    }, 
    {
      "geometry": {
        "coordinates": [
          [
            [
              -95.572049387042256, 
              42.757035758957414
            ], 
            [
              -95.572009518107564, 
              42.757035758957414
            ], 
            [
              -95.572009518107564, 
              42.757052242473904
            ], 
            [
              -95.572049387042256, 
              42.757052242473904
            ], 
            [
              -95.572049387042256, 
              42.757039301717228
            ], 
            [
              -95.572049387042256, 
              42.757035758957414
            ]
          ]
        ], 
        "type": "Polygon"
      }, 
      "properties": {
        "Seat Count": "", 
        "Number": "312", 
        "NCES_Type": "Elevator/Lift", 
        "Workstations": "", 
        "Element": "Room", 
        "RevitId": 6021121, 
        "occupancyStatus": "Occupied", 
        "Building": "Connected Core", 
        "Area_SF": 40.680000000000000, 
        "Name": "ELEV", 
        "NCES_Occupancy Status": "", 
        "NCES_Department": "General", 
        "Level": "LEVEL 3", 
        "Revit_UniqueId": "568ae92b-a280-451e-8461-f6d387948176-005be001"
      }, 
      "type": "Feature"
    }, 
    {
      "geometry": {
        "coordinates": [
          [
            [
              -95.571103092247398, 
              42.757223879426405
            ], 
            [
              -95.571101221426915, 
              42.757223879426405
            ], 
            [
              -95.571101221426915, 
              42.757221117794991
            ], 
            [
              -95.571101221426915, 
              42.757192743895267
            ], 
            [
              -95.571103092247398, 
              42.757192743895267
            ], 
            [
              -95.571103092247398, 
              42.757176009940316
            ], 
            [
              -95.571035810282240, 
              42.757176009940316
            ], 
            [
              -95.571035810282240, 
              42.757198696276220
            ], 
            [
              -95.571037681102723, 
              42.757198696276220
            ], 
            [
              -95.571037681102723, 
              42.757221132173655
            ], 
            [
              -95.571035810282240, 
              42.757223879426405
            ], 
            [
              -95.571035810282240, 
              42.757228102621006
            ], 
            [
              -95.571055781333797, 
              42.757242766114047
            ], 
            [
              -95.571083843641034, 
              42.757242766114047
            ], 
            [
              -95.571103092247398, 
              42.757228633067285
            ], 
            [
              -95.571103092247398, 
              42.757223879426405
            ]
          ]
        ], 
        "type": "Polygon"
      }, 
      "properties": {
        "Seat Count": "", 
        "Number": "351", 
        "NCES_Type": "General Storage", 
        "Workstations": "", 
        "Element": "Room", 
        "RevitId": 6029895, 
        "occupancyStatus": "Occupied", 
        "Building": "Connected Core", 
        "Area_SF": 350.69000000000000, 
        "Name": "BED STORAGE", 
        "NCES_Occupancy Status": "", 
        "NCES_Department": "CCUSO", 
        "Level": "LEVEL 3", 
        "Revit_UniqueId": "eef478cf-42ac-44fb-8ec0-2d083b00022a-005c0247"
      }, 
      "type": "Feature"
    }, 
    {
      "geometry": {
        "coordinates": [
          [
            [
              -95.570877663968801, 
              42.757223879426405
            ], 
            [
              -95.570903231848717, 
              42.757223879426405
            ], 
            [
              -95.570903231848717, 
              42.757191806643618
            ], 
            [
              -95.570886706267800, 
              42.757191806643618
            ], 
            [
              -95.570886706267800, 
              42.757201879903690
            ], 
            [
              -95.570882341019995, 
              42.757201879903690
            ], 
            [
              -95.570877663968801, 
              42.757201879903690
            ], 
            [
              -95.570877663968801, 
              42.757223879426405
            ]
          ]
        ], 
        "type": "Polygon"
      }, 
      "properties": {
        "Seat Count": "", 
        "Number": "352", 
        "NCES_Type": "Single Stall Restroom", 
        "Workstations": "", 
        "Element": "Room", 
        "RevitId": 6031676, 
        "occupancyStatus": "Occupied", 
        "Building": "Connected Core", 
        "Area_SF": 55.969999999999999, 
        "Name": "RR", 
        "NCES_Occupancy Status": "", 
        "NCES_Department": "CCUSO", 
        "Level": "LEVEL 3", 
        "Revit_UniqueId": "eef478cf-42ac-44fb-8ec0-2d083b00022a-005c093c"
      }, 
      "type": "Feature"
    }, 
    {
      "geometry": {
        "coordinates": [
          [
            [
              -95.570838898679540, 
              42.757223879426405
            ], 
            [
              -95.570863321011757, 
              42.757223879426405
            ], 
            [
              -95.570863321011757, 
              42.757211849445262
            ], 
            [
              -95.570863321011757, 
              42.757201879903690
            ], 
            [
              -95.570860514781046, 
              42.757201879903690
            ], 
            [
              -95.570855370024717, 
              42.757201879903690
            ], 
            [
              -95.570855370024717, 
              42.757191806643618
            ], 
            [
              -95.570837963269298, 
              42.757191806643618
            ], 
            [
              -95.570837963269298, 
              42.757223879426405
            ], 
            [
              -95.570838898679540, 
              42.757223879426405
            ]
          ]
        ], 
        "type": "Polygon"
      }, 
      "properties": {
        "Seat Count": "", 
        "Number": "353", 
        "NCES_Type": "Single Stall Restroom", 
        "Workstations": "", 
        "Element": "Room", 
        "RevitId": 6031679, 
        "occupancyStatus": "Occupied", 
        "Building": "Connected Core", 
        "Area_SF": 53.420000000000002, 
        "Name": "RR", 
        "NCES_Occupancy Status": "", 
        "NCES_Department": "CCUSO", 
        "Level": "LEVEL 3", 
        "Revit_UniqueId": "eef478cf-42ac-44fb-8ec0-2d083b00022a-005c093f"
      }, 
      "type": "Feature"
    }, 
    {
      "geometry": {
        "coordinates": [
          [
            [
              -95.571343091006995, 
              42.756989821230285
            ], 
            [
              -95.571318578627285, 
              42.756989821230285
            ], 
            [
              -95.571318578627285, 
              42.756999207677168
            ], 
            [
              -95.571307665507803, 
              42.756999207677168
            ], 
            [
              -95.571307665507803, 
              42.757042019032482
            ], 
            [
              -95.571308600918044, 
              42.757042019032482
            ], 
            [
              -95.571308600918044, 
              42.757091760856071
            ], 
            [
              -95.571283344841532, 
              42.757091760856071
            ], 
            [
              -95.571283344841532, 
              42.757108743741540
            ], 
            [
              -95.571284280251774, 
              42.757108743741540
            ], 
            [
              -95.571284280251774, 
              42.757140524592330
            ], 
            [
              -95.571344961827478, 
              42.757140524592330
            ], 
            [
              -95.571344961827478, 
              42.757089013603320
            ], 
            [
              -95.571344026417236, 
              42.757089013603320
            ], 
            [
              -95.571344026417236, 
              42.757035758957414
            ], 
            [
              -95.571343091006995, 
              42.757035758957414
            ], 
            [
              -95.571343091006995, 
              42.756989821230285
            ]
          ]
        ], 
        "type": "Polygon"
      }, 
      "properties": {
        "Seat Count": "", 
        "Number": "96", 
        "NCES_Type": "Corridor/Hallway", 
        "Workstations": "", 
        "Element": "Room", 
        "RevitId": 6261679, 
        "occupancyStatus": "Occupied", 
        "Building": "Connected Core", 
        "Area_SF": 518.25999999999999, 
        "Name": "CORRIDOR", 
        "NCES_Occupancy Status": "", 
        "NCES_Department": "General", 
        "Level": "LEVEL 3", 
        "Revit_UniqueId": "e7b39e5f-423f-49c4-a9b4-c2b902d874fa-005f4e41"
      }, 
      "type": "Feature"
    }, 
    {
      "geometry": {
        "coordinates": [
          [
            [
              -95.570838898679540, 
              42.757223879426405
            ], 
            [
              -95.570837963269298, 
              42.757223879426405
            ], 
            [
              -95.570837963269298, 
              42.757191806643618
            ], 
            [
              -95.570837963269298, 
              42.757178070379879
            ], 
            [
              -95.570813018996191, 
              42.757178070379879
            ], 
            [
              -95.570813018996191, 
              42.757186541075846
            ], 
            [
              -95.570802729483546, 
              42.757186541075846
            ], 
            [
              -95.570802729483546, 
              42.757226392317136
            ], 
            [
              -95.570803664893788, 
              42.757226392317136
            ], 
            [
              -95.570803664893788, 
              42.757279881325054
            ], 
            [
              -95.570778217103822, 
              42.757279881325054
            ], 
            [
              -95.570778217103822, 
              42.757296864210524
            ], 
            [
              -95.570779152514064, 
              42.757296864210524
            ], 
            [
              -95.570779152514064, 
              42.757328645061321
            ], 
            [
              -95.570839834089782, 
              42.757328645061321
            ], 
            [
              -95.570839834089782, 
              42.757283348038946
            ], 
            [
              -95.570838898679540, 
              42.757283348038946
            ], 
            [
              -95.570838898679540, 
              42.757281273220720
            ], 
            [
              -95.570838898679540, 
              42.757259996390594
            ], 
            [
              -95.570838898679540, 
              42.757223879426405
            ]
          ]
        ], 
        "type": "Polygon"
      }, 
      "properties": {
        "Seat Count": "", 
        "Number": "97", 
        "NCES_Type": "Corridor/Hallway", 
        "Workstations": "", 
        "Element": "Room", 
        "RevitId": 6261681, 
        "occupancyStatus": "Occupied", 
        "Building": "Connected Core", 
        "Area_SF": 517.11000000000001, 
        "Name": "CORRIDOR", 
        "NCES_Occupancy Status": "", 
        "NCES_Department": "General", 
        "Level": "LEVEL 3", 
        "Revit_UniqueId": "e7b39e5f-423f-49c4-a9b4-c2b902d874fa-005f4e48"
      }, 
      "type": "Feature"
    }
  ], 
  "type": "FeatureCollection", 
  "name": "Connected Core - LEVEL 3"
}