{
  "type": "FeatureCollection", 
  "features": [
    {
      "type": "Feature", 
      "geometry": {
        "type": "Polygon", 
        "coordinates": [
          [
            [
              -95.571285386814921, 
              42.755329303817831
            ], 
            [
              -95.571221573078049, 
              42.755329303817831
            ], 
            [
              -95.571221573078049, 
              42.755371199422228
            ], 
            [
              -95.571285386814921, 
              42.755371199422228
            ], 
            [
              -95.571285386814921, 
              42.755329303817831
            ]
          ]
        ]
      }, 
      "properties": {
        "Workstations": "", 
        "Area_SF": 228.28000000000000, 
        "NCES_Department": "Community", 
        "Seat Count": "", 
        "RevitId": 5518604, 
        "NCES_Occupancy Status": "", 
        "Revit_UniqueId": "119a0da7-1f59-4872-bb0b-597be18c65d8-0054350c", 
        "Level": "BASEMENT", 
        "occupancyStatus": "Occupied", 
        "Number": "020", 
        "Name": "STORAGE", 
        "NCES_Type": "General Storage", 
        "Element": "Room"
      }
    }, 
    {
      "type": "Feature", 
      "geometry": {
        "type": "Polygon", 
        "coordinates": [
          [
            [
              -95.571599987453908, 
              42.755457280008308
            ], 
            [
              -95.571599987453908, 
              42.755305952169479
            ], 
            [
              -95.571547780118721, 
              42.755305952169479
            ], 
            [
              -95.571547780118721, 
              42.755371199422228
            ], 
            [
              -95.571547780118721, 
              42.755391803817837
            ], 
            [
              -95.571547780118721, 
              42.755457280008308
            ], 
            [
              -95.571599987453908, 
              42.755457280008308
            ]
          ]
        ]
      }, 
      "properties": {
        "Workstations": "", 
        "Area_SF": 667.29999999999995, 
        "NCES_Department": "Community", 
        "Seat Count": "", 
        "RevitId": 5519359, 
        "NCES_Occupancy Status": "", 
        "Revit_UniqueId": "119a0da7-1f59-4872-bb0b-597be18c65d8-005437ff", 
        "Level": "BASEMENT", 
        "occupancyStatus": "Occupied", 
        "Number": "012", 
        "Name": "STORAGE", 
        "NCES_Type": "General Storage", 
        "Element": "Room"
      }
    }, 
    {
      "type": "Feature", 
      "geometry": {
        "type": "Polygon", 
        "coordinates": [
          [
            [
              -95.571547780118721, 
              42.755305952169479
            ], 
            [
              -95.571474334275010, 
              42.755305952169479
            ], 
            [
              -95.571474334275010, 
              42.755329303817831
            ], 
            [
              -95.571475269658478, 
              42.755329303817831
            ], 
            [
              -95.571475269658478, 
              42.755331378636058
            ], 
            [
              -95.571475269658478, 
              42.755371199422228
            ], 
            [
              -95.571547780118721, 
              42.755371199422228
            ], 
            [
              -95.571547780118721, 
              42.755305952169479
            ]
          ]
        ]
      }, 
      "properties": {
        "Workstations": "", 
        "Area_SF": 407.92000000000002, 
        "NCES_Department": "Community", 
        "Seat Count": "", 
        "RevitId": 5519367, 
        "NCES_Occupancy Status": "", 
        "Revit_UniqueId": "119a0da7-1f59-4872-bb0b-597be18c65d8-00543807", 
        "Level": "BASEMENT", 
        "occupancyStatus": "Occupied", 
        "Number": "013", 
        "Name": "STOAGE", 
        "NCES_Type": "General Storage", 
        "Element": "Room"
      }
    }, 
    {
      "type": "Feature", 
      "geometry": {
        "type": "Polygon", 
        "coordinates": [
          [
            [
              -95.571475269658478, 
              42.755329303817831
            ], 
            [
              -95.571442843031662, 
              42.755329303817831
            ], 
            [
              -95.571442843031662, 
              42.755371199422228
            ], 
            [
              -95.571475269658478, 
              42.755371199422228
            ], 
            [
              -95.571475269658478, 
              42.755329303817831
            ]
          ]
        ]
      }, 
      "properties": {
        "Workstations": "", 
        "Area_SF": 110.83000000000000, 
        "NCES_Department": "Community", 
        "Seat Count": "", 
        "RevitId": 5519375, 
        "NCES_Occupancy Status": "", 
        "Revit_UniqueId": "119a0da7-1f59-4872-bb0b-597be18c65d8-0054380f", 
        "Level": "BASEMENT", 
        "occupancyStatus": "Occupied", 
        "Number": "014", 
        "Name": "STORAGE", 
        "NCES_Type": "General Storage", 
        "Element": "Room"
      }
    }, 
    {
      "type": "Feature", 
      "geometry": {
        "type": "Polygon", 
        "coordinates": [
          [
            [
              -95.571442843031662, 
              42.755329303817831
            ], 
            [
              -95.571411351788313, 
              42.755329303817831
            ], 
            [
              -95.571411351788313, 
              42.755371199422228
            ], 
            [
              -95.571442843031662, 
              42.755371199422228
            ], 
            [
              -95.571442843031662, 
              42.755329303817831
            ]
          ]
        ]
      }, 
      "properties": {
        "Workstations": "", 
        "Area_SF": 110.83000000000000, 
        "NCES_Department": "Community", 
        "Seat Count": "", 
        "RevitId": 5519383, 
        "NCES_Occupancy Status": "", 
        "Revit_UniqueId": "119a0da7-1f59-4872-bb0b-597be18c65d8-00543817", 
        "Level": "BASEMENT", 
        "occupancyStatus": "Occupied", 
        "Number": "015", 
        "Name": "STORAGE", 
        "NCES_Type": "General Storage", 
        "Element": "Room"
      }
    }, 
    {
      "type": "Feature", 
      "geometry": {
        "type": "Polygon", 
        "coordinates": [
          [
            [
              -95.571411351788313, 
              42.755329303817831
            ], 
            [
              -95.571379860544965, 
              42.755329303817831
            ], 
            [
              -95.571379860544965, 
              42.755371199422228
            ], 
            [
              -95.571411351788313, 
              42.755371199422228
            ], 
            [
              -95.571411351788313, 
              42.755329303817831
            ]
          ]
        ]
      }, 
      "properties": {
        "Workstations": "", 
        "Area_SF": 110.83000000000000, 
        "NCES_Department": "Community", 
        "Seat Count": "", 
        "RevitId": 5519386, 
        "NCES_Occupancy Status": "", 
        "Revit_UniqueId": "119a0da7-1f59-4872-bb0b-597be18c65d8-0054381a", 
        "Level": "BASEMENT", 
        "occupancyStatus": "Occupied", 
        "Number": "016", 
        "Name": "STORAGE", 
        "NCES_Type": "General Storage", 
        "Element": "Room"
      }
    }, 
    {
      "type": "Feature", 
      "geometry": {
        "type": "Polygon", 
        "coordinates": [
          [
            [
              -95.571379860544965, 
              42.755329303817831
            ], 
            [
              -95.571348369301617, 
              42.755329303817831
            ], 
            [
              -95.571348369301617, 
              42.755371199422228
            ], 
            [
              -95.571379860544965, 
              42.755371199422228
            ], 
            [
              -95.571379860544965, 
              42.755329303817831
            ]
          ]
        ]
      }, 
      "properties": {
        "Workstations": "", 
        "Area_SF": 110.83000000000000, 
        "NCES_Department": "Community", 
        "Seat Count": "", 
        "RevitId": 5519389, 
        "NCES_Occupancy Status": "", 
        "Revit_UniqueId": "119a0da7-1f59-4872-bb0b-597be18c65d8-0054381d", 
        "Level": "BASEMENT", 
        "occupancyStatus": "Occupied", 
        "Number": "017", 
        "Name": "STORAGE", 
        "NCES_Type": "General Storage", 
        "Element": "Room"
      }
    }, 
    {
      "type": "Feature", 
      "geometry": {
        "type": "Polygon", 
        "coordinates": [
          [
            [
              -95.571348369301617, 
              42.755329303817831
            ], 
            [
              -95.571316878058269, 
              42.755329303817831
            ], 
            [
              -95.571316878058269, 
              42.755371199422228
            ], 
            [
              -95.571348369301617, 
              42.755371199422228
            ], 
            [
              -95.571348369301617, 
              42.755329303817831
            ]
          ]
        ]
      }, 
      "properties": {
        "Workstations": "", 
        "Area_SF": 110.83000000000000, 
        "NCES_Department": "Community", 
        "Seat Count": "", 
        "RevitId": 5519392, 
        "NCES_Occupancy Status": "", 
        "Revit_UniqueId": "119a0da7-1f59-4872-bb0b-597be18c65d8-00543820", 
        "Level": "BASEMENT", 
        "occupancyStatus": "Occupied", 
        "Number": "018", 
        "Name": "STORAGE", 
        "NCES_Type": "General Storage", 
        "Element": "Room"
      }
    }, 
    {
      "type": "Feature", 
      "geometry": {
        "type": "Polygon", 
        "coordinates": [
          [
            [
              -95.571316878058269, 
              42.755329303817831
            ], 
            [
              -95.571285386814921, 
              42.755329303817831
            ], 
            [
              -95.571285386814921, 
              42.755371199422228
            ], 
            [
              -95.571316878058269, 
              42.755371199422228
            ], 
            [
              -95.571316878058269, 
              42.755329303817831
            ]
          ]
        ]
      }, 
      "properties": {
        "Workstations": "", 
        "Area_SF": 110.83000000000000, 
        "NCES_Department": "Community", 
        "Seat Count": "", 
        "RevitId": 5519395, 
        "NCES_Occupancy Status": "", 
        "Revit_UniqueId": "119a0da7-1f59-4872-bb0b-597be18c65d8-00543823", 
        "Level": "BASEMENT", 
        "occupancyStatus": "Occupied", 
        "Number": "019", 
        "Name": "MECHANICAL", 
        "NCES_Type": "Mechanical Room", 
        "Element": "Room"
      }
    }, 
    {
      "type": "Feature", 
      "geometry": {
        "type": "Polygon", 
        "coordinates": [
          [
            [
              -95.571182598766967, 
              42.755310530924064
            ], 
            [
              -95.571181663383513, 
              42.755310530924064
            ], 
            [
              -95.571181663383513, 
              42.755291905300865
            ], 
            [
              -95.571095608104656, 
              42.755291905300865
            ], 
            [
              -95.571095608104656, 
              42.755325652660389
            ], 
            [
              -95.571133724980882, 
              42.755325652660389
            ], 
            [
              -95.571182598766967, 
              42.755325652660389
            ], 
            [
              -95.571182598766967, 
              42.755310530924064
            ]
          ]
        ]
      }, 
      "properties": {
        "Workstations": "", 
        "Area_SF": 242.75, 
        "NCES_Department": "Community", 
        "Seat Count": "", 
        "RevitId": 5519886, 
        "NCES_Occupancy Status": "", 
        "Revit_UniqueId": "119a0da7-1f59-4872-bb0b-597be18c65d8-00543a0e", 
        "Level": "BASEMENT", 
        "occupancyStatus": "Occupied", 
        "Number": "024", 
        "Name": "STORAGE", 
        "NCES_Type": "General Storage", 
        "Element": "Room"
      }
    }, 
    {
      "type": "Feature", 
      "geometry": {
        "type": "Polygon", 
        "coordinates": [
          [
            [
              -95.571047903547907, 
              42.755291905300865
            ], 
            [
              -95.571047903547907, 
              42.755310530924064
            ], 
            [
              -95.571046968164438, 
              42.755310530924064
            ], 
            [
              -95.571046968164438, 
              42.755325652660389
            ], 
            [
              -95.571095608104656, 
              42.755325652660389
            ], 
            [
              -95.571095608104656, 
              42.755291905300865
            ], 
            [
              -95.571047903547907, 
              42.755291905300865
            ]
          ]
        ]
      }, 
      "properties": {
        "Workstations": "", 
        "Area_SF": 129.65000000000001, 
        "NCES_Department": "Community", 
        "Seat Count": "", 
        "RevitId": 5519894, 
        "NCES_Occupancy Status": "", 
        "Revit_UniqueId": "119a0da7-1f59-4872-bb0b-597be18c65d8-00543a16", 
        "Level": "BASEMENT", 
        "occupancyStatus": "Occupied", 
        "Number": "025", 
        "Name": "STORAGE", 
        "NCES_Type": "General Storage", 
        "Element": "Room"
      }
    }, 
    {
      "type": "Feature", 
      "geometry": {
        "type": "Polygon", 
        "coordinates": [
          [
            [
              -95.571095608104656, 
              42.755349221400252
            ], 
            [
              -95.571095608104656, 
              42.755325652660389
            ], 
            [
              -95.571046968164438, 
              42.755325652660389
            ], 
            [
              -95.571046968164438, 
              42.755334798323325
            ], 
            [
              -95.571046032780970, 
              42.755334798323325
            ], 
            [
              -95.571046032780970, 
              42.755349221400252
            ], 
            [
              -95.571095608104656, 
              42.755349221400252
            ]
          ]
        ]
      }, 
      "properties": {
        "Workstations": "", 
        "Area_SF": 88.489999999999995, 
        "NCES_Department": "Community", 
        "Seat Count": "", 
        "RevitId": 5519940, 
        "NCES_Occupancy Status": "", 
        "Revit_UniqueId": "119a0da7-1f59-4872-bb0b-597be18c65d8-00543a44", 
        "Level": "BASEMENT", 
        "occupancyStatus": "Occupied", 
        "Number": "026", 
        "Name": "STORAGE", 
        "NCES_Type": "General Storage", 
        "Element": "Room"
      }
    }, 
    {
      "type": "Feature", 
      "geometry": {
        "type": "Polygon", 
        "coordinates": [
          [
            [
              -95.571133724980882, 
              42.755325652660389
            ], 
            [
              -95.571133724980882, 
              42.755371199422228
            ], 
            [
              -95.571183534150435, 
              42.755371199422228
            ], 
            [
              -95.571183534150435, 
              42.755334798323325
            ], 
            [
              -95.571182598766967, 
              42.755334798323325
            ], 
            [
              -95.571182598766967, 
              42.755325652660389
            ], 
            [
              -95.571133724980882, 
              42.755325652660389
            ]
          ]
        ]
      }, 
      "properties": {
        "Workstations": "", 
        "Area_SF": 187.44999999999999, 
        "NCES_Department": "Community", 
        "Seat Count": "", 
        "RevitId": 5520034, 
        "NCES_Occupancy Status": "", 
        "Revit_UniqueId": "119a0da7-1f59-4872-bb0b-597be18c65d8-00543aa2", 
        "Level": "BASEMENT", 
        "occupancyStatus": "Occupied", 
        "Number": "022", 
        "Name": "RESTROOM", 
        "NCES_Type": "Single Stall Restroom", 
        "Element": "Room"
      }
    }, 
    {
      "type": "Feature", 
      "geometry": {
        "type": "Polygon", 
        "coordinates": [
          [
            [
              -95.571133724980882, 
              42.755371199422228
            ], 
            [
              -95.571133724980882, 
              42.755325652660389
            ], 
            [
              -95.571095608104656, 
              42.755325652660389
            ], 
            [
              -95.571095608104656, 
              42.755349221400252
            ], 
            [
              -95.571046032780970, 
              42.755349221400252
            ], 
            [
              -95.571046032780970, 
              42.755371199422228
            ], 
            [
              -95.571133724980882, 
              42.755371199422228
            ]
          ]
        ]
      }, 
      "properties": {
        "Workstations": "", 
        "Area_SF": 233.59000000000000, 
        "NCES_Department": "Community", 
        "Seat Count": "", 
        "RevitId": 5520042, 
        "NCES_Occupancy Status": "", 
        "Revit_UniqueId": "119a0da7-1f59-4872-bb0b-597be18c65d8-00543aaa", 
        "Level": "BASEMENT", 
        "occupancyStatus": "Occupied", 
        "Number": "027", 
        "Name": "MORGUE", 
        "NCES_Type": "Morgue", 
        "Element": "Room"
      }
    }, 
    {
      "type": "Feature", 
      "geometry": {
        "type": "Polygon", 
        "coordinates": [
          [
            [
              -95.571046968164438, 
              42.755310530924064
            ], 
            [
              -95.571007058469903, 
              42.755310530924064
            ], 
            [
              -95.571007058469903, 
              42.755329303817831
            ], 
            [
              -95.571007993853357, 
              42.755329303817831
            ], 
            [
              -95.571007993853357, 
              42.755331378636058
            ], 
            [
              -95.571007993853357, 
              42.755371199422228
            ], 
            [
              -95.571046032780970, 
              42.755371199422228
            ], 
            [
              -95.571046032780970, 
              42.755349221400252
            ], 
            [
              -95.571046032780970, 
              42.755334798323325
            ], 
            [
              -95.571046968164438, 
              42.755334798323325
            ], 
            [
              -95.571046968164438, 
              42.755325652660389
            ], 
            [
              -95.571046968164438, 
              42.755310530924064
            ]
          ]
        ]
      }, 
      "properties": {
        "Workstations": "", 
        "Area_SF": 190.97000000000000, 
        "NCES_Department": "Community", 
        "Seat Count": "", 
        "RevitId": 5520066, 
        "NCES_Occupancy Status": "", 
        "Revit_UniqueId": "119a0da7-1f59-4872-bb0b-597be18c65d8-00543ac2", 
        "Level": "BASEMENT", 
        "occupancyStatus": "Occupied", 
        "Number": "028", 
        "Name": "STORAGE", 
        "NCES_Type": "General Storage", 
        "Element": "Room"
      }
    }, 
    {
      "type": "Feature", 
      "geometry": {
        "type": "Polygon", 
        "coordinates": [
          [
            [
              -95.571007993853357, 
              42.755329303817831
            ], 
            [
              -95.570944075983206, 
              42.755329303817831
            ], 
            [
              -95.570944075983206, 
              42.755371199422228
            ], 
            [
              -95.571007993853357, 
              42.755371199422228
            ], 
            [
              -95.571007993853357, 
              42.755329303817831
            ]
          ]
        ]
      }, 
      "properties": {
        "Workstations": "", 
        "Area_SF": 228.66999999999999, 
        "NCES_Department": "Community", 
        "Seat Count": "", 
        "RevitId": 5520075, 
        "NCES_Occupancy Status": "", 
        "Revit_UniqueId": "119a0da7-1f59-4872-bb0b-597be18c65d8-00543acb", 
        "Level": "BASEMENT", 
        "occupancyStatus": "Occupied", 
        "Number": "029", 
        "Name": "STORAGE", 
        "NCES_Type": "General Storage", 
        "Element": "Room"
      }
    }, 
    {
      "type": "Feature", 
      "geometry": {
        "type": "Polygon", 
        "coordinates": [
          [
            [
              -95.570944075983206, 
              42.755329303817831
            ], 
            [
              -95.570912585323313, 
              42.755329303817831
            ], 
            [
              -95.570912585323313, 
              42.755371199422228
            ], 
            [
              -95.570944075983206, 
              42.755371199422228
            ], 
            [
              -95.570944075983206, 
              42.755329303817831
            ]
          ]
        ]
      }, 
      "properties": {
        "Workstations": "", 
        "Area_SF": 109.66000000000000, 
        "NCES_Department": "Community", 
        "Seat Count": "", 
        "RevitId": 5520078, 
        "NCES_Occupancy Status": "", 
        "Revit_UniqueId": "119a0da7-1f59-4872-bb0b-597be18c65d8-00543ace", 
        "Level": "BASEMENT", 
        "occupancyStatus": "Occupied", 
        "Number": "030", 
        "Name": "MECHANICAL", 
        "NCES_Type": "Mechanical Room", 
        "Element": "Room"
      }
    }, 
    {
      "type": "Feature", 
      "geometry": {
        "type": "Polygon", 
        "coordinates": [
          [
            [
              -95.570912585323313, 
              42.755329303817831
            ], 
            [
              -95.570881094079965, 
              42.755329303817831
            ], 
            [
              -95.570881094079965, 
              42.755371199422228
            ], 
            [
              -95.570912585323313, 
              42.755371199422228
            ], 
            [
              -95.570912585323313, 
              42.755329303817831
            ]
          ]
        ]
      }, 
      "properties": {
        "Workstations": "", 
        "Area_SF": 109.67000000000000, 
        "NCES_Department": "Community", 
        "Seat Count": "", 
        "RevitId": 5520163, 
        "NCES_Occupancy Status": "", 
        "Revit_UniqueId": "119a0da7-1f59-4872-bb0b-597be18c65d8-00543b23", 
        "Level": "BASEMENT", 
        "occupancyStatus": "Occupied", 
        "Number": "031", 
        "Name": "STORAGE", 
        "NCES_Type": "General Storage", 
        "Element": "Room"
      }
    }, 
    {
      "type": "Feature", 
      "geometry": {
        "type": "Polygon", 
        "coordinates": [
          [
            [
              -95.570881094079965, 
              42.755329303817831
            ], 
            [
              -95.570849914631097, 
              42.755329303817831
            ], 
            [
              -95.570849914631097, 
              42.755371199422228
            ], 
            [
              -95.570881094079965, 
              42.755371199422228
            ], 
            [
              -95.570881094079965, 
              42.755329303817831
            ]
          ]
        ]
      }, 
      "properties": {
        "Workstations": "", 
        "Area_SF": 109.67000000000000, 
        "NCES_Department": "Community", 
        "Seat Count": "", 
        "RevitId": 5520166, 
        "NCES_Occupancy Status": "", 
        "Revit_UniqueId": "119a0da7-1f59-4872-bb0b-597be18c65d8-00543b26", 
        "Level": "BASEMENT", 
        "occupancyStatus": "Occupied", 
        "Number": "032", 
        "Name": "STORAGE", 
        "NCES_Type": "General Storage", 
        "Element": "Room"
      }
    }, 
    {
      "type": "Feature", 
      "geometry": {
        "type": "Polygon", 
        "coordinates": [
          [
            [
              -95.570849914631097, 
              42.755329303817831
            ], 
            [
              -95.570818735182243, 
              42.755329303817831
            ], 
            [
              -95.570818735182243, 
              42.755371199422228
            ], 
            [
              -95.570849914631097, 
              42.755371199422228
            ], 
            [
              -95.570849914631097, 
              42.755329303817831
            ]
          ]
        ]
      }, 
      "properties": {
        "Workstations": "", 
        "Area_SF": 109.67000000000000, 
        "NCES_Department": "Community", 
        "Seat Count": "", 
        "RevitId": 5520169, 
        "NCES_Occupancy Status": "", 
        "Revit_UniqueId": "119a0da7-1f59-4872-bb0b-597be18c65d8-00543b29", 
        "Level": "BASEMENT", 
        "occupancyStatus": "Occupied", 
        "Number": "033", 
        "Name": "STORAGE", 
        "NCES_Type": "General Storage", 
        "Element": "Room"
      }
    }, 
    {
      "type": "Feature", 
      "geometry": {
        "type": "Polygon", 
        "coordinates": [
          [
            [
              -95.570818735182243, 
              42.755329303817831
            ], 
            [
              -95.570787555733389, 
              42.755329303817831
            ], 
            [
              -95.570787555733389, 
              42.755371199422228
            ], 
            [
              -95.570818735182243, 
              42.755371199422228
            ], 
            [
              -95.570818735182243, 
              42.755329303817831
            ]
          ]
        ]
      }, 
      "properties": {
        "Workstations": "", 
        "Area_SF": 109.67000000000000, 
        "NCES_Department": "Community", 
        "Seat Count": "", 
        "RevitId": 5520172, 
        "NCES_Occupancy Status": "", 
        "Revit_UniqueId": "119a0da7-1f59-4872-bb0b-597be18c65d8-00543b2c", 
        "Level": "BASEMENT", 
        "occupancyStatus": "Occupied", 
        "Number": "034", 
        "Name": "STORAGE", 
        "NCES_Type": "General Storage", 
        "Element": "Room"
      }
    }, 
    {
      "type": "Feature", 
      "geometry": {
        "type": "Polygon", 
        "coordinates": [
          [
            [
              -95.570787555733389, 
              42.755329303817831
            ], 
            [
              -95.570755444801591, 
              42.755329303817831
            ], 
            [
              -95.570755444801591, 
              42.755371199422228
            ], 
            [
              -95.570787555733389, 
              42.755371199422228
            ], 
            [
              -95.570787555733389, 
              42.755329303817831
            ]
          ]
        ]
      }, 
      "properties": {
        "Workstations": "", 
        "Area_SF": 109.65000000000001, 
        "NCES_Department": "Community", 
        "Seat Count": "", 
        "RevitId": 5520175, 
        "NCES_Occupancy Status": "", 
        "Revit_UniqueId": "119a0da7-1f59-4872-bb0b-597be18c65d8-00543b2f", 
        "Level": "BASEMENT", 
        "occupancyStatus": "Occupied", 
        "Number": "035", 
        "Name": "STORAGE", 
        "NCES_Type": "General Storage", 
        "Element": "Room"
      }
    }, 
    {
      "type": "Feature", 
      "geometry": {
        "type": "Polygon", 
        "coordinates": [
          [
            [
              -95.570755444801591, 
              42.755329303817831
            ], 
            [
              -95.570756380185060, 
              42.755329303817831
            ], 
            [
              -95.570756380185060, 
              42.755305952169479
            ], 
            [
              -95.570682169196246, 
              42.755305952169479
            ], 
            [
              -95.570682169196246, 
              42.755371199422228
            ], 
            [
              -95.570755444801591, 
              42.755371199422228
            ], 
            [
              -95.570755444801591, 
              42.755331378636058
            ], 
            [
              -95.570755444801591, 
              42.755329303817831
            ]
          ]
        ]
      }, 
      "properties": {
        "Workstations": "", 
        "Area_SF": 412.51999999999998, 
        "NCES_Department": "Community", 
        "Seat Count": "", 
        "RevitId": 5520197, 
        "NCES_Occupancy Status": "", 
        "Revit_UniqueId": "119a0da7-1f59-4872-bb0b-597be18c65d8-00543b45", 
        "Level": "BASEMENT", 
        "occupancyStatus": "Occupied", 
        "Number": "036", 
        "Name": "STORAGE", 
        "NCES_Type": "General Storage", 
        "Element": "Room"
      }
    }, 
    {
      "type": "Feature", 
      "geometry": {
        "type": "Polygon", 
        "coordinates": [
          [
            [
              -95.570682169196246, 
              42.755305952169479
            ], 
            [
              -95.570628856239225, 
              42.755305952169479
            ], 
            [
              -95.570628856239225, 
              42.755457280008308
            ], 
            [
              -95.570682169196246, 
              42.755457280008308
            ], 
            [
              -95.570682169196246, 
              42.755391803817837
            ], 
            [
              -95.570682169196246, 
              42.755371199422228
            ], 
            [
              -95.570682169196246, 
              42.755305952169479
            ]
          ]
        ]
      }, 
      "properties": {
        "Workstations": "", 
        "Area_SF": 683.13000000000000, 
        "NCES_Department": "Community", 
        "Seat Count": "", 
        "RevitId": 5520205, 
        "NCES_Occupancy Status": "", 
        "Revit_UniqueId": "119a0da7-1f59-4872-bb0b-597be18c65d8-00543b4d", 
        "Level": "BASEMENT", 
        "occupancyStatus": "Occupied", 
        "Number": "037", 
        "Name": "STORAGE", 
        "NCES_Type": "General Storage", 
        "Element": "Room"
      }
    }, 
    {
      "type": "Feature", 
      "geometry": {
        "type": "Polygon", 
        "coordinates": [
          [
            [
              -95.570682169196246, 
              42.755457280008308
            ], 
            [
              -95.570756253617844, 
              42.755457280008308
            ], 
            [
              -95.570756253617844, 
              42.755438964989992
            ], 
            [
              -95.570755444801591, 
              42.755438964989992
            ], 
            [
              -95.570755444801591, 
              42.755436890171772
            ], 
            [
              -95.570755444801591, 
              42.755404853268381
            ], 
            [
              -95.570755444801591, 
              42.755391803817837
            ], 
            [
              -95.570682169196246, 
              42.755391803817837
            ], 
            [
              -95.570682169196246, 
              42.755457280008308
            ]
          ]
        ]
      }, 
      "properties": {
        "Workstations": "", 
        "Area_SF": 413.85000000000002, 
        "NCES_Department": "Community", 
        "Seat Count": "", 
        "RevitId": 5520213, 
        "NCES_Occupancy Status": "", 
        "Revit_UniqueId": "119a0da7-1f59-4872-bb0b-597be18c65d8-00543b55", 
        "Level": "BASEMENT", 
        "occupancyStatus": "Occupied", 
        "Number": "038", 
        "Name": "STORAGE", 
        "NCES_Type": "General Storage", 
        "Element": "Room"
      }
    }, 
    {
      "type": "Feature", 
      "geometry": {
        "type": "Polygon", 
        "coordinates": [
          [
            [
              -95.570755444801591, 
              42.755438964989992
            ], 
            [
              -95.570784003327333, 
              42.755438964989992
            ], 
            [
              -95.570784003327333, 
              42.755391803817837
            ], 
            [
              -95.570762969827740, 
              42.755391803817837
            ], 
            [
              -95.570762969827740, 
              42.755404853268381
            ], 
            [
              -95.570755444801591, 
              42.755404853268381
            ], 
            [
              -95.570755444801591, 
              42.755438964989992
            ]
          ]
        ]
      }, 
      "properties": {
        "Workstations": "", 
        "Area_SF": 101.63000000000000, 
        "NCES_Department": "Community", 
        "Seat Count": "", 
        "RevitId": 5520221, 
        "NCES_Occupancy Status": "", 
        "Revit_UniqueId": "119a0da7-1f59-4872-bb0b-597be18c65d8-00543b5d", 
        "Level": "BASEMENT", 
        "occupancyStatus": "Occupied", 
        "Number": "039", 
        "Name": "STORAGE", 
        "NCES_Type": "General Storage", 
        "Element": "Room"
      }
    }, 
    {
      "type": "Feature", 
      "geometry": {
        "type": "Polygon", 
        "coordinates": [
          [
            [
              -95.570784003327333, 
              42.755438964989992
            ], 
            [
              -95.570824848405337, 
              42.755438964989992
            ], 
            [
              -95.570824848405337, 
              42.755391803817837
            ], 
            [
              -95.570784003327333, 
              42.755391803817837
            ], 
            [
              -95.570784003327333, 
              42.755438964989992
            ]
          ]
        ]
      }, 
      "properties": {
        "Workstations": "", 
        "Area_SF": 165.80000000000001, 
        "NCES_Department": "Community", 
        "Seat Count": "", 
        "RevitId": 5520227, 
        "NCES_Occupancy Status": "", 
        "Revit_UniqueId": "119a0da7-1f59-4872-bb0b-597be18c65d8-00543b63", 
        "Level": "BASEMENT", 
        "occupancyStatus": "Occupied", 
        "Number": "040", 
        "Name": "STORAGE", 
        "NCES_Type": "General Storage", 
        "Element": "Room"
      }
    }, 
    {
      "type": "Feature", 
      "geometry": {
        "type": "Polygon", 
        "coordinates": [
          [
            [
              -95.570824848405337, 
              42.755438964989992
            ], 
            [
              -95.570880971413288, 
              42.755438964989992
            ], 
            [
              -95.570880971413288, 
              42.755404853268381
            ], 
            [
              -95.570868499633747, 
              42.755404853268381
            ], 
            [
              -95.570868499633747, 
              42.755391803817837
            ], 
            [
              -95.570824848405337, 
              42.755391803817837
            ], 
            [
              -95.570824848405337, 
              42.755438964989992
            ]
          ]
        ]
      }, 
      "properties": {
        "Workstations": "", 
        "Area_SF": 215.78999999999999, 
        "NCES_Department": "Community", 
        "Seat Count": "", 
        "RevitId": 5520230, 
        "NCES_Occupancy Status": "", 
        "Revit_UniqueId": "119a0da7-1f59-4872-bb0b-597be18c65d8-00543b66", 
        "Level": "BASEMENT", 
        "occupancyStatus": "Occupied", 
        "Number": "041", 
        "Name": "STORAGE", 
        "NCES_Type": "General Storage", 
        "Element": "Room"
      }
    }, 
    {
      "type": "Feature", 
      "geometry": {
        "type": "Polygon", 
        "coordinates": [
          [
            [
              -95.570880971413288, 
              42.755438964989992
            ], 
            [
              -95.570911215478674, 
              42.755438964989992
            ], 
            [
              -95.570911215478674, 
              42.755417754395260
            ], 
            [
              -95.570911215478674, 
              42.755391803817837
            ], 
            [
              -95.570880971413288, 
              42.755391803817837
            ], 
            [
              -95.570880971413288, 
              42.755404853268381
            ], 
            [
              -95.570880971413288, 
              42.755438964989992
            ]
          ]
        ]
      }, 
      "properties": {
        "Workstations": "", 
        "Area_SF": 116.72000000000000, 
        "NCES_Department": "Community", 
        "Seat Count": "", 
        "RevitId": 5520236, 
        "NCES_Occupancy Status": "", 
        "Revit_UniqueId": "119a0da7-1f59-4872-bb0b-597be18c65d8-00543b6c", 
        "Level": "BASEMENT", 
        "occupancyStatus": "Occupied", 
        "Number": "043", 
        "Name": "STORAGE", 
        "NCES_Type": "General Storage", 
        "Element": "Room"
      }
    }, 
    {
      "type": "Feature", 
      "geometry": {
        "type": "Polygon", 
        "coordinates": [
          [
            [
              -95.571134000558374, 
              42.755631344087625
            ], 
            [
              -95.571188912675197, 
              42.755631344087625
            ], 
            [
              -95.571188912675197, 
              42.755600437494223
            ], 
            [
              -95.571134000558374, 
              42.755600437494223
            ], 
            [
              -95.571134000558374, 
              42.755631344087625
            ]
          ]
        ]
      }, 
      "properties": {
        "Workstations": "", 
        "Area_SF": 136.75999999999999, 
        "NCES_Department": "Community", 
        "Seat Count": "", 
        "RevitId": 5521439, 
        "NCES_Occupancy Status": "", 
        "Revit_UniqueId": "119a0da7-1f59-4872-bb0b-597be18c65d8-0054401f", 
        "Level": "BASEMENT", 
        "occupancyStatus": "Occupied", 
        "Number": "054", 
        "Name": "STORAGE", 
        "NCES_Type": "General Storage", 
        "Element": "Room"
      }
    }, 
    {
      "type": "Feature", 
      "geometry": {
        "type": "Polygon", 
        "coordinates": [
          [
            [
              -95.571094714452812, 
              42.755631344087625
            ], 
            [
              -95.571134000558374, 
              42.755631344087625
            ], 
            [
              -95.571134000558374, 
              42.755600437494223
            ], 
            [
              -95.571188912675197, 
              42.755600437494223
            ], 
            [
              -95.571188912675197, 
              42.755553947890597
            ], 
            [
              -95.571134000558374, 
              42.755553947890597
            ], 
            [
              -95.571094714452812, 
              42.755553947890597
            ], 
            [
              -95.571094714452812, 
              42.755564479026127
            ], 
            [
              -95.571094714452812, 
              42.755600437494223
            ], 
            [
              -95.571094714452812, 
              42.755631344087625
            ]
          ]
        ]
      }, 
      "properties": {
        "Workstations": "", 
        "Area_SF": 498.97000000000003, 
        "NCES_Department": "Community", 
        "Seat Count": "", 
        "RevitId": 5521447, 
        "NCES_Occupancy Status": "", 
        "Revit_UniqueId": "119a0da7-1f59-4872-bb0b-597be18c65d8-00544027", 
        "Level": "BASEMENT", 
        "occupancyStatus": "Occupied", 
        "Number": "055", 
        "Name": "STORAGE", 
        "NCES_Type": "General Storage", 
        "Element": "Room"
      }
    }, 
    {
      "type": "Feature", 
      "geometry": {
        "type": "Polygon", 
        "coordinates": [
          [
            [
              -95.571039874909644, 
              42.755600437494223
            ], 
            [
              -95.571039874909644, 
              42.755631344087625
            ], 
            [
              -95.571094714452812, 
              42.755631344087625
            ], 
            [
              -95.571094714452812, 
              42.755600437494223
            ], 
            [
              -95.571039874909644, 
              42.755600437494223
            ]
          ]
        ]
      }, 
      "properties": {
        "Workstations": "", 
        "Area_SF": 136.56999999999999, 
        "NCES_Department": "Community", 
        "Seat Count": "", 
        "RevitId": 5521455, 
        "NCES_Occupancy Status": "", 
        "Revit_UniqueId": "119a0da7-1f59-4872-bb0b-597be18c65d8-0054402f", 
        "Level": "BASEMENT", 
        "occupancyStatus": "Occupied", 
        "Number": "053", 
        "Name": "STORAGE", 
        "NCES_Type": "General Storage", 
        "Element": "Room"
      }
    }, 
    {
      "type": "Feature", 
      "geometry": {
        "type": "Polygon", 
        "coordinates": [
          [
            [
              -95.571039874909644, 
              42.755553947890597
            ], 
            [
              -95.571039874909644, 
              42.755600437494223
            ], 
            [
              -95.571094714452812, 
              42.755600437494223
            ], 
            [
              -95.571094714452812, 
              42.755564479026127
            ], 
            [
              -95.571072265249640, 
              42.755564479026127
            ], 
            [
              -95.571072265249640, 
              42.755553947890597
            ], 
            [
              -95.571062287825995, 
              42.755553947890597
            ], 
            [
              -95.571039874909644, 
              42.755553947890597
            ]
          ]
        ]
      }, 
      "properties": {
        "Workstations": "", 
        "Area_SF": 197.22999999999999, 
        "NCES_Department": "Community", 
        "Seat Count": "", 
        "RevitId": 5521463, 
        "NCES_Occupancy Status": "", 
        "Revit_UniqueId": "119a0da7-1f59-4872-bb0b-597be18c65d8-00544037", 
        "Level": "BASEMENT", 
        "occupancyStatus": "Occupied", 
        "Number": "052", 
        "Name": "STORAGE", 
        "NCES_Type": "General Storage", 
        "Element": "Room"
      }
    }, 
    {
      "type": "Feature", 
      "geometry": {
        "type": "Polygon", 
        "coordinates": [
          [
            [
              -95.571094714452812, 
              42.755553947890597
            ], 
            [
              -95.571072265249640, 
              42.755553947890597
            ], 
            [
              -95.571072265249640, 
              42.755564479026127
            ], 
            [
              -95.571094714452812, 
              42.755564479026127
            ], 
            [
              -95.571094714452812, 
              42.755553947890597
            ]
          ]
        ]
      }, 
      "properties": {
        "Workstations": "", 
        "Area_SF": 17.870000000000001, 
        "NCES_Department": "Community", 
        "Seat Count": "", 
        "RevitId": 5521471, 
        "NCES_Occupancy Status": "", 
        "Revit_UniqueId": "119a0da7-1f59-4872-bb0b-597be18c65d8-0054403f", 
        "Level": "BASEMENT", 
        "occupancyStatus": "Occupied", 
        "Number": "051", 
        "Name": "STORAGE", 
        "NCES_Type": "General Storage", 
        "Element": "Room"
      }
    }, 
    {
      "type": "Feature", 
      "geometry": {
        "type": "Polygon", 
        "coordinates": [
          [
            [
              -95.571039874909644, 
              42.755527391114036
            ], 
            [
              -95.571039874909644, 
              42.755553947890597
            ], 
            [
              -95.571062287825995, 
              42.755553947890597
            ], 
            [
              -95.571062287825995, 
              42.755539295875941
            ], 
            [
              -95.571062287825995, 
              42.755527391114036
            ], 
            [
              -95.571039874909644, 
              42.755527391114036
            ]
          ]
        ]
      }, 
      "properties": {
        "Workstations": "", 
        "Area_SF": 44.159999999999997, 
        "NCES_Department": "Community", 
        "Seat Count": "", 
        "RevitId": 5522294, 
        "NCES_Occupancy Status": "", 
        "Revit_UniqueId": "119a0da7-1f59-4872-bb0b-597be18c65d8-00544376", 
        "Level": "BASEMENT", 
        "occupancyStatus": "Occupied", 
        "Number": "050", 
        "Name": "RESTROOM", 
        "NCES_Type": "Single Stall Restroom", 
        "Element": "Room"
      }
    }, 
    {
      "type": "Feature", 
      "geometry": {
        "type": "Polygon", 
        "coordinates": [
          [
            [
              -95.571093155480369, 
              42.755527391114036
            ], 
            [
              -95.571062287825995, 
              42.755527391114036
            ], 
            [
              -95.571062287825995, 
              42.755539295875941
            ], 
            [
              -95.571093155480369, 
              42.755539295875941
            ], 
            [
              -95.571093155480369, 
              42.755527391114036
            ]
          ]
        ]
      }, 
      "properties": {
        "Workstations": "", 
        "Area_SF": 27.809999999999999, 
        "NCES_Department": "Community", 
        "Seat Count": "", 
        "RevitId": 5522302, 
        "NCES_Occupancy Status": "", 
        "Revit_UniqueId": "119a0da7-1f59-4872-bb0b-597be18c65d8-0054437e", 
        "Level": "BASEMENT", 
        "occupancyStatus": "Occupied", 
        "Number": "049", 
        "Name": "STORAGE", 
        "NCES_Type": "General Storage", 
        "Element": "Room"
      }
    }, 
    {
      "type": "Feature", 
      "geometry": {
        "type": "Polygon", 
        "coordinates": [
          [
            [
              -95.571188912675197, 
              42.755553947890597
            ], 
            [
              -95.571188912675197, 
              42.755527415567421
            ], 
            [
              -95.571134000558374, 
              42.755527415567421
            ], 
            [
              -95.571134000558374, 
              42.755553947890597
            ], 
            [
              -95.571188912675197, 
              42.755553947890597
            ]
          ]
        ]
      }, 
      "properties": {
        "Workstations": "", 
        "Area_SF": 122.97000000000000, 
        "NCES_Department": "Community", 
        "Seat Count": "", 
        "RevitId": 5522311, 
        "NCES_Occupancy Status": "", 
        "Revit_UniqueId": "119a0da7-1f59-4872-bb0b-597be18c65d8-00544387", 
        "Level": "BASEMENT", 
        "occupancyStatus": "Occupied", 
        "Number": "056", 
        "Name": "STORAGE", 
        "NCES_Type": "General Storage", 
        "Element": "Room"
      }
    }, 
    {
      "type": "Feature", 
      "geometry": {
        "type": "Polygon", 
        "coordinates": [
          [
            [
              -95.571134000558374, 
              42.755553947890597
            ], 
            [
              -95.571134000558374, 
              42.755527415567421
            ], 
            [
              -95.571116284141922, 
              42.755527415567421
            ], 
            [
              -95.571114393792428, 
              42.755527415567421
            ], 
            [
              -95.571114393792428, 
              42.755527391114036
            ], 
            [
              -95.571093155480369, 
              42.755527391114036
            ], 
            [
              -95.571093155480369, 
              42.755539295875941
            ], 
            [
              -95.571062287825995, 
              42.755539295875941
            ], 
            [
              -95.571062287825995, 
              42.755553947890597
            ], 
            [
              -95.571072265249640, 
              42.755553947890597
            ], 
            [
              -95.571094714452812, 
              42.755553947890597
            ], 
            [
              -95.571134000558374, 
              42.755553947890597
            ]
          ]
        ]
      }, 
      "properties": {
        "Workstations": "", 
        "Area_SF": 131.46000000000001, 
        "NCES_Department": "Community", 
        "Seat Count": "", 
        "RevitId": 5522319, 
        "NCES_Occupancy Status": "", 
        "Revit_UniqueId": "119a0da7-1f59-4872-bb0b-597be18c65d8-0054438f", 
        "Level": "BASEMENT", 
        "occupancyStatus": "Occupied", 
        "Number": "078", 
        "Name": "CORRIDOR", 
        "NCES_Type": "Corridor/Hallway", 
        "Element": "Room"
      }
    }, 
    {
      "type": "Feature", 
      "geometry": {
        "type": "Polygon", 
        "coordinates": [
          [
            [
              -95.571188912675197, 
              42.755458505311012
            ], 
            [
              -95.571188912675197, 
              42.755420501648011
            ], 
            [
              -95.571162410143671, 
              42.755420501648011
            ], 
            [
              -95.571114393792428, 
              42.755420501648011
            ], 
            [
              -95.571114393792428, 
              42.755457950365958
            ], 
            [
              -95.571114393792428, 
              42.755458505311012
            ], 
            [
              -95.571116264559350, 
              42.755458505311012
            ], 
            [
              -95.571188912675197, 
              42.755458505311012
            ]
          ]
        ]
      }, 
      "properties": {
        "Workstations": "", 
        "Area_SF": 244.22000000000000, 
        "NCES_Department": "Community", 
        "Seat Count": "", 
        "RevitId": 5522878, 
        "NCES_Occupancy Status": "", 
        "Revit_UniqueId": "119a0da7-1f59-4872-bb0b-597be18c65d8-005445be", 
        "Level": "BASEMENT", 
        "occupancyStatus": "Occupied", 
        "Number": "058", 
        "Name": "MECHANICAL/ELEV EQUIP", 
        "NCES_Type": "Mechanical Room", 
        "Element": "Room"
      }
    }, 
    {
      "type": "Feature", 
      "geometry": {
        "type": "Polygon", 
        "coordinates": [
          [
            [
              -95.571090996639882, 
              42.755458505311012
            ], 
            [
              -95.571090996639882, 
              42.755457950365958
            ], 
            [
              -95.571090996639882, 
              42.755444540109551
            ], 
            [
              -95.571065130263221, 
              42.755444540109551
            ], 
            [
              -95.571065130263221, 
              42.755458505311012
            ], 
            [
              -95.571090996639882, 
              42.755458505311012
            ]
          ]
        ]
      }, 
      "properties": {
        "Workstations": "", 
        "Area_SF": 29.390000000000001, 
        "NCES_Department": "Community", 
        "Seat Count": "", 
        "RevitId": 5523055, 
        "NCES_Occupancy Status": "", 
        "Revit_UniqueId": "119a0da7-1f59-4872-bb0b-597be18c65d8-0054466f", 
        "Level": "BASEMENT", 
        "occupancyStatus": "Occupied", 
        "Number": "046", 
        "Name": "STORAGE", 
        "NCES_Type": "General Storage", 
        "Element": "Room"
      }
    }, 
    {
      "type": "Feature", 
      "geometry": {
        "type": "Polygon", 
        "coordinates": [
          [
            [
              -95.571039874909644, 
              42.755420501648011
            ], 
            [
              -95.571039874909644, 
              42.755458505311012
            ], 
            [
              -95.571065130263221, 
              42.755458505311012
            ], 
            [
              -95.571065130263221, 
              42.755444540109551
            ], 
            [
              -95.571090996639882, 
              42.755444540109551
            ], 
            [
              -95.571090996639882, 
              42.755420501648011
            ], 
            [
              -95.571039874909644, 
              42.755420501648011
            ]
          ]
        ]
      }, 
      "properties": {
        "Workstations": "", 
        "Area_SF": 130.53999999999999, 
        "NCES_Department": "Community", 
        "Seat Count": "", 
        "RevitId": 5523058, 
        "NCES_Occupancy Status": "", 
        "Revit_UniqueId": "119a0da7-1f59-4872-bb0b-597be18c65d8-00544672", 
        "Level": "BASEMENT", 
        "occupancyStatus": "Occupied", 
        "Number": "045", 
        "Name": "STORAGE", 
        "NCES_Type": "General Storage", 
        "Element": "Room"
      }
    }, 
    {
      "type": "Feature", 
      "geometry": {
        "type": "Polygon", 
        "coordinates": [
          [
            [
              -95.571114393792428, 
              42.755420501648011
            ], 
            [
              -95.571090996639882, 
              42.755420501648011
            ], 
            [
              -95.571090996639882, 
              42.755444540109551
            ], 
            [
              -95.571090996639882, 
              42.755459192124199
            ], 
            [
              -95.571114393792428, 
              42.755459192124199
            ], 
            [
              -95.571114393792428, 
              42.755420501648011
            ]
          ]
        ]
      }, 
      "properties": {
        "Workstations": "", 
        "Area_SF": 74.75, 
        "NCES_Department": "Community", 
        "Seat Count": "", 
        "RevitId": 5523061, 
        "NCES_Occupancy Status": "", 
        "Revit_UniqueId": "119a0da7-1f59-4872-bb0b-597be18c65d8-00544675", 
        "Level": "BASEMENT", 
        "occupancyStatus": "Occupied", 
        "Number": "047A", 
        "Name": "CORRIDOR", 
        "NCES_Type": "Corridor/Hallway", 
        "Element": "Room"
      }
    }, 
    {
      "type": "Feature", 
      "geometry": {
        "type": "Polygon", 
        "coordinates": [
          [
            [
              -95.571039874909644, 
              42.755458505311012
            ], 
            [
              -95.571039874909644, 
              42.755480025457537
            ], 
            [
              -95.571072265249640, 
              42.755480025457537
            ], 
            [
              -95.571116264559350, 
              42.755480025457537
            ], 
            [
              -95.571116264559350, 
              42.755458505311012
            ], 
            [
              -95.571114393792428, 
              42.755458505311012
            ], 
            [
              -95.571112523025491, 
              42.755459192124199
            ], 
            [
              -95.571092874889885, 
              42.755459192124199
            ], 
            [
              -95.571090996639882, 
              42.755459192124199
            ], 
            [
              -95.571090996639882, 
              42.755458505311012
            ], 
            [
              -95.571065130263221, 
              42.755458505311012
            ], 
            [
              -95.571039874909644, 
              42.755458505311012
            ]
          ]
        ]
      }, 
      "properties": {
        "Workstations": "", 
        "Area_SF": 142.59999999999999, 
        "NCES_Department": "Community", 
        "Seat Count": "", 
        "RevitId": 5523064, 
        "NCES_Occupancy Status": "", 
        "Revit_UniqueId": "119a0da7-1f59-4872-bb0b-597be18c65d8-00544678", 
        "Level": "BASEMENT", 
        "occupancyStatus": "Occupied", 
        "Number": "047", 
        "Name": "VESTIBULE", 
        "NCES_Type": "Vestibule", 
        "Element": "Room"
      }
    }, 
    {
      "type": "Feature", 
      "geometry": {
        "type": "Polygon", 
        "coordinates": [
          [
            [
              -95.571039874909644, 
              42.755505895420903
            ], 
            [
              -95.571039874909644, 
              42.755527391114036
            ], 
            [
              -95.571062287825995, 
              42.755527391114036
            ], 
            [
              -95.571093155480369, 
              42.755527391114036
            ], 
            [
              -95.571114393792428, 
              42.755527391114036
            ], 
            [
              -95.571114393792428, 
              42.755526485437848
            ], 
            [
              -95.571114393792428, 
              42.755505895420903
            ], 
            [
              -95.571072265249640, 
              42.755505895420903
            ], 
            [
              -95.571039874909644, 
              42.755505895420903
            ]
          ]
        ]
      }, 
      "properties": {
        "Workstations": "", 
        "Area_SF": 133.61000000000001, 
        "NCES_Department": "Community", 
        "Seat Count": "", 
        "RevitId": 5523067, 
        "NCES_Occupancy Status": "", 
        "Revit_UniqueId": "119a0da7-1f59-4872-bb0b-597be18c65d8-0054467b", 
        "Level": "BASEMENT", 
        "occupancyStatus": "Occupied", 
        "Number": "048", 
        "Name": "STORAGE", 
        "NCES_Type": "General Storage", 
        "Element": "Room"
      }
    }, 
    {
      "type": "Feature", 
      "geometry": {
        "type": "Polygon", 
        "coordinates": [
          [
            [
              -95.571188912675197, 
              42.755527415567421
            ], 
            [
              -95.571188912675197, 
              42.755458505311012
            ], 
            [
              -95.571116264559350, 
              42.755458505311012
            ], 
            [
              -95.571116264559350, 
              42.755480025457537
            ], 
            [
              -95.571114393792428, 
              42.755480025457537
            ], 
            [
              -95.571114393792428, 
              42.755505895420903
            ], 
            [
              -95.571114393792428, 
              42.755527415567421
            ], 
            [
              -95.571134000558374, 
              42.755527415567421
            ], 
            [
              -95.571188912675197, 
              42.755527415567421
            ]
          ]
        ]
      }, 
      "properties": {
        "Workstations": "", 
        "Area_SF": 457.32999999999998, 
        "NCES_Department": "Community", 
        "Seat Count": "", 
        "RevitId": 5523388, 
        "NCES_Occupancy Status": "", 
        "Revit_UniqueId": "119a0da7-1f59-4872-bb0b-597be18c65d8-005447bc", 
        "Level": "BASEMENT", 
        "occupancyStatus": "Occupied", 
        "Number": "057", 
        "Name": "STORAGE", 
        "NCES_Type": "General Storage", 
        "Element": "Room"
      }
    }, 
    {
      "type": "Feature", 
      "geometry": {
        "type": "Polygon", 
        "coordinates": [
          [
            [
              -95.571199204936732, 
              42.755421188461199
            ], 
            [
              -95.571215028316942, 
              42.755421188461199
            ], 
            [
              -95.571221573078049, 
              42.755425920348344
            ], 
            [
              -95.571221573078049, 
              42.755393177444205
            ], 
            [
              -95.571199204936732, 
              42.755393177444205
            ], 
            [
              -95.571199204936732, 
              42.755421188461199
            ]
          ]
        ]
      }, 
      "properties": {
        "Workstations": "", 
        "Area_SF": 48.520000000000003, 
        "NCES_Department": "Community", 
        "Seat Count": "", 
        "RevitId": 5524183, 
        "NCES_Occupancy Status": "", 
        "Revit_UniqueId": "119a0da7-1f59-4872-bb0b-597be18c65d8-00544ad7", 
        "Level": "BASEMENT", 
        "occupancyStatus": "Occupied", 
        "Number": "003", 
        "Name": "UTILITY", 
        "NCES_Type": "Mechanical Room", 
        "Element": "Room"
      }
    }, 
    {
      "type": "Feature", 
      "geometry": {
        "type": "Polygon", 
        "coordinates": [
          [
            [
              -95.571188912675197, 
              42.755420501648011
            ], 
            [
              -95.571188912675197, 
              42.755421188461199
            ], 
            [
              -95.571199204936732, 
              42.755421188461199
            ], 
            [
              -95.571199204936732, 
              42.755393177444205
            ], 
            [
              -95.571162410143671, 
              42.755393177444205
            ], 
            [
              -95.571162410143671, 
              42.755420501648011
            ], 
            [
              -95.571186086942234, 
              42.755420501648011
            ], 
            [
              -95.571188912675197, 
              42.755420501648011
            ]
          ]
        ]
      }, 
      "properties": {
        "Workstations": "", 
        "Area_SF": 85.840000000000003, 
        "NCES_Department": "Community", 
        "Seat Count": "", 
        "RevitId": 5524186, 
        "NCES_Occupancy Status": "", 
        "Revit_UniqueId": "119a0da7-1f59-4872-bb0b-597be18c65d8-00544ada", 
        "Level": "BASEMENT", 
        "occupancyStatus": "Occupied", 
        "Number": "002", 
        "Name": "ELEVATOR", 
        "NCES_Type": "Elevator/Lift", 
        "Element": "Room"
      }
    }, 
    {
      "type": "Feature", 
      "geometry": {
        "type": "Polygon", 
        "coordinates": [
          [
            [
              -95.571221573078049, 
              42.755425920348344
            ], 
            [
              -95.571235843587360, 
              42.755436237980810
            ], 
            [
              -95.571239615364476, 
              42.755438964989992
            ], 
            [
              -95.571316878058269, 
              42.755438964989992
            ], 
            [
              -95.571316878058269, 
              42.755390430191461
            ], 
            [
              -95.571221573078049, 
              42.755390430191461
            ], 
            [
              -95.571221573078049, 
              42.755393177444205
            ], 
            [
              -95.571221573078049, 
              42.755425920348344
            ]
          ]
        ]
      }, 
      "properties": {
        "Workstations": "", 
        "Area_SF": 403.44000000000000, 
        "NCES_Department": "Community", 
        "Seat Count": "", 
        "RevitId": 5524197, 
        "NCES_Occupancy Status": "", 
        "Revit_UniqueId": "119a0da7-1f59-4872-bb0b-597be18c65d8-00544ae5", 
        "Level": "BASEMENT", 
        "occupancyStatus": "Occupied", 
        "Number": "004", 
        "Name": "STORAGE", 
        "NCES_Type": "General Storage", 
        "Element": "Room"
      }
    }, 
    {
      "type": "Feature", 
      "geometry": {
        "type": "Polygon", 
        "coordinates": [
          [
            [
              -95.571475269658478, 
              42.755438964989992
            ], 
            [
              -95.571474334275010, 
              42.755438964989992
            ], 
            [
              -95.571474334275010, 
              42.755457280008308
            ], 
            [
              -95.571547780118721, 
              42.755457280008308
            ], 
            [
              -95.571547780118721, 
              42.755391803817837
            ], 
            [
              -95.571475269658478, 
              42.755391803817837
            ], 
            [
              -95.571475269658478, 
              42.755404624330652
            ], 
            [
              -95.571475269658478, 
              42.755436890171772
            ], 
            [
              -95.571475269658478, 
              42.755438964989992
            ]
          ]
        ]
      }, 
      "properties": {
        "Workstations": "", 
        "Area_SF": 409.43000000000001, 
        "NCES_Department": "Community", 
        "Seat Count": "", 
        "RevitId": 5524289, 
        "NCES_Occupancy Status": "", 
        "Revit_UniqueId": "119a0da7-1f59-4872-bb0b-597be18c65d8-00544b41", 
        "Level": "BASEMENT", 
        "occupancyStatus": "Occupied", 
        "Number": "011", 
        "Name": "STORAGE", 
        "NCES_Type": "General Storage", 
        "Element": "Room"
      }
    }, 
    {
      "type": "Feature", 
      "geometry": {
        "type": "Polygon", 
        "coordinates": [
          [
            [
              -95.571445875398567, 
              42.755438964989992
            ], 
            [
              -95.571475269658478, 
              42.755438964989992
            ], 
            [
              -95.571475269658478, 
              42.755404624330652
            ], 
            [
              -95.571466851207290, 
              42.755404624330652
            ], 
            [
              -95.571466851207290, 
              42.755391803817837
            ], 
            [
              -95.571445875398567, 
              42.755391803817837
            ], 
            [
              -95.571445875398567, 
              42.755438964989992
            ]
          ]
        ]
      }, 
      "properties": {
        "Workstations": "", 
        "Area_SF": 104.27000000000000, 
        "NCES_Department": "Community", 
        "Seat Count": "", 
        "RevitId": 5524292, 
        "NCES_Occupancy Status": "", 
        "Revit_UniqueId": "119a0da7-1f59-4872-bb0b-597be18c65d8-00544b44", 
        "Level": "BASEMENT", 
        "occupancyStatus": "Occupied", 
        "Number": "010", 
        "Name": "RESTROOM", 
        "NCES_Type": "Single Stall Restroom", 
        "Element": "Room"
      }
    }, 
    {
      "type": "Feature", 
      "geometry": {
        "type": "Polygon", 
        "coordinates": [
          [
            [
              -95.571431221057594, 
              42.755438964989992
            ], 
            [
              -95.571445875398567, 
              42.755438964989992
            ], 
            [
              -95.571445875398567, 
              42.755391803817837
            ], 
            [
              -95.571431221057594, 
              42.755391803817837
            ], 
            [
              -95.571431221057594, 
              42.755438964989992
            ]
          ]
        ]
      }, 
      "properties": {
        "Workstations": "", 
        "Area_SF": 54.380000000000003, 
        "NCES_Department": "Community", 
        "Seat Count": "", 
        "RevitId": 5524295, 
        "NCES_Occupancy Status": "", 
        "Revit_UniqueId": "119a0da7-1f59-4872-bb0b-597be18c65d8-00544b47", 
        "Level": "BASEMENT", 
        "occupancyStatus": "Occupied", 
        "Number": "009", 
        "Name": "CHASE", 
        "NCES_Type": "Mechanical Room", 
        "Element": "Room"
      }
    }, 
    {
      "type": "Feature", 
      "geometry": {
        "type": "Polygon", 
        "coordinates": [
          [
            [
              -95.571404094937094, 
              42.755438964989992
            ], 
            [
              -95.571431221057594, 
              42.755438964989992
            ], 
            [
              -95.571431221057594, 
              42.755391803817837
            ], 
            [
              -95.571404094937094, 
              42.755391803817837
            ], 
            [
              -95.571404094937094, 
              42.755438964989992
            ]
          ]
        ]
      }, 
      "properties": {
        "Workstations": "", 
        "Area_SF": 107.44000000000000, 
        "NCES_Department": "Community", 
        "Seat Count": "", 
        "RevitId": 5524298, 
        "NCES_Occupancy Status": "", 
        "Revit_UniqueId": "119a0da7-1f59-4872-bb0b-597be18c65d8-00544b4a", 
        "Level": "BASEMENT", 
        "occupancyStatus": "Occupied", 
        "Number": "008", 
        "Name": "RESTROOM", 
        "NCES_Type": "Single Stall Restroom", 
        "Element": "Room"
      }
    }, 
    {
      "type": "Feature", 
      "geometry": {
        "type": "Polygon", 
        "coordinates": [
          [
            [
              -95.571349304685086, 
              42.755438964989992
            ], 
            [
              -95.571404094937094, 
              42.755438964989992
            ], 
            [
              -95.571404094937094, 
              42.755391803817837
            ], 
            [
              -95.571360131914204, 
              42.755391803817837
            ], 
            [
              -95.571360131914204, 
              42.755406913707944
            ], 
            [
              -95.571349304685086, 
              42.755406913707944
            ], 
            [
              -95.571349304685086, 
              42.755438964989992
            ]
          ]
        ]
      }, 
      "properties": {
        "Workstations": "", 
        "Area_SF": 209.93000000000001, 
        "NCES_Department": "Community", 
        "Seat Count": "", 
        "RevitId": 5524301, 
        "NCES_Occupancy Status": "", 
        "Revit_UniqueId": "119a0da7-1f59-4872-bb0b-597be18c65d8-00544b4d", 
        "Level": "BASEMENT", 
        "occupancyStatus": "Occupied", 
        "Number": "007", 
        "Name": "RESTROOM", 
        "NCES_Type": "Single Stall Restroom", 
        "Element": "Room"
      }
    }, 
    {
      "type": "Feature", 
      "geometry": {
        "type": "Polygon", 
        "coordinates": [
          [
            [
              -95.571316878058269, 
              42.755438964989992
            ], 
            [
              -95.571349304685086, 
              42.755438964989992
            ], 
            [
              -95.571349304685086, 
              42.755406913707944
            ], 
            [
              -95.571349304685086, 
              42.755391803817837
            ], 
            [
              -95.571316878058269, 
              42.755391803817837
            ], 
            [
              -95.571316878058269, 
              42.755438964989992
            ]
          ]
        ]
      }, 
      "properties": {
        "Workstations": "", 
        "Area_SF": 126.01000000000001, 
        "NCES_Department": "Community", 
        "Seat Count": "", 
        "RevitId": 5524304, 
        "NCES_Occupancy Status": "", 
        "Revit_UniqueId": "119a0da7-1f59-4872-bb0b-597be18c65d8-00544b50", 
        "Level": "BASEMENT", 
        "occupancyStatus": "Occupied", 
        "Number": "005", 
        "Name": "STORAGE", 
        "NCES_Type": "General Storage", 
        "Element": "Room"
      }
    }, 
    {
      "type": "Feature", 
      "geometry": {
        "type": "Polygon", 
        "coordinates": [
          [
            [
              -95.571360131914204, 
              42.755391803817837
            ], 
            [
              -95.571349304685086, 
              42.755391803817837
            ], 
            [
              -95.571349304685086, 
              42.755406913707944
            ], 
            [
              -95.571360131914204, 
              42.755406913707944
            ], 
            [
              -95.571360131914204, 
              42.755391803817837
            ]
          ]
        ]
      }, 
      "properties": {
        "Workstations": "", 
        "Area_SF": 11.369999999999999, 
        "NCES_Department": "Community", 
        "Seat Count": "", 
        "RevitId": 5524310, 
        "NCES_Occupancy Status": "", 
        "Revit_UniqueId": "119a0da7-1f59-4872-bb0b-597be18c65d8-00544b56", 
        "Level": "BASEMENT", 
        "occupancyStatus": "Occupied", 
        "Number": "006", 
        "Name": "STORAGE", 
        "NCES_Type": "General Storage", 
        "Element": "Room"
      }
    }, 
    {
      "type": "Feature", 
      "geometry": {
        "type": "Polygon", 
        "coordinates": [
          [
            [
              -95.570911215478674, 
              42.755438964989992
            ], 
            [
              -95.570989821253775, 
              42.755438964989992
            ], 
            [
              -95.570993701902893, 
              42.755436115590697
            ], 
            [
              -95.571007993853357, 
              42.755425621605717
            ], 
            [
              -95.571007993853357, 
              42.755390430191461
            ], 
            [
              -95.570918698546407, 
              42.755390430191461
            ], 
            [
              -95.570918698546407, 
              42.755391803817837
            ], 
            [
              -95.570911215478674, 
              42.755391803817837
            ], 
            [
              -95.570911215478674, 
              42.755417754395260
            ], 
            [
              -95.570911215478674, 
              42.755438964989992
            ]
          ]
        ]
      }, 
      "properties": {
        "Workstations": "", 
        "Area_SF": 406.75999999999999, 
        "NCES_Department": "Community", 
        "Seat Count": "", 
        "RevitId": 5524338, 
        "NCES_Occupancy Status": "", 
        "Revit_UniqueId": "119a0da7-1f59-4872-bb0b-597be18c65d8-00544b72", 
        "Level": "BASEMENT", 
        "occupancyStatus": "Occupied", 
        "Number": "004", 
        "Name": "STORAGE", 
        "NCES_Type": "General Storage", 
        "Element": "Room"
      }
    }, 
    {
      "type": "Feature", 
      "geometry": {
        "type": "Polygon", 
        "coordinates": [
          [
            [
              -95.571475269658478, 
              42.755391803817837
            ], 
            [
              -95.571547780118721, 
              42.755391803817837
            ], 
            [
              -95.571547780118721, 
              42.755371199422228
            ], 
            [
              -95.571475269658478, 
              42.755371199422228
            ], 
            [
              -95.571442843031662, 
              42.755371199422228
            ], 
            [
              -95.571411351788313, 
              42.755371199422228
            ], 
            [
              -95.571379860544965, 
              42.755371199422228
            ], 
            [
              -95.571348369301617, 
              42.755371199422228
            ], 
            [
              -95.571316878058269, 
              42.755371199422228
            ], 
            [
              -95.571285386814921, 
              42.755371199422228
            ], 
            [
              -95.571221573078049, 
              42.755371199422228
            ], 
            [
              -95.571221573078049, 
              42.755390430191461
            ], 
            [
              -95.571316878058269, 
              42.755390430191461
            ], 
            [
              -95.571316878058269, 
              42.755391803817837
            ], 
            [
              -95.571349304685086, 
              42.755391803817837
            ], 
            [
              -95.571360131914204, 
              42.755391803817837
            ], 
            [
              -95.571404094937094, 
              42.755391803817837
            ], 
            [
              -95.571431221057594, 
              42.755391803817837
            ], 
            [
              -95.571445875398567, 
              42.755391803817837
            ], 
            [
              -95.571466851207290, 
              42.755391803817837
            ], 
            [
              -95.571475269658478, 
              42.755391803817837
            ]
          ]
        ]
      }, 
      "properties": {
        "Workstations": "", 
        "Area_SF": 558.58000000000004, 
        "NCES_Department": "Community", 
        "Seat Count": "", 
        "RevitId": 5524396, 
        "NCES_Occupancy Status": "", 
        "Revit_UniqueId": "119a0da7-1f59-4872-bb0b-597be18c65d8-00544bac", 
        "Level": "BASEMENT", 
        "occupancyStatus": "Occupied", 
        "Number": "079", 
        "Name": "CORRIDOR", 
        "NCES_Type": "Corridor/Hallway", 
        "Element": "Room"
      }
    }, 
    {
      "type": "Feature", 
      "geometry": {
        "type": "Polygon", 
        "coordinates": [
          [
            [
              -95.571007993853357, 
              42.755371199422228
            ], 
            [
              -95.570944075983206, 
              42.755371199422228
            ], 
            [
              -95.570912585323313, 
              42.755371199422228
            ], 
            [
              -95.570881094079965, 
              42.755371199422228
            ], 
            [
              -95.570849914631097, 
              42.755371199422228
            ], 
            [
              -95.570818735182243, 
              42.755371199422228
            ], 
            [
              -95.570787555733389, 
              42.755371199422228
            ], 
            [
              -95.570755444801591, 
              42.755371199422228
            ], 
            [
              -95.570682169196246, 
              42.755371199422228
            ], 
            [
              -95.570682169196246, 
              42.755391803817837
            ], 
            [
              -95.570755444801591, 
              42.755391803817837
            ], 
            [
              -95.570762969827740, 
              42.755391803817837
            ], 
            [
              -95.570784003327333, 
              42.755391803817837
            ], 
            [
              -95.570824848405337, 
              42.755391803817837
            ], 
            [
              -95.570868499633747, 
              42.755391803817837
            ], 
            [
              -95.570880971413288, 
              42.755391803817837
            ], 
            [
              -95.570911215478674, 
              42.755391803817837
            ], 
            [
              -95.570918698546407, 
              42.755391803817837
            ], 
            [
              -95.570918698546407, 
              42.755390430191461
            ], 
            [
              -95.571007993853357, 
              42.755390430191461
            ], 
            [
              -95.571007993853357, 
              42.755371199422228
            ]
          ]
        ]
      }, 
      "properties": {
        "Workstations": "", 
        "Area_SF": 557.91999999999996, 
        "NCES_Department": "Community", 
        "Seat Count": "", 
        "RevitId": 5524404, 
        "NCES_Occupancy Status": "", 
        "Revit_UniqueId": "119a0da7-1f59-4872-bb0b-597be18c65d8-00544bb4", 
        "Level": "BASEMENT", 
        "occupancyStatus": "Occupied", 
        "Number": "080", 
        "Name": "CORRIDOR", 
        "NCES_Type": "Corridor/Hallway", 
        "Element": "Room"
      }
    }, 
    {
      "type": "Feature", 
      "geometry": {
        "type": "Polygon", 
        "coordinates": [
          [
            [
              -95.571007993853357, 
              42.755425621605717
            ], 
            [
              -95.571014031434117, 
              42.755421188461199
            ], 
            [
              -95.571039874909644, 
              42.755421188461199
            ], 
            [
              -95.571039874909644, 
              42.755420501648011
            ], 
            [
              -95.571042700642607, 
              42.755420501648011
            ], 
            [
              -95.571090996639882, 
              42.755420501648011
            ], 
            [
              -95.571114393792428, 
              42.755420501648011
            ], 
            [
              -95.571162410143671, 
              42.755420501648011
            ], 
            [
              -95.571162410143671, 
              42.755393177444205
            ], 
            [
              -95.571199204936732, 
              42.755393177444205
            ], 
            [
              -95.571221573078049, 
              42.755393177444205
            ], 
            [
              -95.571221573078049, 
              42.755390430191461
            ], 
            [
              -95.571221573078049, 
              42.755371199422228
            ], 
            [
              -95.571183534150435, 
              42.755371199422228
            ], 
            [
              -95.571133724980882, 
              42.755371199422228
            ], 
            [
              -95.571046032780970, 
              42.755371199422228
            ], 
            [
              -95.571007993853357, 
              42.755371199422228
            ], 
            [
              -95.571007993853357, 
              42.755390430191461
            ], 
            [
              -95.571007993853357, 
              42.755425621605717
            ]
          ]
        ]
      }, 
      "properties": {
        "Workstations": "", 
        "Area_SF": 799.82000000000005, 
        "NCES_Department": "Community", 
        "Seat Count": "", 
        "RevitId": 5524410, 
        "NCES_Occupancy Status": "", 
        "Revit_UniqueId": "119a0da7-1f59-4872-bb0b-597be18c65d8-00544bba", 
        "Level": "BASEMENT", 
        "occupancyStatus": "Occupied", 
        "Number": "081", 
        "Name": "CORRIDOR", 
        "NCES_Type": "Corridor/Hallway", 
        "Element": "Room"
      }
    }, 
    {
      "type": "Feature", 
      "geometry": {
        "type": "Polygon", 
        "coordinates": [
          [
            [
              -95.570880971413288, 
              42.755391803817837
            ], 
            [
              -95.570868499633747, 
              42.755391803817837
            ], 
            [
              -95.570868499633747, 
              42.755404853268381
            ], 
            [
              -95.570880971413288, 
              42.755404853268381
            ], 
            [
              -95.570880971413288, 
              42.755391803817837
            ]
          ]
        ]
      }, 
      "properties": {
        "Workstations": "", 
        "Area_SF": 11.330000000000000, 
        "NCES_Department": "Community", 
        "Seat Count": "", 
        "RevitId": 5524688, 
        "NCES_Occupancy Status": "", 
        "Revit_UniqueId": "119a0da7-1f59-4872-bb0b-597be18c65d8-00544cd0", 
        "Level": "BASEMENT", 
        "occupancyStatus": "Occupied", 
        "Number": "084", 
        "Name": "STORAGE", 
        "NCES_Type": "General Storage", 
        "Element": "Room"
      }
    }, 
    {
      "type": "Feature", 
      "geometry": {
        "type": "Polygon", 
        "coordinates": [
          [
            [
              -95.571072265249640, 
              42.755505895420903
            ], 
            [
              -95.571114393792428, 
              42.755505895420903
            ], 
            [
              -95.571114393792428, 
              42.755480025457537
            ], 
            [
              -95.571072265249640, 
              42.755480025457537
            ], 
            [
              -95.571072265249640, 
              42.755505895420903
            ]
          ]
        ]
      }, 
      "properties": {
        "Workstations": "", 
        "Area_SF": 91.230000000000004, 
        "NCES_Department": "Community", 
        "Seat Count": "", 
        "RevitId": 5552814, 
        "NCES_Occupancy Status": "", 
        "Revit_UniqueId": "23528212-59f6-445e-ae95-9741edf0f0bb-0054baae", 
        "Level": "BASEMENT", 
        "occupancyStatus": "Occupied", 
        "Number": "083", 
        "Name": "STORAGE", 
        "NCES_Type": "General Storage", 
        "Element": "Room"
      }
    }, 
    {
      "type": "Feature", 
      "geometry": {
        "type": "Polygon", 
        "coordinates": [
          [
            [
              -95.571039874909644, 
              42.755480025457537
            ], 
            [
              -95.571039874909644, 
              42.755505895420903
            ], 
            [
              -95.571072265249640, 
              42.755505895420903
            ], 
            [
              -95.571072265249640, 
              42.755480025457537
            ], 
            [
              -95.571039874909644, 
              42.755480025457537
            ]
          ]
        ]
      }, 
      "properties": {
        "Workstations": "", 
        "Area_SF": 66.269999999999996, 
        "NCES_Department": "Community", 
        "Seat Count": "", 
        "RevitId": 5552817, 
        "NCES_Occupancy Status": "", 
        "Revit_UniqueId": "23528212-59f6-445e-ae95-9741edf0f0bb-0054bab1", 
        "Level": "BASEMENT", 
        "occupancyStatus": "Occupied", 
        "Number": "085", 
        "Name": "STORAGE", 
        "NCES_Type": "General Storage", 
        "Element": "Room"
      }
    }, 
    {
      "properties": {
        "level": "BASEMENT", 
        "type": "drawing", 
        "SubClasses": "AcDbEntity:AcDbLine", 
        "Layer": "A-WALL", 
        "EntityHandle": "132", 
        "source": "BASEMENT.dxf", 
        "interactive": false
      }, 
      "type": "Feature", 
      "geometry": {
        "type": "MultiLineString", 
        "coordinates": [
          [
            [
              -95.571597181303517, 
              42.755322179488367
            ], 
            [
              -95.571597181303517, 
              42.755455219568752
            ]
          ]
        ]
      }
    }, 
    {
      "properties": {
        "level": "BASEMENT", 
        "type": "drawing", 
        "SubClasses": "AcDbEntity:AcDbLine", 
        "Layer": "A-WALL", 
        "EntityHandle": "133", 
        "source": "BASEMENT.dxf", 
        "interactive": false
      }, 
      "type": "Feature", 
      "geometry": {
        "type": "MultiLineString", 
        "coordinates": [
          [
            [
              -95.571602793604313, 
              42.755459340447871
            ], 
            [
              -95.571602793604313, 
              42.755322179488367
            ]
          ]
        ]
      }
    }, 
    {
      "properties": {
        "level": "BASEMENT", 
        "type": "drawing", 
        "SubClasses": "AcDbEntity:AcDbLine", 
        "Layer": "A-WALL", 
        "EntityHandle": "134", 
        "source": "BASEMENT.dxf", 
        "interactive": false
      }, 
      "type": "Feature", 
      "geometry": {
        "type": "MultiLineString", 
        "coordinates": [
          [
            [
              -95.571471528124619, 
              42.755327243378275
            ], 
            [
              -95.571348128804900, 
              42.755327243378275
            ]
          ]
        ]
      }
    }, 
    {
      "properties": {
        "level": "BASEMENT", 
        "type": "drawing", 
        "SubClasses": "AcDbEntity:AcDbLine", 
        "Layer": "A-WALL", 
        "EntityHandle": "135", 
        "source": "BASEMENT.dxf", 
        "interactive": false
      }, 
      "type": "Feature", 
      "geometry": {
        "type": "MultiLineString", 
        "coordinates": [
          [
            [
              -95.571349304685086, 
              42.755331364257394
            ], 
            [
              -95.571378925161497, 
              42.755331364257394
            ]
          ]
        ]
      }
    }, 
    {
      "properties": {
        "level": "BASEMENT", 
        "type": "drawing", 
        "SubClasses": "AcDbEntity:AcDbLine", 
        "Layer": "A-WALL", 
        "EntityHandle": "136", 
        "source": "BASEMENT.dxf", 
        "interactive": false
      }, 
      "type": "Feature", 
      "geometry": {
        "type": "MultiLineString", 
        "coordinates": [
          [
            [
              -95.571380795928434, 
              42.755331364257394
            ], 
            [
              -95.571410416404845, 
              42.755331364257394
            ]
          ]
        ]
      }
    }, 
    {
      "properties": {
        "level": "BASEMENT", 
        "type": "drawing", 
        "SubClasses": "AcDbEntity:AcDbLine", 
        "Layer": "A-WALL", 
        "EntityHandle": "137", 
        "source": "BASEMENT.dxf", 
        "interactive": false
      }, 
      "type": "Feature", 
      "geometry": {
        "type": "MultiLineString", 
        "coordinates": [
          [
            [
              -95.571412287171782, 
              42.755331364257394
            ], 
            [
              -95.571441907648193, 
              42.755331364257394
            ]
          ]
        ]
      }
    }, 
    {
      "properties": {
        "level": "BASEMENT", 
        "type": "drawing", 
        "SubClasses": "AcDbEntity:AcDbLine", 
        "Layer": "A-WALL", 
        "EntityHandle": "138", 
        "source": "BASEMENT.dxf", 
        "interactive": false
      }, 
      "type": "Feature", 
      "geometry": {
        "type": "MultiLineString", 
        "coordinates": [
          [
            [
              -95.571443778415130, 
              42.755331364257394
            ], 
            [
              -95.571473398891541, 
              42.755331364257394
            ]
          ]
        ]
      }
    }, 
    {
      "properties": {
        "level": "BASEMENT", 
        "type": "drawing", 
        "SubClasses": "AcDbEntity:AcDbLine", 
        "Layer": "A-WALL", 
        "EntityHandle": "13B", 
        "source": "BASEMENT.dxf", 
        "interactive": false
      }, 
      "type": "Feature", 
      "geometry": {
        "type": "MultiLineString", 
        "coordinates": [
          [
            [
              -95.571471528124619, 
              42.755322179488367
            ], 
            [
              -95.571471528124619, 
              42.755327243378275
            ]
          ]
        ]
      }
    }, 
    {
      "properties": {
        "level": "BASEMENT", 
        "type": "drawing", 
        "SubClasses": "AcDbEntity:AcDbLine", 
        "Layer": "A-WALL", 
        "EntityHandle": "13C", 
        "source": "BASEMENT.dxf", 
        "interactive": false
      }, 
      "type": "Feature", 
      "geometry": {
        "type": "MultiLineString", 
        "coordinates": [
          [
            [
              -95.571348128804900, 
              42.755441025429555
            ], 
            [
              -95.571471528124619, 
              42.755441025429555
            ]
          ]
        ]
      }
    }, 
    {
      "properties": {
        "level": "BASEMENT", 
        "type": "drawing", 
        "SubClasses": "AcDbEntity:AcDbLine", 
        "Layer": "A-WALL", 
        "EntityHandle": "13E", 
        "source": "BASEMENT.dxf", 
        "interactive": false
      }, 
      "type": "Feature", 
      "geometry": {
        "type": "MultiLineString", 
        "coordinates": [
          [
            [
              -95.571473398891541, 
              42.755436904550436
            ], 
            [
              -95.571446810782021, 
              42.755436904550436
            ]
          ]
        ]
      }
    }, 
    {
      "properties": {
        "level": "BASEMENT", 
        "type": "drawing", 
        "SubClasses": "AcDbEntity:AcDbLine", 
        "Layer": "A-WALL", 
        "EntityHandle": "13F", 
        "source": "BASEMENT.dxf", 
        "interactive": false
      }, 
      "type": "Feature", 
      "geometry": {
        "type": "MultiLineString", 
        "coordinates": [
          [
            [
              -95.571444940015098, 
              42.755436904550436
            ], 
            [
              -95.571432156441062, 
              42.755436904550436
            ]
          ]
        ]
      }
    }, 
    {
      "properties": {
        "level": "BASEMENT", 
        "type": "drawing", 
        "SubClasses": "AcDbEntity:AcDbLine", 
        "Layer": "A-WALL", 
        "EntityHandle": "140", 
        "source": "BASEMENT.dxf", 
        "interactive": false
      }, 
      "type": "Feature", 
      "geometry": {
        "type": "MultiLineString", 
        "coordinates": [
          [
            [
              -95.571430285674126, 
              42.755436904550436
            ], 
            [
              -95.571405030320562, 
              42.755436904550436
            ]
          ]
        ]
      }
    }, 
    {
      "properties": {
        "level": "BASEMENT", 
        "type": "drawing", 
        "SubClasses": "AcDbEntity:AcDbLine", 
        "Layer": "A-WALL", 
        "EntityHandle": "141", 
        "source": "BASEMENT.dxf", 
        "interactive": false
      }, 
      "type": "Feature", 
      "geometry": {
        "type": "MultiLineString", 
        "coordinates": [
          [
            [
              -95.571403159553626, 
              42.755436904550436
            ], 
            [
              -95.571350240068554, 
              42.755436904550436
            ]
          ]
        ]
      }
    }, 
    {
      "properties": {
        "level": "BASEMENT", 
        "type": "drawing", 
        "SubClasses": "AcDbEntity:AcDbLine", 
        "Layer": "A-WALL", 
        "EntityHandle": "142", 
        "source": "BASEMENT.dxf", 
        "interactive": false
      }, 
      "type": "Feature", 
      "geometry": {
        "type": "MultiLineString", 
        "coordinates": [
          [
            [
              -95.571348369301617, 
              42.755436904550436
            ], 
            [
              -95.571348128804900, 
              42.755436904550436
            ]
          ]
        ]
      }
    }, 
    {
      "properties": {
        "level": "BASEMENT", 
        "type": "drawing", 
        "SubClasses": "AcDbEntity:AcDbLine", 
        "Layer": "A-WALL", 
        "EntityHandle": "144", 
        "source": "BASEMENT.dxf", 
        "interactive": false
      }, 
      "type": "Feature", 
      "geometry": {
        "type": "MultiLineString", 
        "coordinates": [
          [
            [
              -95.571471528124619, 
              42.755441025429555
            ], 
            [
              -95.571471528124619, 
              42.755459340447871
            ]
          ]
        ]
      }
    }, 
    {
      "properties": {
        "level": "BASEMENT", 
        "type": "drawing", 
        "SubClasses": "AcDbEntity:AcDbLine", 
        "Layer": "A-WALL", 
        "EntityHandle": "146", 
        "source": "BASEMENT.dxf", 
        "interactive": false
      }, 
      "type": "Feature", 
      "geometry": {
        "type": "MultiLineString", 
        "coordinates": [
          [
            [
              -95.571597181303517, 
              42.755455219568752
            ], 
            [
              -95.571550586269112, 
              42.755455219568752
            ]
          ]
        ]
      }
    }, 
    {
      "properties": {
        "level": "BASEMENT", 
        "type": "drawing", 
        "SubClasses": "AcDbEntity:AcDbLine", 
        "Layer": "A-WALL", 
        "EntityHandle": "147", 
        "source": "BASEMENT.dxf", 
        "interactive": false
      }, 
      "type": "Feature", 
      "geometry": {
        "type": "MultiLineString", 
        "coordinates": [
          [
            [
              -95.571544973968315, 
              42.755455219568752
            ], 
            [
              -95.571477140425415, 
              42.755455219568752
            ]
          ]
        ]
      }
    }, 
    {
      "properties": {
        "level": "BASEMENT", 
        "type": "drawing", 
        "SubClasses": "AcDbEntity:AcDbLine", 
        "Layer": "A-WALL", 
        "EntityHandle": "148", 
        "source": "BASEMENT.dxf", 
        "interactive": false
      }, 
      "type": "Feature", 
      "geometry": {
        "type": "MultiLineString", 
        "coordinates": [
          [
            [
              -95.571471528124619, 
              42.755459340447871
            ], 
            [
              -95.571602793604313, 
              42.755459340447871
            ]
          ]
        ]
      }
    }, 
    {
      "properties": {
        "level": "BASEMENT", 
        "type": "drawing", 
        "SubClasses": "AcDbEntity:AcDbLine", 
        "Layer": "A-WALL", 
        "EntityHandle": "14A", 
        "source": "BASEMENT.dxf", 
        "interactive": false
      }, 
      "type": "Feature", 
      "geometry": {
        "type": "MultiLineString", 
        "coordinates": [
          [
            [
              -95.571544973968315, 
              42.755390430191461
            ], 
            [
              -95.571516912464347, 
              42.755390430191461
            ]
          ]
        ]
      }
    }, 
    {
      "properties": {
        "level": "BASEMENT", 
        "type": "drawing", 
        "SubClasses": "AcDbEntity:AcDbLine", 
        "Layer": "A-WALL", 
        "EntityHandle": "14B", 
        "source": "BASEMENT.dxf", 
        "interactive": false
      }, 
      "type": "Feature", 
      "geometry": {
        "type": "MultiLineString", 
        "coordinates": [
          [
            [
              -95.571516912464347, 
              42.755390430191461
            ], 
            [
              -95.571516912464347, 
              42.755393177444205
            ]
          ]
        ]
      }
    }, 
    {
      "properties": {
        "level": "BASEMENT", 
        "type": "drawing", 
        "SubClasses": "AcDbEntity:AcDbLine", 
        "Layer": "A-WALL", 
        "EntityHandle": "14C", 
        "source": "BASEMENT.dxf", 
        "interactive": false
      }, 
      "type": "Feature", 
      "geometry": {
        "type": "MultiLineString", 
        "coordinates": [
          [
            [
              -95.571516912464347, 
              42.755393177444205
            ], 
            [
              -95.571544973968315, 
              42.755393177444205
            ]
          ]
        ]
      }
    }, 
    {
      "properties": {
        "level": "BASEMENT", 
        "type": "drawing", 
        "SubClasses": "AcDbEntity:AcDbLine", 
        "Layer": "A-WALL", 
        "EntityHandle": "14D", 
        "source": "BASEMENT.dxf", 
        "interactive": false
      }, 
      "type": "Feature", 
      "geometry": {
        "type": "MultiLineString", 
        "coordinates": [
          [
            [
              -95.571504440684805, 
              42.755390430191461
            ], 
            [
              -95.571462174289962, 
              42.755390430191461
            ]
          ]
        ]
      }
    }, 
    {
      "properties": {
        "level": "BASEMENT", 
        "type": "drawing", 
        "SubClasses": "AcDbEntity:AcDbLine", 
        "Layer": "A-WALL", 
        "EntityHandle": "14E", 
        "source": "BASEMENT.dxf", 
        "interactive": false
      }, 
      "type": "Feature", 
      "geometry": {
        "type": "MultiLineString", 
        "coordinates": [
          [
            [
              -95.571462174289962, 
              42.755390430191461
            ], 
            [
              -95.571462174289962, 
              42.755393177444205
            ]
          ]
        ]
      }
    }, 
    {
      "properties": {
        "level": "BASEMENT", 
        "type": "drawing", 
        "SubClasses": "AcDbEntity:AcDbLine", 
        "Layer": "A-WALL", 
        "EntityHandle": "14F", 
        "source": "BASEMENT.dxf", 
        "interactive": false
      }, 
      "type": "Feature", 
      "geometry": {
        "type": "MultiLineString", 
        "coordinates": [
          [
            [
              -95.571462174289962, 
              42.755393177444205
            ], 
            [
              -95.571465915823822, 
              42.755393177444205
            ]
          ]
        ]
      }
    }, 
    {
      "properties": {
        "level": "BASEMENT", 
        "type": "drawing", 
        "SubClasses": "AcDbEntity:AcDbLine", 
        "Layer": "A-WALL", 
        "EntityHandle": "150", 
        "source": "BASEMENT.dxf", 
        "interactive": false
      }, 
      "type": "Feature", 
      "geometry": {
        "type": "MultiLineString", 
        "coordinates": [
          [
            [
              -95.571467786590745, 
              42.755393177444205
            ], 
            [
              -95.571473398891541, 
              42.755393177444205
            ]
          ]
        ]
      }
    }, 
    {
      "properties": {
        "level": "BASEMENT", 
        "type": "drawing", 
        "SubClasses": "AcDbEntity:AcDbLine", 
        "Layer": "A-WALL", 
        "EntityHandle": "151", 
        "source": "BASEMENT.dxf", 
        "interactive": false
      }, 
      "type": "Feature", 
      "geometry": {
        "type": "MultiLineString", 
        "coordinates": [
          [
            [
              -95.571477140425415, 
              42.755393177444205
            ], 
            [
              -95.571504440684805, 
              42.755393177444205
            ]
          ]
        ]
      }
    }, 
    {
      "properties": {
        "level": "BASEMENT", 
        "type": "drawing", 
        "SubClasses": "AcDbEntity:AcDbLine", 
        "Layer": "A-WALL", 
        "EntityHandle": "152", 
        "source": "BASEMENT.dxf", 
        "interactive": false
      }, 
      "type": "Feature", 
      "geometry": {
        "type": "MultiLineString", 
        "coordinates": [
          [
            [
              -95.571504440684805, 
              42.755393177444205
            ], 
            [
              -95.571504440684805, 
              42.755390430191461
            ]
          ]
        ]
      }
    }, 
    {
      "properties": {
        "level": "BASEMENT", 
        "type": "drawing", 
        "SubClasses": "AcDbEntity:AcDbLine", 
        "Layer": "A-WALL", 
        "EntityHandle": "153", 
        "source": "BASEMENT.dxf", 
        "interactive": false
      }, 
      "type": "Feature", 
      "geometry": {
        "type": "MultiLineString", 
        "coordinates": [
          [
            [
              -95.571450326099395, 
              42.755390430191461
            ], 
            [
              -95.571443381042656, 
              42.755390430191461
            ]
          ]
        ]
      }
    }, 
    {
      "properties": {
        "level": "BASEMENT", 
        "type": "drawing", 
        "SubClasses": "AcDbEntity:AcDbLine", 
        "Layer": "A-WALL", 
        "EntityHandle": "154", 
        "source": "BASEMENT.dxf", 
        "interactive": false
      }, 
      "type": "Feature", 
      "geometry": {
        "type": "MultiLineString", 
        "coordinates": [
          [
            [
              -95.571443381042656, 
              42.755390430191461
            ], 
            [
              -95.571443381042656, 
              42.755393177444205
            ]
          ]
        ]
      }
    }, 
    {
      "properties": {
        "level": "BASEMENT", 
        "type": "drawing", 
        "SubClasses": "AcDbEntity:AcDbLine", 
        "Layer": "A-WALL", 
        "EntityHandle": "155", 
        "source": "BASEMENT.dxf", 
        "interactive": false
      }, 
      "type": "Feature", 
      "geometry": {
        "type": "MultiLineString", 
        "coordinates": [
          [
            [
              -95.571443381042656, 
              42.755393177444205
            ], 
            [
              -95.571444940015098, 
              42.755393177444205
            ]
          ]
        ]
      }
    }, 
    {
      "properties": {
        "level": "BASEMENT", 
        "type": "drawing", 
        "SubClasses": "AcDbEntity:AcDbLine", 
        "Layer": "A-WALL", 
        "EntityHandle": "156", 
        "source": "BASEMENT.dxf", 
        "interactive": false
      }, 
      "type": "Feature", 
      "geometry": {
        "type": "MultiLineString", 
        "coordinates": [
          [
            [
              -95.571446810782021, 
              42.755393177444205
            ], 
            [
              -95.571450326099395, 
              42.755393177444205
            ]
          ]
        ]
      }
    }, 
    {
      "properties": {
        "level": "BASEMENT", 
        "type": "drawing", 
        "SubClasses": "AcDbEntity:AcDbLine", 
        "Layer": "A-WALL", 
        "EntityHandle": "157", 
        "source": "BASEMENT.dxf", 
        "interactive": false
      }, 
      "type": "Feature", 
      "geometry": {
        "type": "MultiLineString", 
        "coordinates": [
          [
            [
              -95.571450326099395, 
              42.755393177444205
            ], 
            [
              -95.571450326099395, 
              42.755390430191461
            ]
          ]
        ]
      }
    }, 
    {
      "properties": {
        "level": "BASEMENT", 
        "type": "drawing", 
        "SubClasses": "AcDbEntity:AcDbLine", 
        "Layer": "A-WALL", 
        "EntityHandle": "158", 
        "source": "BASEMENT.dxf", 
        "interactive": false
      }, 
      "type": "Feature", 
      "geometry": {
        "type": "MultiLineString", 
        "coordinates": [
          [
            [
              -95.571432780030037, 
              42.755390430191461
            ], 
            [
              -95.571418437483558, 
              42.755390430191461
            ]
          ]
        ]
      }
    }, 
    {
      "properties": {
        "level": "BASEMENT", 
        "type": "drawing", 
        "SubClasses": "AcDbEntity:AcDbLine", 
        "Layer": "A-WALL", 
        "EntityHandle": "159", 
        "source": "BASEMENT.dxf", 
        "interactive": false
      }, 
      "type": "Feature", 
      "geometry": {
        "type": "MultiLineString", 
        "coordinates": [
          [
            [
              -95.571418437483558, 
              42.755390430191461
            ], 
            [
              -95.571418437483558, 
              42.755393177444205
            ]
          ]
        ]
      }
    }, 
    {
      "properties": {
        "level": "BASEMENT", 
        "type": "drawing", 
        "SubClasses": "AcDbEntity:AcDbLine", 
        "Layer": "A-WALL", 
        "EntityHandle": "15A", 
        "source": "BASEMENT.dxf", 
        "interactive": false
      }, 
      "type": "Feature", 
      "geometry": {
        "type": "MultiLineString", 
        "coordinates": [
          [
            [
              -95.571418437483558, 
              42.755393177444205
            ], 
            [
              -95.571430285674126, 
              42.755393177444205
            ]
          ]
        ]
      }
    }, 
    {
      "properties": {
        "level": "BASEMENT", 
        "type": "drawing", 
        "SubClasses": "AcDbEntity:AcDbLine", 
        "Layer": "A-WALL", 
        "EntityHandle": "15B", 
        "source": "BASEMENT.dxf", 
        "interactive": false
      }, 
      "type": "Feature", 
      "geometry": {
        "type": "MultiLineString", 
        "coordinates": [
          [
            [
              -95.571432156441062, 
              42.755393177444205
            ], 
            [
              -95.571432780030037, 
              42.755393177444205
            ]
          ]
        ]
      }
    }, 
    {
      "properties": {
        "level": "BASEMENT", 
        "type": "drawing", 
        "SubClasses": "AcDbEntity:AcDbLine", 
        "Layer": "A-WALL", 
        "EntityHandle": "15C", 
        "source": "BASEMENT.dxf", 
        "interactive": false
      }, 
      "type": "Feature", 
      "geometry": {
        "type": "MultiLineString", 
        "coordinates": [
          [
            [
              -95.571432780030037, 
              42.755393177444205
            ], 
            [
              -95.571432780030037, 
              42.755390430191461
            ]
          ]
        ]
      }
    }, 
    {
      "properties": {
        "level": "BASEMENT", 
        "type": "drawing", 
        "SubClasses": "AcDbEntity:AcDbLine", 
        "Layer": "A-WALL", 
        "EntityHandle": "15D", 
        "source": "BASEMENT.dxf", 
        "interactive": false
      }, 
      "type": "Feature", 
      "geometry": {
        "type": "MultiLineString", 
        "coordinates": [
          [
            [
              -95.571405965704017, 
              42.755390430191461
            ], 
            [
              -95.571385699062262, 
              42.755390430191461
            ]
          ]
        ]
      }
    }, 
    {
      "properties": {
        "level": "BASEMENT", 
        "type": "drawing", 
        "SubClasses": "AcDbEntity:AcDbLine", 
        "Layer": "A-WALL", 
        "EntityHandle": "15E", 
        "source": "BASEMENT.dxf", 
        "interactive": false
      }, 
      "type": "Feature", 
      "geometry": {
        "type": "MultiLineString", 
        "coordinates": [
          [
            [
              -95.571385699062262, 
              42.755390430191461
            ], 
            [
              -95.571385699062262, 
              42.755393177444205
            ]
          ]
        ]
      }
    }, 
    {
      "properties": {
        "level": "BASEMENT", 
        "type": "drawing", 
        "SubClasses": "AcDbEntity:AcDbLine", 
        "Layer": "A-WALL", 
        "EntityHandle": "15F", 
        "source": "BASEMENT.dxf", 
        "interactive": false
      }, 
      "type": "Feature", 
      "geometry": {
        "type": "MultiLineString", 
        "coordinates": [
          [
            [
              -95.571385699062262, 
              42.755393177444205
            ], 
            [
              -95.571403159553626, 
              42.755393177444205
            ]
          ]
        ]
      }
    }, 
    {
      "properties": {
        "level": "BASEMENT", 
        "type": "drawing", 
        "SubClasses": "AcDbEntity:AcDbLine", 
        "Layer": "A-WALL", 
        "EntityHandle": "160", 
        "source": "BASEMENT.dxf", 
        "interactive": false
      }, 
      "type": "Feature", 
      "geometry": {
        "type": "MultiLineString", 
        "coordinates": [
          [
            [
              -95.571405030320562, 
              42.755393177444205
            ], 
            [
              -95.571405965704017, 
              42.755393177444205
            ]
          ]
        ]
      }
    }, 
    {
      "properties": {
        "level": "BASEMENT", 
        "type": "drawing", 
        "SubClasses": "AcDbEntity:AcDbLine", 
        "Layer": "A-WALL", 
        "EntityHandle": "161", 
        "source": "BASEMENT.dxf", 
        "interactive": false
      }, 
      "type": "Feature", 
      "geometry": {
        "type": "MultiLineString", 
        "coordinates": [
          [
            [
              -95.571405965704017, 
              42.755393177444205
            ], 
            [
              -95.571405965704017, 
              42.755390430191461
            ]
          ]
        ]
      }
    }, 
    {
      "properties": {
        "level": "BASEMENT", 
        "type": "drawing", 
        "SubClasses": "AcDbEntity:AcDbLine", 
        "Layer": "A-WALL", 
        "EntityHandle": "162", 
        "source": "BASEMENT.dxf", 
        "interactive": false
      }, 
      "type": "Feature", 
      "geometry": {
        "type": "MultiLineString", 
        "coordinates": [
          [
            [
              -95.571373227282720, 
              42.755390430191461
            ], 
            [
              -95.571348128804900, 
              42.755390430191461
            ]
          ]
        ]
      }
    }, 
    {
      "properties": {
        "level": "BASEMENT", 
        "type": "drawing", 
        "SubClasses": "AcDbEntity:AcDbLine", 
        "Layer": "A-WALL", 
        "EntityHandle": "163", 
        "source": "BASEMENT.dxf", 
        "interactive": false
      }, 
      "type": "Feature", 
      "geometry": {
        "type": "MultiLineString", 
        "coordinates": [
          [
            [
              -95.571348128804900, 
              42.755393177444205
            ], 
            [
              -95.571348369301617, 
              42.755393177444205
            ]
          ]
        ]
      }
    }, 
    {
      "properties": {
        "level": "BASEMENT", 
        "type": "drawing", 
        "SubClasses": "AcDbEntity:AcDbLine", 
        "Layer": "A-WALL", 
        "EntityHandle": "164", 
        "source": "BASEMENT.dxf", 
        "interactive": false
      }, 
      "type": "Feature", 
      "geometry": {
        "type": "MultiLineString", 
        "coordinates": [
          [
            [
              -95.571350240068554, 
              42.755393177444205
            ], 
            [
              -95.571359196530736, 
              42.755393177444205
            ]
          ]
        ]
      }
    }, 
    {
      "properties": {
        "level": "BASEMENT", 
        "type": "drawing", 
        "SubClasses": "AcDbEntity:AcDbLine", 
        "Layer": "A-WALL", 
        "EntityHandle": "165", 
        "source": "BASEMENT.dxf", 
        "interactive": false
      }, 
      "type": "Feature", 
      "geometry": {
        "type": "MultiLineString", 
        "coordinates": [
          [
            [
              -95.571361067297659, 
              42.755393177444205
            ], 
            [
              -95.571373227282720, 
              42.755393177444205
            ]
          ]
        ]
      }
    }, 
    {
      "properties": {
        "level": "BASEMENT", 
        "type": "drawing", 
        "SubClasses": "AcDbEntity:AcDbLine", 
        "Layer": "A-WALL", 
        "EntityHandle": "166", 
        "source": "BASEMENT.dxf", 
        "interactive": false
      }, 
      "type": "Feature", 
      "geometry": {
        "type": "MultiLineString", 
        "coordinates": [
          [
            [
              -95.571373227282720, 
              42.755393177444205
            ], 
            [
              -95.571373227282720, 
              42.755390430191461
            ]
          ]
        ]
      }
    }, 
    {
      "properties": {
        "level": "BASEMENT", 
        "type": "drawing", 
        "SubClasses": "AcDbEntity:AcDbLine", 
        "Layer": "A-WALL", 
        "EntityHandle": "167", 
        "source": "BASEMENT.dxf", 
        "interactive": false
      }, 
      "type": "Feature", 
      "geometry": {
        "type": "MultiLineString", 
        "coordinates": [
          [
            [
              -95.571477140425415, 
              42.755455219568752
            ], 
            [
              -95.571477140425415, 
              42.755393177444205
            ]
          ]
        ]
      }
    }, 
    {
      "properties": {
        "level": "BASEMENT", 
        "type": "drawing", 
        "SubClasses": "AcDbEntity:AcDbLine", 
        "Layer": "A-WALL", 
        "EntityHandle": "168", 
        "source": "BASEMENT.dxf", 
        "interactive": false
      }, 
      "type": "Feature", 
      "geometry": {
        "type": "MultiLineString", 
        "coordinates": [
          [
            [
              -95.571473398891541, 
              42.755393177444205
            ], 
            [
              -95.571473398891541, 
              42.755403937517464
            ]
          ]
        ]
      }
    }, 
    {
      "properties": {
        "level": "BASEMENT", 
        "type": "drawing", 
        "SubClasses": "AcDbEntity:AcDbLine", 
        "Layer": "A-WALL", 
        "EntityHandle": "169", 
        "source": "BASEMENT.dxf", 
        "interactive": false
      }, 
      "type": "Feature", 
      "geometry": {
        "type": "MultiLineString", 
        "coordinates": [
          [
            [
              -95.571473398891541, 
              42.755405311143839
            ], 
            [
              -95.571473398891541, 
              42.755436904550436
            ]
          ]
        ]
      }
    }, 
    {
      "properties": {
        "level": "BASEMENT", 
        "type": "drawing", 
        "SubClasses": "AcDbEntity:AcDbLine", 
        "Layer": "A-WALL", 
        "EntityHandle": "16A", 
        "source": "BASEMENT.dxf", 
        "interactive": false
      }, 
      "type": "Feature", 
      "geometry": {
        "type": "MultiLineString", 
        "coordinates": [
          [
            [
              -95.571544973968315, 
              42.755369825795853
            ], 
            [
              -95.571516912464347, 
              42.755369825795853
            ]
          ]
        ]
      }
    }, 
    {
      "properties": {
        "level": "BASEMENT", 
        "type": "drawing", 
        "SubClasses": "AcDbEntity:AcDbLine", 
        "Layer": "A-WALL", 
        "EntityHandle": "16B", 
        "source": "BASEMENT.dxf", 
        "interactive": false
      }, 
      "type": "Feature", 
      "geometry": {
        "type": "MultiLineString", 
        "coordinates": [
          [
            [
              -95.571516912464347, 
              42.755369825795853
            ], 
            [
              -95.571516912464347, 
              42.755372573048604
            ]
          ]
        ]
      }
    }, 
    {
      "properties": {
        "level": "BASEMENT", 
        "type": "drawing", 
        "SubClasses": "AcDbEntity:AcDbLine", 
        "Layer": "A-WALL", 
        "EntityHandle": "16C", 
        "source": "BASEMENT.dxf", 
        "interactive": false
      }, 
      "type": "Feature", 
      "geometry": {
        "type": "MultiLineString", 
        "coordinates": [
          [
            [
              -95.571516912464347, 
              42.755372573048604
            ], 
            [
              -95.571544973968315, 
              42.755372573048604
            ]
          ]
        ]
      }
    }, 
    {
      "properties": {
        "level": "BASEMENT", 
        "type": "drawing", 
        "SubClasses": "AcDbEntity:AcDbLine", 
        "Layer": "A-WALL", 
        "EntityHandle": "16D", 
        "source": "BASEMENT.dxf", 
        "interactive": false
      }, 
      "type": "Feature", 
      "geometry": {
        "type": "MultiLineString", 
        "coordinates": [
          [
            [
              -95.571504440684805, 
              42.755369825795853
            ], 
            [
              -95.571477140425415, 
              42.755369825795853
            ]
          ]
        ]
      }
    }, 
    {
      "properties": {
        "level": "BASEMENT", 
        "type": "drawing", 
        "SubClasses": "AcDbEntity:AcDbLine", 
        "Layer": "A-WALL", 
        "EntityHandle": "16E", 
        "source": "BASEMENT.dxf", 
        "interactive": false
      }, 
      "type": "Feature", 
      "geometry": {
        "type": "MultiLineString", 
        "coordinates": [
          [
            [
              -95.571473398891541, 
              42.755369825795853
            ], 
            [
              -95.571457302171510, 
              42.755369825795853
            ]
          ]
        ]
      }
    }, 
    {
      "properties": {
        "level": "BASEMENT", 
        "type": "drawing", 
        "SubClasses": "AcDbEntity:AcDbLine", 
        "Layer": "A-WALL", 
        "EntityHandle": "16F", 
        "source": "BASEMENT.dxf", 
        "interactive": false
      }, 
      "type": "Feature", 
      "geometry": {
        "type": "MultiLineString", 
        "coordinates": [
          [
            [
              -95.571457302171510, 
              42.755369825795853
            ], 
            [
              -95.571457302171510, 
              42.755372573048604
            ]
          ]
        ]
      }
    }, 
    {
      "properties": {
        "level": "BASEMENT", 
        "type": "drawing", 
        "SubClasses": "AcDbEntity:AcDbLine", 
        "Layer": "A-WALL", 
        "EntityHandle": "170", 
        "source": "BASEMENT.dxf", 
        "interactive": false
      }, 
      "type": "Feature", 
      "geometry": {
        "type": "MultiLineString", 
        "coordinates": [
          [
            [
              -95.571457302171510, 
              42.755372573048604
            ], 
            [
              -95.571504440684805, 
              42.755372573048604
            ]
          ]
        ]
      }
    }, 
    {
      "properties": {
        "level": "BASEMENT", 
        "type": "drawing", 
        "SubClasses": "AcDbEntity:AcDbLine", 
        "Layer": "A-WALL", 
        "EntityHandle": "171", 
        "source": "BASEMENT.dxf", 
        "interactive": false
      }, 
      "type": "Feature", 
      "geometry": {
        "type": "MultiLineString", 
        "coordinates": [
          [
            [
              -95.571504440684805, 
              42.755372573048604
            ], 
            [
              -95.571504440684805, 
              42.755369825795853
            ]
          ]
        ]
      }
    }, 
    {
      "properties": {
        "level": "BASEMENT", 
        "type": "drawing", 
        "SubClasses": "AcDbEntity:AcDbLine", 
        "Layer": "A-WALL", 
        "EntityHandle": "172", 
        "source": "BASEMENT.dxf", 
        "interactive": false
      }, 
      "type": "Feature", 
      "geometry": {
        "type": "MultiLineString", 
        "coordinates": [
          [
            [
              -95.571444830391968, 
              42.755369825795853
            ], 
            [
              -95.571443778415130, 
              42.755369825795853
            ]
          ]
        ]
      }
    }, 
    {
      "properties": {
        "level": "BASEMENT", 
        "type": "drawing", 
        "SubClasses": "AcDbEntity:AcDbLine", 
        "Layer": "A-WALL", 
        "EntityHandle": "173", 
        "source": "BASEMENT.dxf", 
        "interactive": false
      }, 
      "type": "Feature", 
      "geometry": {
        "type": "MultiLineString", 
        "coordinates": [
          [
            [
              -95.571441907648193, 
              42.755369825795853
            ], 
            [
              -95.571441088858094, 
              42.755369825795853
            ]
          ]
        ]
      }
    }, 
    {
      "properties": {
        "level": "BASEMENT", 
        "type": "drawing", 
        "SubClasses": "AcDbEntity:AcDbLine", 
        "Layer": "A-WALL", 
        "EntityHandle": "174", 
        "source": "BASEMENT.dxf", 
        "interactive": false
      }, 
      "type": "Feature", 
      "geometry": {
        "type": "MultiLineString", 
        "coordinates": [
          [
            [
              -95.571441088858094, 
              42.755369825795853
            ], 
            [
              -95.571441088858094, 
              42.755372573048604
            ]
          ]
        ]
      }
    }, 
    {
      "properties": {
        "level": "BASEMENT", 
        "type": "drawing", 
        "SubClasses": "AcDbEntity:AcDbLine", 
        "Layer": "A-WALL", 
        "EntityHandle": "175", 
        "source": "BASEMENT.dxf", 
        "interactive": false
      }, 
      "type": "Feature", 
      "geometry": {
        "type": "MultiLineString", 
        "coordinates": [
          [
            [
              -95.571441088858094, 
              42.755372573048604
            ], 
            [
              -95.571444830391968, 
              42.755372573048604
            ]
          ]
        ]
      }
    }, 
    {
      "properties": {
        "level": "BASEMENT", 
        "type": "drawing", 
        "SubClasses": "AcDbEntity:AcDbLine", 
        "Layer": "A-WALL", 
        "EntityHandle": "176", 
        "source": "BASEMENT.dxf", 
        "interactive": false
      }, 
      "type": "Feature", 
      "geometry": {
        "type": "MultiLineString", 
        "coordinates": [
          [
            [
              -95.571444830391968, 
              42.755372573048604
            ], 
            [
              -95.571444830391968, 
              42.755369825795853
            ]
          ]
        ]
      }
    }, 
    {
      "properties": {
        "level": "BASEMENT", 
        "type": "drawing", 
        "SubClasses": "AcDbEntity:AcDbLine", 
        "Layer": "A-WALL", 
        "EntityHandle": "177", 
        "source": "BASEMENT.dxf", 
        "interactive": false
      }, 
      "type": "Feature", 
      "geometry": {
        "type": "MultiLineString", 
        "coordinates": [
          [
            [
              -95.571428617078553, 
              42.755369825795853
            ], 
            [
              -95.571412287171782, 
              42.755369825795853
            ]
          ]
        ]
      }
    }, 
    {
      "properties": {
        "level": "BASEMENT", 
        "type": "drawing", 
        "SubClasses": "AcDbEntity:AcDbLine", 
        "Layer": "A-WALL", 
        "EntityHandle": "178", 
        "source": "BASEMENT.dxf", 
        "interactive": false
      }, 
      "type": "Feature", 
      "geometry": {
        "type": "MultiLineString", 
        "coordinates": [
          [
            [
              -95.571410416404845, 
              42.755369825795853
            ], 
            [
              -95.571394203091444, 
              42.755369825795853
            ]
          ]
        ]
      }
    }, 
    {
      "properties": {
        "level": "BASEMENT", 
        "type": "drawing", 
        "SubClasses": "AcDbEntity:AcDbLine", 
        "Layer": "A-WALL", 
        "EntityHandle": "179", 
        "source": "BASEMENT.dxf", 
        "interactive": false
      }, 
      "type": "Feature", 
      "geometry": {
        "type": "MultiLineString", 
        "coordinates": [
          [
            [
              -95.571394203091444, 
              42.755369825795853
            ], 
            [
              -95.571394203091444, 
              42.755372573048604
            ]
          ]
        ]
      }
    }, 
    {
      "properties": {
        "level": "BASEMENT", 
        "type": "drawing", 
        "SubClasses": "AcDbEntity:AcDbLine", 
        "Layer": "A-WALL", 
        "EntityHandle": "17A", 
        "source": "BASEMENT.dxf", 
        "interactive": false
      }, 
      "type": "Feature", 
      "geometry": {
        "type": "MultiLineString", 
        "coordinates": [
          [
            [
              -95.571394203091444, 
              42.755372573048604
            ], 
            [
              -95.571428617078553, 
              42.755372573048604
            ]
          ]
        ]
      }
    }, 
    {
      "properties": {
        "level": "BASEMENT", 
        "type": "drawing", 
        "SubClasses": "AcDbEntity:AcDbLine", 
        "Layer": "A-WALL", 
        "EntityHandle": "17B", 
        "source": "BASEMENT.dxf", 
        "interactive": false
      }, 
      "type": "Feature", 
      "geometry": {
        "type": "MultiLineString", 
        "coordinates": [
          [
            [
              -95.571428617078553, 
              42.755372573048604
            ], 
            [
              -95.571428617078553, 
              42.755369825795853
            ]
          ]
        ]
      }
    }, 
    {
      "properties": {
        "level": "BASEMENT", 
        "type": "drawing", 
        "SubClasses": "AcDbEntity:AcDbLine", 
        "Layer": "A-WALL", 
        "EntityHandle": "17C", 
        "source": "BASEMENT.dxf", 
        "interactive": false
      }, 
      "type": "Feature", 
      "geometry": {
        "type": "MultiLineString", 
        "coordinates": [
          [
            [
              -95.571381731311902, 
              42.755369825795853
            ], 
            [
              -95.571380795928434, 
              42.755369825795853
            ]
          ]
        ]
      }
    }, 
    {
      "properties": {
        "level": "BASEMENT", 
        "type": "drawing", 
        "SubClasses": "AcDbEntity:AcDbLine", 
        "Layer": "A-WALL", 
        "EntityHandle": "17D", 
        "source": "BASEMENT.dxf", 
        "interactive": false
      }, 
      "type": "Feature", 
      "geometry": {
        "type": "MultiLineString", 
        "coordinates": [
          [
            [
              -95.571378925161497, 
              42.755369825795853
            ], 
            [
              -95.571377989778043, 
              42.755369825795853
            ]
          ]
        ]
      }
    }, 
    {
      "properties": {
        "level": "BASEMENT", 
        "type": "drawing", 
        "SubClasses": "AcDbEntity:AcDbLine", 
        "Layer": "A-WALL", 
        "EntityHandle": "17E", 
        "source": "BASEMENT.dxf", 
        "interactive": false
      }, 
      "type": "Feature", 
      "geometry": {
        "type": "MultiLineString", 
        "coordinates": [
          [
            [
              -95.571377989778043, 
              42.755369825795853
            ], 
            [
              -95.571377989778043, 
              42.755372573048604
            ]
          ]
        ]
      }
    }, 
    {
      "properties": {
        "level": "BASEMENT", 
        "type": "drawing", 
        "SubClasses": "AcDbEntity:AcDbLine", 
        "Layer": "A-WALL", 
        "EntityHandle": "17F", 
        "source": "BASEMENT.dxf", 
        "interactive": false
      }, 
      "type": "Feature", 
      "geometry": {
        "type": "MultiLineString", 
        "coordinates": [
          [
            [
              -95.571377989778043, 
              42.755372573048604
            ], 
            [
              -95.571381731311902, 
              42.755372573048604
            ]
          ]
        ]
      }
    }, 
    {
      "properties": {
        "level": "BASEMENT", 
        "type": "drawing", 
        "SubClasses": "AcDbEntity:AcDbLine", 
        "Layer": "A-WALL", 
        "EntityHandle": "180", 
        "source": "BASEMENT.dxf", 
        "interactive": false
      }, 
      "type": "Feature", 
      "geometry": {
        "type": "MultiLineString", 
        "coordinates": [
          [
            [
              -95.571381731311902, 
              42.755372573048604
            ], 
            [
              -95.571381731311902, 
              42.755369825795853
            ]
          ]
        ]
      }
    }, 
    {
      "properties": {
        "level": "BASEMENT", 
        "type": "drawing", 
        "SubClasses": "AcDbEntity:AcDbLine", 
        "Layer": "A-WALL", 
        "EntityHandle": "181", 
        "source": "BASEMENT.dxf", 
        "interactive": false
      }, 
      "type": "Feature", 
      "geometry": {
        "type": "MultiLineString", 
        "coordinates": [
          [
            [
              -95.571365517998487, 
              42.755369825795853
            ], 
            [
              -95.571349304685086, 
              42.755369825795853
            ]
          ]
        ]
      }
    }, 
    {
      "properties": {
        "level": "BASEMENT", 
        "type": "drawing", 
        "SubClasses": "AcDbEntity:AcDbLine", 
        "Layer": "A-WALL", 
        "EntityHandle": "182", 
        "source": "BASEMENT.dxf", 
        "interactive": false
      }, 
      "type": "Feature", 
      "geometry": {
        "type": "MultiLineString", 
        "coordinates": [
          [
            [
              -95.571348128804900, 
              42.755372573048604
            ], 
            [
              -95.571365517998487, 
              42.755372573048604
            ]
          ]
        ]
      }
    }, 
    {
      "properties": {
        "level": "BASEMENT", 
        "type": "drawing", 
        "SubClasses": "AcDbEntity:AcDbLine", 
        "Layer": "A-WALL", 
        "EntityHandle": "183", 
        "source": "BASEMENT.dxf", 
        "interactive": false
      }, 
      "type": "Feature", 
      "geometry": {
        "type": "MultiLineString", 
        "coordinates": [
          [
            [
              -95.571365517998487, 
              42.755372573048604
            ], 
            [
              -95.571365517998487, 
              42.755369825795853
            ]
          ]
        ]
      }
    }, 
    {
      "properties": {
        "level": "BASEMENT", 
        "type": "drawing", 
        "SubClasses": "AcDbEntity:AcDbLine", 
        "Layer": "A-WALL", 
        "EntityHandle": "184", 
        "source": "BASEMENT.dxf", 
        "interactive": false
      }, 
      "type": "Feature", 
      "geometry": {
        "type": "MultiLineString", 
        "coordinates": [
          [
            [
              -95.571550586269112, 
              42.755455219568752
            ], 
            [
              -95.571550586269112, 
              42.755382646308675
            ]
          ]
        ]
      }
    }, 
    {
      "properties": {
        "level": "BASEMENT", 
        "type": "drawing", 
        "SubClasses": "AcDbEntity:AcDbLine", 
        "Layer": "A-WALL", 
        "EntityHandle": "185", 
        "source": "BASEMENT.dxf", 
        "interactive": false
      }, 
      "type": "Feature", 
      "geometry": {
        "type": "MultiLineString", 
        "coordinates": [
          [
            [
              -95.571550586269112, 
              42.755382646308675
            ], 
            [
              -95.571544973968315, 
              42.755382646308675
            ]
          ]
        ]
      }
    }, 
    {
      "properties": {
        "level": "BASEMENT", 
        "type": "drawing", 
        "SubClasses": "AcDbEntity:AcDbLine", 
        "Layer": "A-WALL", 
        "EntityHandle": "186", 
        "source": "BASEMENT.dxf", 
        "interactive": false
      }, 
      "type": "Feature", 
      "geometry": {
        "type": "MultiLineString", 
        "coordinates": [
          [
            [
              -95.571544973968315, 
              42.755382646308675
            ], 
            [
              -95.571544973968315, 
              42.755390430191461
            ]
          ]
        ]
      }
    }, 
    {
      "properties": {
        "level": "BASEMENT", 
        "type": "drawing", 
        "SubClasses": "AcDbEntity:AcDbLine", 
        "Layer": "A-WALL", 
        "EntityHandle": "187", 
        "source": "BASEMENT.dxf", 
        "interactive": false
      }, 
      "type": "Feature", 
      "geometry": {
        "type": "MultiLineString", 
        "coordinates": [
          [
            [
              -95.571544973968315, 
              42.755393177444205
            ], 
            [
              -95.571544973968315, 
              42.755455219568752
            ]
          ]
        ]
      }
    }, 
    {
      "properties": {
        "level": "BASEMENT", 
        "type": "drawing", 
        "SubClasses": "AcDbEntity:AcDbLine", 
        "Layer": "A-WALL", 
        "EntityHandle": "188", 
        "source": "BASEMENT.dxf", 
        "interactive": false
      }, 
      "type": "Feature", 
      "geometry": {
        "type": "MultiLineString", 
        "coordinates": [
          [
            [
              -95.571550586269112, 
              42.755373488799520
            ], 
            [
              -95.571550586269112, 
              42.755322179488367
            ]
          ]
        ]
      }
    }, 
    {
      "properties": {
        "level": "BASEMENT", 
        "type": "drawing", 
        "SubClasses": "AcDbEntity:AcDbLine", 
        "Layer": "A-WALL", 
        "EntityHandle": "189", 
        "source": "BASEMENT.dxf", 
        "interactive": false
      }, 
      "type": "Feature", 
      "geometry": {
        "type": "MultiLineString", 
        "coordinates": [
          [
            [
              -95.571544973968315, 
              42.755322179488367
            ], 
            [
              -95.571544973968315, 
              42.755369825795853
            ]
          ]
        ]
      }
    }, 
    {
      "properties": {
        "level": "BASEMENT", 
        "type": "drawing", 
        "SubClasses": "AcDbEntity:AcDbLine", 
        "Layer": "A-WALL", 
        "EntityHandle": "18A", 
        "source": "BASEMENT.dxf", 
        "interactive": false
      }, 
      "type": "Feature", 
      "geometry": {
        "type": "MultiLineString", 
        "coordinates": [
          [
            [
              -95.571544973968315, 
              42.755372573048604
            ], 
            [
              -95.571544973968315, 
              42.755373488799520
            ]
          ]
        ]
      }
    }, 
    {
      "properties": {
        "level": "BASEMENT", 
        "type": "drawing", 
        "SubClasses": "AcDbEntity:AcDbLine", 
        "Layer": "A-WALL", 
        "EntityHandle": "18B", 
        "source": "BASEMENT.dxf", 
        "interactive": false
      }, 
      "type": "Feature", 
      "geometry": {
        "type": "MultiLineString", 
        "coordinates": [
          [
            [
              -95.571544973968315, 
              42.755373488799520
            ], 
            [
              -95.571550586269112, 
              42.755373488799520
            ]
          ]
        ]
      }
    }, 
    {
      "properties": {
        "level": "BASEMENT", 
        "type": "drawing", 
        "SubClasses": "AcDbEntity:AcDbLine", 
        "Layer": "A-WALL", 
        "EntityHandle": "18C", 
        "source": "BASEMENT.dxf", 
        "interactive": false
      }, 
      "type": "Feature", 
      "geometry": {
        "type": "MultiLineString", 
        "coordinates": [
          [
            [
              -95.571477140425415, 
              42.755369825795853
            ], 
            [
              -95.571477140425415, 
              42.755322179488367
            ]
          ]
        ]
      }
    }, 
    {
      "properties": {
        "level": "BASEMENT", 
        "type": "drawing", 
        "SubClasses": "AcDbEntity:AcDbLine", 
        "Layer": "A-WALL", 
        "EntityHandle": "18D", 
        "source": "BASEMENT.dxf", 
        "interactive": false
      }, 
      "type": "Feature", 
      "geometry": {
        "type": "MultiLineString", 
        "coordinates": [
          [
            [
              -95.571473398891541, 
              42.755331364257394
            ], 
            [
              -95.571473398891541, 
              42.755369825795853
            ]
          ]
        ]
      }
    }, 
    {
      "properties": {
        "level": "BASEMENT", 
        "type": "drawing", 
        "SubClasses": "AcDbEntity:AcDbLine", 
        "Layer": "A-WALL", 
        "EntityHandle": "18E", 
        "source": "BASEMENT.dxf", 
        "interactive": false
      }, 
      "type": "Feature", 
      "geometry": {
        "type": "MultiLineString", 
        "coordinates": [
          [
            [
              -95.571441907648193, 
              42.755331364257394
            ], 
            [
              -95.571441907648193, 
              42.755369825795853
            ]
          ]
        ]
      }
    }, 
    {
      "properties": {
        "level": "BASEMENT", 
        "type": "drawing", 
        "SubClasses": "AcDbEntity:AcDbLine", 
        "Layer": "A-WALL", 
        "EntityHandle": "18F", 
        "source": "BASEMENT.dxf", 
        "interactive": false
      }, 
      "type": "Feature", 
      "geometry": {
        "type": "MultiLineString", 
        "coordinates": [
          [
            [
              -95.571443778415130, 
              42.755369825795853
            ], 
            [
              -95.571443778415130, 
              42.755331364257394
            ]
          ]
        ]
      }
    }, 
    {
      "properties": {
        "level": "BASEMENT", 
        "type": "drawing", 
        "SubClasses": "AcDbEntity:AcDbLine", 
        "Layer": "A-WALL", 
        "EntityHandle": "190", 
        "source": "BASEMENT.dxf", 
        "interactive": false
      }, 
      "type": "Feature", 
      "geometry": {
        "type": "MultiLineString", 
        "coordinates": [
          [
            [
              -95.571410416404845, 
              42.755331364257394
            ], 
            [
              -95.571410416404845, 
              42.755369825795853
            ]
          ]
        ]
      }
    }, 
    {
      "properties": {
        "level": "BASEMENT", 
        "type": "drawing", 
        "SubClasses": "AcDbEntity:AcDbLine", 
        "Layer": "A-WALL", 
        "EntityHandle": "191", 
        "source": "BASEMENT.dxf", 
        "interactive": false
      }, 
      "type": "Feature", 
      "geometry": {
        "type": "MultiLineString", 
        "coordinates": [
          [
            [
              -95.571412287171782, 
              42.755369825795853
            ], 
            [
              -95.571412287171782, 
              42.755331364257394
            ]
          ]
        ]
      }
    }, 
    {
      "properties": {
        "level": "BASEMENT", 
        "type": "drawing", 
        "SubClasses": "AcDbEntity:AcDbLine", 
        "Layer": "A-WALL", 
        "EntityHandle": "192", 
        "source": "BASEMENT.dxf", 
        "interactive": false
      }, 
      "type": "Feature", 
      "geometry": {
        "type": "MultiLineString", 
        "coordinates": [
          [
            [
              -95.571378925161497, 
              42.755331364257394
            ], 
            [
              -95.571378925161497, 
              42.755369825795853
            ]
          ]
        ]
      }
    }, 
    {
      "properties": {
        "level": "BASEMENT", 
        "type": "drawing", 
        "SubClasses": "AcDbEntity:AcDbLine", 
        "Layer": "A-WALL", 
        "EntityHandle": "193", 
        "source": "BASEMENT.dxf", 
        "interactive": false
      }, 
      "type": "Feature", 
      "geometry": {
        "type": "MultiLineString", 
        "coordinates": [
          [
            [
              -95.571380795928434, 
              42.755369825795853
            ], 
            [
              -95.571380795928434, 
              42.755331364257394
            ]
          ]
        ]
      }
    }, 
    {
      "properties": {
        "level": "BASEMENT", 
        "type": "drawing", 
        "SubClasses": "AcDbEntity:AcDbLine", 
        "Layer": "A-WALL", 
        "EntityHandle": "194", 
        "source": "BASEMENT.dxf", 
        "interactive": false
      }, 
      "type": "Feature", 
      "geometry": {
        "type": "MultiLineString", 
        "coordinates": [
          [
            [
              -95.571349304685086, 
              42.755369825795853
            ], 
            [
              -95.571349304685086, 
              42.755331364257394
            ]
          ]
        ]
      }
    }, 
    {
      "properties": {
        "level": "BASEMENT", 
        "type": "drawing", 
        "SubClasses": "AcDbEntity:AcDbLine", 
        "Layer": "A-WALL", 
        "EntityHandle": "195", 
        "source": "BASEMENT.dxf", 
        "interactive": false
      }, 
      "type": "Feature", 
      "geometry": {
        "type": "MultiLineString", 
        "coordinates": [
          [
            [
              -95.571348369301617, 
              42.755393177444205
            ], 
            [
              -95.571348369301617, 
              42.755436904550436
            ]
          ]
        ]
      }
    }, 
    {
      "properties": {
        "level": "BASEMENT", 
        "type": "drawing", 
        "SubClasses": "AcDbEntity:AcDbLine", 
        "Layer": "A-WALL", 
        "EntityHandle": "196", 
        "source": "BASEMENT.dxf", 
        "interactive": false
      }, 
      "type": "Feature", 
      "geometry": {
        "type": "MultiLineString", 
        "coordinates": [
          [
            [
              -95.571350240068554, 
              42.755436904550436
            ], 
            [
              -95.571350240068554, 
              42.755407600521131
            ]
          ]
        ]
      }
    }, 
    {
      "properties": {
        "level": "BASEMENT", 
        "type": "drawing", 
        "SubClasses": "AcDbEntity:AcDbLine", 
        "Layer": "A-WALL", 
        "EntityHandle": "197", 
        "source": "BASEMENT.dxf", 
        "interactive": false
      }, 
      "type": "Feature", 
      "geometry": {
        "type": "MultiLineString", 
        "coordinates": [
          [
            [
              -95.571350240068554, 
              42.755406226894756
            ], 
            [
              -95.571350240068554, 
              42.755393177444205
            ]
          ]
        ]
      }
    }, 
    {
      "properties": {
        "level": "BASEMENT", 
        "type": "drawing", 
        "SubClasses": "AcDbEntity:AcDbLine", 
        "Layer": "A-WALL", 
        "EntityHandle": "198", 
        "source": "BASEMENT.dxf", 
        "interactive": false
      }, 
      "type": "Feature", 
      "geometry": {
        "type": "MultiLineString", 
        "coordinates": [
          [
            [
              -95.571359196530736, 
              42.755393177444205
            ], 
            [
              -95.571359196530736, 
              42.755395237883768
            ]
          ]
        ]
      }
    }, 
    {
      "properties": {
        "level": "BASEMENT", 
        "type": "drawing", 
        "SubClasses": "AcDbEntity:AcDbLine", 
        "Layer": "A-WALL", 
        "EntityHandle": "199", 
        "source": "BASEMENT.dxf", 
        "interactive": false
      }, 
      "type": "Feature", 
      "geometry": {
        "type": "MultiLineString", 
        "coordinates": [
          [
            [
              -95.571359196530736, 
              42.755395237883768
            ], 
            [
              -95.571361067297659, 
              42.755395237883768
            ]
          ]
        ]
      }
    }, 
    {
      "properties": {
        "level": "BASEMENT", 
        "type": "drawing", 
        "SubClasses": "AcDbEntity:AcDbLine", 
        "Layer": "A-WALL", 
        "EntityHandle": "19A", 
        "source": "BASEMENT.dxf", 
        "interactive": false
      }, 
      "type": "Feature", 
      "geometry": {
        "type": "MultiLineString", 
        "coordinates": [
          [
            [
              -95.571361067297659, 
              42.755395237883768
            ], 
            [
              -95.571361067297659, 
              42.755393177444205
            ]
          ]
        ]
      }
    }, 
    {
      "properties": {
        "level": "BASEMENT", 
        "type": "drawing", 
        "SubClasses": "AcDbEntity:AcDbLine", 
        "Layer": "A-WALL", 
        "EntityHandle": "19B", 
        "source": "BASEMENT.dxf", 
        "interactive": false
      }, 
      "type": "Feature", 
      "geometry": {
        "type": "MultiLineString", 
        "coordinates": [
          [
            [
              -95.571359196530736, 
              42.755401648140179
            ], 
            [
              -95.571359196530736, 
              42.755406226894756
            ]
          ]
        ]
      }
    }, 
    {
      "properties": {
        "level": "BASEMENT", 
        "type": "drawing", 
        "SubClasses": "AcDbEntity:AcDbLine", 
        "Layer": "A-WALL", 
        "EntityHandle": "19D", 
        "source": "BASEMENT.dxf", 
        "interactive": false
      }, 
      "type": "Feature", 
      "geometry": {
        "type": "MultiLineString", 
        "coordinates": [
          [
            [
              -95.571361067297659, 
              42.755407600521131
            ], 
            [
              -95.571361067297659, 
              42.755401648140179
            ]
          ]
        ]
      }
    }, 
    {
      "properties": {
        "level": "BASEMENT", 
        "type": "drawing", 
        "SubClasses": "AcDbEntity:AcDbLine", 
        "Layer": "A-WALL", 
        "EntityHandle": "19E", 
        "source": "BASEMENT.dxf", 
        "interactive": false
      }, 
      "type": "Feature", 
      "geometry": {
        "type": "MultiLineString", 
        "coordinates": [
          [
            [
              -95.571361067297659, 
              42.755401648140179
            ], 
            [
              -95.571359196530736, 
              42.755401648140179
            ]
          ]
        ]
      }
    }, 
    {
      "properties": {
        "level": "BASEMENT", 
        "type": "drawing", 
        "SubClasses": "AcDbEntity:AcDbLine", 
        "Layer": "A-WALL", 
        "EntityHandle": "19F", 
        "source": "BASEMENT.dxf", 
        "interactive": false
      }, 
      "type": "Feature", 
      "geometry": {
        "type": "MultiLineString", 
        "coordinates": [
          [
            [
              -95.571467786590745, 
              42.755403937517464
            ], 
            [
              -95.571467786590745, 
              42.755393177444205
            ]
          ]
        ]
      }
    }, 
    {
      "properties": {
        "level": "BASEMENT", 
        "type": "drawing", 
        "SubClasses": "AcDbEntity:AcDbLine", 
        "Layer": "A-WALL", 
        "EntityHandle": "1A0", 
        "source": "BASEMENT.dxf", 
        "interactive": false
      }, 
      "type": "Feature", 
      "geometry": {
        "type": "MultiLineString", 
        "coordinates": [
          [
            [
              -95.571465915823822, 
              42.755393177444205
            ], 
            [
              -95.571465915823822, 
              42.755405311143839
            ]
          ]
        ]
      }
    }, 
    {
      "properties": {
        "level": "BASEMENT", 
        "type": "drawing", 
        "SubClasses": "AcDbEntity:AcDbLine", 
        "Layer": "A-WALL", 
        "EntityHandle": "1A2", 
        "source": "BASEMENT.dxf", 
        "interactive": false
      }, 
      "type": "Feature", 
      "geometry": {
        "type": "MultiLineString", 
        "coordinates": [
          [
            [
              -95.571444940015098, 
              42.755393177444205
            ], 
            [
              -95.571444940015098, 
              42.755436904550436
            ]
          ]
        ]
      }
    }, 
    {
      "properties": {
        "level": "BASEMENT", 
        "type": "drawing", 
        "SubClasses": "AcDbEntity:AcDbLine", 
        "Layer": "A-WALL", 
        "EntityHandle": "1A3", 
        "source": "BASEMENT.dxf", 
        "interactive": false
      }, 
      "type": "Feature", 
      "geometry": {
        "type": "MultiLineString", 
        "coordinates": [
          [
            [
              -95.571446810782021, 
              42.755436904550436
            ], 
            [
              -95.571446810782021, 
              42.755393177444205
            ]
          ]
        ]
      }
    }, 
    {
      "properties": {
        "level": "BASEMENT", 
        "type": "drawing", 
        "SubClasses": "AcDbEntity:AcDbLine", 
        "Layer": "A-WALL", 
        "EntityHandle": "1A4", 
        "source": "BASEMENT.dxf", 
        "interactive": false
      }, 
      "type": "Feature", 
      "geometry": {
        "type": "MultiLineString", 
        "coordinates": [
          [
            [
              -95.571430285674126, 
              42.755393177444205
            ], 
            [
              -95.571430285674126, 
              42.755436904550436
            ]
          ]
        ]
      }
    }, 
    {
      "properties": {
        "level": "BASEMENT", 
        "type": "drawing", 
        "SubClasses": "AcDbEntity:AcDbLine", 
        "Layer": "A-WALL", 
        "EntityHandle": "1A5", 
        "source": "BASEMENT.dxf", 
        "interactive": false
      }, 
      "type": "Feature", 
      "geometry": {
        "type": "MultiLineString", 
        "coordinates": [
          [
            [
              -95.571432156441062, 
              42.755436904550436
            ], 
            [
              -95.571432156441062, 
              42.755393177444205
            ]
          ]
        ]
      }
    }, 
    {
      "properties": {
        "level": "BASEMENT", 
        "type": "drawing", 
        "SubClasses": "AcDbEntity:AcDbLine", 
        "Layer": "A-WALL", 
        "EntityHandle": "1A6", 
        "source": "BASEMENT.dxf", 
        "interactive": false
      }, 
      "type": "Feature", 
      "geometry": {
        "type": "MultiLineString", 
        "coordinates": [
          [
            [
              -95.571403159553626, 
              42.755393177444205
            ], 
            [
              -95.571403159553626, 
              42.755436904550436
            ]
          ]
        ]
      }
    }, 
    {
      "properties": {
        "level": "BASEMENT", 
        "type": "drawing", 
        "SubClasses": "AcDbEntity:AcDbLine", 
        "Layer": "A-WALL", 
        "EntityHandle": "1A7", 
        "source": "BASEMENT.dxf", 
        "interactive": false
      }, 
      "type": "Feature", 
      "geometry": {
        "type": "MultiLineString", 
        "coordinates": [
          [
            [
              -95.571405030320562, 
              42.755436904550436
            ], 
            [
              -95.571405030320562, 
              42.755393177444205
            ]
          ]
        ]
      }
    }, 
    {
      "properties": {
        "level": "BASEMENT", 
        "type": "drawing", 
        "SubClasses": "AcDbEntity:AcDbBlockReference", 
        "Layer": "A-DOOR", 
        "EntityHandle": "1C8", 
        "source": "BASEMENT.dxf", 
        "interactive": false
      }, 
      "type": "Feature", 
      "geometry": {
        "type": "MultiLineString", 
        "coordinates": [
          [
            [
              -95.571377365761663, 
              42.755372615595469
            ], 
            [
              -95.571377346025642, 
              42.755373181300698
            ], 
            [
              -95.571377273467533, 
              42.755373744678032
            ], 
            [
              -95.571377148429391, 
              42.755374303071505
            ], 
            [
              -95.571376971500712, 
              42.755374853848622
            ], 
            [
              -95.571376743515586, 
              42.755375394412809
            ], 
            [
              -95.571376465548838, 
              42.755375922215634
            ], 
            [
              -95.571376138910907, 
              42.755376434768834
            ], 
            [
              -95.571375765141681, 
              42.755376929656030
            ], 
            [
              -95.571375346003279, 
              42.755377404544120
            ], 
            [
              -95.571374883471663, 
              42.755377857194311
            ], 
            [
              -95.571374379727402, 
              42.755378285472631
            ], 
            [
              -95.571373837145316, 
              42.755378687360000
            ], 
            [
              -95.571373258283387, 
              42.755379060961779
            ], 
            [
              -95.571372645870568, 
              42.755379404516646
            ], 
            [
              -95.571372002794021, 
              42.755379716404960
            ], 
            [
              -95.571371332085462, 
              42.755379995156353
            ], 
            [
              -95.571370636906863, 
              42.755380239456692
            ], 
            [
              -95.571369920535574, 
              42.755380448154234
            ], 
            [
              -95.571369186348861, 
              42.755380620265107
            ], 
            [
              -95.571368437807934, 
              42.755380754977921
            ], 
            [
              -95.571367678441746, 
              42.755380851657570
            ], 
            [
              -95.571366911830225, 
              42.755380909848277
            ], 
            [
              -95.571366141587475, 
              42.755380929275709
            ]
          ], 
          [
            [
              -95.571366141587475, 
              42.755372687517465
            ], 
            [
              -95.571366141587475, 
              42.755380929275709
            ]
          ], 
          [
            [
              -95.571366141587475, 
              42.755380929275709
            ], 
            [
              -95.571366687227822, 
              42.755380929275709
            ]
          ], 
          [
            [
              -95.571366687227822, 
              42.755380929275709
            ], 
            [
              -95.571366687227822, 
              42.755372687517465
            ]
          ], 
          [
            [
              -95.571366687227822, 
              42.755372687517465
            ], 
            [
              -95.571366141587475, 
              42.755372687517465
            ]
          ], 
          [
            [
              -95.571377365761663, 
              42.755372615595469
            ], 
            [
              -95.571377346025642, 
              42.755373181300698
            ], 
            [
              -95.571377273467533, 
              42.755373744678032
            ], 
            [
              -95.571377148429391, 
              42.755374303071505
            ], 
            [
              -95.571376971500712, 
              42.755374853848622
            ], 
            [
              -95.571376743515586, 
              42.755375394412809
            ], 
            [
              -95.571376465548838, 
              42.755375922215634
            ], 
            [
              -95.571376138910907, 
              42.755376434768834
            ], 
            [
              -95.571375765141681, 
              42.755376929656030
            ], 
            [
              -95.571375346003279, 
              42.755377404544120
            ], 
            [
              -95.571374883471663, 
              42.755377857194311
            ], 
            [
              -95.571374379727402, 
              42.755378285472631
            ], 
            [
              -95.571373837145316, 
              42.755378687360000
            ], 
            [
              -95.571373258283387, 
              42.755379060961779
            ], 
            [
              -95.571372645870568, 
              42.755379404516646
            ], 
            [
              -95.571372002794021, 
              42.755379716404960
            ], 
            [
              -95.571371332085462, 
              42.755379995156353
            ], 
            [
              -95.571370636906863, 
              42.755380239456692
            ], 
            [
              -95.571369920535574, 
              42.755380448154234
            ], 
            [
              -95.571369186348861, 
              42.755380620265107
            ], 
            [
              -95.571368437807934, 
              42.755380754977921
            ], 
            [
              -95.571367678441746, 
              42.755380851657570
            ], 
            [
              -95.571366911830225, 
              42.755380909848277
            ], 
            [
              -95.571366141587475, 
              42.755380929275709
            ]
          ], 
          [
            [
              -95.571377366189054, 
              42.755372687517465
            ], 
            [
              -95.571377989778043, 
              42.755372687517465
            ]
          ], 
          [
            [
              -95.571377989778043, 
              42.755372687517465
            ], 
            [
              -95.571377989778043, 
              42.755369711326992
            ]
          ], 
          [
            [
              -95.571377989778043, 
              42.755369711326992
            ], 
            [
              -95.571377366189054, 
              42.755369711326992
            ]
          ], 
          [
            [
              -95.571377366189054, 
              42.755369711326992
            ], 
            [
              -95.571377366189054, 
              42.755371829000985
            ]
          ], 
          [
            [
              -95.571377366189054, 
              42.755371829000985
            ], 
            [
              -95.571377210291814, 
              42.755371829000985
            ]
          ], 
          [
            [
              -95.571377210291814, 
              42.755371829000985
            ], 
            [
              -95.571377210291814, 
              42.755372286876444
            ]
          ], 
          [
            [
              -95.571377210291814, 
              42.755372286876444
            ], 
            [
              -95.571377366189054, 
              42.755372286876444
            ]
          ], 
          [
            [
              -95.571377366189054, 
              42.755372286876444
            ], 
            [
              -95.571377366189054, 
              42.755372687517465
            ]
          ], 
          [
            [
              -95.571365517998487, 
              42.755372687517465
            ], 
            [
              -95.571366141587475, 
              42.755372687517465
            ]
          ], 
          [
            [
              -95.571366141587475, 
              42.755372687517465
            ], 
            [
              -95.571366141587475, 
              42.755372286876444
            ]
          ], 
          [
            [
              -95.571366141587475, 
              42.755372286876444
            ], 
            [
              -95.571366297484715, 
              42.755372286876444
            ]
          ], 
          [
            [
              -95.571366297484715, 
              42.755372286876444
            ], 
            [
              -95.571366297484715, 
              42.755371829000985
            ]
          ], 
          [
            [
              -95.571366297484715, 
              42.755371829000985
            ], 
            [
              -95.571366141587475, 
              42.755371829000985
            ]
          ], 
          [
            [
              -95.571366141587475, 
              42.755371829000985
            ], 
            [
              -95.571366141587475, 
              42.755369711326992
            ]
          ], 
          [
            [
              -95.571366141587475, 
              42.755369711326992
            ], 
            [
              -95.571365517998487, 
              42.755369711326992
            ]
          ], 
          [
            [
              -95.571365517998487, 
              42.755369711326992
            ], 
            [
              -95.571365517998487, 
              42.755372687517465
            ]
          ], 
          [
            [
              -95.571366141587475, 
              42.755380929275709
            ], 
            [
              -95.571366687227822, 
              42.755380929275709
            ]
          ], 
          [
            [
              -95.571366141587475, 
              42.755372687517465
            ], 
            [
              -95.571366141587475, 
              42.755380929275709
            ]
          ], 
          [
            [
              -95.571366687227822, 
              42.755380929275709
            ], 
            [
              -95.571366687227822, 
              42.755372687517465
            ]
          ], 
          [
            [
              -95.571366141587475, 
              42.755372687517465
            ], 
            [
              -95.571366687227822, 
              42.755372687517465
            ]
          ], 
          [
            [
              -95.571377365761663, 
              42.755372615595469
            ], 
            [
              -95.571377346025642, 
              42.755373181300698
            ], 
            [
              -95.571377273467533, 
              42.755373744678032
            ], 
            [
              -95.571377148429391, 
              42.755374303071505
            ], 
            [
              -95.571376971500712, 
              42.755374853848622
            ], 
            [
              -95.571376743515586, 
              42.755375394412809
            ], 
            [
              -95.571376465548838, 
              42.755375922215634
            ], 
            [
              -95.571376138910907, 
              42.755376434768834
            ], 
            [
              -95.571375765141681, 
              42.755376929656030
            ], 
            [
              -95.571375346003279, 
              42.755377404544120
            ], 
            [
              -95.571374883471663, 
              42.755377857194311
            ], 
            [
              -95.571374379727402, 
              42.755378285472631
            ], 
            [
              -95.571373837145316, 
              42.755378687360000
            ], 
            [
              -95.571373258283387, 
              42.755379060961779
            ], 
            [
              -95.571372645870568, 
              42.755379404516646
            ], 
            [
              -95.571372002794021, 
              42.755379716404960
            ], 
            [
              -95.571371332085462, 
              42.755379995156353
            ], 
            [
              -95.571370636906863, 
              42.755380239456692
            ], 
            [
              -95.571369920535574, 
              42.755380448154234
            ], 
            [
              -95.571369186348861, 
              42.755380620265107
            ], 
            [
              -95.571368437807934, 
              42.755380754977921
            ], 
            [
              -95.571367678441746, 
              42.755380851657570
            ], 
            [
              -95.571366911830225, 
              42.755380909848277
            ], 
            [
              -95.571366141587475, 
              42.755380929275709
            ]
          ], 
          [
            [
              -95.571377365761663, 
              42.755372615595469
            ], 
            [
              -95.571377346025642, 
              42.755373181300698
            ], 
            [
              -95.571377273467533, 
              42.755373744678032
            ], 
            [
              -95.571377148429391, 
              42.755374303071505
            ], 
            [
              -95.571376971500712, 
              42.755374853848622
            ], 
            [
              -95.571376743515586, 
              42.755375394412809
            ], 
            [
              -95.571376465548838, 
              42.755375922215634
            ], 
            [
              -95.571376138910907, 
              42.755376434768834
            ], 
            [
              -95.571375765141681, 
              42.755376929656030
            ], 
            [
              -95.571375346003279, 
              42.755377404544120
            ], 
            [
              -95.571374883471663, 
              42.755377857194311
            ], 
            [
              -95.571374379727402, 
              42.755378285472631
            ], 
            [
              -95.571373837145316, 
              42.755378687360000
            ], 
            [
              -95.571373258283387, 
              42.755379060961779
            ], 
            [
              -95.571372645870568, 
              42.755379404516646
            ], 
            [
              -95.571372002794021, 
              42.755379716404960
            ], 
            [
              -95.571371332085462, 
              42.755379995156353
            ], 
            [
              -95.571370636906863, 
              42.755380239456692
            ], 
            [
              -95.571369920535574, 
              42.755380448154234
            ], 
            [
              -95.571369186348861, 
              42.755380620265107
            ], 
            [
              -95.571368437807934, 
              42.755380754977921
            ], 
            [
              -95.571367678441746, 
              42.755380851657570
            ], 
            [
              -95.571366911830225, 
              42.755380909848277
            ], 
            [
              -95.571366141587475, 
              42.755380929275709
            ]
          ]
        ]
      }
    }, 
    {
      "properties": {
        "level": "BASEMENT", 
        "type": "drawing", 
        "SubClasses": "AcDbEntity:AcDbBlockReference", 
        "Layer": "A-DOOR", 
        "EntityHandle": "1E8", 
        "source": "BASEMENT.dxf", 
        "interactive": false
      }, 
      "type": "Feature", 
      "geometry": {
        "type": "MultiLineString", 
        "coordinates": [
          [
            [
              -95.571393579502470, 
              42.755380929275709
            ], 
            [
              -95.571392809259720, 
              42.755380909848277
            ], 
            [
              -95.571392042648199, 
              42.755380851657570
            ], 
            [
              -95.571391283281997, 
              42.755380754977921
            ], 
            [
              -95.571390534741084, 
              42.755380620265107
            ], 
            [
              -95.571389800554357, 
              42.755380448154234
            ], 
            [
              -95.571389084183082, 
              42.755380239456692
            ], 
            [
              -95.571388389004483, 
              42.755379995156353
            ], 
            [
              -95.571387718295924, 
              42.755379716404960
            ], 
            [
              -95.571387075219377, 
              42.755379404516646
            ], 
            [
              -95.571386462806558, 
              42.755379060961779
            ], 
            [
              -95.571385883944615, 
              42.755378687360000
            ], 
            [
              -95.571385341362543, 
              42.755378285472631
            ], 
            [
              -95.571384837618268, 
              42.755377857194311
            ], 
            [
              -95.571384375086666, 
              42.755377404544120
            ], 
            [
              -95.571383955948249, 
              42.755376929656030
            ], 
            [
              -95.571383582179038, 
              42.755376434768834
            ], 
            [
              -95.571383255541107, 
              42.755375922215634
            ], 
            [
              -95.571382977574359, 
              42.755375394412809
            ], 
            [
              -95.571382749589233, 
              42.755374853848622
            ], 
            [
              -95.571382572660539, 
              42.755374303071505
            ], 
            [
              -95.571382447622412, 
              42.755373744678032
            ], 
            [
              -95.571382375064289, 
              42.755373181300698
            ], 
            [
              -95.571382355328282, 
              42.755372615595469
            ]
          ], 
          [
            [
              -95.571393579502470, 
              42.755372687517465
            ], 
            [
              -95.571393579502470, 
              42.755380929275709
            ]
          ], 
          [
            [
              -95.571393579502470, 
              42.755380929275709
            ], 
            [
              -95.571393033862108, 
              42.755380929275709
            ]
          ], 
          [
            [
              -95.571393033862108, 
              42.755380929275709
            ], 
            [
              -95.571393033862108, 
              42.755372687517465
            ]
          ], 
          [
            [
              -95.571393033862108, 
              42.755372687517465
            ], 
            [
              -95.571393579502470, 
              42.755372687517465
            ]
          ], 
          [
            [
              -95.571393579502470, 
              42.755380929275709
            ], 
            [
              -95.571392809259720, 
              42.755380909848277
            ], 
            [
              -95.571392042648199, 
              42.755380851657570
            ], 
            [
              -95.571391283281997, 
              42.755380754977921
            ], 
            [
              -95.571390534741084, 
              42.755380620265107
            ], 
            [
              -95.571389800554357, 
              42.755380448154234
            ], 
            [
              -95.571389084183082, 
              42.755380239456692
            ], 
            [
              -95.571388389004483, 
              42.755379995156353
            ], 
            [
              -95.571387718295924, 
              42.755379716404960
            ], 
            [
              -95.571387075219377, 
              42.755379404516646
            ], 
            [
              -95.571386462806558, 
              42.755379060961779
            ], 
            [
              -95.571385883944615, 
              42.755378687360000
            ], 
            [
              -95.571385341362543, 
              42.755378285472631
            ], 
            [
              -95.571384837618268, 
              42.755377857194311
            ], 
            [
              -95.571384375086666, 
              42.755377404544120
            ], 
            [
              -95.571383955948249, 
              42.755376929656030
            ], 
            [
              -95.571383582179038, 
              42.755376434768834
            ], 
            [
              -95.571383255541107, 
              42.755375922215634
            ], 
            [
              -95.571382977574359, 
              42.755375394412809
            ], 
            [
              -95.571382749589233, 
              42.755374853848622
            ], 
            [
              -95.571382572660539, 
              42.755374303071505
            ], 
            [
              -95.571382447622412, 
              42.755373744678032
            ], 
            [
              -95.571382375064289, 
              42.755373181300698
            ], 
            [
              -95.571382355328282, 
              42.755372615595469
            ]
          ], 
          [
            [
              -95.571394203091444, 
              42.755369711326992
            ], 
            [
              -95.571394203091444, 
              42.755372687517465
            ]
          ], 
          [
            [
              -95.571393579502470, 
              42.755369711326992
            ], 
            [
              -95.571394203091444, 
              42.755369711326992
            ]
          ], 
          [
            [
              -95.571393579502470, 
              42.755371829000985
            ], 
            [
              -95.571393579502470, 
              42.755369711326992
            ]
          ], 
          [
            [
              -95.571393423605215, 
              42.755371829000985
            ], 
            [
              -95.571393579502470, 
              42.755371829000985
            ]
          ], 
          [
            [
              -95.571393423605215, 
              42.755372286876444
            ], 
            [
              -95.571393423605215, 
              42.755371829000985
            ]
          ], 
          [
            [
              -95.571393579502470, 
              42.755372286876444
            ], 
            [
              -95.571393423605215, 
              42.755372286876444
            ]
          ], 
          [
            [
              -95.571393579502470, 
              42.755372687517465
            ], 
            [
              -95.571393579502470, 
              42.755372286876444
            ]
          ], 
          [
            [
              -95.571394203091444, 
              42.755372687517465
            ], 
            [
              -95.571393579502470, 
              42.755372687517465
            ]
          ], 
          [
            [
              -95.571382354900877, 
              42.755372286876444
            ], 
            [
              -95.571382354900877, 
              42.755372687517465
            ]
          ], 
          [
            [
              -95.571382510798117, 
              42.755372286876444
            ], 
            [
              -95.571382354900877, 
              42.755372286876444
            ]
          ], 
          [
            [
              -95.571382510798117, 
              42.755371829000985
            ], 
            [
              -95.571382510798117, 
              42.755372286876444
            ]
          ], 
          [
            [
              -95.571382354900877, 
              42.755371829000985
            ], 
            [
              -95.571382510798117, 
              42.755371829000985
            ]
          ], 
          [
            [
              -95.571382354900877, 
              42.755369711326992
            ], 
            [
              -95.571382354900877, 
              42.755371829000985
            ]
          ], 
          [
            [
              -95.571381731311902, 
              42.755369711326992
            ], 
            [
              -95.571382354900877, 
              42.755369711326992
            ]
          ], 
          [
            [
              -95.571381731311902, 
              42.755372687517465
            ], 
            [
              -95.571381731311902, 
              42.755369711326992
            ]
          ], 
          [
            [
              -95.571382354900877, 
              42.755372687517465
            ], 
            [
              -95.571381731311902, 
              42.755372687517465
            ]
          ], 
          [
            [
              -95.571393579502470, 
              42.755380929275709
            ], 
            [
              -95.571393033862108, 
              42.755380929275709
            ]
          ], 
          [
            [
              -95.571393579502470, 
              42.755372687517465
            ], 
            [
              -95.571393579502470, 
              42.755380929275709
            ]
          ], 
          [
            [
              -95.571393033862108, 
              42.755380929275709
            ], 
            [
              -95.571393033862108, 
              42.755372687517465
            ]
          ], 
          [
            [
              -95.571393579502470, 
              42.755372687517465
            ], 
            [
              -95.571393033862108, 
              42.755372687517465
            ]
          ], 
          [
            [
              -95.571393579502470, 
              42.755380929275709
            ], 
            [
              -95.571392809259720, 
              42.755380909848277
            ], 
            [
              -95.571392042648199, 
              42.755380851657570
            ], 
            [
              -95.571391283281997, 
              42.755380754977921
            ], 
            [
              -95.571390534741084, 
              42.755380620265107
            ], 
            [
              -95.571389800554357, 
              42.755380448154234
            ], 
            [
              -95.571389084183082, 
              42.755380239456692
            ], 
            [
              -95.571388389004483, 
              42.755379995156353
            ], 
            [
              -95.571387718295924, 
              42.755379716404960
            ], 
            [
              -95.571387075219377, 
              42.755379404516646
            ], 
            [
              -95.571386462806558, 
              42.755379060961779
            ], 
            [
              -95.571385883944615, 
              42.755378687360000
            ], 
            [
              -95.571385341362543, 
              42.755378285472631
            ], 
            [
              -95.571384837618268, 
              42.755377857194311
            ], 
            [
              -95.571384375086666, 
              42.755377404544120
            ], 
            [
              -95.571383955948249, 
              42.755376929656030
            ], 
            [
              -95.571383582179038, 
              42.755376434768834
            ], 
            [
              -95.571383255541107, 
              42.755375922215634
            ], 
            [
              -95.571382977574359, 
              42.755375394412809
            ], 
            [
              -95.571382749589233, 
              42.755374853848622
            ], 
            [
              -95.571382572660539, 
              42.755374303071505
            ], 
            [
              -95.571382447622412, 
              42.755373744678032
            ], 
            [
              -95.571382375064289, 
              42.755373181300698
            ], 
            [
              -95.571382355328282, 
              42.755372615595469
            ]
          ], 
          [
            [
              -95.571393579502470, 
              42.755380929275709
            ], 
            [
              -95.571392809259720, 
              42.755380909848277
            ], 
            [
              -95.571392042648199, 
              42.755380851657570
            ], 
            [
              -95.571391283281997, 
              42.755380754977921
            ], 
            [
              -95.571390534741084, 
              42.755380620265107
            ], 
            [
              -95.571389800554357, 
              42.755380448154234
            ], 
            [
              -95.571389084183082, 
              42.755380239456692
            ], 
            [
              -95.571388389004483, 
              42.755379995156353
            ], 
            [
              -95.571387718295924, 
              42.755379716404960
            ], 
            [
              -95.571387075219377, 
              42.755379404516646
            ], 
            [
              -95.571386462806558, 
              42.755379060961779
            ], 
            [
              -95.571385883944615, 
              42.755378687360000
            ], 
            [
              -95.571385341362543, 
              42.755378285472631
            ], 
            [
              -95.571384837618268, 
              42.755377857194311
            ], 
            [
              -95.571384375086666, 
              42.755377404544120
            ], 
            [
              -95.571383955948249, 
              42.755376929656030
            ], 
            [
              -95.571383582179038, 
              42.755376434768834
            ], 
            [
              -95.571383255541107, 
              42.755375922215634
            ], 
            [
              -95.571382977574359, 
              42.755375394412809
            ], 
            [
              -95.571382749589233, 
              42.755374853848622
            ], 
            [
              -95.571382572660539, 
              42.755374303071505
            ], 
            [
              -95.571382447622412, 
              42.755373744678032
            ], 
            [
              -95.571382375064289, 
              42.755373181300698
            ], 
            [
              -95.571382355328282, 
              42.755372615595469
            ]
          ]
        ]
      }
    }, 
    {
      "properties": {
        "level": "BASEMENT", 
        "type": "drawing", 
        "SubClasses": "AcDbEntity:AcDbBlockReference", 
        "Layer": "A-DOOR", 
        "EntityHandle": "1E9", 
        "source": "BASEMENT.dxf", 
        "interactive": false
      }, 
      "type": "Feature", 
      "geometry": {
        "type": "MultiLineString", 
        "coordinates": [
          [
            [
              -95.571440464841729, 
              42.755372615595469
            ], 
            [
              -95.571440445105708, 
              42.755373181300698
            ], 
            [
              -95.571440372547599, 
              42.755373744678032
            ], 
            [
              -95.571440247509457, 
              42.755374303071505
            ], 
            [
              -95.571440070580763, 
              42.755374853848622
            ], 
            [
              -95.571439842595638, 
              42.755375394412809
            ], 
            [
              -95.571439564628889, 
              42.755375922215634
            ], 
            [
              -95.571439237990958, 
              42.755376434768834
            ], 
            [
              -95.571438864221747, 
              42.755376929656030
            ], 
            [
              -95.571438445083345, 
              42.755377404544120
            ], 
            [
              -95.571437982551728, 
              42.755377857194311
            ], 
            [
              -95.571437478807454, 
              42.755378285472631
            ], 
            [
              -95.571436936225382, 
              42.755378687360000
            ], 
            [
              -95.571436357363439, 
              42.755379060961779
            ], 
            [
              -95.571435744950620, 
              42.755379404516646
            ], 
            [
              -95.571435101874073, 
              42.755379716404960
            ], 
            [
              -95.571434431165514, 
              42.755379995156353
            ], 
            [
              -95.571433735986915, 
              42.755380239456692
            ], 
            [
              -95.571433019615640, 
              42.755380448154234
            ], 
            [
              -95.571432285428912, 
              42.755380620265107
            ], 
            [
              -95.571431536887999, 
              42.755380754977921
            ], 
            [
              -95.571430777521812, 
              42.755380851657570
            ], 
            [
              -95.571430010910277, 
              42.755380909848277
            ], 
            [
              -95.571429240667527, 
              42.755380929275709
            ]
          ], 
          [
            [
              -95.571429240667527, 
              42.755372687517465
            ], 
            [
              -95.571429240667527, 
              42.755380929275709
            ]
          ], 
          [
            [
              -95.571429240667527, 
              42.755380929275709
            ], 
            [
              -95.571429786307888, 
              42.755380929275709
            ]
          ], 
          [
            [
              -95.571429786307888, 
              42.755380929275709
            ], 
            [
              -95.571429786307888, 
              42.755372687517465
            ]
          ], 
          [
            [
              -95.571429786307888, 
              42.755372687517465
            ], 
            [
              -95.571429240667527, 
              42.755372687517465
            ]
          ], 
          [
            [
              -95.571440464841729, 
              42.755372615595469
            ], 
            [
              -95.571440445105708, 
              42.755373181300698
            ], 
            [
              -95.571440372547599, 
              42.755373744678032
            ], 
            [
              -95.571440247509457, 
              42.755374303071505
            ], 
            [
              -95.571440070580763, 
              42.755374853848622
            ], 
            [
              -95.571439842595638, 
              42.755375394412809
            ], 
            [
              -95.571439564628889, 
              42.755375922215634
            ], 
            [
              -95.571439237990958, 
              42.755376434768834
            ], 
            [
              -95.571438864221747, 
              42.755376929656030
            ], 
            [
              -95.571438445083345, 
              42.755377404544120
            ], 
            [
              -95.571437982551728, 
              42.755377857194311
            ], 
            [
              -95.571437478807454, 
              42.755378285472631
            ], 
            [
              -95.571436936225382, 
              42.755378687360000
            ], 
            [
              -95.571436357363439, 
              42.755379060961779
            ], 
            [
              -95.571435744950620, 
              42.755379404516646
            ], 
            [
              -95.571435101874073, 
              42.755379716404960
            ], 
            [
              -95.571434431165514, 
              42.755379995156353
            ], 
            [
              -95.571433735986915, 
              42.755380239456692
            ], 
            [
              -95.571433019615640, 
              42.755380448154234
            ], 
            [
              -95.571432285428912, 
              42.755380620265107
            ], 
            [
              -95.571431536887999, 
              42.755380754977921
            ], 
            [
              -95.571430777521812, 
              42.755380851657570
            ], 
            [
              -95.571430010910277, 
              42.755380909848277
            ], 
            [
              -95.571429240667527, 
              42.755380929275709
            ]
          ], 
          [
            [
              -95.571440465269120, 
              42.755372687517465
            ], 
            [
              -95.571441088858094, 
              42.755372687517465
            ]
          ], 
          [
            [
              -95.571441088858094, 
              42.755372687517465
            ], 
            [
              -95.571441088858094, 
              42.755369711326992
            ]
          ], 
          [
            [
              -95.571441088858094, 
              42.755369711326992
            ], 
            [
              -95.571440465269120, 
              42.755369711326992
            ]
          ], 
          [
            [
              -95.571440465269120, 
              42.755369711326992
            ], 
            [
              -95.571440465269120, 
              42.755371829000985
            ]
          ], 
          [
            [
              -95.571440465269120, 
              42.755371829000985
            ], 
            [
              -95.571440309371880, 
              42.755371829000985
            ]
          ], 
          [
            [
              -95.571440309371880, 
              42.755371829000985
            ], 
            [
              -95.571440309371880, 
              42.755372286876444
            ]
          ], 
          [
            [
              -95.571440309371880, 
              42.755372286876444
            ], 
            [
              -95.571440465269120, 
              42.755372286876444
            ]
          ], 
          [
            [
              -95.571440465269120, 
              42.755372286876444
            ], 
            [
              -95.571440465269120, 
              42.755372687517465
            ]
          ], 
          [
            [
              -95.571428617078553, 
              42.755372687517465
            ], 
            [
              -95.571429240667527, 
              42.755372687517465
            ]
          ], 
          [
            [
              -95.571429240667527, 
              42.755372687517465
            ], 
            [
              -95.571429240667527, 
              42.755372286876444
            ]
          ], 
          [
            [
              -95.571429240667527, 
              42.755372286876444
            ], 
            [
              -95.571429396564781, 
              42.755372286876444
            ]
          ], 
          [
            [
              -95.571429396564781, 
              42.755372286876444
            ], 
            [
              -95.571429396564781, 
              42.755371829000985
            ]
          ], 
          [
            [
              -95.571429396564781, 
              42.755371829000985
            ], 
            [
              -95.571429240667527, 
              42.755371829000985
            ]
          ], 
          [
            [
              -95.571429240667527, 
              42.755371829000985
            ], 
            [
              -95.571429240667527, 
              42.755369711326992
            ]
          ], 
          [
            [
              -95.571429240667527, 
              42.755369711326992
            ], 
            [
              -95.571428617078553, 
              42.755369711326992
            ]
          ], 
          [
            [
              -95.571428617078553, 
              42.755369711326992
            ], 
            [
              -95.571428617078553, 
              42.755372687517465
            ]
          ], 
          [
            [
              -95.571429240667527, 
              42.755380929275709
            ], 
            [
              -95.571429786307888, 
              42.755380929275709
            ]
          ], 
          [
            [
              -95.571429240667527, 
              42.755372687517465
            ], 
            [
              -95.571429240667527, 
              42.755380929275709
            ]
          ], 
          [
            [
              -95.571429786307888, 
              42.755380929275709
            ], 
            [
              -95.571429786307888, 
              42.755372687517465
            ]
          ], 
          [
            [
              -95.571429240667527, 
              42.755372687517465
            ], 
            [
              -95.571429786307888, 
              42.755372687517465
            ]
          ], 
          [
            [
              -95.571440464841729, 
              42.755372615595469
            ], 
            [
              -95.571440445105708, 
              42.755373181300698
            ], 
            [
              -95.571440372547599, 
              42.755373744678032
            ], 
            [
              -95.571440247509457, 
              42.755374303071505
            ], 
            [
              -95.571440070580763, 
              42.755374853848622
            ], 
            [
              -95.571439842595638, 
              42.755375394412809
            ], 
            [
              -95.571439564628889, 
              42.755375922215634
            ], 
            [
              -95.571439237990958, 
              42.755376434768834
            ], 
            [
              -95.571438864221747, 
              42.755376929656030
            ], 
            [
              -95.571438445083345, 
              42.755377404544120
            ], 
            [
              -95.571437982551728, 
              42.755377857194311
            ], 
            [
              -95.571437478807454, 
              42.755378285472631
            ], 
            [
              -95.571436936225382, 
              42.755378687360000
            ], 
            [
              -95.571436357363439, 
              42.755379060961779
            ], 
            [
              -95.571435744950620, 
              42.755379404516646
            ], 
            [
              -95.571435101874073, 
              42.755379716404960
            ], 
            [
              -95.571434431165514, 
              42.755379995156353
            ], 
            [
              -95.571433735986915, 
              42.755380239456692
            ], 
            [
              -95.571433019615640, 
              42.755380448154234
            ], 
            [
              -95.571432285428912, 
              42.755380620265107
            ], 
            [
              -95.571431536887999, 
              42.755380754977921
            ], 
            [
              -95.571430777521812, 
              42.755380851657570
            ], 
            [
              -95.571430010910277, 
              42.755380909848277
            ], 
            [
              -95.571429240667527, 
              42.755380929275709
            ]
          ], 
          [
            [
              -95.571440464841729, 
              42.755372615595469
            ], 
            [
              -95.571440445105708, 
              42.755373181300698
            ], 
            [
              -95.571440372547599, 
              42.755373744678032
            ], 
            [
              -95.571440247509457, 
              42.755374303071505
            ], 
            [
              -95.571440070580763, 
              42.755374853848622
            ], 
            [
              -95.571439842595638, 
              42.755375394412809
            ], 
            [
              -95.571439564628889, 
              42.755375922215634
            ], 
            [
              -95.571439237990958, 
              42.755376434768834
            ], 
            [
              -95.571438864221747, 
              42.755376929656030
            ], 
            [
              -95.571438445083345, 
              42.755377404544120
            ], 
            [
              -95.571437982551728, 
              42.755377857194311
            ], 
            [
              -95.571437478807454, 
              42.755378285472631
            ], 
            [
              -95.571436936225382, 
              42.755378687360000
            ], 
            [
              -95.571436357363439, 
              42.755379060961779
            ], 
            [
              -95.571435744950620, 
              42.755379404516646
            ], 
            [
              -95.571435101874073, 
              42.755379716404960
            ], 
            [
              -95.571434431165514, 
              42.755379995156353
            ], 
            [
              -95.571433735986915, 
              42.755380239456692
            ], 
            [
              -95.571433019615640, 
              42.755380448154234
            ], 
            [
              -95.571432285428912, 
              42.755380620265107
            ], 
            [
              -95.571431536887999, 
              42.755380754977921
            ], 
            [
              -95.571430777521812, 
              42.755380851657570
            ], 
            [
              -95.571430010910277, 
              42.755380909848277
            ], 
            [
              -95.571429240667527, 
              42.755380929275709
            ]
          ]
        ]
      }
    }, 
    {
      "properties": {
        "level": "BASEMENT", 
        "type": "drawing", 
        "SubClasses": "AcDbEntity:AcDbBlockReference", 
        "Layer": "A-DOOR", 
        "EntityHandle": "1EA", 
        "source": "BASEMENT.dxf", 
        "interactive": false
      }, 
      "type": "Feature", 
      "geometry": {
        "type": "MultiLineString", 
        "coordinates": [
          [
            [
              -95.571456678582521, 
              42.755380929275709
            ], 
            [
              -95.571455908339772, 
              42.755380909848277
            ], 
            [
              -95.571455141728251, 
              42.755380851657570
            ], 
            [
              -95.571454382362063, 
              42.755380754977921
            ], 
            [
              -95.571453633821150, 
              42.755380620265107
            ], 
            [
              -95.571452899634423, 
              42.755380448154234
            ], 
            [
              -95.571452183263133, 
              42.755380239456692
            ], 
            [
              -95.571451488084548, 
              42.755379995156353
            ], 
            [
              -95.571450817375975, 
              42.755379716404960
            ], 
            [
              -95.571450174299429, 
              42.755379404516646
            ], 
            [
              -95.571449561886610, 
              42.755379060961779
            ], 
            [
              -95.571448983024681, 
              42.755378687360000
            ], 
            [
              -95.571448440442609, 
              42.755378285472631
            ], 
            [
              -95.571447936698334, 
              42.755377857194311
            ], 
            [
              -95.571447474166717, 
              42.755377404544120
            ], 
            [
              -95.571447055028315, 
              42.755376929656030
            ], 
            [
              -95.571446681259104, 
              42.755376434768834
            ], 
            [
              -95.571446354621159, 
              42.755375922215634
            ], 
            [
              -95.571446076654411, 
              42.755375394412809
            ], 
            [
              -95.571445848669285, 
              42.755374853848622
            ], 
            [
              -95.571445671740605, 
              42.755374303071505
            ], 
            [
              -95.571445546702464, 
              42.755373744678032
            ], 
            [
              -95.571445474144355, 
              42.755373181300698
            ], 
            [
              -95.571445454408334, 
              42.755372615595469
            ]
          ], 
          [
            [
              -95.571456678582521, 
              42.755372687517465
            ], 
            [
              -95.571456678582521, 
              42.755380929275709
            ]
          ], 
          [
            [
              -95.571456678582521, 
              42.755380929275709
            ], 
            [
              -95.571456132942174, 
              42.755380929275709
            ]
          ], 
          [
            [
              -95.571456132942174, 
              42.755380929275709
            ], 
            [
              -95.571456132942174, 
              42.755372687517465
            ]
          ], 
          [
            [
              -95.571456132942174, 
              42.755372687517465
            ], 
            [
              -95.571456678582521, 
              42.755372687517465
            ]
          ], 
          [
            [
              -95.571456678582521, 
              42.755380929275709
            ], 
            [
              -95.571455908339772, 
              42.755380909848277
            ], 
            [
              -95.571455141728251, 
              42.755380851657570
            ], 
            [
              -95.571454382362063, 
              42.755380754977921
            ], 
            [
              -95.571453633821150, 
              42.755380620265107
            ], 
            [
              -95.571452899634423, 
              42.755380448154234
            ], 
            [
              -95.571452183263133, 
              42.755380239456692
            ], 
            [
              -95.571451488084548, 
              42.755379995156353
            ], 
            [
              -95.571450817375975, 
              42.755379716404960
            ], 
            [
              -95.571450174299429, 
              42.755379404516646
            ], 
            [
              -95.571449561886610, 
              42.755379060961779
            ], 
            [
              -95.571448983024681, 
              42.755378687360000
            ], 
            [
              -95.571448440442609, 
              42.755378285472631
            ], 
            [
              -95.571447936698334, 
              42.755377857194311
            ], 
            [
              -95.571447474166717, 
              42.755377404544120
            ], 
            [
              -95.571447055028315, 
              42.755376929656030
            ], 
            [
              -95.571446681259104, 
              42.755376434768834
            ], 
            [
              -95.571446354621159, 
              42.755375922215634
            ], 
            [
              -95.571446076654411, 
              42.755375394412809
            ], 
            [
              -95.571445848669285, 
              42.755374853848622
            ], 
            [
              -95.571445671740605, 
              42.755374303071505
            ], 
            [
              -95.571445546702464, 
              42.755373744678032
            ], 
            [
              -95.571445474144355, 
              42.755373181300698
            ], 
            [
              -95.571445454408334, 
              42.755372615595469
            ]
          ], 
          [
            [
              -95.571457302171510, 
              42.755369711326992
            ], 
            [
              -95.571457302171510, 
              42.755372687517465
            ]
          ], 
          [
            [
              -95.571456678582521, 
              42.755369711326992
            ], 
            [
              -95.571457302171510, 
              42.755369711326992
            ]
          ], 
          [
            [
              -95.571456678582521, 
              42.755371829000985
            ], 
            [
              -95.571456678582521, 
              42.755369711326992
            ]
          ], 
          [
            [
              -95.571456522685281, 
              42.755371829000985
            ], 
            [
              -95.571456678582521, 
              42.755371829000985
            ]
          ], 
          [
            [
              -95.571456522685281, 
              42.755372286876444
            ], 
            [
              -95.571456522685281, 
              42.755371829000985
            ]
          ], 
          [
            [
              -95.571456678582521, 
              42.755372286876444
            ], 
            [
              -95.571456522685281, 
              42.755372286876444
            ]
          ], 
          [
            [
              -95.571456678582521, 
              42.755372687517465
            ], 
            [
              -95.571456678582521, 
              42.755372286876444
            ]
          ], 
          [
            [
              -95.571457302171510, 
              42.755372687517465
            ], 
            [
              -95.571456678582521, 
              42.755372687517465
            ]
          ], 
          [
            [
              -95.571445453980942, 
              42.755372286876444
            ], 
            [
              -95.571445453980942, 
              42.755372687517465
            ]
          ], 
          [
            [
              -95.571445609878182, 
              42.755372286876444
            ], 
            [
              -95.571445453980942, 
              42.755372286876444
            ]
          ], 
          [
            [
              -95.571445609878182, 
              42.755371829000985
            ], 
            [
              -95.571445609878182, 
              42.755372286876444
            ]
          ], 
          [
            [
              -95.571445453980942, 
              42.755371829000985
            ], 
            [
              -95.571445609878182, 
              42.755371829000985
            ]
          ], 
          [
            [
              -95.571445453980942, 
              42.755369711326992
            ], 
            [
              -95.571445453980942, 
              42.755371829000985
            ]
          ], 
          [
            [
              -95.571444830391968, 
              42.755369711326992
            ], 
            [
              -95.571445453980942, 
              42.755369711326992
            ]
          ], 
          [
            [
              -95.571444830391968, 
              42.755372687517465
            ], 
            [
              -95.571444830391968, 
              42.755369711326992
            ]
          ], 
          [
            [
              -95.571445453980942, 
              42.755372687517465
            ], 
            [
              -95.571444830391968, 
              42.755372687517465
            ]
          ], 
          [
            [
              -95.571456678582521, 
              42.755380929275709
            ], 
            [
              -95.571456132942174, 
              42.755380929275709
            ]
          ], 
          [
            [
              -95.571456678582521, 
              42.755372687517465
            ], 
            [
              -95.571456678582521, 
              42.755380929275709
            ]
          ], 
          [
            [
              -95.571456132942174, 
              42.755380929275709
            ], 
            [
              -95.571456132942174, 
              42.755372687517465
            ]
          ], 
          [
            [
              -95.571456678582521, 
              42.755372687517465
            ], 
            [
              -95.571456132942174, 
              42.755372687517465
            ]
          ], 
          [
            [
              -95.571456678582521, 
              42.755380929275709
            ], 
            [
              -95.571455908339772, 
              42.755380909848277
            ], 
            [
              -95.571455141728251, 
              42.755380851657570
            ], 
            [
              -95.571454382362063, 
              42.755380754977921
            ], 
            [
              -95.571453633821150, 
              42.755380620265107
            ], 
            [
              -95.571452899634423, 
              42.755380448154234
            ], 
            [
              -95.571452183263133, 
              42.755380239456692
            ], 
            [
              -95.571451488084548, 
              42.755379995156353
            ], 
            [
              -95.571450817375975, 
              42.755379716404960
            ], 
            [
              -95.571450174299429, 
              42.755379404516646
            ], 
            [
              -95.571449561886610, 
              42.755379060961779
            ], 
            [
              -95.571448983024681, 
              42.755378687360000
            ], 
            [
              -95.571448440442609, 
              42.755378285472631
            ], 
            [
              -95.571447936698334, 
              42.755377857194311
            ], 
            [
              -95.571447474166717, 
              42.755377404544120
            ], 
            [
              -95.571447055028315, 
              42.755376929656030
            ], 
            [
              -95.571446681259104, 
              42.755376434768834
            ], 
            [
              -95.571446354621159, 
              42.755375922215634
            ], 
            [
              -95.571446076654411, 
              42.755375394412809
            ], 
            [
              -95.571445848669285, 
              42.755374853848622
            ], 
            [
              -95.571445671740605, 
              42.755374303071505
            ], 
            [
              -95.571445546702464, 
              42.755373744678032
            ], 
            [
              -95.571445474144355, 
              42.755373181300698
            ], 
            [
              -95.571445454408334, 
              42.755372615595469
            ]
          ], 
          [
            [
              -95.571456678582521, 
              42.755380929275709
            ], 
            [
              -95.571455908339772, 
              42.755380909848277
            ], 
            [
              -95.571455141728251, 
              42.755380851657570
            ], 
            [
              -95.571454382362063, 
              42.755380754977921
            ], 
            [
              -95.571453633821150, 
              42.755380620265107
            ], 
            [
              -95.571452899634423, 
              42.755380448154234
            ], 
            [
              -95.571452183263133, 
              42.755380239456692
            ], 
            [
              -95.571451488084548, 
              42.755379995156353
            ], 
            [
              -95.571450817375975, 
              42.755379716404960
            ], 
            [
              -95.571450174299429, 
              42.755379404516646
            ], 
            [
              -95.571449561886610, 
              42.755379060961779
            ], 
            [
              -95.571448983024681, 
              42.755378687360000
            ], 
            [
              -95.571448440442609, 
              42.755378285472631
            ], 
            [
              -95.571447936698334, 
              42.755377857194311
            ], 
            [
              -95.571447474166717, 
              42.755377404544120
            ], 
            [
              -95.571447055028315, 
              42.755376929656030
            ], 
            [
              -95.571446681259104, 
              42.755376434768834
            ], 
            [
              -95.571446354621159, 
              42.755375922215634
            ], 
            [
              -95.571446076654411, 
              42.755375394412809
            ], 
            [
              -95.571445848669285, 
              42.755374853848622
            ], 
            [
              -95.571445671740605, 
              42.755374303071505
            ], 
            [
              -95.571445546702464, 
              42.755373744678032
            ], 
            [
              -95.571445474144355, 
              42.755373181300698
            ], 
            [
              -95.571445454408334, 
              42.755372615595469
            ]
          ]
        ]
      }
    }, 
    {
      "properties": {
        "level": "BASEMENT", 
        "type": "drawing", 
        "SubClasses": "AcDbEntity:AcDbBlockReference", 
        "Layer": "A-DOOR", 
        "EntityHandle": "1EB", 
        "source": "BASEMENT.dxf", 
        "interactive": false
      }, 
      "type": "Feature", 
      "geometry": {
        "type": "MultiLineString", 
        "coordinates": [
          [
            [
              -95.571516288875372, 
              42.755380929275709
            ], 
            [
              -95.571515518632623, 
              42.755380909848277
            ], 
            [
              -95.571514752021088, 
              42.755380851657570
            ], 
            [
              -95.571513992654900, 
              42.755380754977921
            ], 
            [
              -95.571513244113987, 
              42.755380620265107
            ], 
            [
              -95.571512509927260, 
              42.755380448154234
            ], 
            [
              -95.571511793555985, 
              42.755380239456692
            ], 
            [
              -95.571511098377385, 
              42.755379995156353
            ], 
            [
              -95.571510427668827, 
              42.755379716404960
            ], 
            [
              -95.571509784592280, 
              42.755379404516646
            ], 
            [
              -95.571509172179461, 
              42.755379060961779
            ], 
            [
              -95.571508593317517, 
              42.755378687360000
            ], 
            [
              -95.571508050735446, 
              42.755378285472631
            ], 
            [
              -95.571507546991171, 
              42.755377857194311
            ], 
            [
              -95.571507084459554, 
              42.755377404544120
            ], 
            [
              -95.571506665321152, 
              42.755376929656030
            ], 
            [
              -95.571506291551941, 
              42.755376434768834
            ], 
            [
              -95.571505964914010, 
              42.755375922215634
            ], 
            [
              -95.571505686947262, 
              42.755375394412809
            ], 
            [
              -95.571505458962136, 
              42.755374853848622
            ], 
            [
              -95.571505282033442, 
              42.755374303071505
            ], 
            [
              -95.571505156995300, 
              42.755373744678032
            ], 
            [
              -95.571505084437192, 
              42.755373181300698
            ], 
            [
              -95.571505064701171, 
              42.755372615595469
            ]
          ], 
          [
            [
              -95.571516288875372, 
              42.755372687517465
            ], 
            [
              -95.571516288875372, 
              42.755380929275709
            ]
          ], 
          [
            [
              -95.571516288875372, 
              42.755380929275709
            ], 
            [
              -95.571515743235011, 
              42.755380929275709
            ]
          ], 
          [
            [
              -95.571515743235011, 
              42.755380929275709
            ], 
            [
              -95.571515743235011, 
              42.755372687517465
            ]
          ], 
          [
            [
              -95.571515743235011, 
              42.755372687517465
            ], 
            [
              -95.571516288875372, 
              42.755372687517465
            ]
          ], 
          [
            [
              -95.571516288875372, 
              42.755380929275709
            ], 
            [
              -95.571515518632623, 
              42.755380909848277
            ], 
            [
              -95.571514752021088, 
              42.755380851657570
            ], 
            [
              -95.571513992654900, 
              42.755380754977921
            ], 
            [
              -95.571513244113987, 
              42.755380620265107
            ], 
            [
              -95.571512509927260, 
              42.755380448154234
            ], 
            [
              -95.571511793555985, 
              42.755380239456692
            ], 
            [
              -95.571511098377385, 
              42.755379995156353
            ], 
            [
              -95.571510427668827, 
              42.755379716404960
            ], 
            [
              -95.571509784592280, 
              42.755379404516646
            ], 
            [
              -95.571509172179461, 
              42.755379060961779
            ], 
            [
              -95.571508593317517, 
              42.755378687360000
            ], 
            [
              -95.571508050735446, 
              42.755378285472631
            ], 
            [
              -95.571507546991171, 
              42.755377857194311
            ], 
            [
              -95.571507084459554, 
              42.755377404544120
            ], 
            [
              -95.571506665321152, 
              42.755376929656030
            ], 
            [
              -95.571506291551941, 
              42.755376434768834
            ], 
            [
              -95.571505964914010, 
              42.755375922215634
            ], 
            [
              -95.571505686947262, 
              42.755375394412809
            ], 
            [
              -95.571505458962136, 
              42.755374853848622
            ], 
            [
              -95.571505282033442, 
              42.755374303071505
            ], 
            [
              -95.571505156995300, 
              42.755373744678032
            ], 
            [
              -95.571505084437192, 
              42.755373181300698
            ], 
            [
              -95.571505064701171, 
              42.755372615595469
            ]
          ], 
          [
            [
              -95.571516912464347, 
              42.755369711326992
            ], 
            [
              -95.571516912464347, 
              42.755372687517465
            ]
          ], 
          [
            [
              -95.571516288875372, 
              42.755369711326992
            ], 
            [
              -95.571516912464347, 
              42.755369711326992
            ]
          ], 
          [
            [
              -95.571516288875372, 
              42.755371829000985
            ], 
            [
              -95.571516288875372, 
              42.755369711326992
            ]
          ], 
          [
            [
              -95.571516132978118, 
              42.755371829000985
            ], 
            [
              -95.571516288875372, 
              42.755371829000985
            ]
          ], 
          [
            [
              -95.571516132978118, 
              42.755372286876444
            ], 
            [
              -95.571516132978118, 
              42.755371829000985
            ]
          ], 
          [
            [
              -95.571516288875372, 
              42.755372286876444
            ], 
            [
              -95.571516132978118, 
              42.755372286876444
            ]
          ], 
          [
            [
              -95.571516288875372, 
              42.755372687517465
            ], 
            [
              -95.571516288875372, 
              42.755372286876444
            ]
          ], 
          [
            [
              -95.571516912464347, 
              42.755372687517465
            ], 
            [
              -95.571516288875372, 
              42.755372687517465
            ]
          ], 
          [
            [
              -95.571505064273779, 
              42.755372286876444
            ], 
            [
              -95.571505064273779, 
              42.755372687517465
            ]
          ], 
          [
            [
              -95.571505220171019, 
              42.755372286876444
            ], 
            [
              -95.571505064273779, 
              42.755372286876444
            ]
          ], 
          [
            [
              -95.571505220171019, 
              42.755371829000985
            ], 
            [
              -95.571505220171019, 
              42.755372286876444
            ]
          ], 
          [
            [
              -95.571505064273779, 
              42.755371829000985
            ], 
            [
              -95.571505220171019, 
              42.755371829000985
            ]
          ], 
          [
            [
              -95.571505064273779, 
              42.755369711326992
            ], 
            [
              -95.571505064273779, 
              42.755371829000985
            ]
          ], 
          [
            [
              -95.571504440684805, 
              42.755369711326992
            ], 
            [
              -95.571505064273779, 
              42.755369711326992
            ]
          ], 
          [
            [
              -95.571504440684805, 
              42.755372687517465
            ], 
            [
              -95.571504440684805, 
              42.755369711326992
            ]
          ], 
          [
            [
              -95.571505064273779, 
              42.755372687517465
            ], 
            [
              -95.571504440684805, 
              42.755372687517465
            ]
          ], 
          [
            [
              -95.571516288875372, 
              42.755380929275709
            ], 
            [
              -95.571515743235011, 
              42.755380929275709
            ]
          ], 
          [
            [
              -95.571516288875372, 
              42.755372687517465
            ], 
            [
              -95.571516288875372, 
              42.755380929275709
            ]
          ], 
          [
            [
              -95.571515743235011, 
              42.755380929275709
            ], 
            [
              -95.571515743235011, 
              42.755372687517465
            ]
          ], 
          [
            [
              -95.571516288875372, 
              42.755372687517465
            ], 
            [
              -95.571515743235011, 
              42.755372687517465
            ]
          ], 
          [
            [
              -95.571516288875372, 
              42.755380929275709
            ], 
            [
              -95.571515518632623, 
              42.755380909848277
            ], 
            [
              -95.571514752021088, 
              42.755380851657570
            ], 
            [
              -95.571513992654900, 
              42.755380754977921
            ], 
            [
              -95.571513244113987, 
              42.755380620265107
            ], 
            [
              -95.571512509927260, 
              42.755380448154234
            ], 
            [
              -95.571511793555985, 
              42.755380239456692
            ], 
            [
              -95.571511098377385, 
              42.755379995156353
            ], 
            [
              -95.571510427668827, 
              42.755379716404960
            ], 
            [
              -95.571509784592280, 
              42.755379404516646
            ], 
            [
              -95.571509172179461, 
              42.755379060961779
            ], 
            [
              -95.571508593317517, 
              42.755378687360000
            ], 
            [
              -95.571508050735446, 
              42.755378285472631
            ], 
            [
              -95.571507546991171, 
              42.755377857194311
            ], 
            [
              -95.571507084459554, 
              42.755377404544120
            ], 
            [
              -95.571506665321152, 
              42.755376929656030
            ], 
            [
              -95.571506291551941, 
              42.755376434768834
            ], 
            [
              -95.571505964914010, 
              42.755375922215634
            ], 
            [
              -95.571505686947262, 
              42.755375394412809
            ], 
            [
              -95.571505458962136, 
              42.755374853848622
            ], 
            [
              -95.571505282033442, 
              42.755374303071505
            ], 
            [
              -95.571505156995300, 
              42.755373744678032
            ], 
            [
              -95.571505084437192, 
              42.755373181300698
            ], 
            [
              -95.571505064701171, 
              42.755372615595469
            ]
          ], 
          [
            [
              -95.571516288875372, 
              42.755380929275709
            ], 
            [
              -95.571515518632623, 
              42.755380909848277
            ], 
            [
              -95.571514752021088, 
              42.755380851657570
            ], 
            [
              -95.571513992654900, 
              42.755380754977921
            ], 
            [
              -95.571513244113987, 
              42.755380620265107
            ], 
            [
              -95.571512509927260, 
              42.755380448154234
            ], 
            [
              -95.571511793555985, 
              42.755380239456692
            ], 
            [
              -95.571511098377385, 
              42.755379995156353
            ], 
            [
              -95.571510427668827, 
              42.755379716404960
            ], 
            [
              -95.571509784592280, 
              42.755379404516646
            ], 
            [
              -95.571509172179461, 
              42.755379060961779
            ], 
            [
              -95.571508593317517, 
              42.755378687360000
            ], 
            [
              -95.571508050735446, 
              42.755378285472631
            ], 
            [
              -95.571507546991171, 
              42.755377857194311
            ], 
            [
              -95.571507084459554, 
              42.755377404544120
            ], 
            [
              -95.571506665321152, 
              42.755376929656030
            ], 
            [
              -95.571506291551941, 
              42.755376434768834
            ], 
            [
              -95.571505964914010, 
              42.755375922215634
            ], 
            [
              -95.571505686947262, 
              42.755375394412809
            ], 
            [
              -95.571505458962136, 
              42.755374853848622
            ], 
            [
              -95.571505282033442, 
              42.755374303071505
            ], 
            [
              -95.571505156995300, 
              42.755373744678032
            ], 
            [
              -95.571505084437192, 
              42.755373181300698
            ], 
            [
              -95.571505064701171, 
              42.755372615595469
            ]
          ]
        ]
      }
    }, 
    {
      "properties": {
        "level": "BASEMENT", 
        "type": "drawing", 
        "SubClasses": "AcDbEntity:AcDbBlockReference", 
        "Layer": "A-DOOR", 
        "EntityHandle": "1EC", 
        "source": "BASEMENT.dxf", 
        "interactive": false
      }, 
      "type": "Feature", 
      "geometry": {
        "type": "MultiLineString", 
        "coordinates": [
          [
            [
              -95.571516288875372, 
              42.755401533671311
            ], 
            [
              -95.571515518632623, 
              42.755401514243879
            ], 
            [
              -95.571514752021088, 
              42.755401456053171
            ], 
            [
              -95.571513992654900, 
              42.755401359373522
            ], 
            [
              -95.571513244113987, 
              42.755401224660716
            ], 
            [
              -95.571512509927260, 
              42.755401052549843
            ], 
            [
              -95.571511793555985, 
              42.755400843852293
            ], 
            [
              -95.571511098377385, 
              42.755400599551962
            ], 
            [
              -95.571510427668827, 
              42.755400320800561
            ], 
            [
              -95.571509784592280, 
              42.755400008912247
            ], 
            [
              -95.571509172179461, 
              42.755399665357380
            ], 
            [
              -95.571508593317517, 
              42.755399291755609
            ], 
            [
              -95.571508050735446, 
              42.755398889868239
            ], 
            [
              -95.571507546991171, 
              42.755398461589920
            ], 
            [
              -95.571507084459554, 
              42.755398008939729
            ], 
            [
              -95.571506665321152, 
              42.755397534051632
            ], 
            [
              -95.571506291551941, 
              42.755397039164443
            ], 
            [
              -95.571505964914010, 
              42.755396526611243
            ], 
            [
              -95.571505686947262, 
              42.755395998808417
            ], 
            [
              -95.571505458962136, 
              42.755395458244230
            ], 
            [
              -95.571505282033442, 
              42.755394907467107
            ], 
            [
              -95.571505156995300, 
              42.755394349073640
            ], 
            [
              -95.571505084437192, 
              42.755393785696299
            ], 
            [
              -95.571505064701171, 
              42.755393219991078
            ]
          ], 
          [
            [
              -95.571516288875372, 
              42.755393291913073
            ], 
            [
              -95.571516288875372, 
              42.755401533671311
            ]
          ], 
          [
            [
              -95.571516288875372, 
              42.755401533671311
            ], 
            [
              -95.571515743235011, 
              42.755401533671311
            ]
          ], 
          [
            [
              -95.571515743235011, 
              42.755401533671311
            ], 
            [
              -95.571515743235011, 
              42.755393291913073
            ]
          ], 
          [
            [
              -95.571515743235011, 
              42.755393291913073
            ], 
            [
              -95.571516288875372, 
              42.755393291913073
            ]
          ], 
          [
            [
              -95.571516288875372, 
              42.755401533671311
            ], 
            [
              -95.571515518632623, 
              42.755401514243879
            ], 
            [
              -95.571514752021088, 
              42.755401456053171
            ], 
            [
              -95.571513992654900, 
              42.755401359373522
            ], 
            [
              -95.571513244113987, 
              42.755401224660716
            ], 
            [
              -95.571512509927260, 
              42.755401052549843
            ], 
            [
              -95.571511793555985, 
              42.755400843852293
            ], 
            [
              -95.571511098377385, 
              42.755400599551962
            ], 
            [
              -95.571510427668827, 
              42.755400320800561
            ], 
            [
              -95.571509784592280, 
              42.755400008912247
            ], 
            [
              -95.571509172179461, 
              42.755399665357380
            ], 
            [
              -95.571508593317517, 
              42.755399291755609
            ], 
            [
              -95.571508050735446, 
              42.755398889868239
            ], 
            [
              -95.571507546991171, 
              42.755398461589920
            ], 
            [
              -95.571507084459554, 
              42.755398008939729
            ], 
            [
              -95.571506665321152, 
              42.755397534051632
            ], 
            [
              -95.571506291551941, 
              42.755397039164443
            ], 
            [
              -95.571505964914010, 
              42.755396526611243
            ], 
            [
              -95.571505686947262, 
              42.755395998808417
            ], 
            [
              -95.571505458962136, 
              42.755395458244230
            ], 
            [
              -95.571505282033442, 
              42.755394907467107
            ], 
            [
              -95.571505156995300, 
              42.755394349073640
            ], 
            [
              -95.571505084437192, 
              42.755393785696299
            ], 
            [
              -95.571505064701171, 
              42.755393219991078
            ]
          ], 
          [
            [
              -95.571516912464347, 
              42.755390315722593
            ], 
            [
              -95.571516912464347, 
              42.755393291913073
            ]
          ], 
          [
            [
              -95.571516288875372, 
              42.755390315722593
            ], 
            [
              -95.571516912464347, 
              42.755390315722593
            ]
          ], 
          [
            [
              -95.571516288875372, 
              42.755392433396587
            ], 
            [
              -95.571516288875372, 
              42.755390315722593
            ]
          ], 
          [
            [
              -95.571516132978118, 
              42.755392433396587
            ], 
            [
              -95.571516288875372, 
              42.755392433396587
            ]
          ], 
          [
            [
              -95.571516132978118, 
              42.755392891272045
            ], 
            [
              -95.571516132978118, 
              42.755392433396587
            ]
          ], 
          [
            [
              -95.571516288875372, 
              42.755392891272045
            ], 
            [
              -95.571516132978118, 
              42.755392891272045
            ]
          ], 
          [
            [
              -95.571516288875372, 
              42.755393291913073
            ], 
            [
              -95.571516288875372, 
              42.755392891272045
            ]
          ], 
          [
            [
              -95.571516912464347, 
              42.755393291913073
            ], 
            [
              -95.571516288875372, 
              42.755393291913073
            ]
          ], 
          [
            [
              -95.571505064273779, 
              42.755392891272045
            ], 
            [
              -95.571505064273779, 
              42.755393291913073
            ]
          ], 
          [
            [
              -95.571505220171019, 
              42.755392891272045
            ], 
            [
              -95.571505064273779, 
              42.755392891272045
            ]
          ], 
          [
            [
              -95.571505220171019, 
              42.755392433396587
            ], 
            [
              -95.571505220171019, 
              42.755392891272045
            ]
          ], 
          [
            [
              -95.571505064273779, 
              42.755392433396587
            ], 
            [
              -95.571505220171019, 
              42.755392433396587
            ]
          ], 
          [
            [
              -95.571505064273779, 
              42.755390315722593
            ], 
            [
              -95.571505064273779, 
              42.755392433396587
            ]
          ], 
          [
            [
              -95.571504440684805, 
              42.755390315722593
            ], 
            [
              -95.571505064273779, 
              42.755390315722593
            ]
          ], 
          [
            [
              -95.571504440684805, 
              42.755393291913073
            ], 
            [
              -95.571504440684805, 
              42.755390315722593
            ]
          ], 
          [
            [
              -95.571505064273779, 
              42.755393291913073
            ], 
            [
              -95.571504440684805, 
              42.755393291913073
            ]
          ], 
          [
            [
              -95.571516288875372, 
              42.755401533671311
            ], 
            [
              -95.571515743235011, 
              42.755401533671311
            ]
          ], 
          [
            [
              -95.571516288875372, 
              42.755393291913073
            ], 
            [
              -95.571516288875372, 
              42.755401533671311
            ]
          ], 
          [
            [
              -95.571515743235011, 
              42.755401533671311
            ], 
            [
              -95.571515743235011, 
              42.755393291913073
            ]
          ], 
          [
            [
              -95.571516288875372, 
              42.755393291913073
            ], 
            [
              -95.571515743235011, 
              42.755393291913073
            ]
          ], 
          [
            [
              -95.571516288875372, 
              42.755401533671311
            ], 
            [
              -95.571515518632623, 
              42.755401514243879
            ], 
            [
              -95.571514752021088, 
              42.755401456053171
            ], 
            [
              -95.571513992654900, 
              42.755401359373522
            ], 
            [
              -95.571513244113987, 
              42.755401224660716
            ], 
            [
              -95.571512509927260, 
              42.755401052549843
            ], 
            [
              -95.571511793555985, 
              42.755400843852293
            ], 
            [
              -95.571511098377385, 
              42.755400599551962
            ], 
            [
              -95.571510427668827, 
              42.755400320800561
            ], 
            [
              -95.571509784592280, 
              42.755400008912247
            ], 
            [
              -95.571509172179461, 
              42.755399665357380
            ], 
            [
              -95.571508593317517, 
              42.755399291755609
            ], 
            [
              -95.571508050735446, 
              42.755398889868239
            ], 
            [
              -95.571507546991171, 
              42.755398461589920
            ], 
            [
              -95.571507084459554, 
              42.755398008939729
            ], 
            [
              -95.571506665321152, 
              42.755397534051632
            ], 
            [
              -95.571506291551941, 
              42.755397039164443
            ], 
            [
              -95.571505964914010, 
              42.755396526611243
            ], 
            [
              -95.571505686947262, 
              42.755395998808417
            ], 
            [
              -95.571505458962136, 
              42.755395458244230
            ], 
            [
              -95.571505282033442, 
              42.755394907467107
            ], 
            [
              -95.571505156995300, 
              42.755394349073640
            ], 
            [
              -95.571505084437192, 
              42.755393785696299
            ], 
            [
              -95.571505064701171, 
              42.755393219991078
            ]
          ], 
          [
            [
              -95.571516288875372, 
              42.755401533671311
            ], 
            [
              -95.571515518632623, 
              42.755401514243879
            ], 
            [
              -95.571514752021088, 
              42.755401456053171
            ], 
            [
              -95.571513992654900, 
              42.755401359373522
            ], 
            [
              -95.571513244113987, 
              42.755401224660716
            ], 
            [
              -95.571512509927260, 
              42.755401052549843
            ], 
            [
              -95.571511793555985, 
              42.755400843852293
            ], 
            [
              -95.571511098377385, 
              42.755400599551962
            ], 
            [
              -95.571510427668827, 
              42.755400320800561
            ], 
            [
              -95.571509784592280, 
              42.755400008912247
            ], 
            [
              -95.571509172179461, 
              42.755399665357380
            ], 
            [
              -95.571508593317517, 
              42.755399291755609
            ], 
            [
              -95.571508050735446, 
              42.755398889868239
            ], 
            [
              -95.571507546991171, 
              42.755398461589920
            ], 
            [
              -95.571507084459554, 
              42.755398008939729
            ], 
            [
              -95.571506665321152, 
              42.755397534051632
            ], 
            [
              -95.571506291551941, 
              42.755397039164443
            ], 
            [
              -95.571505964914010, 
              42.755396526611243
            ], 
            [
              -95.571505686947262, 
              42.755395998808417
            ], 
            [
              -95.571505458962136, 
              42.755395458244230
            ], 
            [
              -95.571505282033442, 
              42.755394907467107
            ], 
            [
              -95.571505156995300, 
              42.755394349073640
            ], 
            [
              -95.571505084437192, 
              42.755393785696299
            ], 
            [
              -95.571505064701171, 
              42.755393219991078
            ]
          ]
        ]
      }
    }, 
    {
      "properties": {
        "level": "BASEMENT", 
        "type": "drawing", 
        "SubClasses": "AcDbEntity:AcDbBlockReference", 
        "Layer": "A-DOOR", 
        "EntityHandle": "20C", 
        "source": "BASEMENT.dxf", 
        "interactive": false
      }, 
      "type": "Feature", 
      "geometry": {
        "type": "MultiLineString", 
        "coordinates": [
          [
            [
              -95.571368706262632, 
              42.755395695759226
            ], 
            [
              -95.571368688623579, 
              42.755396072797375
            ], 
            [
              -95.571368635789597, 
              42.755396448058022
            ], 
            [
              -95.571368548009730, 
              42.755396819772038
            ], 
            [
              -95.571368425697841, 
              42.755397186187018
            ], 
            [
              -95.571368269430536, 
              42.755397545575541
            ], 
            [
              -95.571368079944520, 
              42.755397896243302
            ], 
            [
              -95.571367858133129, 
              42.755398236537133
            ], 
            [
              -95.571367605042042, 
              42.755398564852733
            ], 
            [
              -95.571367321864429, 
              42.755398879642314
            ], 
            [
              -95.571367009935315, 
              42.755399179421829
            ], 
            [
              -95.571366670725240, 
              42.755399462777994
            ], 
            [
              -95.571366305833394, 
              42.755399728374968
            ], 
            [
              -95.571365916980000, 
              42.755399974960618
            ], 
            [
              -95.571365505998273, 
              42.755400201372439
            ], 
            [
              -95.571365074825735, 
              42.755400406543039
            ], 
            [
              -95.571364625495121, 
              42.755400589505172
            ], 
            [
              -95.571364160124716, 
              42.755400749396273
            ], 
            [
              -95.571363680908490, 
              42.755400885462556
            ], 
            [
              -95.571363190105643, 
              42.755400997062559
            ], 
            [
              -95.571362690030014, 
              42.755401083670144
            ], 
            [
              -95.571362183039142, 
              42.755401144877013
            ], 
            [
              -95.571361671523192, 
              42.755401180394614
            ], 
            [
              -95.571361157893648, 
              42.755401190055508
            ]
          ], 
          [
            [
              -95.571361223194913, 
              42.755395695759226
            ], 
            [
              -95.571368706262632, 
              42.755395695759226
            ]
          ], 
          [
            [
              -95.571368706262632, 
              42.755395695759226
            ], 
            [
              -95.571368706262632, 
              42.755396096400254
            ]
          ], 
          [
            [
              -95.571368706262632, 
              42.755396096400254
            ], 
            [
              -95.571361223194913, 
              42.755396096400254
            ]
          ], 
          [
            [
              -95.571361223194913, 
              42.755396096400254
            ], 
            [
              -95.571361223194913, 
              42.755395695759226
            ]
          ], 
          [
            [
              -95.571368706262632, 
              42.755395695759226
            ], 
            [
              -95.571368688623579, 
              42.755396072797375
            ], 
            [
              -95.571368635789597, 
              42.755396448058022
            ], 
            [
              -95.571368548009730, 
              42.755396819772038
            ], 
            [
              -95.571368425697841, 
              42.755397186187018
            ], 
            [
              -95.571368269430536, 
              42.755397545575541
            ], 
            [
              -95.571368079944520, 
              42.755397896243302
            ], 
            [
              -95.571367858133129, 
              42.755398236537133
            ], 
            [
              -95.571367605042042, 
              42.755398564852733
            ], 
            [
              -95.571367321864429, 
              42.755398879642314
            ], 
            [
              -95.571367009935315, 
              42.755399179421829
            ], 
            [
              -95.571366670725240, 
              42.755399462777994
            ], 
            [
              -95.571366305833394, 
              42.755399728374968
            ], 
            [
              -95.571365916980000, 
              42.755399974960618
            ], 
            [
              -95.571365505998273, 
              42.755400201372439
            ], 
            [
              -95.571365074825735, 
              42.755400406543039
            ], 
            [
              -95.571364625495121, 
              42.755400589505172
            ], 
            [
              -95.571364160124716, 
              42.755400749396273
            ], 
            [
              -95.571363680908490, 
              42.755400885462556
            ], 
            [
              -95.571363190105643, 
              42.755400997062559
            ], 
            [
              -95.571362690030014, 
              42.755401083670144
            ], 
            [
              -95.571362183039142, 
              42.755401144877013
            ], 
            [
              -95.571361671523192, 
              42.755401180394614
            ], 
            [
              -95.571361157893648, 
              42.755401190055508
            ]
          ], 
          [
            [
              -95.571359040633496, 
              42.755395237883768
            ], 
            [
              -95.571361223194913, 
              42.755395237883768
            ]
          ], 
          [
            [
              -95.571359040633496, 
              42.755395695759226
            ], 
            [
              -95.571359040633496, 
              42.755395237883768
            ]
          ], 
          [
            [
              -95.571360053965577, 
              42.755395695759226
            ], 
            [
              -95.571359040633496, 
              42.755395695759226
            ]
          ], 
          [
            [
              -95.571360053965577, 
              42.755395810228087
            ], 
            [
              -95.571360053965577, 
              42.755395695759226
            ]
          ], 
          [
            [
              -95.571360677554551, 
              42.755395810228087
            ], 
            [
              -95.571360053965577, 
              42.755395810228087
            ]
          ], 
          [
            [
              -95.571360677554551, 
              42.755395695759226
            ], 
            [
              -95.571360677554551, 
              42.755395810228087
            ]
          ], 
          [
            [
              -95.571361223194913, 
              42.755395695759226
            ], 
            [
              -95.571360677554551, 
              42.755395695759226
            ]
          ], 
          [
            [
              -95.571361223194913, 
              42.755395237883768
            ], 
            [
              -95.571361223194913, 
              42.755395695759226
            ]
          ], 
          [
            [
              -95.571360677554551, 
              42.755401190264720
            ], 
            [
              -95.571361223194913, 
              42.755401190264720
            ]
          ], 
          [
            [
              -95.571360677554551, 
              42.755401075795852
            ], 
            [
              -95.571360677554551, 
              42.755401190264720
            ]
          ], 
          [
            [
              -95.571360053965577, 
              42.755401075795852
            ], 
            [
              -95.571360677554551, 
              42.755401075795852
            ]
          ], 
          [
            [
              -95.571360053965577, 
              42.755401190264720
            ], 
            [
              -95.571360053965577, 
              42.755401075795852
            ]
          ], 
          [
            [
              -95.571359040633496, 
              42.755401190264720
            ], 
            [
              -95.571360053965577, 
              42.755401190264720
            ]
          ], 
          [
            [
              -95.571359040633496, 
              42.755401648140179
            ], 
            [
              -95.571359040633496, 
              42.755401190264720
            ]
          ], 
          [
            [
              -95.571361223194913, 
              42.755401648140179
            ], 
            [
              -95.571359040633496, 
              42.755401648140179
            ]
          ], 
          [
            [
              -95.571361223194913, 
              42.755401190264720
            ], 
            [
              -95.571361223194913, 
              42.755401648140179
            ]
          ], 
          [
            [
              -95.571368706262632, 
              42.755395695759226
            ], 
            [
              -95.571368706262632, 
              42.755396096400254
            ]
          ], 
          [
            [
              -95.571361223194913, 
              42.755395695759226
            ], 
            [
              -95.571368706262632, 
              42.755395695759226
            ]
          ], 
          [
            [
              -95.571368706262632, 
              42.755396096400254
            ], 
            [
              -95.571361223194913, 
              42.755396096400254
            ]
          ], 
          [
            [
              -95.571361223194913, 
              42.755395695759226
            ], 
            [
              -95.571361223194913, 
              42.755396096400254
            ]
          ], 
          [
            [
              -95.571368706262632, 
              42.755395695759226
            ], 
            [
              -95.571368688579767, 
              42.755396073264805
            ], 
            [
              -95.571368635614746, 
              42.755396448986254
            ], 
            [
              -95.571368547617880, 
              42.755396821147876
            ], 
            [
              -95.571368425005048, 
              42.755397187990802
            ], 
            [
              -95.571368268355755, 
              42.755397547781286
            ], 
            [
              -95.571368078410302, 
              42.755397898818934
            ], 
            [
              -95.571367856066431, 
              42.755398239444695
            ], 
            [
              -95.571367602374920, 
              42.755398568048740
            ], 
            [
              -95.571367318534783, 
              42.755398883078065
            ], 
            [
              -95.571367005887453, 
              42.755399183043792
            ], 
            [
              -95.571366665910531, 
              42.755399466528267
            ], 
            [
              -95.571366300210784, 
              42.755399732191705
            ], 
            [
              -95.571365910516562, 
              42.755399978778563
            ], 
            [
              -95.571365498669579, 
              42.755400205123436
            ], 
            [
              -95.571365066616266, 
              42.755400410156597
            ], 
            [
              -95.571364616398569, 
              42.755400592909048
            ], 
            [
              -95.571364150144248, 
              42.755400752517076
            ], 
            [
              -95.571363670056869, 
              42.755400888226355
            ], 
            [
              -95.571363178405363, 
              42.755400999395512
            ], 
            [
              -95.571362677513349, 
              42.755401085499152
            ], 
            [
              -95.571362169748085, 
              42.755401146130339
            ], 
            [
              -95.571361657509300, 
              42.755401181002526
            ], 
            [
              -95.571361143217914, 
              42.755401189950902
            ]
          ], 
          [
            [
              -95.571368706262632, 
              42.755395695759226
            ], 
            [
              -95.571368688579767, 
              42.755396073264805
            ], 
            [
              -95.571368635614746, 
              42.755396448986254
            ], 
            [
              -95.571368547617880, 
              42.755396821147876
            ], 
            [
              -95.571368425005048, 
              42.755397187990802
            ], 
            [
              -95.571368268355755, 
              42.755397547781286
            ], 
            [
              -95.571368078410302, 
              42.755397898818934
            ], 
            [
              -95.571367856066431, 
              42.755398239444695
            ], 
            [
              -95.571367602374920, 
              42.755398568048740
            ], 
            [
              -95.571367318534783, 
              42.755398883078065
            ], 
            [
              -95.571367005887453, 
              42.755399183043792
            ], 
            [
              -95.571366665910531, 
              42.755399466528267
            ], 
            [
              -95.571366300210784, 
              42.755399732191705
            ], 
            [
              -95.571365910516562, 
              42.755399978778563
            ], 
            [
              -95.571365498669579, 
              42.755400205123436
            ], 
            [
              -95.571365066616266, 
              42.755400410156597
            ], 
            [
              -95.571364616398569, 
              42.755400592909048
            ], 
            [
              -95.571364150144248, 
              42.755400752517076
            ], 
            [
              -95.571363670056869, 
              42.755400888226355
            ], 
            [
              -95.571363178405363, 
              42.755400999395512
            ], 
            [
              -95.571362677513349, 
              42.755401085499152
            ], 
            [
              -95.571362169748085, 
              42.755401146130339
            ], 
            [
              -95.571361657509300, 
              42.755401181002526
            ], 
            [
              -95.571361143217914, 
              42.755401189950902
            ]
          ]
        ]
      }
    }, 
    {
      "properties": {
        "level": "BASEMENT", 
        "type": "drawing", 
        "SubClasses": "AcDbEntity:AcDbBlockReference", 
        "Layer": "A-DOOR", 
        "EntityHandle": "22C", 
        "source": "BASEMENT.dxf", 
        "interactive": false
      }, 
      "type": "Feature", 
      "geometry": {
        "type": "MultiLineString", 
        "coordinates": [
          [
            [
              -95.571544916022958, 
              42.755382188119398
            ], 
            [
              -95.571544145578642, 
              42.755382173628057
            ], 
            [
              -95.571543378304725, 
              42.755382120351655
            ], 
            [
              -95.571542617818423, 
              42.755382028541348
            ], 
            [
              -95.571541867704966, 
              42.755381898629970
            ], 
            [
              -95.571541131500695, 
              42.755381731229974
            ], 
            [
              -95.571540412676356, 
              42.755381527130545
            ], 
            [
              -95.571539714620769, 
              42.755381287293893
            ], 
            [
              -95.571539040624828, 
              42.755381012850698
            ], 
            [
              -95.571538393866021, 
              42.755380705094794
            ], 
            [
              -95.571537777393431, 
              42.755380365477059
            ], 
            [
              -95.571537194113347, 
              42.755379995598588
            ], 
            [
              -95.571536646775570, 
              42.755379597203131
            ], 
            [
              -95.571536137960464, 
              42.755379172168880
            ], 
            [
              -95.571535670066794, 
              42.755378722499614
            ], 
            [
              -95.571535245300382, 
              42.755378250315239
            ], 
            [
              -95.571534865663750, 
              42.755377757841835
            ], 
            [
              -95.571534532946643, 
              42.755377247401093
            ], 
            [
              -95.571534248717640, 
              42.755376721399443
            ], 
            [
              -95.571534014316683, 
              42.755376182316660
            ], 
            [
              -95.571533830848836, 
              42.755375632694189
            ], 
            [
              -95.571533699179056, 
              42.755375075123169
            ], 
            [
              -95.571533619928061, 
              42.755374512232201
            ], 
            [
              -95.571533593469482, 
              42.755373946674979
            ]
          ], 
          [
            [
              -95.571544818071075, 
              42.755373946674979
            ], 
            [
              -95.571533593469482, 
              42.755373946674979
            ]
          ], 
          [
            [
              -95.571533593469482, 
              42.755373946674979
            ], 
            [
              -95.571533593469482, 
              42.755374347316000
            ]
          ], 
          [
            [
              -95.571533593469482, 
              42.755374347316000
            ], 
            [
              -95.571544818071075, 
              42.755374347316000
            ]
          ], 
          [
            [
              -95.571544818071075, 
              42.755374347316000
            ], 
            [
              -95.571544818071075, 
              42.755373946674979
            ]
          ], 
          [
            [
              -95.571544916022958, 
              42.755382188119398
            ], 
            [
              -95.571544145578642, 
              42.755382173628057
            ], 
            [
              -95.571543378304725, 
              42.755382120351655
            ], 
            [
              -95.571542617818423, 
              42.755382028541348
            ], 
            [
              -95.571541867704966, 
              42.755381898629970
            ], 
            [
              -95.571541131500695, 
              42.755381731229974
            ], 
            [
              -95.571540412676356, 
              42.755381527130545
            ], 
            [
              -95.571539714620769, 
              42.755381287293893
            ], 
            [
              -95.571539040624828, 
              42.755381012850698
            ], 
            [
              -95.571538393866021, 
              42.755380705094794
            ], 
            [
              -95.571537777393431, 
              42.755380365477059
            ], 
            [
              -95.571537194113347, 
              42.755379995598588
            ], 
            [
              -95.571536646775570, 
              42.755379597203131
            ], 
            [
              -95.571536137960464, 
              42.755379172168880
            ], 
            [
              -95.571535670066794, 
              42.755378722499614
            ], 
            [
              -95.571535245300382, 
              42.755378250315239
            ], 
            [
              -95.571534865663750, 
              42.755377757841835
            ], 
            [
              -95.571534532946643, 
              42.755377247401093
            ], 
            [
              -95.571534248717640, 
              42.755376721399443
            ], 
            [
              -95.571534014316683, 
              42.755376182316660
            ], 
            [
              -95.571533830848836, 
              42.755375632694189
            ], 
            [
              -95.571533699179056, 
              42.755375075123169
            ], 
            [
              -95.571533619928061, 
              42.755374512232201
            ], 
            [
              -95.571533593469482, 
              42.755373946674979
            ]
          ], 
          [
            [
              -95.571544818071075, 
              42.755382188433217
            ], 
            [
              -95.571544818071075, 
              42.755382646308675
            ]
          ], 
          [
            [
              -95.571544818071075, 
              42.755382646308675
            ], 
            [
              -95.571550742166352, 
              42.755382646308675
            ]
          ], 
          [
            [
              -95.571550742166352, 
              42.755382646308675
            ], 
            [
              -95.571550742166352, 
              42.755382188433217
            ]
          ], 
          [
            [
              -95.571550742166352, 
              42.755382188433217
            ], 
            [
              -95.571545987300411, 
              42.755382188433217
            ]
          ], 
          [
            [
              -95.571545987300411, 
              42.755382188433217
            ], 
            [
              -95.571545987300411, 
              42.755382073964356
            ]
          ], 
          [
            [
              -95.571545987300411, 
              42.755382073964356
            ], 
            [
              -95.571545363711422, 
              42.755382073964356
            ]
          ], 
          [
            [
              -95.571545363711422, 
              42.755382073964356
            ], 
            [
              -95.571545363711422, 
              42.755382188433217
            ]
          ], 
          [
            [
              -95.571545363711422, 
              42.755382188433217
            ], 
            [
              -95.571544818071075, 
              42.755382188433217
            ]
          ], 
          [
            [
              -95.571544818071075, 
              42.755373488799520
            ], 
            [
              -95.571544818071075, 
              42.755373946674979
            ]
          ], 
          [
            [
              -95.571544818071075, 
              42.755373946674979
            ], 
            [
              -95.571545363711422, 
              42.755373946674979
            ]
          ], 
          [
            [
              -95.571545363711422, 
              42.755373946674979
            ], 
            [
              -95.571545363711422, 
              42.755374061143840
            ]
          ], 
          [
            [
              -95.571545363711422, 
              42.755374061143840
            ], 
            [
              -95.571545987300411, 
              42.755374061143840
            ]
          ], 
          [
            [
              -95.571545987300411, 
              42.755374061143840
            ], 
            [
              -95.571545987300411, 
              42.755373946674979
            ]
          ], 
          [
            [
              -95.571545987300411, 
              42.755373946674979
            ], 
            [
              -95.571550742166352, 
              42.755373946674979
            ]
          ], 
          [
            [
              -95.571550742166352, 
              42.755373946674979
            ], 
            [
              -95.571550742166352, 
              42.755373488799520
            ]
          ], 
          [
            [
              -95.571550742166352, 
              42.755373488799520
            ], 
            [
              -95.571544818071075, 
              42.755373488799520
            ]
          ], 
          [
            [
              -95.571533593469482, 
              42.755373946674979
            ], 
            [
              -95.571533593469482, 
              42.755374347316000
            ]
          ], 
          [
            [
              -95.571544818071075, 
              42.755373946674979
            ], 
            [
              -95.571533593469482, 
              42.755373946674979
            ]
          ], 
          [
            [
              -95.571533593469482, 
              42.755374347316000
            ], 
            [
              -95.571544818071075, 
              42.755374347316000
            ]
          ], 
          [
            [
              -95.571544818071075, 
              42.755373946674979
            ], 
            [
              -95.571544818071075, 
              42.755374347316000
            ]
          ], 
          [
            [
              -95.571544916022958, 
              42.755382188119398
            ], 
            [
              -95.571544145578642, 
              42.755382173628057
            ], 
            [
              -95.571543378304725, 
              42.755382120351655
            ], 
            [
              -95.571542617818423, 
              42.755382028541348
            ], 
            [
              -95.571541867704966, 
              42.755381898629970
            ], 
            [
              -95.571541131500695, 
              42.755381731229974
            ], 
            [
              -95.571540412676356, 
              42.755381527130545
            ], 
            [
              -95.571539714620769, 
              42.755381287293893
            ], 
            [
              -95.571539040624828, 
              42.755381012850698
            ], 
            [
              -95.571538393866021, 
              42.755380705094794
            ], 
            [
              -95.571537777393431, 
              42.755380365477059
            ], 
            [
              -95.571537194113347, 
              42.755379995598588
            ], 
            [
              -95.571536646775570, 
              42.755379597203131
            ], 
            [
              -95.571536137960464, 
              42.755379172168880
            ], 
            [
              -95.571535670066794, 
              42.755378722499614
            ], 
            [
              -95.571535245300382, 
              42.755378250315239
            ], 
            [
              -95.571534865663750, 
              42.755377757841835
            ], 
            [
              -95.571534532946643, 
              42.755377247401093
            ], 
            [
              -95.571534248717640, 
              42.755376721399443
            ], 
            [
              -95.571534014316683, 
              42.755376182316660
            ], 
            [
              -95.571533830848836, 
              42.755375632694189
            ], 
            [
              -95.571533699179056, 
              42.755375075123169
            ], 
            [
              -95.571533619928061, 
              42.755374512232201
            ], 
            [
              -95.571533593469482, 
              42.755373946674979
            ]
          ], 
          [
            [
              -95.571544916022958, 
              42.755382188119398
            ], 
            [
              -95.571544145578642, 
              42.755382173628057
            ], 
            [
              -95.571543378304725, 
              42.755382120351655
            ], 
            [
              -95.571542617818423, 
              42.755382028541348
            ], 
            [
              -95.571541867704966, 
              42.755381898629970
            ], 
            [
              -95.571541131500695, 
              42.755381731229974
            ], 
            [
              -95.571540412676356, 
              42.755381527130545
            ], 
            [
              -95.571539714620769, 
              42.755381287293893
            ], 
            [
              -95.571539040624828, 
              42.755381012850698
            ], 
            [
              -95.571538393866021, 
              42.755380705094794
            ], 
            [
              -95.571537777393431, 
              42.755380365477059
            ], 
            [
              -95.571537194113347, 
              42.755379995598588
            ], 
            [
              -95.571536646775570, 
              42.755379597203131
            ], 
            [
              -95.571536137960464, 
              42.755379172168880
            ], 
            [
              -95.571535670066794, 
              42.755378722499614
            ], 
            [
              -95.571535245300382, 
              42.755378250315239
            ], 
            [
              -95.571534865663750, 
              42.755377757841835
            ], 
            [
              -95.571534532946643, 
              42.755377247401093
            ], 
            [
              -95.571534248717640, 
              42.755376721399443
            ], 
            [
              -95.571534014316683, 
              42.755376182316660
            ], 
            [
              -95.571533830848836, 
              42.755375632694189
            ], 
            [
              -95.571533699179056, 
              42.755375075123169
            ], 
            [
              -95.571533619928061, 
              42.755374512232201
            ], 
            [
              -95.571533593469482, 
              42.755373946674979
            ]
          ]
        ]
      }
    }, 
    {
      "properties": {
        "level": "BASEMENT", 
        "type": "drawing", 
        "SubClasses": "AcDbEntity:AcDbLine", 
        "Layer": "A-WALL", 
        "EntityHandle": "22D", 
        "source": "BASEMENT.dxf", 
        "interactive": false
      }, 
      "type": "Feature", 
      "geometry": {
        "type": "MultiLineString", 
        "coordinates": [
          [
            [
              -95.571465915823822, 
              42.755405311143839
            ], 
            [
              -95.571473398891541, 
              42.755405311143839
            ]
          ]
        ]
      }
    }, 
    {
      "properties": {
        "level": "BASEMENT", 
        "type": "drawing", 
        "SubClasses": "AcDbEntity:AcDbLine", 
        "Layer": "A-WALL", 
        "EntityHandle": "22E", 
        "source": "BASEMENT.dxf", 
        "interactive": false
      }, 
      "type": "Feature", 
      "geometry": {
        "type": "MultiLineString", 
        "coordinates": [
          [
            [
              -95.571473398891541, 
              42.755403937517464
            ], 
            [
              -95.571467786590745, 
              42.755403937517464
            ]
          ]
        ]
      }
    }, 
    {
      "properties": {
        "level": "BASEMENT", 
        "type": "drawing", 
        "SubClasses": "AcDbEntity:AcDbBlockReference", 
        "Layer": "A-DOOR", 
        "EntityHandle": "24E", 
        "source": "BASEMENT.dxf", 
        "interactive": false
      }, 
      "type": "Feature", 
      "geometry": {
        "type": "MultiLineString", 
        "coordinates": [
          [
            [
              -95.571450949688369, 
              42.755382531839814
            ], 
            [
              -95.571451677139848, 
              42.755382550187939
            ], 
            [
              -95.571452401161849, 
              42.755382605145833
            ], 
            [
              -95.571453118341026, 
              42.755382696454390
            ], 
            [
              -95.571453825296345, 
              42.755382823683156
            ], 
            [
              -95.571454518694907, 
              42.755382986232313
            ], 
            [
              -95.571455195267788, 
              42.755383183335553
            ], 
            [
              -95.571455851825348, 
              42.755383414063644
            ], 
            [
              -95.571456485272321, 
              42.755383677328851
            ], 
            [
              -95.571457092622396, 
              42.755383971890041
            ], 
            [
              -95.571457671012283, 
              42.755384296358528
            ], 
            [
              -95.571458217715232, 
              42.755384649204643
            ], 
            [
              -95.571458730153850, 
              42.755385028764941
            ], 
            [
              -95.571459205912333, 
              42.755385433250019
            ], 
            [
              -95.571459642747740, 
              42.755385860752973
            ], 
            [
              -95.571460038600677, 
              42.755386309258398
            ], 
            [
              -95.571460391604944, 
              42.755386776651861
            ], 
            [
              -95.571460700096324, 
              42.755387260729876
            ], 
            [
              -95.571460962620478, 
              42.755387759210329
            ], 
            [
              -95.571461177939753, 
              42.755388269743172
            ], 
            [
              -95.571461345039069, 
              42.755388789921561
            ], 
            [
              -95.571461463130646, 
              42.755389317293172
            ], 
            [
              -95.571461531657746, 
              42.755389849371767
            ], 
            [
              -95.571461550297329, 
              42.755390383648923
            ]
          ], 
          [
            [
              -95.571450949688369, 
              42.755390315722593
            ], 
            [
              -95.571450949688369, 
              42.755382531839814
            ]
          ], 
          [
            [
              -95.571450949688369, 
              42.755382531839814
            ], 
            [
              -95.571451495328716, 
              42.755382531839814
            ]
          ], 
          [
            [
              -95.571451495328716, 
              42.755382531839814
            ], 
            [
              -95.571451495328716, 
              42.755390315722593
            ]
          ], 
          [
            [
              -95.571451495328716, 
              42.755390315722593
            ], 
            [
              -95.571450949688369, 
              42.755390315722593
            ]
          ], 
          [
            [
              -95.571450949688369, 
              42.755382531839814
            ], 
            [
              -95.571451677139848, 
              42.755382550187939
            ], 
            [
              -95.571452401161849, 
              42.755382605145833
            ], 
            [
              -95.571453118341026, 
              42.755382696454390
            ], 
            [
              -95.571453825296345, 
              42.755382823683156
            ], 
            [
              -95.571454518694907, 
              42.755382986232313
            ], 
            [
              -95.571455195267788, 
              42.755383183335553
            ], 
            [
              -95.571455851825348, 
              42.755383414063644
            ], 
            [
              -95.571456485272321, 
              42.755383677328851
            ], 
            [
              -95.571457092622396, 
              42.755383971890041
            ], 
            [
              -95.571457671012283, 
              42.755384296358528
            ], 
            [
              -95.571458217715232, 
              42.755384649204643
            ], 
            [
              -95.571458730153850, 
              42.755385028764941
            ], 
            [
              -95.571459205912333, 
              42.755385433250019
            ], 
            [
              -95.571459642747740, 
              42.755385860752973
            ], 
            [
              -95.571460038600677, 
              42.755386309258398
            ], 
            [
              -95.571460391604944, 
              42.755386776651861
            ], 
            [
              -95.571460700096324, 
              42.755387260729876
            ], 
            [
              -95.571460962620478, 
              42.755387759210329
            ], 
            [
              -95.571461177939753, 
              42.755388269743172
            ], 
            [
              -95.571461345039069, 
              42.755388789921561
            ], 
            [
              -95.571461463130646, 
              42.755389317293172
            ], 
            [
              -95.571461531657746, 
              42.755389849371767
            ], 
            [
              -95.571461550297329, 
              42.755390383648923
            ]
          ], 
          [
            [
              -95.571461550700974, 
              42.755390716363621
            ], 
            [
              -95.571461550700974, 
              42.755390315722593
            ]
          ], 
          [
            [
              -95.571461394803734, 
              42.755390716363621
            ], 
            [
              -95.571461550700974, 
              42.755390716363621
            ]
          ], 
          [
            [
              -95.571461394803734, 
              42.755391174239080
            ], 
            [
              -95.571461394803734, 
              42.755390716363621
            ]
          ], 
          [
            [
              -95.571461550700974, 
              42.755391174239080
            ], 
            [
              -95.571461394803734, 
              42.755391174239080
            ]
          ], 
          [
            [
              -95.571461550700974, 
              42.755393291913073
            ], 
            [
              -95.571461550700974, 
              42.755391174239080
            ]
          ], 
          [
            [
              -95.571462174289962, 
              42.755393291913073
            ], 
            [
              -95.571461550700974, 
              42.755393291913073
            ]
          ], 
          [
            [
              -95.571462174289962, 
              42.755390315722593
            ], 
            [
              -95.571462174289962, 
              42.755393291913073
            ]
          ], 
          [
            [
              -95.571461550700974, 
              42.755390315722593
            ], 
            [
              -95.571462174289962, 
              42.755390315722593
            ]
          ], 
          [
            [
              -95.571450326099395, 
              42.755393291913073
            ], 
            [
              -95.571450326099395, 
              42.755390315722593
            ]
          ], 
          [
            [
              -95.571450949688369, 
              42.755393291913073
            ], 
            [
              -95.571450326099395, 
              42.755393291913073
            ]
          ], 
          [
            [
              -95.571450949688369, 
              42.755391174239080
            ], 
            [
              -95.571450949688369, 
              42.755393291913073
            ]
          ], 
          [
            [
              -95.571451105585609, 
              42.755391174239080
            ], 
            [
              -95.571450949688369, 
              42.755391174239080
            ]
          ], 
          [
            [
              -95.571451105585609, 
              42.755390716363621
            ], 
            [
              -95.571451105585609, 
              42.755391174239080
            ]
          ], 
          [
            [
              -95.571450949688369, 
              42.755390716363621
            ], 
            [
              -95.571451105585609, 
              42.755390716363621
            ]
          ], 
          [
            [
              -95.571450949688369, 
              42.755390315722593
            ], 
            [
              -95.571450949688369, 
              42.755390716363621
            ]
          ], 
          [
            [
              -95.571450326099395, 
              42.755390315722593
            ], 
            [
              -95.571450949688369, 
              42.755390315722593
            ]
          ], 
          [
            [
              -95.571450949688369, 
              42.755382531839814
            ], 
            [
              -95.571451495328716, 
              42.755382531839814
            ]
          ], 
          [
            [
              -95.571450949688369, 
              42.755390315722593
            ], 
            [
              -95.571450949688369, 
              42.755382531839814
            ]
          ], 
          [
            [
              -95.571451495328716, 
              42.755382531839814
            ], 
            [
              -95.571451495328716, 
              42.755390315722593
            ]
          ], 
          [
            [
              -95.571450949688369, 
              42.755390315722593
            ], 
            [
              -95.571451495328716, 
              42.755390315722593
            ]
          ], 
          [
            [
              -95.571450949688369, 
              42.755382531839814
            ], 
            [
              -95.571451677256192, 
              42.755382550193815
            ], 
            [
              -95.571452401392875, 
              42.755382605169281
            ], 
            [
              -95.571453118683465, 
              42.755382696506942
            ], 
            [
              -95.571453825745294, 
              42.755382823776067
            ], 
            [
              -95.571454519243929, 
              42.755382986376461
            ], 
            [
              -95.571455195908882, 
              42.755383183541312
            ], 
            [
              -95.571455852549107, 
              42.755383414340827
            ], 
            [
              -95.571456486067916, 
              42.755383677686559
            ], 
            [
              -95.571457093477704, 
              42.755383972336610
            ], 
            [
              -95.571457671914018, 
              42.755384296901433
            ], 
            [
              -95.571458218648971, 
              42.755384649850420
            ], 
            [
              -95.571458731104244, 
              42.755385029519090
            ], 
            [
              -95.571459206863125, 
              42.755385434116967
            ], 
            [
              -95.571459643682005, 
              42.755385861736002
            ], 
            [
              -95.571460039500877, 
              42.755386310359604
            ], 
            [
              -95.571460392453105, 
              42.755386777872090
            ], 
            [
              -95.571460700874198, 
              42.755387262068730
            ], 
            [
              -95.571460963309661, 
              42.755387760666089
            ], 
            [
              -95.571461178521901, 
              42.755388271312846
            ], 
            [
              -95.571461345495990, 
              42.755388791600829
            ], 
            [
              -95.571461463444479, 
              42.755389319076421
            ], 
            [
              -95.571461531811138, 
              42.755389851252097
            ], 
            [
              -95.571461550273582, 
              42.755390385618171
            ]
          ], 
          [
            [
              -95.571450949688369, 
              42.755382531839814
            ], 
            [
              -95.571451677256192, 
              42.755382550193815
            ], 
            [
              -95.571452401392875, 
              42.755382605169281
            ], 
            [
              -95.571453118683465, 
              42.755382696506942
            ], 
            [
              -95.571453825745294, 
              42.755382823776067
            ], 
            [
              -95.571454519243929, 
              42.755382986376461
            ], 
            [
              -95.571455195908882, 
              42.755383183541312
            ], 
            [
              -95.571455852549107, 
              42.755383414340827
            ], 
            [
              -95.571456486067916, 
              42.755383677686559
            ], 
            [
              -95.571457093477704, 
              42.755383972336610
            ], 
            [
              -95.571457671914018, 
              42.755384296901433
            ], 
            [
              -95.571458218648971, 
              42.755384649850420
            ], 
            [
              -95.571458731104244, 
              42.755385029519090
            ], 
            [
              -95.571459206863125, 
              42.755385434116967
            ], 
            [
              -95.571459643682005, 
              42.755385861736002
            ], 
            [
              -95.571460039500877, 
              42.755386310359604
            ], 
            [
              -95.571460392453105, 
              42.755386777872090
            ], 
            [
              -95.571460700874198, 
              42.755387262068730
            ], 
            [
              -95.571460963309661, 
              42.755387760666089
            ], 
            [
              -95.571461178521901, 
              42.755388271312846
            ], 
            [
              -95.571461345495990, 
              42.755388791600829
            ], 
            [
              -95.571461463444479, 
              42.755389319076421
            ], 
            [
              -95.571461531811138, 
              42.755389851252097
            ], 
            [
              -95.571461550273582, 
              42.755390385618171
            ]
          ]
        ]
      }
    }, 
    {
      "properties": {
        "level": "BASEMENT", 
        "type": "drawing", 
        "SubClasses": "AcDbEntity:AcDbLine", 
        "Layer": "A-WALL", 
        "EntityHandle": "24F", 
        "source": "BASEMENT.dxf", 
        "interactive": false
      }, 
      "type": "Feature", 
      "geometry": {
        "type": "MultiLineString", 
        "coordinates": [
          [
            [
              -95.571359196530736, 
              42.755406226894756
            ], 
            [
              -95.571350240068554, 
              42.755406226894756
            ]
          ]
        ]
      }
    }, 
    {
      "properties": {
        "level": "BASEMENT", 
        "type": "drawing", 
        "SubClasses": "AcDbEntity:AcDbLine", 
        "Layer": "A-WALL", 
        "EntityHandle": "250", 
        "source": "BASEMENT.dxf", 
        "interactive": false
      }, 
      "type": "Feature", 
      "geometry": {
        "type": "MultiLineString", 
        "coordinates": [
          [
            [
              -95.571350240068554, 
              42.755407600521131
            ], 
            [
              -95.571361067297659, 
              42.755407600521131
            ]
          ]
        ]
      }
    }, 
    {
      "properties": {
        "level": "BASEMENT", 
        "type": "drawing", 
        "SubClasses": "AcDbEntity:AcDbBlockReference", 
        "Layer": "A-DOOR", 
        "EntityHandle": "270", 
        "source": "BASEMENT.dxf", 
        "interactive": false
      }, 
      "type": "Feature", 
      "geometry": {
        "type": "MultiLineString", 
        "coordinates": [
          [
            [
              -95.571433403619011, 
              42.755383447590731
            ], 
            [
              -95.571434045487976, 
              42.755383463780255
            ], 
            [
              -95.571434684330910, 
              42.755383512272509
            ], 
            [
              -95.571435317136078, 
              42.755383592838889
            ], 
            [
              -95.571435940920168, 
              42.755383705099561
            ], 
            [
              -95.571436552742441, 
              42.755383848525291
            ], 
            [
              -95.571437149718506, 
              42.755384022439912
            ], 
            [
              -95.571437729034002, 
              42.755384226023523
            ], 
            [
              -95.571438287957804, 
              42.755384458316350
            ], 
            [
              -95.571438823854933, 
              42.755384718223283
            ], 
            [
              -95.571439334198942, 
              42.755385004519006
            ], 
            [
              -95.571439816583890, 
              42.755385315853815
            ], 
            [
              -95.571440268735628, 
              42.755385650759962
            ], 
            [
              -95.571440688522515, 
              42.755386007658558
            ], 
            [
              -95.571441073965516, 
              42.755386384867052
            ], 
            [
              -95.571441423247535, 
              42.755386780607132
            ], 
            [
              -95.571441734721873, 
              42.755387193013121
            ], 
            [
              -95.571442006920151, 
              42.755387620140787
            ], 
            [
              -95.571442238559115, 
              42.755388059976475
            ], 
            [
              -95.571442428546717, 
              42.755388510446636
            ], 
            [
              -95.571442575987291, 
              42.755388969427564
            ], 
            [
              -95.571442680185740, 
              42.755389434755458
            ], 
            [
              -95.571442740650824, 
              42.755389904236573
            ], 
            [
              -95.571442757097515, 
              42.755390375657591
            ]
          ], 
          [
            [
              -95.571433403619011, 
              42.755390315722593
            ], 
            [
              -95.571433403619011, 
              42.755383447590731
            ]
          ], 
          [
            [
              -95.571433403619011, 
              42.755383447590731
            ], 
            [
              -95.571433949259372, 
              42.755383447590731
            ]
          ], 
          [
            [
              -95.571433949259372, 
              42.755383447590731
            ], 
            [
              -95.571433949259372, 
              42.755390315722593
            ]
          ], 
          [
            [
              -95.571433949259372, 
              42.755390315722593
            ], 
            [
              -95.571433403619011, 
              42.755390315722593
            ]
          ], 
          [
            [
              -95.571433403619011, 
              42.755383447590731
            ], 
            [
              -95.571434045487976, 
              42.755383463780255
            ], 
            [
              -95.571434684330910, 
              42.755383512272509
            ], 
            [
              -95.571435317136078, 
              42.755383592838889
            ], 
            [
              -95.571435940920168, 
              42.755383705099561
            ], 
            [
              -95.571436552742441, 
              42.755383848525291
            ], 
            [
              -95.571437149718506, 
              42.755384022439912
            ], 
            [
              -95.571437729034002, 
              42.755384226023523
            ], 
            [
              -95.571438287957804, 
              42.755384458316350
            ], 
            [
              -95.571438823854933, 
              42.755384718223283
            ], 
            [
              -95.571439334198942, 
              42.755385004519006
            ], 
            [
              -95.571439816583890, 
              42.755385315853815
            ], 
            [
              -95.571440268735628, 
              42.755385650759962
            ], 
            [
              -95.571440688522515, 
              42.755386007658558
            ], 
            [
              -95.571441073965516, 
              42.755386384867052
            ], 
            [
              -95.571441423247535, 
              42.755386780607132
            ], 
            [
              -95.571441734721873, 
              42.755387193013121
            ], 
            [
              -95.571442006920151, 
              42.755387620140787
            ], 
            [
              -95.571442238559115, 
              42.755388059976475
            ], 
            [
              -95.571442428546717, 
              42.755388510446636
            ], 
            [
              -95.571442575987291, 
              42.755388969427564
            ], 
            [
              -95.571442680185740, 
              42.755389434755458
            ], 
            [
              -95.571442740650824, 
              42.755389904236573
            ], 
            [
              -95.571442757097515, 
              42.755390375657591
            ]
          ], 
          [
            [
              -95.571442757453681, 
              42.755390716363621
            ], 
            [
              -95.571442757453681, 
              42.755390315722593
            ]
          ], 
          [
            [
              -95.571442601556427, 
              42.755390716363621
            ], 
            [
              -95.571442757453681, 
              42.755390716363621
            ]
          ], 
          [
            [
              -95.571442601556427, 
              42.755391174239080
            ], 
            [
              -95.571442601556427, 
              42.755390716363621
            ]
          ], 
          [
            [
              -95.571442757453681, 
              42.755391174239080
            ], 
            [
              -95.571442601556427, 
              42.755391174239080
            ]
          ], 
          [
            [
              -95.571442757453681, 
              42.755393291913073
            ], 
            [
              -95.571442757453681, 
              42.755391174239080
            ]
          ], 
          [
            [
              -95.571443381042656, 
              42.755393291913073
            ], 
            [
              -95.571442757453681, 
              42.755393291913073
            ]
          ], 
          [
            [
              -95.571443381042656, 
              42.755390315722593
            ], 
            [
              -95.571443381042656, 
              42.755393291913073
            ]
          ], 
          [
            [
              -95.571442757453681, 
              42.755390315722593
            ], 
            [
              -95.571443381042656, 
              42.755390315722593
            ]
          ], 
          [
            [
              -95.571432780030037, 
              42.755393291913073
            ], 
            [
              -95.571432780030037, 
              42.755390315722593
            ]
          ], 
          [
            [
              -95.571433403619011, 
              42.755393291913073
            ], 
            [
              -95.571432780030037, 
              42.755393291913073
            ]
          ], 
          [
            [
              -95.571433403619011, 
              42.755391174239080
            ], 
            [
              -95.571433403619011, 
              42.755393291913073
            ]
          ], 
          [
            [
              -95.571433559516265, 
              42.755391174239080
            ], 
            [
              -95.571433403619011, 
              42.755391174239080
            ]
          ], 
          [
            [
              -95.571433559516265, 
              42.755390716363621
            ], 
            [
              -95.571433559516265, 
              42.755391174239080
            ]
          ], 
          [
            [
              -95.571433403619011, 
              42.755390716363621
            ], 
            [
              -95.571433559516265, 
              42.755390716363621
            ]
          ], 
          [
            [
              -95.571433403619011, 
              42.755390315722593
            ], 
            [
              -95.571433403619011, 
              42.755390716363621
            ]
          ], 
          [
            [
              -95.571432780030037, 
              42.755390315722593
            ], 
            [
              -95.571433403619011, 
              42.755390315722593
            ]
          ], 
          [
            [
              -95.571433403619011, 
              42.755383447590731
            ], 
            [
              -95.571433949259372, 
              42.755383447590731
            ]
          ], 
          [
            [
              -95.571433403619011, 
              42.755390315722593
            ], 
            [
              -95.571433403619011, 
              42.755383447590731
            ]
          ], 
          [
            [
              -95.571433949259372, 
              42.755383447590731
            ], 
            [
              -95.571433949259372, 
              42.755390315722593
            ]
          ], 
          [
            [
              -95.571433403619011, 
              42.755390315722593
            ], 
            [
              -95.571433949259372, 
              42.755390315722593
            ]
          ], 
          [
            [
              -95.571433403619011, 
              42.755383447590731
            ], 
            [
              -95.571434045825910, 
              42.755383463797330
            ], 
            [
              -95.571434685002004, 
              42.755383512340636
            ], 
            [
              -95.571435318130796, 
              42.755383592991571
            ], 
            [
              -95.571435942224298, 
              42.755383705369503
            ], 
            [
              -95.571436554337211, 
              42.755383848944078
            ], 
            [
              -95.571437151580753, 
              42.755384023037720
            ], 
            [
              -95.571437731136299, 
              42.755384226828824
            ], 
            [
              -95.571438290268716, 
              42.755384459355611
            ], 
            [
              -95.571438826339289, 
              42.755384719520713
            ], 
            [
              -95.571439336818074, 
              42.755385006096319
            ], 
            [
              -95.571439819295946, 
              42.755385317729967
            ], 
            [
              -95.571440271495916, 
              42.755385652950956
            ], 
            [
              -95.571440691283897, 
              42.755386010177247
            ], 
            [
              -95.571441076678738, 
              42.755386387722965
            ], 
            [
              -95.571441425861650, 
              42.755386783806330
            ], 
            [
              -95.571441737184699, 
              42.755387196558090
            ], 
            [
              -95.571442009178625, 
              42.755387624030313
            ], 
            [
              -95.571442240559819, 
              42.755388064205604
            ], 
            [
              -95.571442430236289, 
              42.755388515006615
            ], 
            [
              -95.571442577312880, 
              42.755388974305859
            ], 
            [
              -95.571442681095490, 
              42.755389439935733
            ], 
            [
              -95.571442741094344, 
              42.755389909698764
            ], 
            [
              -95.571442757026276, 
              42.755390381377971
            ]
          ], 
          [
            [
              -95.571433403619011, 
              42.755383447590731
            ], 
            [
              -95.571434045825910, 
              42.755383463797330
            ], 
            [
              -95.571434685002004, 
              42.755383512340636
            ], 
            [
              -95.571435318130796, 
              42.755383592991571
            ], 
            [
              -95.571435942224298, 
              42.755383705369503
            ], 
            [
              -95.571436554337211, 
              42.755383848944078
            ], 
            [
              -95.571437151580753, 
              42.755384023037720
            ], 
            [
              -95.571437731136299, 
              42.755384226828824
            ], 
            [
              -95.571438290268716, 
              42.755384459355611
            ], 
            [
              -95.571438826339289, 
              42.755384719520713
            ], 
            [
              -95.571439336818074, 
              42.755385006096319
            ], 
            [
              -95.571439819295946, 
              42.755385317729967
            ], 
            [
              -95.571440271495916, 
              42.755385652950956
            ], 
            [
              -95.571440691283897, 
              42.755386010177247
            ], 
            [
              -95.571441076678738, 
              42.755386387722965
            ], 
            [
              -95.571441425861650, 
              42.755386783806330
            ], 
            [
              -95.571441737184699, 
              42.755387196558090
            ], 
            [
              -95.571442009178625, 
              42.755387624030313
            ], 
            [
              -95.571442240559819, 
              42.755388064205604
            ], 
            [
              -95.571442430236289, 
              42.755388515006615
            ], 
            [
              -95.571442577312880, 
              42.755388974305859
            ], 
            [
              -95.571442681095490, 
              42.755389439935733
            ], 
            [
              -95.571442741094344, 
              42.755389909698764
            ], 
            [
              -95.571442757026276, 
              42.755390381377971
            ]
          ]
        ]
      }
    }, 
    {
      "properties": {
        "level": "BASEMENT", 
        "type": "drawing", 
        "SubClasses": "AcDbEntity:AcDbBlockReference", 
        "Layer": "A-DOOR", 
        "EntityHandle": "271", 
        "source": "BASEMENT.dxf", 
        "interactive": false
      }, 
      "type": "Feature", 
      "geometry": {
        "type": "MultiLineString", 
        "coordinates": [
          [
            [
              -95.571406589293005, 
              42.755382073964356
            ], 
            [
              -95.571407359535755, 
              42.755382093391788
            ], 
            [
              -95.571408126147276, 
              42.755382151582495
            ], 
            [
              -95.571408885513463, 
              42.755382248262144
            ], 
            [
              -95.571409634054376, 
              42.755382382974950
            ], 
            [
              -95.571410368241104, 
              42.755382555085831
            ], 
            [
              -95.571411084612393, 
              42.755382763783373
            ], 
            [
              -95.571411779790978, 
              42.755383008083705
            ], 
            [
              -95.571412450499551, 
              42.755383286835105
            ], 
            [
              -95.571413093576098, 
              42.755383598723419
            ], 
            [
              -95.571413705988917, 
              42.755383942278286
            ], 
            [
              -95.571414284850846, 
              42.755384315880057
            ], 
            [
              -95.571414827432918, 
              42.755384717767434
            ], 
            [
              -95.571415331177192, 
              42.755385146045747
            ], 
            [
              -95.571415793708809, 
              42.755385598695938
            ], 
            [
              -95.571416212847211, 
              42.755386073584035
            ], 
            [
              -95.571416586616422, 
              42.755386568471231
            ], 
            [
              -95.571416913254367, 
              42.755387081024423
            ], 
            [
              -95.571417191221116, 
              42.755387608827249
            ], 
            [
              -95.571417419206242, 
              42.755388149391443
            ], 
            [
              -95.571417596134921, 
              42.755388700168560
            ], 
            [
              -95.571417721173063, 
              42.755389258562026
            ], 
            [
              -95.571417793731172, 
              42.755389821939367
            ], 
            [
              -95.571417813467193, 
              42.755390387644589
            ]
          ], 
          [
            [
              -95.571406589293005, 
              42.755390315722593
            ], 
            [
              -95.571406589293005, 
              42.755382073964356
            ]
          ], 
          [
            [
              -95.571406589293005, 
              42.755382073964356
            ], 
            [
              -95.571407134933352, 
              42.755382073964356
            ]
          ], 
          [
            [
              -95.571407134933352, 
              42.755382073964356
            ], 
            [
              -95.571407134933352, 
              42.755390315722593
            ]
          ], 
          [
            [
              -95.571407134933352, 
              42.755390315722593
            ], 
            [
              -95.571406589293005, 
              42.755390315722593
            ]
          ], 
          [
            [
              -95.571406589293005, 
              42.755382073964356
            ], 
            [
              -95.571407359535755, 
              42.755382093391788
            ], 
            [
              -95.571408126147276, 
              42.755382151582495
            ], 
            [
              -95.571408885513463, 
              42.755382248262144
            ], 
            [
              -95.571409634054376, 
              42.755382382974950
            ], 
            [
              -95.571410368241104, 
              42.755382555085831
            ], 
            [
              -95.571411084612393, 
              42.755382763783373
            ], 
            [
              -95.571411779790978, 
              42.755383008083705
            ], 
            [
              -95.571412450499551, 
              42.755383286835105
            ], 
            [
              -95.571413093576098, 
              42.755383598723419
            ], 
            [
              -95.571413705988917, 
              42.755383942278286
            ], 
            [
              -95.571414284850846, 
              42.755384315880057
            ], 
            [
              -95.571414827432918, 
              42.755384717767434
            ], 
            [
              -95.571415331177192, 
              42.755385146045747
            ], 
            [
              -95.571415793708809, 
              42.755385598695938
            ], 
            [
              -95.571416212847211, 
              42.755386073584035
            ], 
            [
              -95.571416586616422, 
              42.755386568471231
            ], 
            [
              -95.571416913254367, 
              42.755387081024423
            ], 
            [
              -95.571417191221116, 
              42.755387608827249
            ], 
            [
              -95.571417419206242, 
              42.755388149391443
            ], 
            [
              -95.571417596134921, 
              42.755388700168560
            ], 
            [
              -95.571417721173063, 
              42.755389258562026
            ], 
            [
              -95.571417793731172, 
              42.755389821939367
            ], 
            [
              -95.571417813467193, 
              42.755390387644589
            ]
          ], 
          [
            [
              -95.571405965704017, 
              42.755393291913073
            ], 
            [
              -95.571405965704017, 
              42.755390315722593
            ]
          ], 
          [
            [
              -95.571406589293005, 
              42.755393291913073
            ], 
            [
              -95.571405965704017, 
              42.755393291913073
            ]
          ], 
          [
            [
              -95.571406589293005, 
              42.755391174239080
            ], 
            [
              -95.571406589293005, 
              42.755393291913073
            ]
          ], 
          [
            [
              -95.571406745190245, 
              42.755391174239080
            ], 
            [
              -95.571406589293005, 
              42.755391174239080
            ]
          ], 
          [
            [
              -95.571406745190245, 
              42.755390716363621
            ], 
            [
              -95.571406745190245, 
              42.755391174239080
            ]
          ], 
          [
            [
              -95.571406589293005, 
              42.755390716363621
            ], 
            [
              -95.571406745190245, 
              42.755390716363621
            ]
          ], 
          [
            [
              -95.571406589293005, 
              42.755390315722593
            ], 
            [
              -95.571406589293005, 
              42.755390716363621
            ]
          ], 
          [
            [
              -95.571405965704017, 
              42.755390315722593
            ], 
            [
              -95.571406589293005, 
              42.755390315722593
            ]
          ], 
          [
            [
              -95.571417813894584, 
              42.755390716363621
            ], 
            [
              -95.571417813894584, 
              42.755390315722593
            ]
          ], 
          [
            [
              -95.571417657997344, 
              42.755390716363621
            ], 
            [
              -95.571417813894584, 
              42.755390716363621
            ]
          ], 
          [
            [
              -95.571417657997344, 
              42.755391174239080
            ], 
            [
              -95.571417657997344, 
              42.755390716363621
            ]
          ], 
          [
            [
              -95.571417813894584, 
              42.755391174239080
            ], 
            [
              -95.571417657997344, 
              42.755391174239080
            ]
          ], 
          [
            [
              -95.571417813894584, 
              42.755393291913073
            ], 
            [
              -95.571417813894584, 
              42.755391174239080
            ]
          ], 
          [
            [
              -95.571418437483558, 
              42.755393291913073
            ], 
            [
              -95.571417813894584, 
              42.755393291913073
            ]
          ], 
          [
            [
              -95.571418437483558, 
              42.755390315722593
            ], 
            [
              -95.571418437483558, 
              42.755393291913073
            ]
          ], 
          [
            [
              -95.571417813894584, 
              42.755390315722593
            ], 
            [
              -95.571418437483558, 
              42.755390315722593
            ]
          ], 
          [
            [
              -95.571406589293005, 
              42.755382073964356
            ], 
            [
              -95.571407134933352, 
              42.755382073964356
            ]
          ], 
          [
            [
              -95.571406589293005, 
              42.755390315722593
            ], 
            [
              -95.571406589293005, 
              42.755382073964356
            ]
          ], 
          [
            [
              -95.571407134933352, 
              42.755382073964356
            ], 
            [
              -95.571407134933352, 
              42.755390315722593
            ]
          ], 
          [
            [
              -95.571406589293005, 
              42.755390315722593
            ], 
            [
              -95.571407134933352, 
              42.755390315722593
            ]
          ], 
          [
            [
              -95.571406589293005, 
              42.755382073964356
            ], 
            [
              -95.571407359535755, 
              42.755382093391788
            ], 
            [
              -95.571408126147276, 
              42.755382151582495
            ], 
            [
              -95.571408885513463, 
              42.755382248262144
            ], 
            [
              -95.571409634054376, 
              42.755382382974950
            ], 
            [
              -95.571410368241104, 
              42.755382555085831
            ], 
            [
              -95.571411084612393, 
              42.755382763783373
            ], 
            [
              -95.571411779790978, 
              42.755383008083705
            ], 
            [
              -95.571412450499551, 
              42.755383286835105
            ], 
            [
              -95.571413093576098, 
              42.755383598723419
            ], 
            [
              -95.571413705988917, 
              42.755383942278286
            ], 
            [
              -95.571414284850846, 
              42.755384315880057
            ], 
            [
              -95.571414827432918, 
              42.755384717767434
            ], 
            [
              -95.571415331177192, 
              42.755385146045747
            ], 
            [
              -95.571415793708809, 
              42.755385598695938
            ], 
            [
              -95.571416212847211, 
              42.755386073584035
            ], 
            [
              -95.571416586616422, 
              42.755386568471231
            ], 
            [
              -95.571416913254367, 
              42.755387081024423
            ], 
            [
              -95.571417191221116, 
              42.755387608827249
            ], 
            [
              -95.571417419206242, 
              42.755388149391443
            ], 
            [
              -95.571417596134921, 
              42.755388700168560
            ], 
            [
              -95.571417721173063, 
              42.755389258562026
            ], 
            [
              -95.571417793731172, 
              42.755389821939367
            ], 
            [
              -95.571417813467193, 
              42.755390387644589
            ]
          ], 
          [
            [
              -95.571406589293005, 
              42.755382073964356
            ], 
            [
              -95.571407359535755, 
              42.755382093391788
            ], 
            [
              -95.571408126147276, 
              42.755382151582495
            ], 
            [
              -95.571408885513463, 
              42.755382248262144
            ], 
            [
              -95.571409634054376, 
              42.755382382974950
            ], 
            [
              -95.571410368241104, 
              42.755382555085831
            ], 
            [
              -95.571411084612393, 
              42.755382763783373
            ], 
            [
              -95.571411779790978, 
              42.755383008083705
            ], 
            [
              -95.571412450499551, 
              42.755383286835105
            ], 
            [
              -95.571413093576098, 
              42.755383598723419
            ], 
            [
              -95.571413705988917, 
              42.755383942278286
            ], 
            [
              -95.571414284850846, 
              42.755384315880057
            ], 
            [
              -95.571414827432918, 
              42.755384717767434
            ], 
            [
              -95.571415331177192, 
              42.755385146045747
            ], 
            [
              -95.571415793708809, 
              42.755385598695938
            ], 
            [
              -95.571416212847211, 
              42.755386073584035
            ], 
            [
              -95.571416586616422, 
              42.755386568471231
            ], 
            [
              -95.571416913254367, 
              42.755387081024423
            ], 
            [
              -95.571417191221116, 
              42.755387608827249
            ], 
            [
              -95.571417419206242, 
              42.755388149391443
            ], 
            [
              -95.571417596134921, 
              42.755388700168560
            ], 
            [
              -95.571417721173063, 
              42.755389258562026
            ], 
            [
              -95.571417793731172, 
              42.755389821939367
            ], 
            [
              -95.571417813467193, 
              42.755390387644589
            ]
          ]
        ]
      }
    }, 
    {
      "properties": {
        "level": "BASEMENT", 
        "type": "drawing", 
        "SubClasses": "AcDbEntity:AcDbBlockReference", 
        "Layer": "A-DOOR", 
        "EntityHandle": "272", 
        "source": "BASEMENT.dxf", 
        "interactive": false
      }, 
      "type": "Feature", 
      "geometry": {
        "type": "MultiLineString", 
        "coordinates": [
          [
            [
              -95.571373850871694, 
              42.755382073964356
            ], 
            [
              -95.571374621114444, 
              42.755382093391788
            ], 
            [
              -95.571375387725965, 
              42.755382151582495
            ], 
            [
              -95.571376147092167, 
              42.755382248262144
            ], 
            [
              -95.571376895633080, 
              42.755382382974950
            ], 
            [
              -95.571377629819807, 
              42.755382555085831
            ], 
            [
              -95.571378346191082, 
              42.755382763783373
            ], 
            [
              -95.571379041369681, 
              42.755383008083705
            ], 
            [
              -95.571379712078240, 
              42.755383286835105
            ], 
            [
              -95.571380355154787, 
              42.755383598723419
            ], 
            [
              -95.571380967567606, 
              42.755383942278286
            ], 
            [
              -95.571381546429549, 
              42.755384315880057
            ], 
            [
              -95.571382089011621, 
              42.755384717767434
            ], 
            [
              -95.571382592755896, 
              42.755385146045747
            ], 
            [
              -95.571383055287498, 
              42.755385598695938
            ], 
            [
              -95.571383474425915, 
              42.755386073584035
            ], 
            [
              -95.571383848195126, 
              42.755386568471231
            ], 
            [
              -95.571384174833057, 
              42.755387081024423
            ], 
            [
              -95.571384452799805, 
              42.755387608827249
            ], 
            [
              -95.571384680784931, 
              42.755388149391443
            ], 
            [
              -95.571384857713625, 
              42.755388700168560
            ], 
            [
              -95.571384982751752, 
              42.755389258562026
            ], 
            [
              -95.571385055309875, 
              42.755389821939367
            ], 
            [
              -95.571385075045882, 
              42.755390387644589
            ]
          ], 
          [
            [
              -95.571373850871694, 
              42.755390315722593
            ], 
            [
              -95.571373850871694, 
              42.755382073964356
            ]
          ], 
          [
            [
              -95.571373850871694, 
              42.755382073964356
            ], 
            [
              -95.571374396512056, 
              42.755382073964356
            ]
          ], 
          [
            [
              -95.571374396512056, 
              42.755382073964356
            ], 
            [
              -95.571374396512056, 
              42.755390315722593
            ]
          ], 
          [
            [
              -95.571374396512056, 
              42.755390315722593
            ], 
            [
              -95.571373850871694, 
              42.755390315722593
            ]
          ], 
          [
            [
              -95.571373850871694, 
              42.755382073964356
            ], 
            [
              -95.571374621114444, 
              42.755382093391788
            ], 
            [
              -95.571375387725965, 
              42.755382151582495
            ], 
            [
              -95.571376147092167, 
              42.755382248262144
            ], 
            [
              -95.571376895633080, 
              42.755382382974950
            ], 
            [
              -95.571377629819807, 
              42.755382555085831
            ], 
            [
              -95.571378346191082, 
              42.755382763783373
            ], 
            [
              -95.571379041369681, 
              42.755383008083705
            ], 
            [
              -95.571379712078240, 
              42.755383286835105
            ], 
            [
              -95.571380355154787, 
              42.755383598723419
            ], 
            [
              -95.571380967567606, 
              42.755383942278286
            ], 
            [
              -95.571381546429549, 
              42.755384315880057
            ], 
            [
              -95.571382089011621, 
              42.755384717767434
            ], 
            [
              -95.571382592755896, 
              42.755385146045747
            ], 
            [
              -95.571383055287498, 
              42.755385598695938
            ], 
            [
              -95.571383474425915, 
              42.755386073584035
            ], 
            [
              -95.571383848195126, 
              42.755386568471231
            ], 
            [
              -95.571384174833057, 
              42.755387081024423
            ], 
            [
              -95.571384452799805, 
              42.755387608827249
            ], 
            [
              -95.571384680784931, 
              42.755388149391443
            ], 
            [
              -95.571384857713625, 
              42.755388700168560
            ], 
            [
              -95.571384982751752, 
              42.755389258562026
            ], 
            [
              -95.571385055309875, 
              42.755389821939367
            ], 
            [
              -95.571385075045882, 
              42.755390387644589
            ]
          ], 
          [
            [
              -95.571373227282720, 
              42.755393291913073
            ], 
            [
              -95.571373227282720, 
              42.755390315722593
            ]
          ], 
          [
            [
              -95.571373850871694, 
              42.755393291913073
            ], 
            [
              -95.571373227282720, 
              42.755393291913073
            ]
          ], 
          [
            [
              -95.571373850871694, 
              42.755391174239080
            ], 
            [
              -95.571373850871694, 
              42.755393291913073
            ]
          ], 
          [
            [
              -95.571374006768934, 
              42.755391174239080
            ], 
            [
              -95.571373850871694, 
              42.755391174239080
            ]
          ], 
          [
            [
              -95.571374006768934, 
              42.755390716363621
            ], 
            [
              -95.571374006768934, 
              42.755391174239080
            ]
          ], 
          [
            [
              -95.571373850871694, 
              42.755390716363621
            ], 
            [
              -95.571374006768934, 
              42.755390716363621
            ]
          ], 
          [
            [
              -95.571373850871694, 
              42.755390315722593
            ], 
            [
              -95.571373850871694, 
              42.755390716363621
            ]
          ], 
          [
            [
              -95.571373227282720, 
              42.755390315722593
            ], 
            [
              -95.571373850871694, 
              42.755390315722593
            ]
          ], 
          [
            [
              -95.571385075473287, 
              42.755390716363621
            ], 
            [
              -95.571385075473287, 
              42.755390315722593
            ]
          ], 
          [
            [
              -95.571384919576047, 
              42.755390716363621
            ], 
            [
              -95.571385075473287, 
              42.755390716363621
            ]
          ], 
          [
            [
              -95.571384919576047, 
              42.755391174239080
            ], 
            [
              -95.571384919576047, 
              42.755390716363621
            ]
          ], 
          [
            [
              -95.571385075473287, 
              42.755391174239080
            ], 
            [
              -95.571384919576047, 
              42.755391174239080
            ]
          ], 
          [
            [
              -95.571385075473287, 
              42.755393291913073
            ], 
            [
              -95.571385075473287, 
              42.755391174239080
            ]
          ], 
          [
            [
              -95.571385699062262, 
              42.755393291913073
            ], 
            [
              -95.571385075473287, 
              42.755393291913073
            ]
          ], 
          [
            [
              -95.571385699062262, 
              42.755390315722593
            ], 
            [
              -95.571385699062262, 
              42.755393291913073
            ]
          ], 
          [
            [
              -95.571385075473287, 
              42.755390315722593
            ], 
            [
              -95.571385699062262, 
              42.755390315722593
            ]
          ], 
          [
            [
              -95.571373850871694, 
              42.755382073964356
            ], 
            [
              -95.571374396512056, 
              42.755382073964356
            ]
          ], 
          [
            [
              -95.571373850871694, 
              42.755390315722593
            ], 
            [
              -95.571373850871694, 
              42.755382073964356
            ]
          ], 
          [
            [
              -95.571374396512056, 
              42.755382073964356
            ], 
            [
              -95.571374396512056, 
              42.755390315722593
            ]
          ], 
          [
            [
              -95.571373850871694, 
              42.755390315722593
            ], 
            [
              -95.571374396512056, 
              42.755390315722593
            ]
          ], 
          [
            [
              -95.571373850871694, 
              42.755382073964356
            ], 
            [
              -95.571374621114444, 
              42.755382093391788
            ], 
            [
              -95.571375387725965, 
              42.755382151582495
            ], 
            [
              -95.571376147092167, 
              42.755382248262144
            ], 
            [
              -95.571376895633080, 
              42.755382382974950
            ], 
            [
              -95.571377629819807, 
              42.755382555085831
            ], 
            [
              -95.571378346191082, 
              42.755382763783373
            ], 
            [
              -95.571379041369681, 
              42.755383008083705
            ], 
            [
              -95.571379712078240, 
              42.755383286835105
            ], 
            [
              -95.571380355154787, 
              42.755383598723419
            ], 
            [
              -95.571380967567606, 
              42.755383942278286
            ], 
            [
              -95.571381546429549, 
              42.755384315880057
            ], 
            [
              -95.571382089011621, 
              42.755384717767434
            ], 
            [
              -95.571382592755896, 
              42.755385146045747
            ], 
            [
              -95.571383055287498, 
              42.755385598695938
            ], 
            [
              -95.571383474425915, 
              42.755386073584035
            ], 
            [
              -95.571383848195126, 
              42.755386568471231
            ], 
            [
              -95.571384174833057, 
              42.755387081024423
            ], 
            [
              -95.571384452799805, 
              42.755387608827249
            ], 
            [
              -95.571384680784931, 
              42.755388149391443
            ], 
            [
              -95.571384857713625, 
              42.755388700168560
            ], 
            [
              -95.571384982751752, 
              42.755389258562026
            ], 
            [
              -95.571385055309875, 
              42.755389821939367
            ], 
            [
              -95.571385075045882, 
              42.755390387644589
            ]
          ], 
          [
            [
              -95.571373850871694, 
              42.755382073964356
            ], 
            [
              -95.571374621114444, 
              42.755382093391788
            ], 
            [
              -95.571375387725965, 
              42.755382151582495
            ], 
            [
              -95.571376147092167, 
              42.755382248262144
            ], 
            [
              -95.571376895633080, 
              42.755382382974950
            ], 
            [
              -95.571377629819807, 
              42.755382555085831
            ], 
            [
              -95.571378346191082, 
              42.755382763783373
            ], 
            [
              -95.571379041369681, 
              42.755383008083705
            ], 
            [
              -95.571379712078240, 
              42.755383286835105
            ], 
            [
              -95.571380355154787, 
              42.755383598723419
            ], 
            [
              -95.571380967567606, 
              42.755383942278286
            ], 
            [
              -95.571381546429549, 
              42.755384315880057
            ], 
            [
              -95.571382089011621, 
              42.755384717767434
            ], 
            [
              -95.571382592755896, 
              42.755385146045747
            ], 
            [
              -95.571383055287498, 
              42.755385598695938
            ], 
            [
              -95.571383474425915, 
              42.755386073584035
            ], 
            [
              -95.571383848195126, 
              42.755386568471231
            ], 
            [
              -95.571384174833057, 
              42.755387081024423
            ], 
            [
              -95.571384452799805, 
              42.755387608827249
            ], 
            [
              -95.571384680784931, 
              42.755388149391443
            ], 
            [
              -95.571384857713625, 
              42.755388700168560
            ], 
            [
              -95.571384982751752, 
              42.755389258562026
            ], 
            [
              -95.571385055309875, 
              42.755389821939367
            ], 
            [
              -95.571385075045882, 
              42.755390387644589
            ]
          ]
        ]
      }
    }
  ], 
  "name": "738001_Cherokee MH_Ginzberg Building - BASEMENT"
}