{"type":"FeatureCollection","name":"633004_SarpyMP Vehicle Maintenance Bldg_R26 - LEVEL 1","features":[{"type":"Feature","properties":{"type":"drawing","level":"LEVEL 1","Text":"SOLID","Layer":"A-WALL","source":"LEVEL_1.dxf","SubClasses":"AcDbEntity:AcDbHatch","EntityHandle":"B4","interactive":false},"geometry":{"type":"MultiLineString","coordinates":[[[-96.043274,41.089445],[-96.043271,41.089445],[-96.043271,41.089448],[-96.043412,41.089448],[-96.043412,41.089445],[-96.043315,41.089445],[-96.043274,41.089445]],[[-96.043434,41.089445],[-96.043424,41.089445],[-96.043424,41.089448],[-96.043554,41.089448],[-96.043554,41.089445],[-96.043435,41.089445],[-96.043434,41.089445]],[[-96.043605,41.089445],[-96.043605,41.089448],[-96.043616,41.089448],[-96.043616,41.089445],[-96.043605,41.089445]],[[-96.043628,41.089445],[-96.043628,41.089448],[-96.043655,41.089448],[-96.043655,41.089445],[-96.043642,41.089445],[-96.043628,41.089445]],[[-96.043706,41.089445],[-96.043706,41.089448],[-96.043746,41.089448],[-96.043746,41.089445],[-96.043706,41.089445]],[[-96.043797,41.089445],[-96.043797,41.089448],[-96.043837,41.089448],[-96.043837,41.089445],[-96.043797,41.089445]],[[-96.043888,41.089445],[-96.043888,41.089448],[-96.043929,41.089448],[-96.043929,41.089445],[-96.043888,41.089445]],[[-96.04398,41.089445],[-96.04398,41.089448],[-96.044003,41.089448],[-96.044003,41.089445],[-96.043999,41.089445],[-96.04398,41.089445]]]}},{"type":"Feature","properties":{"type":"drawing","level":"LEVEL 1","Text":"SOLID","Layer":"A-WALL","source":"LEVEL_1.dxf","SubClasses":"AcDbEntity:AcDbHatch","EntityHandle":"B9","interactive":false},"geometry":{"type":"MultiLineString","coordinates":[[[-96.043271,41.089448],[-96.043271,41.089721],[-96.043274,41.089721],[-96.043274,41.089448],[-96.043271,41.089448]]]}},{"type":"Feature","properties":{"type":"drawing","level":"LEVEL 1","Text":"SOLID","Layer":"A-WALL","source":"LEVEL_1.dxf","SubClasses":"AcDbEntity:AcDbHatch","EntityHandle":"D0","interactive":false},"geometry":{"type":"MultiLineString","coordinates":[[[-96.04338,41.089718],[-96.043274,41.089718],[-96.043274,41.089721],[-96.043406,41.089721],[-96.043406,41.089718],[-96.04338,41.089718]],[[-96.043655,41.089718],[-96.043418,41.089718],[-96.043418,41.089721],[-96.043655,41.089721],[-96.043655,41.089718]],[[-96.043706,41.089718],[-96.043706,41.089721],[-96.043766,41.089721],[-96.043766,41.089718],[-96.043706,41.089718]],[[-96.043778,41.089718],[-96.043778,41.089721],[-96.043837,41.089721],[-96.043837,41.089718],[-96.043778,41.089718]],[[-96.043999,41.089718],[-96.043888,41.089718],[-96.043888,41.089721],[-96.044003,41.089721],[-96.044003,41.089718],[-96.043999,41.089718]]]}},{"type":"Feature","properties":{"type":"drawing","level":"LEVEL 1","Text":"SOLID","Layer":"A-WALL","source":"LEVEL_1.dxf","SubClasses":"AcDbEntity:AcDbHatch","EntityHandle":"DA","interactive":false},"geometry":{"type":"MultiLineString","coordinates":[[[-96.044003,41.089448],[-96.043999,41.089448],[-96.043999,41.08957],[-96.044003,41.08957],[-96.044003,41.089448]],[[-96.044003,41.089579],[-96.043999,41.089579],[-96.043999,41.089718],[-96.044003,41.089718],[-96.044003,41.089583],[-96.044003,41.089579]]]}},{"type":"Feature","properties":{"type":"drawing","level":"LEVEL 1","Text":"SOLID","Layer":"A-WALL","source":"LEVEL_1.dxf","SubClasses":"AcDbEntity:AcDbHatch","EntityHandle":"DF","interactive":false},"geometry":{"type":"MultiLineString","coordinates":[[[-96.043561,41.089649],[-96.043561,41.089702],[-96.043563,41.089702],[-96.043563,41.089649],[-96.043561,41.089649]]]}},{"type":"Feature","properties":{"type":"drawing","level":"LEVEL 1","Text":"SOLID","Layer":"A-WALL","source":"LEVEL_1.dxf","SubClasses":"AcDbEntity:AcDbHatch","EntityHandle":"ED","interactive":false},"geometry":{"type":"MultiLineString","coordinates":[[[-96.043543,41.089562],[-96.043543,41.089573],[-96.043544,41.089573],[-96.043544,41.089562],[-96.043543,41.089562]],[[-96.043544,41.089582],[-96.043543,41.089582],[-96.043543,41.089668],[-96.043544,41.089668],[-96.043544,41.089583],[-96.043544,41.089582]],[[-96.043543,41.089677],[-96.043543,41.089718],[-96.043544,41.089718],[-96.043544,41.089677],[-96.043543,41.089677]]]}},{"type":"Feature","properties":{"type":"drawing","level":"LEVEL 1","Text":"SOLID","Layer":"A-WALL","source":"LEVEL_1.dxf","SubClasses":"AcDbEntity:AcDbHatch","EntityHandle":"F7","interactive":false},"geometry":{"type":"MultiLineString","coordinates":[[[-96.043533,41.089562],[-96.043533,41.089563],[-96.043543,41.089563],[-96.043543,41.089562],[-96.043538,41.089562],[-96.043533,41.089562]],[[-96.043519,41.089562],[-96.043494,41.089562],[-96.043494,41.089563],[-96.043519,41.089563],[-96.043519,41.089562]]]}},{"type":"Feature","properties":{"type":"drawing","level":"LEVEL 1","Text":"SOLID","Layer":"A-WALL","source":"LEVEL_1.dxf","SubClasses":"AcDbEntity:AcDbHatch","EntityHandle":"FC","interactive":false},"geometry":{"type":"MultiLineString","coordinates":[[[-96.043494,41.089563],[-96.043494,41.089585],[-96.043496,41.089585],[-96.043496,41.089563],[-96.043494,41.089563]]]}},{"type":"Feature","properties":{"type":"drawing","level":"LEVEL 1","Text":"SOLID","Layer":"A-WALL","source":"LEVEL_1.dxf","SubClasses":"AcDbEntity:AcDbHatch","EntityHandle":"10D","interactive":false},"geometry":{"type":"MultiLineString","coordinates":[[[-96.04328,41.089585],[-96.043274,41.089585],[-96.043274,41.089586],[-96.043283,41.089586],[-96.043283,41.089585],[-96.04328,41.089585]],[[-96.043295,41.089585],[-96.043295,41.089586],[-96.043312,41.089586],[-96.043312,41.089585],[-96.04331,41.089585],[-96.043295,41.089585]],[[-96.04333,41.089585],[-96.043322,41.089585],[-96.043322,41.089586],[-96.043543,41.089586],[-96.043543,41.089585],[-96.04335,41.089585],[-96.04333,41.089585]]]}},{"type":"Feature","properties":{"type":"drawing","level":"LEVEL 1","Text":"SOLID","Layer":"A-WALL","source":"LEVEL_1.dxf","SubClasses":"AcDbEntity:AcDbHatch","EntityHandle":"116","interactive":false},"geometry":{"type":"MultiLineString","coordinates":[[[-96.043322,41.089511],[-96.043322,41.089514],[-96.043324,41.089514],[-96.043324,41.089511],[-96.043322,41.089511]],[[-96.043322,41.089522],[-96.043322,41.089585],[-96.043324,41.089585],[-96.043324,41.089522],[-96.043322,41.089522]]]}},{"type":"Feature","properties":{"type":"drawing","level":"LEVEL 1","Text":"SOLID","Layer":"A-WALL","source":"LEVEL_1.dxf","SubClasses":"AcDbEntity:AcDbHatch","EntityHandle":"11C","interactive":false},"geometry":{"type":"MultiLineString","coordinates":[[[-96.043324,41.089522],[-96.043324,41.089523],[-96.04334,41.089523],[-96.04334,41.089522],[-96.04333,41.089522],[-96.043324,41.089522]]]}},{"type":"Feature","properties":{"type":"drawing","level":"LEVEL 1","Text":"SOLID","Layer":"A-WALL","source":"LEVEL_1.dxf","SubClasses":"AcDbEntity:AcDbHatch","EntityHandle":"121","interactive":false},"geometry":{"type":"MultiLineString","coordinates":[[[-96.043338,41.089489],[-96.043338,41.089522],[-96.04334,41.089522],[-96.04334,41.089489],[-96.043338,41.089489]]]}},{"type":"Feature","properties":{"type":"drawing","level":"LEVEL 1","Text":"SOLID","Layer":"A-WALL","source":"LEVEL_1.dxf","SubClasses":"AcDbEntity:AcDbHatch","EntityHandle":"127","interactive":false},"geometry":{"type":"MultiLineString","coordinates":[[[-96.04334,41.089489],[-96.04334,41.089491],[-96.043409,41.089491],[-96.043409,41.089489],[-96.043349,41.089489],[-96.04334,41.089489]]]}},{"type":"Feature","properties":{"type":"drawing","level":"LEVEL 1","Text":"SOLID","Layer":"A-WALL","source":"LEVEL_1.dxf","SubClasses":"AcDbEntity:AcDbHatch","EntityHandle":"134","interactive":false},"geometry":{"type":"MultiLineString","coordinates":[[[-96.043409,41.089448],[-96.043409,41.089461],[-96.043411,41.089461],[-96.043411,41.089448],[-96.043409,41.089448]],[[-96.043409,41.089468],[-96.043409,41.089478],[-96.043411,41.089478],[-96.043411,41.089468],[-96.043409,41.089468]],[[-96.043409,41.089489],[-96.043409,41.089498],[-96.043411,41.089498],[-96.043411,41.089489],[-96.043409,41.089489]]]}},{"type":"Feature","properties":{"type":"drawing","level":"LEVEL 1","Text":"SOLID","Layer":"A-WALL","source":"LEVEL_1.dxf","SubClasses":"AcDbEntity:AcDbHatch","EntityHandle":"144","interactive":false},"geometry":{"type":"MultiLineString","coordinates":[[[-96.043411,41.089496],[-96.043411,41.089498],[-96.043455,41.089498],[-96.043455,41.089496],[-96.043425,41.089496],[-96.043411,41.089496]],[[-96.043469,41.089496],[-96.043467,41.089496],[-96.043467,41.089498],[-96.043469,41.089498],[-96.043469,41.089496],[-96.043469,41.089496]],[[-96.043481,41.089496],[-96.043481,41.089498],[-96.043503,41.089498],[-96.043503,41.089496],[-96.043486,41.089496],[-96.043481,41.089496]]]}},{"type":"Feature","properties":{"type":"drawing","level":"LEVEL 1","Text":"SOLID","Layer":"A-WALL","source":"LEVEL_1.dxf","SubClasses":"AcDbEntity:AcDbHatch","EntityHandle":"14E","interactive":false},"geometry":{"type":"MultiLineString","coordinates":[[[-96.043427,41.089448],[-96.043425,41.089448],[-96.043425,41.089486],[-96.043427,41.089486],[-96.043427,41.089457],[-96.043427,41.089448]],[[-96.043427,41.089495],[-96.043425,41.089495],[-96.043425,41.089496],[-96.043427,41.089496],[-96.043427,41.089495]]]}},{"type":"Feature","properties":{"type":"drawing","level":"LEVEL 1","Text":"SOLID","Layer":"A-WALL","source":"LEVEL_1.dxf","SubClasses":"AcDbEntity:AcDbHatch","EntityHandle":"165","interactive":false},"geometry":{"type":"MultiLineString","coordinates":[[[-96.043427,41.089484],[-96.043427,41.089485],[-96.043449,41.089485],[-96.043449,41.089484],[-96.043434,41.089484],[-96.043427,41.089484]],[[-96.043462,41.089484],[-96.043461,41.089484],[-96.043461,41.089485],[-96.04349,41.089485],[-96.04349,41.089484],[-96.043464,41.089484],[-96.043462,41.089484]],[[-96.043503,41.089484],[-96.043502,41.089484],[-96.043502,41.089485],[-96.043523,41.089485],[-96.043523,41.089484],[-96.043505,41.089484],[-96.043503,41.089484]],[[-96.043532,41.089484],[-96.043532,41.089485],[-96.043542,41.089485],[-96.043542,41.089484],[-96.043538,41.089484],[-96.043532,41.089484]]]}},{"type":"Feature","properties":{"type":"drawing","level":"LEVEL 1","Text":"SOLID","Layer":"A-WALL","source":"LEVEL_1.dxf","SubClasses":"AcDbEntity:AcDbHatch","EntityHandle":"16E","interactive":false},"geometry":{"type":"MultiLineString","coordinates":[[[-96.04354,41.089448],[-96.04354,41.089464],[-96.043542,41.089464],[-96.043542,41.089448],[-96.04354,41.089448]],[[-96.043542,41.089479],[-96.04354,41.089479],[-96.04354,41.089484],[-96.043542,41.089484],[-96.043542,41.089479]]]}},{"type":"Feature","properties":{"type":"drawing","level":"LEVEL 1","Text":"SOLID","Layer":"A-WALL","source":"LEVEL_1.dxf","SubClasses":"AcDbEntity:AcDbHatch","EntityHandle":"173","interactive":false},"geometry":{"type":"MultiLineString","coordinates":[[[-96.043513,41.089477],[-96.043513,41.089484],[-96.043514,41.089484],[-96.043514,41.089477],[-96.043513,41.089477]]]}},{"type":"Feature","properties":{"type":"drawing","level":"LEVEL 1","Text":"SOLID","Layer":"A-WALL","source":"LEVEL_1.dxf","SubClasses":"AcDbEntity:AcDbHatch","EntityHandle":"17D","interactive":false},"geometry":{"type":"MultiLineString","coordinates":[[[-96.043503,41.089477],[-96.043503,41.089478],[-96.043506,41.089478],[-96.043506,41.089477],[-96.043505,41.089477],[-96.043503,41.089477]],[[-96.043512,41.089477],[-96.043512,41.089478],[-96.043513,41.089478],[-96.043513,41.089477],[-96.043512,41.089477]]]}},{"type":"Feature","properties":{"type":"drawing","level":"LEVEL 1","Text":"SOLID","Layer":"A-WALL","source":"LEVEL_1.dxf","SubClasses":"AcDbEntity:AcDbHatch","EntityHandle":"193","interactive":false},"geometry":{"type":"MultiLineString","coordinates":[[[-96.043503,41.089478],[-96.043503,41.089484],[-96.043505,41.089484],[-96.043505,41.089478],[-96.043503,41.089478]],[[-96.043505,41.089485],[-96.043503,41.089485],[-96.043503,41.089487],[-96.043505,41.089487],[-96.043505,41.089485]],[[-96.043505,41.089496],[-96.043503,41.089496],[-96.043503,41.089507],[-96.043505,41.089507],[-96.043505,41.089496],[-96.043505,41.089496]],[[-96.043503,41.089518],[-96.043503,41.089535],[-96.043505,41.089535],[-96.043505,41.089518],[-96.043503,41.089518]],[[-96.043503,41.089557],[-96.043503,41.089562],[-96.043505,41.089562],[-96.043505,41.089557],[-96.043503,41.089557]]]}},{"type":"Feature","properties":{"type":"drawing","level":"LEVEL 1","Text":"SOLID","Layer":"A-WALL","source":"LEVEL_1.dxf","SubClasses":"AcDbEntity:AcDbHatch","EntityHandle":"19D","interactive":false},"geometry":{"type":"MultiLineString","coordinates":[[[-96.043469,41.089529],[-96.043467,41.089529],[-96.043467,41.08953],[-96.043469,41.08953],[-96.043469,41.089529],[-96.043469,41.089529]],[[-96.043481,41.089529],[-96.043481,41.08953],[-96.043503,41.08953],[-96.043503,41.089529],[-96.043481,41.089529]]]}},{"type":"Feature","properties":{"type":"drawing","level":"LEVEL 1","Text":"SOLID","Layer":"A-WALL","source":"LEVEL_1.dxf","SubClasses":"AcDbEntity:AcDbHatch","EntityHandle":"1A3","interactive":false},"geometry":{"type":"MultiLineString","coordinates":[[[-96.043469,41.089498],[-96.043467,41.089498],[-96.043467,41.089529],[-96.043469,41.089529],[-96.043469,41.089499],[-96.043469,41.089498]]]}},{"type":"Feature","properties":{"type":"drawing","level":"LEVEL 1","Text":"SOLID","Layer":"A-WALL","source":"LEVEL_1.dxf","SubClasses":"AcDbEntity:AcDbHatch","EntityHandle":"1A9","interactive":false},"geometry":{"type":"MultiLineString","coordinates":[[[-96.043438,41.089511],[-96.043437,41.089511],[-96.043437,41.089512],[-96.043467,41.089512],[-96.043467,41.089511],[-96.043438,41.089511]]]}},{"type":"Feature","properties":{"type":"drawing","level":"LEVEL 1","Text":"SOLID","Layer":"A-WALL","source":"LEVEL_1.dxf","SubClasses":"AcDbEntity:AcDbHatch","EntityHandle":"1AE","interactive":false},"geometry":{"type":"MultiLineString","coordinates":[[[-96.043437,41.089498],[-96.043437,41.089511],[-96.043438,41.089511],[-96.043438,41.089498],[-96.043437,41.089498]]]}},{"type":"Feature","properties":{"type":"drawing","level":"LEVEL 1","Text":"SOLID","Layer":"A-WALL","source":"LEVEL_1.dxf","SubClasses":"AcDbEntity:AcDbHatch","EntityHandle":"1BD","interactive":false},"geometry":{"type":"MultiLineString","coordinates":[[[-96.043328,41.089476],[-96.043317,41.089476],[-96.043317,41.089478],[-96.043328,41.089478],[-96.043328,41.089476]],[[-96.04334,41.089476],[-96.04334,41.089478],[-96.043384,41.089478],[-96.043384,41.089476],[-96.043343,41.089476],[-96.04334,41.089476]],[[-96.043397,41.089476],[-96.043397,41.089478],[-96.043409,41.089478],[-96.043409,41.089476],[-96.043408,41.089476],[-96.043397,41.089476]]]}},{"type":"Feature","properties":{"type":"drawing","level":"LEVEL 1","Text":"SOLID","Layer":"A-WALL","source":"LEVEL_1.dxf","SubClasses":"AcDbEntity:AcDbHatch","EntityHandle":"1C7","interactive":false},"geometry":{"type":"MultiLineString","coordinates":[[[-96.043317,41.089448],[-96.043315,41.089448],[-96.043315,41.089479],[-96.043317,41.089479],[-96.043317,41.089476],[-96.043317,41.089448]],[[-96.043315,41.089487],[-96.043315,41.089492],[-96.043317,41.089492],[-96.043317,41.089487],[-96.043315,41.089487]]]}},{"type":"Feature","properties":{"type":"drawing","level":"LEVEL 1","Text":"SOLID","Layer":"A-WALL","source":"LEVEL_1.dxf","SubClasses":"AcDbEntity:AcDbHatch","EntityHandle":"1CD","interactive":false},"geometry":{"type":"MultiLineString","coordinates":[[[-96.043325,41.089478],[-96.043323,41.089478],[-96.043323,41.089489],[-96.043325,41.089489],[-96.043325,41.089487],[-96.043325,41.089478]]]}},{"type":"Feature","properties":{"type":"drawing","level":"LEVEL 1","Text":"SOLID","Layer":"A-WALL","source":"LEVEL_1.dxf","SubClasses":"AcDbEntity:AcDbHatch","EntityHandle":"1D2","interactive":false},"geometry":{"type":"MultiLineString","coordinates":[[[-96.043323,41.089487],[-96.043317,41.089487],[-96.043317,41.089489],[-96.043323,41.089489],[-96.043323,41.089487]]]}},{"type":"Feature","properties":{"type":"drawing","level":"LEVEL 1","Text":"SOLID","Layer":"A-WALL","source":"LEVEL_1.dxf","SubClasses":"AcDbEntity:AcDbHatch","EntityHandle":"1DF","interactive":false},"geometry":{"type":"MultiLineString","coordinates":[[[-96.043349,41.089451],[-96.043349,41.089476],[-96.043351,41.089476],[-96.043351,41.089451],[-96.043349,41.089451]],[[-96.043349,41.089478],[-96.043349,41.089479],[-96.043351,41.089479],[-96.043351,41.089478],[-96.043349,41.089478]],[[-96.043351,41.089488],[-96.043349,41.089488],[-96.043349,41.089489],[-96.043351,41.089489],[-96.043351,41.089488]]]}},{"type":"Feature","properties":{"type":"drawing","level":"LEVEL 1","Text":"SOLID","Layer":"A-WALL","source":"LEVEL_1.dxf","SubClasses":"AcDbEntity:AcDbHatch","EntityHandle":"1E6","interactive":false},"geometry":{"type":"MultiLineString","coordinates":[[[-96.043382,41.089451],[-96.043351,41.089451],[-96.043351,41.089452],[-96.043409,41.089452],[-96.043409,41.089451],[-96.043395,41.089451],[-96.043382,41.089451]]]}},{"type":"Feature","properties":{"type":"drawing","level":"LEVEL 1","Text":"SOLID","Layer":"A-WALL","source":"LEVEL_1.dxf","SubClasses":"AcDbEntity:AcDbHatch","EntityHandle":"1EB","interactive":false},"geometry":{"type":"MultiLineString","coordinates":[[[-96.043462,41.089448],[-96.043462,41.089484],[-96.043464,41.089484],[-96.043464,41.089448],[-96.043462,41.089448]]]}},{"type":"Feature","properties":{"type":"drawing","level":"LEVEL 1","Text":"SOLID","Layer":"A-WALL","source":"LEVEL_1.dxf","SubClasses":"AcDbEntity:AcDbHatch","EntityHandle":"1FD","interactive":false},"geometry":{"type":"MultiLineString","coordinates":[[[-96.043453,41.089586],[-96.043453,41.089597],[-96.043455,41.089597],[-96.043455,41.089586],[-96.043453,41.089586]],[[-96.043453,41.089606],[-96.043453,41.089644],[-96.043455,41.089644],[-96.043455,41.089606],[-96.043453,41.089606]],[[-96.043455,41.089653],[-96.043453,41.089653],[-96.043453,41.089684],[-96.043455,41.089684],[-96.043455,41.089664],[-96.043455,41.089653]],[[-96.043453,41.089695],[-96.043453,41.089718],[-96.043455,41.089718],[-96.043455,41.089695],[-96.043453,41.089695]]]}},{"type":"Feature","properties":{"type":"drawing","level":"LEVEL 1","Text":"SOLID","Layer":"A-WALL","source":"LEVEL_1.dxf","SubClasses":"AcDbEntity:AcDbHatch","EntityHandle":"207","interactive":false},"geometry":{"type":"MultiLineString","coordinates":[[[-96.043455,41.089664],[-96.043455,41.089665],[-96.043528,41.089665],[-96.043528,41.089664],[-96.043523,41.089664],[-96.043455,41.089664]],[[-96.043543,41.089664],[-96.04354,41.089664],[-96.04354,41.089665],[-96.043543,41.089665],[-96.043543,41.089664]]]}},{"type":"Feature","properties":{"type":"drawing","level":"LEVEL 1","Text":"SOLID","Layer":"A-WALL","source":"LEVEL_1.dxf","SubClasses":"AcDbEntity:AcDbHatch","EntityHandle":"20D","interactive":false},"geometry":{"type":"MultiLineString","coordinates":[[[-96.043525,41.089665],[-96.043523,41.089665],[-96.043523,41.089683],[-96.043525,41.089683],[-96.043525,41.089666],[-96.043525,41.089665]]]}},{"type":"Feature","properties":{"type":"drawing","level":"LEVEL 1","Text":"SOLID","Layer":"A-WALL","source":"LEVEL_1.dxf","SubClasses":"AcDbEntity:AcDbHatch","EntityHandle":"217","interactive":false},"geometry":{"type":"MultiLineString","coordinates":[[[-96.043455,41.089682],[-96.043455,41.089683],[-96.043456,41.089683],[-96.043456,41.089682],[-96.043455,41.089682]],[[-96.043468,41.089682],[-96.043468,41.089683],[-96.043523,41.089683],[-96.043523,41.089682],[-96.043486,41.089682],[-96.043468,41.089682]]]}},{"type":"Feature","properties":{"type":"drawing","level":"LEVEL 1","Text":"SOLID","Layer":"A-WALL","source":"LEVEL_1.dxf","SubClasses":"AcDbEntity:AcDbHatch","EntityHandle":"226","interactive":false},"geometry":{"type":"MultiLineString","coordinates":[[[-96.043455,41.089697],[-96.043455,41.089698],[-96.043455,41.089698],[-96.043455,41.089697],[-96.043455,41.089697]],[[-96.043467,41.089697],[-96.043467,41.089698],[-96.043506,41.089698],[-96.043506,41.089697],[-96.043486,41.089697],[-96.043467,41.089697]],[[-96.043518,41.089697],[-96.043518,41.089698],[-96.043543,41.089698],[-96.043543,41.089697],[-96.043538,41.089697],[-96.043518,41.089697]]]}},{"type":"Feature","properties":{"type":"drawing","level":"LEVEL 1","Text":"SOLID","Layer":"A-WALL","source":"LEVEL_1.dxf","SubClasses":"AcDbEntity:AcDbHatch","EntityHandle":"22B","interactive":false},"geometry":{"type":"MultiLineString","coordinates":[[[-96.04349,41.089698],[-96.04349,41.089718],[-96.043492,41.089718],[-96.043492,41.089698],[-96.04349,41.089698]]]}},{"type":"Feature","properties":{"type":"drawing","level":"LEVEL 1","Text":"SOLID","Layer":"A-WALL","source":"LEVEL_1.dxf","SubClasses":"AcDbEntity:AcDbHatch","EntityHandle":"231","interactive":false},"geometry":{"type":"MultiLineString","coordinates":[[[-96.043378,41.089678],[-96.043378,41.089679],[-96.043441,41.089679],[-96.043441,41.089678],[-96.043382,41.089678],[-96.043378,41.089678]]]}},{"type":"Feature","properties":{"type":"drawing","level":"LEVEL 1","Text":"SOLID","Layer":"A-WALL","source":"LEVEL_1.dxf","SubClasses":"AcDbEntity:AcDbHatch","EntityHandle":"236","interactive":false},"geometry":{"type":"MultiLineString","coordinates":[[[-96.043428,41.089679],[-96.043428,41.0897],[-96.04343,41.0897],[-96.04343,41.089679],[-96.043428,41.089679]]]}},{"type":"Feature","properties":{"type":"drawing","level":"LEVEL 1","Text":"SOLID","Layer":"A-WALL","source":"LEVEL_1.dxf","SubClasses":"AcDbEntity:AcDbHatch","EntityHandle":"23B","interactive":false},"geometry":{"type":"MultiLineString","coordinates":[[[-96.043378,41.089691],[-96.043378,41.089718],[-96.04338,41.089718],[-96.04338,41.089691],[-96.043378,41.089691]]]}},{"type":"Feature","properties":{"type":"drawing","level":"LEVEL 1","Text":"SOLID","Layer":"A-WALL","source":"LEVEL_1.dxf","SubClasses":"AcDbEntity:AcDbHatch","EntityHandle":"24B","interactive":false},"geometry":{"type":"MultiLineString","coordinates":[[[-96.043302,41.089691],[-96.0433,41.089691],[-96.0433,41.089692],[-96.043317,41.089692],[-96.043317,41.089691],[-96.043302,41.089691]],[[-96.04333,41.089691],[-96.04333,41.089691],[-96.04333,41.089692],[-96.043365,41.089692],[-96.043365,41.089691],[-96.04333,41.089691],[-96.04333,41.089691]],[[-96.043378,41.089691],[-96.043378,41.089691],[-96.043378,41.089692],[-96.043378,41.089692],[-96.043378,41.089691]]]}},{"type":"Feature","properties":{"type":"drawing","level":"LEVEL 1","Text":"SOLID","Layer":"A-WALL","source":"LEVEL_1.dxf","SubClasses":"AcDbEntity:AcDbHatch","EntityHandle":"251","interactive":false},"geometry":{"type":"MultiLineString","coordinates":[[[-96.043302,41.089692],[-96.0433,41.089692],[-96.0433,41.089697],[-96.043302,41.089697],[-96.043302,41.089695],[-96.043302,41.089692]]]}},{"type":"Feature","properties":{"type":"drawing","level":"LEVEL 1","Text":"SOLID","Layer":"A-WALL","source":"LEVEL_1.dxf","SubClasses":"AcDbEntity:AcDbHatch","EntityHandle":"257","interactive":false},"geometry":{"type":"MultiLineString","coordinates":[[[-96.043274,41.089695],[-96.043274,41.089697],[-96.0433,41.089697],[-96.0433,41.089695],[-96.043278,41.089695],[-96.043274,41.089695]]]}},{"type":"Feature","properties":{"type":"drawing","level":"LEVEL 1","Text":"SOLID","Layer":"A-WALL","source":"LEVEL_1.dxf","SubClasses":"AcDbEntity:AcDbHatch","EntityHandle":"25D","interactive":false},"geometry":{"type":"MultiLineString","coordinates":[[[-96.04333,41.089692],[-96.04333,41.089718],[-96.043331,41.089718],[-96.043331,41.089692],[-96.04333,41.089692],[-96.04333,41.089692]]]}},{"type":"Feature","properties":{"type":"drawing","level":"LEVEL 1","Text":"SOLID","Layer":"A-WALL","source":"LEVEL_1.dxf","SubClasses":"AcDbEntity:AcDbHatch","EntityHandle":"26C","interactive":false},"geometry":{"type":"MultiLineString","coordinates":[[[-96.043313,41.0896],[-96.043311,41.0896],[-96.043311,41.08962],[-96.043313,41.08962],[-96.043313,41.089602],[-96.043313,41.0896]],[[-96.043313,41.089629],[-96.043311,41.089629],[-96.043311,41.089631],[-96.043313,41.089631],[-96.043313,41.08963],[-96.043313,41.089629]],[[-96.043311,41.089641],[-96.043311,41.089682],[-96.043313,41.089682],[-96.043313,41.089641],[-96.043311,41.089641]]]}},{"type":"Feature","properties":{"type":"drawing","level":"LEVEL 1","Text":"SOLID","Layer":"A-WALL","source":"LEVEL_1.dxf","SubClasses":"AcDbEntity:AcDbHatch","EntityHandle":"272","interactive":false},"geometry":{"type":"MultiLineString","coordinates":[[[-96.043274,41.0896],[-96.043274,41.089602],[-96.043311,41.089602],[-96.043311,41.0896],[-96.043278,41.0896],[-96.043274,41.0896]]]}},{"type":"Feature","properties":{"type":"drawing","level":"LEVEL 1","Text":"SOLID","Layer":"A-WALL","source":"LEVEL_1.dxf","SubClasses":"AcDbEntity:AcDbHatch","EntityHandle":"277","interactive":false},"geometry":{"type":"MultiLineString","coordinates":[[[-96.043311,41.089631],[-96.043311,41.08963],[-96.043274,41.08963],[-96.043274,41.089631],[-96.043311,41.089631]]]}},{"type":"Feature","properties":{"type":"drawing","level":"LEVEL 1","Text":"SOLID","Layer":"A-WALL","source":"LEVEL_1.dxf","SubClasses":"AcDbEntity:AcDbHatch","EntityHandle":"27C","interactive":false},"geometry":{"type":"MultiLineString","coordinates":[[[-96.043311,41.089662],[-96.043311,41.089661],[-96.043274,41.089661],[-96.043274,41.089662],[-96.043311,41.089662]]]}},{"type":"Feature","properties":{"type":"drawing","level":"LEVEL 1","Text":"SOLID","Layer":"A-WALL","source":"LEVEL_1.dxf","SubClasses":"AcDbEntity:AcDbHatch","EntityHandle":"281","interactive":false},"geometry":{"type":"MultiLineString","coordinates":[[[-96.043453,41.089608],[-96.043453,41.089607],[-96.043438,41.089607],[-96.043438,41.089608],[-96.043453,41.089608]]]}},{"type":"Feature","properties":{"type":"drawing","level":"LEVEL 1","Text":"SOLID","Layer":"A-WALL","source":"LEVEL_1.dxf","SubClasses":"AcDbEntity:AcDbHatch","EntityHandle":"287","interactive":false},"geometry":{"type":"MultiLineString","coordinates":[[[-96.043438,41.089586],[-96.043436,41.089586],[-96.043436,41.089617],[-96.043438,41.089617],[-96.043438,41.089607],[-96.043438,41.089586]]]}},{"type":"Feature","properties":{"type":"drawing","level":"LEVEL 1","Text":"SOLID","Layer":"A-WALL","source":"LEVEL_1.dxf","SubClasses":"AcDbEntity:AcDbHatch","EntityHandle":"29B","interactive":false},"geometry":{"type":"MultiLineString","coordinates":[[[-96.043326,41.089615],[-96.043326,41.089617],[-96.04335,41.089617],[-96.04335,41.089615],[-96.043328,41.089615],[-96.043326,41.089615]],[[-96.043435,41.089615],[-96.043435,41.089617],[-96.043436,41.089617],[-96.043436,41.089615],[-96.043435,41.089615]],[[-96.043401,41.089615],[-96.043378,41.089615],[-96.043378,41.089617],[-96.043423,41.089617],[-96.043423,41.089615],[-96.043401,41.089615]],[[-96.043362,41.089615],[-96.043362,41.089617],[-96.043365,41.089617],[-96.043365,41.089615],[-96.043363,41.089615],[-96.043362,41.089615]]]}},{"type":"Feature","properties":{"type":"drawing","level":"LEVEL 1","Text":"SOLID","Layer":"A-WALL","source":"LEVEL_1.dxf","SubClasses":"AcDbEntity:AcDbHatch","EntityHandle":"2A0","interactive":false},"geometry":{"type":"MultiLineString","coordinates":[[[-96.043328,41.089586],[-96.043326,41.089586],[-96.043326,41.089615],[-96.043328,41.089615],[-96.043328,41.089586]]]}},{"type":"Feature","properties":{"type":"drawing","level":"LEVEL 1","Text":"SOLID","Layer":"A-WALL","source":"LEVEL_1.dxf","SubClasses":"AcDbEntity:AcDbHatch","EntityHandle":"2A5","interactive":false},"geometry":{"type":"MultiLineString","coordinates":[[[-96.043365,41.089586],[-96.043363,41.089586],[-96.043363,41.089615],[-96.043365,41.089615],[-96.043365,41.089586]]]}},{"type":"Feature","properties":{"type":"drawing","level":"LEVEL 1","Text":"SOLID","Layer":"A-WALL","source":"LEVEL_1.dxf","SubClasses":"AcDbEntity:AcDbHatch","EntityHandle":"2AA","interactive":false},"geometry":{"type":"MultiLineString","coordinates":[[[-96.043401,41.089586],[-96.043399,41.089586],[-96.043399,41.089615],[-96.043401,41.089615],[-96.043401,41.089586]]]}},{"type":"Feature","properties":{"type":"drawing","level":"LEVEL 1","Text":"SOLID","Layer":"A-WALL","source":"LEVEL_1.dxf","SubClasses":"AcDbEntity:AcDbHatch","EntityHandle":"2B6","interactive":false},"geometry":{"type":"MultiLineString","coordinates":[[[-96.043278,41.089511],[-96.043274,41.089511],[-96.043274,41.089513],[-96.043282,41.089513],[-96.043282,41.089511],[-96.043278,41.089511]],[[-96.0433,41.089511],[-96.043293,41.089511],[-96.043293,41.089513],[-96.043322,41.089513],[-96.043322,41.089511],[-96.043304,41.089511],[-96.0433,41.089511]]]}},{"type":"Feature","properties":{"type":"drawing","level":"LEVEL 1","Text":"SOLID","Layer":"A-WALL","source":"LEVEL_1.dxf","SubClasses":"AcDbEntity:AcDbHatch","EntityHandle":"2BC","interactive":false},"geometry":{"type":"MultiLineString","coordinates":[[[-96.043274,41.089501],[-96.043274,41.089503],[-96.043319,41.089503],[-96.043319,41.089501],[-96.043278,41.089501],[-96.043274,41.089501]]]}},{"type":"Feature","properties":{"type":"drawing","level":"LEVEL 1","Text":"SOLID","Layer":"A-WALL","source":"LEVEL_1.dxf","SubClasses":"AcDbEntity:AcDbHatch","EntityHandle":"2C5","interactive":false},"geometry":{"type":"MultiLineString","coordinates":[[[-96.043318,41.089503],[-96.043318,41.089503],[-96.043319,41.089503],[-96.043319,41.089503],[-96.043318,41.089503]],[[-96.043318,41.089511],[-96.043318,41.089511],[-96.043319,41.089511],[-96.043319,41.089511],[-96.043318,41.089511]]]}},{"type":"Feature","properties":{"type":"drawing","level":"LEVEL 1","Text":"SOLID","Layer":"A-WALL","source":"LEVEL_1.dxf","SubClasses":"AcDbEntity:AcDbHatch","EntityHandle":"2CA","interactive":false},"geometry":{"type":"MultiLineString","coordinates":[[[-96.0433,41.089503],[-96.043298,41.089503],[-96.043298,41.089511],[-96.0433,41.089511],[-96.0433,41.089503]]]}},{"type":"Feature","properties":{"type":"drawing","level":"LEVEL 1","Text":"SOLID","Layer":"A-WALL","source":"LEVEL_1.dxf","SubClasses":"AcDbEntity:AcDbHatch","EntityHandle":"2D4","interactive":false},"geometry":{"type":"MultiLineString","coordinates":[[[-96.043331,41.089558],[-96.043324,41.089558],[-96.043324,41.08956],[-96.043331,41.08956],[-96.043331,41.089558]],[[-96.043343,41.089558],[-96.043343,41.08956],[-96.043352,41.08956],[-96.043352,41.089558],[-96.04335,41.089558],[-96.043343,41.089558]]]}},{"type":"Feature","properties":{"type":"drawing","level":"LEVEL 1","Text":"SOLID","Layer":"A-WALL","source":"LEVEL_1.dxf","SubClasses":"AcDbEntity:AcDbHatch","EntityHandle":"2D9","interactive":false},"geometry":{"type":"MultiLineString","coordinates":[[[-96.04335,41.08956],[-96.04335,41.089585],[-96.043352,41.089585],[-96.043352,41.08956],[-96.04335,41.08956]]]}},{"type":"Feature","properties":{"type":"drawing","level":"LEVEL 1","Text":"SOLID","Layer":"A-WALL","source":"LEVEL_1.dxf","SubClasses":"AcDbEntity:AcDbHatch","EntityHandle":"2E2","interactive":false},"geometry":{"type":"MultiLineString","coordinates":[[[-96.043278,41.089566],[-96.043278,41.089571],[-96.04328,41.089571],[-96.04328,41.089566],[-96.043278,41.089566]],[[-96.043278,41.08958],[-96.043278,41.089585],[-96.04328,41.089585],[-96.04328,41.08958],[-96.043278,41.08958]]]}},{"type":"Feature","properties":{"type":"drawing","level":"LEVEL 1","Text":"SOLID","Layer":"A-WALL","source":"LEVEL_1.dxf","SubClasses":"AcDbEntity:AcDbHatch","EntityHandle":"2E8","interactive":false},"geometry":{"type":"MultiLineString","coordinates":[[[-96.043278,41.089565],[-96.043274,41.089565],[-96.043274,41.089566],[-96.04328,41.089566],[-96.04328,41.089565],[-96.043278,41.089565]]]}},{"type":"Feature","properties":{"type":"drawing","level":"LEVEL 1","Text":"SOLID","Layer":"I-WALL","source":"LEVEL_1.dxf","SubClasses":"AcDbEntity:AcDbHatch","EntityHandle":"2EE","interactive":false},"geometry":{"type":"MultiLineString","coordinates":[[[-96.043438,41.089634],[-96.043437,41.089634],[-96.043437,41.089667],[-96.043438,41.089667],[-96.043438,41.089666],[-96.043438,41.089634]]]}},{"type":"Feature","properties":{"type":"drawing","level":"LEVEL 1","Text":"SOLID","Layer":"I-WALL","source":"LEVEL_1.dxf","SubClasses":"AcDbEntity:AcDbHatch","EntityHandle":"2F4","interactive":false},"geometry":{"type":"MultiLineString","coordinates":[[[-96.043373,41.089667],[-96.043373,41.089667],[-96.043437,41.089667],[-96.043437,41.089667],[-96.043374,41.089667],[-96.043373,41.089667]]]}},{"type":"Feature","properties":{"type":"drawing","level":"LEVEL 1","Text":"SOLID","Layer":"I-WALL","source":"LEVEL_1.dxf","SubClasses":"AcDbEntity:AcDbHatch","EntityHandle":"2F9","interactive":false},"geometry":{"type":"MultiLineString","coordinates":[[[-96.043373,41.089634],[-96.043373,41.089667],[-96.043374,41.089667],[-96.043374,41.089634],[-96.043373,41.089634]]]}},{"type":"Feature","properties":{"type":"drawing","level":"LEVEL 1","Text":"SOLID","Layer":"I-WALL","source":"LEVEL_1.dxf","SubClasses":"AcDbEntity:AcDbHatch","EntityHandle":"2FE","interactive":false},"geometry":{"type":"MultiLineString","coordinates":[[[-96.043326,41.089634],[-96.043325,41.089634],[-96.043325,41.089656],[-96.043326,41.089656],[-96.043326,41.089634]]]}},{"type":"Feature","properties":{"type":"drawing","level":"LEVEL 1","Text":"SOLID","Layer":"I-WALL","source":"LEVEL_1.dxf","SubClasses":"AcDbEntity:AcDbHatch","EntityHandle":"304","interactive":false},"geometry":{"type":"MultiLineString","coordinates":[[[-96.043368,41.089678],[-96.043367,41.089678],[-96.043367,41.089681],[-96.043368,41.089681],[-96.043368,41.08968],[-96.043368,41.089678]]]}},{"type":"Feature","properties":{"type":"drawing","level":"LEVEL 1","Text":"SOLID","Layer":"A-WALL","source":"LEVEL_1.dxf","SubClasses":"AcDbEntity:AcDbHatch","EntityHandle":"309","interactive":false},"geometry":{"type":"MultiLineString","coordinates":[[[-96.043401,41.089432],[-96.043401,41.089445],[-96.043404,41.089445],[-96.043404,41.089432],[-96.043401,41.089432]]]}},{"type":"Feature","properties":{"type":"drawing","level":"LEVEL 1","Text":"SOLID","Layer":"A-WALL","source":"LEVEL_1.dxf","SubClasses":"AcDbEntity:AcDbHatch","EntityHandle":"30F","interactive":false},"geometry":{"type":"MultiLineString","coordinates":[[[-96.043431,41.089435],[-96.043431,41.089445],[-96.043435,41.089445],[-96.043435,41.089435],[-96.043434,41.089435],[-96.043431,41.089435]]]}},{"type":"Feature","properties":{"type":"drawing","level":"LEVEL 1","Text":"SOLID","Layer":"A-WALL","source":"LEVEL_1.dxf","SubClasses":"AcDbEntity:AcDbHatch","EntityHandle":"315","interactive":false},"geometry":{"type":"MultiLineString","coordinates":[[[-96.043424,41.089432],[-96.043424,41.089435],[-96.043435,41.089435],[-96.043435,41.089432],[-96.043431,41.089432],[-96.043424,41.089432]]]}},{"type":"Feature","properties":{"type":"drawing","level":"LEVEL 1","Text":"SOLID","Layer":"A-WALL","source":"LEVEL_1.dxf","SubClasses":"AcDbEntity:AcDbHatch","EntityHandle":"31A","interactive":false},"geometry":{"type":"MultiLineString","coordinates":[[[-96.043412,41.089435],[-96.043412,41.089432],[-96.043404,41.089432],[-96.043404,41.089435],[-96.043412,41.089435]]]}},{"type":"Feature","properties":{"type":"drawing","level":"LEVEL 1","Text":"SOLID","Layer":"A-WALL","source":"LEVEL_1.dxf","SubClasses":"AcDbEntity:AcDbHatch","EntityHandle":"320","interactive":false},"geometry":{"type":"MultiLineString","coordinates":[[[-96.043454,41.089448],[-96.043452,41.089448],[-96.043452,41.089455],[-96.043454,41.089455],[-96.043454,41.089453],[-96.043454,41.089448]]]}},{"type":"Feature","properties":{"type":"drawing","level":"LEVEL 1","Text":"SOLID","Layer":"A-WALL","source":"LEVEL_1.dxf","SubClasses":"AcDbEntity:AcDbHatch","EntityHandle":"329","interactive":false},"geometry":{"type":"MultiLineString","coordinates":[[[-96.043455,41.089453],[-96.043454,41.089453],[-96.043454,41.089455],[-96.043455,41.089455],[-96.043455,41.089453]],[[-96.043462,41.089453],[-96.043462,41.089455],[-96.043462,41.089455],[-96.043462,41.089453],[-96.043462,41.089453]]]}},{"type":"Feature","properties":{"type":"drawing","level":"LEVEL 1","Text":"SOLID","Layer":"I-WALL","source":"LEVEL_1.dxf","SubClasses":"AcDbEntity:AcDbHatch","EntityHandle":"32E","interactive":false},"geometry":{"type":"MultiLineString","coordinates":[[[-96.043325,41.089656],[-96.043325,41.089667],[-96.043326,41.089667],[-96.043326,41.089656],[-96.043325,41.089656]]]}},{"type":"Feature","properties":{"type":"drawing","level":"LEVEL 1","Text":"SOLID","Layer":"I-WALL","source":"LEVEL_1.dxf","SubClasses":"AcDbEntity:AcDbHatch","EntityHandle":"333","interactive":false},"geometry":{"type":"MultiLineString","coordinates":[[[-96.043367,41.089667],[-96.043367,41.089678],[-96.043368,41.089678],[-96.043368,41.089667],[-96.043367,41.089667]]]}},{"type":"Feature","properties":{"type":"drawing","level":"LEVEL 1","Text":"SOLID","Layer":"I-WALL","source":"LEVEL_1.dxf","SubClasses":"AcDbEntity:AcDbHatch","EntityHandle":"338","interactive":false},"geometry":{"type":"MultiLineString","coordinates":[[[-96.043373,41.089667],[-96.043373,41.089667],[-96.043368,41.089667],[-96.043368,41.089667],[-96.043373,41.089667]]]}},{"type":"Feature","properties":{"type":"drawing","level":"LEVEL 1","Text":"SOLID","Layer":"A-WALL","source":"LEVEL_1.dxf","SubClasses":"AcDbEntity:AcDbHatch","EntityHandle":"342","interactive":false},"geometry":{"type":"MultiLineString","coordinates":[[[-96.04331,41.089513],[-96.04331,41.089514],[-96.043312,41.089514],[-96.043312,41.089513],[-96.04331,41.089513]],[[-96.043312,41.089524],[-96.04331,41.089524],[-96.04331,41.089585],[-96.043312,41.089585],[-96.043312,41.089541],[-96.043312,41.089524]]]}},{"type":"Feature","properties":{"type":"drawing","level":"LEVEL 1","Text":"SOLID","Layer":"I-WALL","source":"LEVEL_1.dxf","SubClasses":"AcDbEntity:AcDbHatch","EntityHandle":"347","interactive":false},"geometry":{"type":"MultiLineString","coordinates":[[[-96.043367,41.08968],[-96.043342,41.08968],[-96.043342,41.089681],[-96.043367,41.089681],[-96.043367,41.08968]]]}},{"type":"Feature","properties":{"type":"drawing","level":"LEVEL 1","Layer":"A-WALL","source":"LEVEL_1.dxf","SubClasses":"AcDbEntity:AcDbLine","EntityHandle":"348","interactive":false},"geometry":{"type":"MultiLineString","coordinates":[[[-96.044003,41.089445],[-96.04398,41.089445]]]}},{"type":"Feature","properties":{"type":"drawing","level":"LEVEL 1","Layer":"A-WALL","source":"LEVEL_1.dxf","SubClasses":"AcDbEntity:AcDbLine","EntityHandle":"349","interactive":false},"geometry":{"type":"MultiLineString","coordinates":[[[-96.04398,41.089445],[-96.04398,41.089448]]]}},{"type":"Feature","properties":{"type":"drawing","level":"LEVEL 1","Layer":"A-WALL","source":"LEVEL_1.dxf","SubClasses":"AcDbEntity:AcDbLine","EntityHandle":"34A","interactive":false},"geometry":{"type":"MultiLineString","coordinates":[[[-96.04398,41.089448],[-96.043999,41.089448]]]}},{"type":"Feature","properties":{"type":"drawing","level":"LEVEL 1","Layer":"A-WALL","source":"LEVEL_1.dxf","SubClasses":"AcDbEntity:AcDbLine","EntityHandle":"34C","interactive":false},"geometry":{"type":"MultiLineString","coordinates":[[[-96.043929,41.089445],[-96.043888,41.089445]]]}},{"type":"Feature","properties":{"type":"drawing","level":"LEVEL 1","Layer":"A-WALL","source":"LEVEL_1.dxf","SubClasses":"AcDbEntity:AcDbLine","EntityHandle":"34D","interactive":false},"geometry":{"type":"MultiLineString","coordinates":[[[-96.043888,41.089445],[-96.043888,41.089448]]]}},{"type":"Feature","properties":{"type":"drawing","level":"LEVEL 1","Layer":"A-WALL","source":"LEVEL_1.dxf","SubClasses":"AcDbEntity:AcDbLine","EntityHandle":"34E","interactive":false},"geometry":{"type":"MultiLineString","coordinates":[[[-96.043888,41.089448],[-96.043929,41.089448]]]}},{"type":"Feature","properties":{"type":"drawing","level":"LEVEL 1","Layer":"A-WALL","source":"LEVEL_1.dxf","SubClasses":"AcDbEntity:AcDbLine","EntityHandle":"34F","interactive":false},"geometry":{"type":"MultiLineString","coordinates":[[[-96.043929,41.089448],[-96.043929,41.089445]]]}},{"type":"Feature","properties":{"type":"drawing","level":"LEVEL 1","Layer":"A-WALL","source":"LEVEL_1.dxf","SubClasses":"AcDbEntity:AcDbLine","EntityHandle":"350","interactive":false},"geometry":{"type":"MultiLineString","coordinates":[[[-96.043837,41.089445],[-96.043797,41.089445]]]}},{"type":"Feature","properties":{"type":"drawing","level":"LEVEL 1","Layer":"A-WALL","source":"LEVEL_1.dxf","SubClasses":"AcDbEntity:AcDbLine","EntityHandle":"351","interactive":false},"geometry":{"type":"MultiLineString","coordinates":[[[-96.043797,41.089445],[-96.043797,41.089448]]]}},{"type":"Feature","properties":{"type":"drawing","level":"LEVEL 1","Layer":"A-WALL","source":"LEVEL_1.dxf","SubClasses":"AcDbEntity:AcDbLine","EntityHandle":"352","interactive":false},"geometry":{"type":"MultiLineString","coordinates":[[[-96.043797,41.089448],[-96.043837,41.089448]]]}},{"type":"Feature","properties":{"type":"drawing","level":"LEVEL 1","Layer":"A-WALL","source":"LEVEL_1.dxf","SubClasses":"AcDbEntity:AcDbLine","EntityHandle":"353","interactive":false},"geometry":{"type":"MultiLineString","coordinates":[[[-96.043837,41.089448],[-96.043837,41.089445]]]}},{"type":"Feature","properties":{"type":"drawing","level":"LEVEL 1","Layer":"A-WALL","source":"LEVEL_1.dxf","SubClasses":"AcDbEntity:AcDbLine","EntityHandle":"354","interactive":false},"geometry":{"type":"MultiLineString","coordinates":[[[-96.043746,41.089445],[-96.043706,41.089445]]]}},{"type":"Feature","properties":{"type":"drawing","level":"LEVEL 1","Layer":"A-WALL","source":"LEVEL_1.dxf","SubClasses":"AcDbEntity:AcDbLine","EntityHandle":"355","interactive":false},"geometry":{"type":"MultiLineString","coordinates":[[[-96.043706,41.089445],[-96.043706,41.089448]]]}},{"type":"Feature","properties":{"type":"drawing","level":"LEVEL 1","Layer":"A-WALL","source":"LEVEL_1.dxf","SubClasses":"AcDbEntity:AcDbLine","EntityHandle":"356","interactive":false},"geometry":{"type":"MultiLineString","coordinates":[[[-96.043706,41.089448],[-96.043746,41.089448]]]}},{"type":"Feature","properties":{"type":"drawing","level":"LEVEL 1","Layer":"A-WALL","source":"LEVEL_1.dxf","SubClasses":"AcDbEntity:AcDbLine","EntityHandle":"357","interactive":false},"geometry":{"type":"MultiLineString","coordinates":[[[-96.043746,41.089448],[-96.043746,41.089445]]]}},{"type":"Feature","properties":{"type":"drawing","level":"LEVEL 1","Layer":"A-WALL","source":"LEVEL_1.dxf","SubClasses":"AcDbEntity:AcDbLine","EntityHandle":"358","interactive":false},"geometry":{"type":"MultiLineString","coordinates":[[[-96.043655,41.089445],[-96.043628,41.089445]]]}},{"type":"Feature","properties":{"type":"drawing","level":"LEVEL 1","Layer":"A-WALL","source":"LEVEL_1.dxf","SubClasses":"AcDbEntity:AcDbLine","EntityHandle":"359","interactive":false},"geometry":{"type":"MultiLineString","coordinates":[[[-96.043628,41.089445],[-96.043628,41.089448]]]}},{"type":"Feature","properties":{"type":"drawing","level":"LEVEL 1","Layer":"A-WALL","source":"LEVEL_1.dxf","SubClasses":"AcDbEntity:AcDbLine","EntityHandle":"35A","interactive":false},"geometry":{"type":"MultiLineString","coordinates":[[[-96.043628,41.089448],[-96.043655,41.089448]]]}},{"type":"Feature","properties":{"type":"drawing","level":"LEVEL 1","Layer":"A-WALL","source":"LEVEL_1.dxf","SubClasses":"AcDbEntity:AcDbLine","EntityHandle":"35B","interactive":false},"geometry":{"type":"MultiLineString","coordinates":[[[-96.043655,41.089448],[-96.043655,41.089445]]]}},{"type":"Feature","properties":{"type":"drawing","level":"LEVEL 1","Layer":"A-WALL","source":"LEVEL_1.dxf","SubClasses":"AcDbEntity:AcDbLine","EntityHandle":"35C","interactive":false},"geometry":{"type":"MultiLineString","coordinates":[[[-96.043616,41.089445],[-96.043605,41.089445]]]}},{"type":"Feature","properties":{"type":"drawing","level":"LEVEL 1","Layer":"A-WALL","source":"LEVEL_1.dxf","SubClasses":"AcDbEntity:AcDbLine","EntityHandle":"35D","interactive":false},"geometry":{"type":"MultiLineString","coordinates":[[[-96.043605,41.089445],[-96.043605,41.089448]]]}},{"type":"Feature","properties":{"type":"drawing","level":"LEVEL 1","Layer":"A-WALL","source":"LEVEL_1.dxf","SubClasses":"AcDbEntity:AcDbLine","EntityHandle":"35E","interactive":false},"geometry":{"type":"MultiLineString","coordinates":[[[-96.043605,41.089448],[-96.043616,41.089448]]]}},{"type":"Feature","properties":{"type":"drawing","level":"LEVEL 1","Layer":"A-WALL","source":"LEVEL_1.dxf","SubClasses":"AcDbEntity:AcDbLine","EntityHandle":"35F","interactive":false},"geometry":{"type":"MultiLineString","coordinates":[[[-96.043616,41.089448],[-96.043616,41.089445]]]}},{"type":"Feature","properties":{"type":"drawing","level":"LEVEL 1","Layer":"A-WALL","source":"LEVEL_1.dxf","SubClasses":"AcDbEntity:AcDbLine","EntityHandle":"360","interactive":false},"geometry":{"type":"MultiLineString","coordinates":[[[-96.043554,41.089445],[-96.043435,41.089445]]]}},{"type":"Feature","properties":{"type":"drawing","level":"LEVEL 1","Layer":"A-WALL","source":"LEVEL_1.dxf","SubClasses":"AcDbEntity:AcDbLine","EntityHandle":"361","interactive":false},"geometry":{"type":"MultiLineString","coordinates":[[[-96.043431,41.089445],[-96.043424,41.089445]]]}},{"type":"Feature","properties":{"type":"drawing","level":"LEVEL 1","Layer":"A-WALL","source":"LEVEL_1.dxf","SubClasses":"AcDbEntity:AcDbLine","EntityHandle":"362","interactive":false},"geometry":{"type":"MultiLineString","coordinates":[[[-96.043424,41.089445],[-96.043424,41.089448]]]}},{"type":"Feature","properties":{"type":"drawing","level":"LEVEL 1","Layer":"A-WALL","source":"LEVEL_1.dxf","SubClasses":"AcDbEntity:AcDbLine","EntityHandle":"363","interactive":false},"geometry":{"type":"MultiLineString","coordinates":[[[-96.043424,41.089448],[-96.043425,41.089448]]]}},{"type":"Feature","properties":{"type":"drawing","level":"LEVEL 1","Layer":"A-WALL","source":"LEVEL_1.dxf","SubClasses":"AcDbEntity:AcDbLine","EntityHandle":"364","interactive":false},"geometry":{"type":"MultiLineString","coordinates":[[[-96.043427,41.089448],[-96.043452,41.089448]]]}},{"type":"Feature","properties":{"type":"drawing","level":"LEVEL 1","Layer":"A-WALL","source":"LEVEL_1.dxf","SubClasses":"AcDbEntity:AcDbLine","EntityHandle":"365","interactive":false},"geometry":{"type":"MultiLineString","coordinates":[[[-96.043454,41.089448],[-96.043462,41.089448]]]}},{"type":"Feature","properties":{"type":"drawing","level":"LEVEL 1","Layer":"A-WALL","source":"LEVEL_1.dxf","SubClasses":"AcDbEntity:AcDbLine","EntityHandle":"366","interactive":false},"geometry":{"type":"MultiLineString","coordinates":[[[-96.043464,41.089448],[-96.04354,41.089448]]]}},{"type":"Feature","properties":{"type":"drawing","level":"LEVEL 1","Layer":"A-WALL","source":"LEVEL_1.dxf","SubClasses":"AcDbEntity:AcDbLine","EntityHandle":"367","interactive":false},"geometry":{"type":"MultiLineString","coordinates":[[[-96.043542,41.089448],[-96.043554,41.089448]]]}},{"type":"Feature","properties":{"type":"drawing","level":"LEVEL 1","Layer":"A-WALL","source":"LEVEL_1.dxf","SubClasses":"AcDbEntity:AcDbLine","EntityHandle":"368","interactive":false},"geometry":{"type":"MultiLineString","coordinates":[[[-96.043554,41.089448],[-96.043554,41.089445]]]}},{"type":"Feature","properties":{"type":"drawing","level":"LEVEL 1","Layer":"A-WALL","source":"LEVEL_1.dxf","SubClasses":"AcDbEntity:AcDbLine","EntityHandle":"369","interactive":false},"geometry":{"type":"MultiLineString","coordinates":[[[-96.043412,41.089445],[-96.043404,41.089445]]]}},{"type":"Feature","properties":{"type":"drawing","level":"LEVEL 1","Layer":"A-WALL","source":"LEVEL_1.dxf","SubClasses":"AcDbEntity:AcDbLine","EntityHandle":"36A","interactive":false},"geometry":{"type":"MultiLineString","coordinates":[[[-96.043401,41.089445],[-96.043271,41.089445]]]}},{"type":"Feature","properties":{"type":"drawing","level":"LEVEL 1","Layer":"A-WALL","source":"LEVEL_1.dxf","SubClasses":"AcDbEntity:AcDbLine","EntityHandle":"36C","interactive":false},"geometry":{"type":"MultiLineString","coordinates":[[[-96.043274,41.089448],[-96.043315,41.089448]]]}},{"type":"Feature","properties":{"type":"drawing","level":"LEVEL 1","Layer":"A-WALL","source":"LEVEL_1.dxf","SubClasses":"AcDbEntity:AcDbLine","EntityHandle":"36D","interactive":false},"geometry":{"type":"MultiLineString","coordinates":[[[-96.043317,41.089448],[-96.043409,41.089448]]]}},{"type":"Feature","properties":{"type":"drawing","level":"LEVEL 1","Layer":"A-WALL","source":"LEVEL_1.dxf","SubClasses":"AcDbEntity:AcDbLine","EntityHandle":"36E","interactive":false},"geometry":{"type":"MultiLineString","coordinates":[[[-96.043411,41.089448],[-96.043412,41.089448]]]}},{"type":"Feature","properties":{"type":"drawing","level":"LEVEL 1","Layer":"A-WALL","source":"LEVEL_1.dxf","SubClasses":"AcDbEntity:AcDbLine","EntityHandle":"36F","interactive":false},"geometry":{"type":"MultiLineString","coordinates":[[[-96.043412,41.089448],[-96.043412,41.089445]]]}},{"type":"Feature","properties":{"type":"drawing","level":"LEVEL 1","Layer":"A-WALL","source":"LEVEL_1.dxf","SubClasses":"AcDbEntity:AcDbLine","EntityHandle":"370","interactive":false},"geometry":{"type":"MultiLineString","coordinates":[[[-96.043271,41.089445],[-96.043271,41.089721]]]}},{"type":"Feature","properties":{"type":"drawing","level":"LEVEL 1","Layer":"A-WALL","source":"LEVEL_1.dxf","SubClasses":"AcDbEntity:AcDbLine","EntityHandle":"372","interactive":false},"geometry":{"type":"MultiLineString","coordinates":[[[-96.043274,41.089718],[-96.043274,41.089697]]]}},{"type":"Feature","properties":{"type":"drawing","level":"LEVEL 1","Layer":"A-WALL","source":"LEVEL_1.dxf","SubClasses":"AcDbEntity:AcDbLine","EntityHandle":"373","interactive":false},"geometry":{"type":"MultiLineString","coordinates":[[[-96.043274,41.089695],[-96.043274,41.089662]]]}},{"type":"Feature","properties":{"type":"drawing","level":"LEVEL 1","Layer":"A-WALL","source":"LEVEL_1.dxf","SubClasses":"AcDbEntity:AcDbLine","EntityHandle":"374","interactive":false},"geometry":{"type":"MultiLineString","coordinates":[[[-96.043274,41.089661],[-96.043274,41.089631]]]}},{"type":"Feature","properties":{"type":"drawing","level":"LEVEL 1","Layer":"A-WALL","source":"LEVEL_1.dxf","SubClasses":"AcDbEntity:AcDbLine","EntityHandle":"375","interactive":false},"geometry":{"type":"MultiLineString","coordinates":[[[-96.043274,41.08963],[-96.043274,41.089602]]]}},{"type":"Feature","properties":{"type":"drawing","level":"LEVEL 1","Layer":"A-WALL","source":"LEVEL_1.dxf","SubClasses":"AcDbEntity:AcDbLine","EntityHandle":"376","interactive":false},"geometry":{"type":"MultiLineString","coordinates":[[[-96.043274,41.0896],[-96.043274,41.089586]]]}},{"type":"Feature","properties":{"type":"drawing","level":"LEVEL 1","Layer":"A-WALL","source":"LEVEL_1.dxf","SubClasses":"AcDbEntity:AcDbLine","EntityHandle":"377","interactive":false},"geometry":{"type":"MultiLineString","coordinates":[[[-96.043274,41.089585],[-96.043274,41.089566]]]}},{"type":"Feature","properties":{"type":"drawing","level":"LEVEL 1","Layer":"A-WALL","source":"LEVEL_1.dxf","SubClasses":"AcDbEntity:AcDbLine","EntityHandle":"378","interactive":false},"geometry":{"type":"MultiLineString","coordinates":[[[-96.043274,41.089565],[-96.043274,41.089513]]]}},{"type":"Feature","properties":{"type":"drawing","level":"LEVEL 1","Layer":"A-WALL","source":"LEVEL_1.dxf","SubClasses":"AcDbEntity:AcDbLine","EntityHandle":"379","interactive":false},"geometry":{"type":"MultiLineString","coordinates":[[[-96.043274,41.089511],[-96.043274,41.089503]]]}},{"type":"Feature","properties":{"type":"drawing","level":"LEVEL 1","Layer":"A-WALL","source":"LEVEL_1.dxf","SubClasses":"AcDbEntity:AcDbLine","EntityHandle":"37A","interactive":false},"geometry":{"type":"MultiLineString","coordinates":[[[-96.043274,41.089501],[-96.043274,41.089448]]]}},{"type":"Feature","properties":{"type":"drawing","level":"LEVEL 1","Layer":"A-WALL","source":"LEVEL_1.dxf","SubClasses":"AcDbEntity:AcDbLine","EntityHandle":"37B","interactive":false},"geometry":{"type":"MultiLineString","coordinates":[[[-96.043271,41.089721],[-96.043406,41.089721]]]}},{"type":"Feature","properties":{"type":"drawing","level":"LEVEL 1","Layer":"A-WALL","source":"LEVEL_1.dxf","SubClasses":"AcDbEntity:AcDbLine","EntityHandle":"37C","interactive":false},"geometry":{"type":"MultiLineString","coordinates":[[[-96.043406,41.089721],[-96.043406,41.089718]]]}},{"type":"Feature","properties":{"type":"drawing","level":"LEVEL 1","Layer":"A-WALL","source":"LEVEL_1.dxf","SubClasses":"AcDbEntity:AcDbLine","EntityHandle":"37D","interactive":false},"geometry":{"type":"MultiLineString","coordinates":[[[-96.043406,41.089718],[-96.04338,41.089718]]]}},{"type":"Feature","properties":{"type":"drawing","level":"LEVEL 1","Layer":"A-WALL","source":"LEVEL_1.dxf","SubClasses":"AcDbEntity:AcDbLine","EntityHandle":"37E","interactive":false},"geometry":{"type":"MultiLineString","coordinates":[[[-96.043378,41.089718],[-96.043331,41.089718]]]}},{"type":"Feature","properties":{"type":"drawing","level":"LEVEL 1","Layer":"A-WALL","source":"LEVEL_1.dxf","SubClasses":"AcDbEntity:AcDbLine","EntityHandle":"37F","interactive":false},"geometry":{"type":"MultiLineString","coordinates":[[[-96.04333,41.089718],[-96.043274,41.089718]]]}},{"type":"Feature","properties":{"type":"drawing","level":"LEVEL 1","Layer":"A-WALL","source":"LEVEL_1.dxf","SubClasses":"AcDbEntity:AcDbLine","EntityHandle":"380","interactive":false},"geometry":{"type":"MultiLineString","coordinates":[[[-96.043418,41.089721],[-96.043655,41.089721]]]}},{"type":"Feature","properties":{"type":"drawing","level":"LEVEL 1","Layer":"A-WALL","source":"LEVEL_1.dxf","SubClasses":"AcDbEntity:AcDbLine","EntityHandle":"381","interactive":false},"geometry":{"type":"MultiLineString","coordinates":[[[-96.043655,41.089721],[-96.043655,41.089718]]]}},{"type":"Feature","properties":{"type":"drawing","level":"LEVEL 1","Layer":"A-WALL","source":"LEVEL_1.dxf","SubClasses":"AcDbEntity:AcDbLine","EntityHandle":"382","interactive":false},"geometry":{"type":"MultiLineString","coordinates":[[[-96.043655,41.089718],[-96.043544,41.089718]]]}},{"type":"Feature","properties":{"type":"drawing","level":"LEVEL 1","Layer":"A-WALL","source":"LEVEL_1.dxf","SubClasses":"AcDbEntity:AcDbLine","EntityHandle":"383","interactive":false},"geometry":{"type":"MultiLineString","coordinates":[[[-96.043543,41.089718],[-96.043492,41.089718]]]}},{"type":"Feature","properties":{"type":"drawing","level":"LEVEL 1","Layer":"A-WALL","source":"LEVEL_1.dxf","SubClasses":"AcDbEntity:AcDbLine","EntityHandle":"384","interactive":false},"geometry":{"type":"MultiLineString","coordinates":[[[-96.04349,41.089718],[-96.043455,41.089718]]]}},{"type":"Feature","properties":{"type":"drawing","level":"LEVEL 1","Layer":"A-WALL","source":"LEVEL_1.dxf","SubClasses":"AcDbEntity:AcDbLine","EntityHandle":"385","interactive":false},"geometry":{"type":"MultiLineString","coordinates":[[[-96.043453,41.089718],[-96.043418,41.089718]]]}},{"type":"Feature","properties":{"type":"drawing","level":"LEVEL 1","Layer":"A-WALL","source":"LEVEL_1.dxf","SubClasses":"AcDbEntity:AcDbLine","EntityHandle":"386","interactive":false},"geometry":{"type":"MultiLineString","coordinates":[[[-96.043418,41.089718],[-96.043418,41.089721]]]}},{"type":"Feature","properties":{"type":"drawing","level":"LEVEL 1","Layer":"A-WALL","source":"LEVEL_1.dxf","SubClasses":"AcDbEntity:AcDbLine","EntityHandle":"387","interactive":false},"geometry":{"type":"MultiLineString","coordinates":[[[-96.043706,41.089721],[-96.043766,41.089721]]]}},{"type":"Feature","properties":{"type":"drawing","level":"LEVEL 1","Layer":"A-WALL","source":"LEVEL_1.dxf","SubClasses":"AcDbEntity:AcDbLine","EntityHandle":"388","interactive":false},"geometry":{"type":"MultiLineString","coordinates":[[[-96.043766,41.089721],[-96.043766,41.089718]]]}},{"type":"Feature","properties":{"type":"drawing","level":"LEVEL 1","Layer":"A-WALL","source":"LEVEL_1.dxf","SubClasses":"AcDbEntity:AcDbLine","EntityHandle":"389","interactive":false},"geometry":{"type":"MultiLineString","coordinates":[[[-96.043766,41.089718],[-96.043706,41.089718]]]}},{"type":"Feature","properties":{"type":"drawing","level":"LEVEL 1","Layer":"A-WALL","source":"LEVEL_1.dxf","SubClasses":"AcDbEntity:AcDbLine","EntityHandle":"38A","interactive":false},"geometry":{"type":"MultiLineString","coordinates":[[[-96.043706,41.089718],[-96.043706,41.089721]]]}},{"type":"Feature","properties":{"type":"drawing","level":"LEVEL 1","Layer":"A-WALL","source":"LEVEL_1.dxf","SubClasses":"AcDbEntity:AcDbLine","EntityHandle":"38B","interactive":false},"geometry":{"type":"MultiLineString","coordinates":[[[-96.043778,41.089721],[-96.043837,41.089721]]]}},{"type":"Feature","properties":{"type":"drawing","level":"LEVEL 1","Layer":"A-WALL","source":"LEVEL_1.dxf","SubClasses":"AcDbEntity:AcDbLine","EntityHandle":"38C","interactive":false},"geometry":{"type":"MultiLineString","coordinates":[[[-96.043837,41.089721],[-96.043837,41.089718]]]}},{"type":"Feature","properties":{"type":"drawing","level":"LEVEL 1","Layer":"A-WALL","source":"LEVEL_1.dxf","SubClasses":"AcDbEntity:AcDbLine","EntityHandle":"38D","interactive":false},"geometry":{"type":"MultiLineString","coordinates":[[[-96.043837,41.089718],[-96.043778,41.089718]]]}},{"type":"Feature","properties":{"type":"drawing","level":"LEVEL 1","Layer":"A-WALL","source":"LEVEL_1.dxf","SubClasses":"AcDbEntity:AcDbLine","EntityHandle":"38E","interactive":false},"geometry":{"type":"MultiLineString","coordinates":[[[-96.043778,41.089718],[-96.043778,41.089721]]]}},{"type":"Feature","properties":{"type":"drawing","level":"LEVEL 1","Layer":"A-WALL","source":"LEVEL_1.dxf","SubClasses":"AcDbEntity:AcDbLine","EntityHandle":"38F","interactive":false},"geometry":{"type":"MultiLineString","coordinates":[[[-96.043888,41.089721],[-96.044003,41.089721]]]}},{"type":"Feature","properties":{"type":"drawing","level":"LEVEL 1","Layer":"A-WALL","source":"LEVEL_1.dxf","SubClasses":"AcDbEntity:AcDbLine","EntityHandle":"391","interactive":false},"geometry":{"type":"MultiLineString","coordinates":[[[-96.043999,41.089718],[-96.043888,41.089718]]]}},{"type":"Feature","properties":{"type":"drawing","level":"LEVEL 1","Layer":"A-WALL","source":"LEVEL_1.dxf","SubClasses":"AcDbEntity:AcDbLine","EntityHandle":"392","interactive":false},"geometry":{"type":"MultiLineString","coordinates":[[[-96.043888,41.089718],[-96.043888,41.089721]]]}},{"type":"Feature","properties":{"type":"drawing","level":"LEVEL 1","Layer":"A-WALL","source":"LEVEL_1.dxf","SubClasses":"AcDbEntity:AcDbLine","EntityHandle":"393","interactive":false},"geometry":{"type":"MultiLineString","coordinates":[[[-96.044003,41.089721],[-96.044003,41.089579]]]}},{"type":"Feature","properties":{"type":"drawing","level":"LEVEL 1","Layer":"A-WALL","source":"LEVEL_1.dxf","SubClasses":"AcDbEntity:AcDbLine","EntityHandle":"394","interactive":false},"geometry":{"type":"MultiLineString","coordinates":[[[-96.044003,41.089579],[-96.043999,41.089579]]]}},{"type":"Feature","properties":{"type":"drawing","level":"LEVEL 1","Layer":"A-WALL","source":"LEVEL_1.dxf","SubClasses":"AcDbEntity:AcDbLine","EntityHandle":"395","interactive":false},"geometry":{"type":"MultiLineString","coordinates":[[[-96.043999,41.089579],[-96.043999,41.089718]]]}},{"type":"Feature","properties":{"type":"drawing","level":"LEVEL 1","Layer":"A-WALL","source":"LEVEL_1.dxf","SubClasses":"AcDbEntity:AcDbLine","EntityHandle":"396","interactive":false},"geometry":{"type":"MultiLineString","coordinates":[[[-96.044003,41.08957],[-96.044003,41.089445]]]}},{"type":"Feature","properties":{"type":"drawing","level":"LEVEL 1","Layer":"A-WALL","source":"LEVEL_1.dxf","SubClasses":"AcDbEntity:AcDbLine","EntityHandle":"397","interactive":false},"geometry":{"type":"MultiLineString","coordinates":[[[-96.043999,41.089448],[-96.043999,41.08957]]]}},{"type":"Feature","properties":{"type":"drawing","level":"LEVEL 1","Layer":"A-WALL","source":"LEVEL_1.dxf","SubClasses":"AcDbEntity:AcDbLine","EntityHandle":"398","interactive":false},"geometry":{"type":"MultiLineString","coordinates":[[[-96.043999,41.08957],[-96.044003,41.08957]]]}},{"type":"Feature","properties":{"type":"drawing","level":"LEVEL 1","Layer":"A-DOOR","source":"LEVEL_1.dxf","SubClasses":"AcDbEntity:AcDbBlockReference","EntityHandle":"3B9","interactive":false},"geometry":{"type":"MultiLineString","coordinates":[[[-96.044014,41.08957],[-96.044014,41.089571],[-96.044013,41.089571],[-96.044013,41.089572],[-96.044013,41.089573],[-96.044013,41.089573],[-96.044013,41.089574],[-96.044012,41.089574],[-96.044012,41.089575],[-96.044012,41.089575],[-96.044011,41.089576],[-96.044011,41.089576],[-96.04401,41.089576],[-96.04401,41.089577],[-96.044009,41.089577],[-96.044008,41.089577],[-96.044008,41.089578],[-96.044007,41.089578],[-96.044006,41.089578],[-96.044006,41.089578],[-96.044005,41.089578],[-96.044004,41.089579],[-96.044003,41.089579],[-96.044003,41.089579]],[[-96.044003,41.08957],[-96.044014,41.08957]],[[-96.044014,41.08957],[-96.044014,41.089571]],[[-96.044014,41.089571],[-96.044003,41.089571]],[[-96.044003,41.089571],[-96.044003,41.08957]],[[-96.044014,41.08957],[-96.044014,41.089571],[-96.044013,41.089571],[-96.044013,41.089572],[-96.044013,41.089573],[-96.044013,41.089573],[-96.044013,41.089574],[-96.044012,41.089574],[-96.044012,41.089575],[-96.044012,41.089575],[-96.044011,41.089576],[-96.044011,41.089576],[-96.04401,41.089576],[-96.04401,41.089577],[-96.044009,41.089577],[-96.044008,41.089577],[-96.044008,41.089578],[-96.044007,41.089578],[-96.044006,41.089578],[-96.044006,41.089578],[-96.044005,41.089578],[-96.044004,41.089579],[-96.044003,41.089579],[-96.044003,41.089579]],[[-96.044002,41.089579],[-96.044003,41.089579]],[[-96.044002,41.089578],[-96.044002,41.089579]],[[-96.044002,41.089578],[-96.044002,41.089578]],[[-96.044002,41.089579],[-96.044002,41.089578]],[[-96.043999,41.089579],[-96.044002,41.089579]],[[-96.043999,41.089579],[-96.043999,41.089579]],[[-96.044003,41.089579],[-96.043999,41.089579]],[[-96.044003,41.089579],[-96.044003,41.089579]],[[-96.043999,41.08957],[-96.044003,41.08957]],[[-96.043999,41.08957],[-96.043999,41.08957]],[[-96.044002,41.08957],[-96.043999,41.08957]],[[-96.044002,41.08957],[-96.044002,41.08957]],[[-96.044002,41.08957],[-96.044002,41.08957]],[[-96.044002,41.08957],[-96.044002,41.08957]],[[-96.044003,41.08957],[-96.044002,41.08957]],[[-96.044003,41.08957],[-96.044003,41.08957]],[[-96.044014,41.08957],[-96.044014,41.089571]],[[-96.044003,41.08957],[-96.044014,41.08957]],[[-96.044014,41.089571],[-96.044003,41.089571]],[[-96.044003,41.08957],[-96.044003,41.089571]],[[-96.044014,41.08957],[-96.044014,41.089571],[-96.044013,41.089571],[-96.044013,41.089572],[-96.044013,41.089573],[-96.044013,41.089573],[-96.044013,41.089574],[-96.044012,41.089574],[-96.044012,41.089575],[-96.044012,41.089575],[-96.044011,41.089576],[-96.044011,41.089576],[-96.04401,41.089576],[-96.04401,41.089577],[-96.044009,41.089577],[-96.044008,41.089577],[-96.044008,41.089578],[-96.044007,41.089578],[-96.044006,41.089578],[-96.044006,41.089578],[-96.044005,41.089578],[-96.044004,41.089579],[-96.044003,41.089579],[-96.044003,41.089579]],[[-96.044014,41.08957],[-96.044014,41.089571],[-96.044013,41.089571],[-96.044013,41.089572],[-96.044013,41.089573],[-96.044013,41.089573],[-96.044013,41.089574],[-96.044012,41.089574],[-96.044012,41.089575],[-96.044012,41.089575],[-96.044011,41.089576],[-96.044011,41.089576],[-96.04401,41.089576],[-96.04401,41.089577],[-96.044009,41.089577],[-96.044008,41.089577],[-96.044008,41.089578],[-96.044007,41.089578],[-96.044006,41.089578],[-96.044006,41.089578],[-96.044005,41.089578],[-96.044004,41.089579],[-96.044003,41.089579],[-96.044003,41.089579]]]}},{"type":"Feature","properties":{"type":"drawing","level":"LEVEL 1","Layer":"A-DOOR","source":"LEVEL_1.dxf","SubClasses":"AcDbEntity:AcDbBlockReference","EntityHandle":"3BA","interactive":false},"geometry":{"type":"MultiLineString","coordinates":[[[-96.043617,41.089437],[-96.043617,41.089437],[-96.043618,41.089437],[-96.043619,41.089437],[-96.043619,41.089437],[-96.04362,41.089437],[-96.043621,41.089437],[-96.043622,41.089437],[-96.043622,41.089438],[-96.043623,41.089438],[-96.043623,41.089438],[-96.043624,41.089439],[-96.043625,41.089439],[-96.043625,41.08944],[-96.043625,41.08944],[-96.043626,41.089441],[-96.043626,41.089441],[-96.043627,41.089442],[-96.043627,41.089442],[-96.043627,41.089443],[-96.043627,41.089443],[-96.043627,41.089444],[-96.043627,41.089444],[-96.043627,41.089445]],[[-96.043617,41.089445],[-96.043617,41.089437]],[[-96.043617,41.089437],[-96.043617,41.089437]],[[-96.043617,41.089437],[-96.043617,41.089445]],[[-96.043617,41.089445],[-96.043617,41.089445]],[[-96.043617,41.089437],[-96.043617,41.089437],[-96.043618,41.089437],[-96.043619,41.089437],[-96.043619,41.089437],[-96.04362,41.089437],[-96.043621,41.089437],[-96.043622,41.089437],[-96.043622,41.089438],[-96.043623,41.089438],[-96.043623,41.089438],[-96.043624,41.089439],[-96.043625,41.089439],[-96.043625,41.08944],[-96.043625,41.08944],[-96.043626,41.089441],[-96.043626,41.089441],[-96.043627,41.089442],[-96.043627,41.089442],[-96.043627,41.089443],[-96.043627,41.089443],[-96.043627,41.089444],[-96.043627,41.089444],[-96.043627,41.089445]],[[-96.043627,41.089445],[-96.043627,41.089445]],[[-96.043627,41.089445],[-96.043627,41.089445]],[[-96.043627,41.089446],[-96.043627,41.089445]],[[-96.043627,41.089446],[-96.043627,41.089446]],[[-96.043627,41.089448],[-96.043627,41.089446]],[[-96.043628,41.089448],[-96.043627,41.089448]],[[-96.043628,41.089445],[-96.043628,41.089448]],[[-96.043627,41.089445],[-96.043628,41.089445]],[[-96.043616,41.089448],[-96.043616,41.089445]],[[-96.043617,41.089448],[-96.043616,41.089448]],[[-96.043617,41.089446],[-96.043617,41.089448]],[[-96.043617,41.089446],[-96.043617,41.089446]],[[-96.043617,41.089445],[-96.043617,41.089446]],[[-96.043617,41.089445],[-96.043617,41.089445]],[[-96.043617,41.089445],[-96.043617,41.089445]],[[-96.043616,41.089445],[-96.043617,41.089445]],[[-96.043617,41.089437],[-96.043617,41.089437]],[[-96.043617,41.089445],[-96.043617,41.089437]],[[-96.043617,41.089437],[-96.043617,41.089445]],[[-96.043617,41.089445],[-96.043617,41.089445]],[[-96.043617,41.089437],[-96.043617,41.089437],[-96.043618,41.089437],[-96.043619,41.089437],[-96.043619,41.089437],[-96.04362,41.089437],[-96.043621,41.089437],[-96.043622,41.089437],[-96.043622,41.089438],[-96.043623,41.089438],[-96.043623,41.089438],[-96.043624,41.089439],[-96.043625,41.089439],[-96.043625,41.08944],[-96.043625,41.08944],[-96.043626,41.089441],[-96.043626,41.089441],[-96.043627,41.089442],[-96.043627,41.089442],[-96.043627,41.089443],[-96.043627,41.089443],[-96.043627,41.089444],[-96.043627,41.089444],[-96.043627,41.089445]],[[-96.043617,41.089437],[-96.043617,41.089437],[-96.043618,41.089437],[-96.043619,41.089437],[-96.043619,41.089437],[-96.04362,41.089437],[-96.043621,41.089437],[-96.043622,41.089437],[-96.043622,41.089438],[-96.043623,41.089438],[-96.043623,41.089438],[-96.043624,41.089439],[-96.043625,41.089439],[-96.043625,41.08944],[-96.043625,41.08944],[-96.043626,41.089441],[-96.043626,41.089441],[-96.043627,41.089442],[-96.043627,41.089442],[-96.043627,41.089443],[-96.043627,41.089443],[-96.043627,41.089444],[-96.043627,41.089444],[-96.043627,41.089445]]]}},{"type":"Feature","properties":{"type":"drawing","level":"LEVEL 1","Layer":"A-DOOR","source":"LEVEL_1.dxf","SubClasses":"AcDbEntity:AcDbBlockReference","EntityHandle":"3BB","interactive":false},"geometry":{"type":"MultiLineString","coordinates":[[[-96.043417,41.089729],[-96.043417,41.089729],[-96.043416,41.089729],[-96.043415,41.089729],[-96.043414,41.089729],[-96.043414,41.089729],[-96.043413,41.089729],[-96.043412,41.089728],[-96.043412,41.089728],[-96.043411,41.089728],[-96.04341,41.089727],[-96.04341,41.089727],[-96.043409,41.089727],[-96.043409,41.089726],[-96.043408,41.089726],[-96.043408,41.089725],[-96.043408,41.089725],[-96.043407,41.089724],[-96.043407,41.089724],[-96.043407,41.089723],[-96.043407,41.089723],[-96.043406,41.089722],[-96.043406,41.089722],[-96.043406,41.089721]],[[-96.043417,41.089721],[-96.043417,41.089729]],[[-96.043417,41.089729],[-96.043417,41.089729]],[[-96.043417,41.089729],[-96.043417,41.089721]],[[-96.043417,41.089721],[-96.043417,41.089721]],[[-96.043417,41.089729],[-96.043417,41.089729],[-96.043416,41.089729],[-96.043415,41.089729],[-96.043414,41.089729],[-96.043414,41.089729],[-96.043413,41.089729],[-96.043412,41.089728],[-96.043412,41.089728],[-96.043411,41.089728],[-96.04341,41.089727],[-96.04341,41.089727],[-96.043409,41.089727],[-96.043409,41.089726],[-96.043408,41.089726],[-96.043408,41.089725],[-96.043408,41.089725],[-96.043407,41.089724],[-96.043407,41.089724],[-96.043407,41.089723],[-96.043407,41.089723],[-96.043406,41.089722],[-96.043406,41.089722],[-96.043406,41.089721]],[[-96.043406,41.089721],[-96.043406,41.089721]],[[-96.043406,41.089721],[-96.043406,41.089721]],[[-96.043406,41.08972],[-96.043406,41.089721]],[[-96.043406,41.08972],[-96.043406,41.08972]],[[-96.043406,41.089718],[-96.043406,41.08972]],[[-96.043406,41.089718],[-96.043406,41.089718]],[[-96.043406,41.089721],[-96.043406,41.089718]],[[-96.043406,41.089721],[-96.043406,41.089721]],[[-96.043418,41.089718],[-96.043418,41.089721]],[[-96.043417,41.089718],[-96.043418,41.089718]],[[-96.043417,41.08972],[-96.043417,41.089718]],[[-96.043417,41.08972],[-96.043417,41.08972]],[[-96.043417,41.089721],[-96.043417,41.08972]],[[-96.043417,41.089721],[-96.043417,41.089721]],[[-96.043417,41.089721],[-96.043417,41.089721]],[[-96.043418,41.089721],[-96.043417,41.089721]],[[-96.043417,41.089729],[-96.043417,41.089729]],[[-96.043417,41.089721],[-96.043417,41.089729]],[[-96.043417,41.089729],[-96.043417,41.089721]],[[-96.043417,41.089721],[-96.043417,41.089721]],[[-96.043417,41.089729],[-96.043417,41.089729],[-96.043416,41.089729],[-96.043415,41.089729],[-96.043414,41.089729],[-96.043414,41.089729],[-96.043413,41.089729],[-96.043412,41.089728],[-96.043412,41.089728],[-96.043411,41.089728],[-96.04341,41.089727],[-96.04341,41.089727],[-96.043409,41.089727],[-96.043409,41.089726],[-96.043408,41.089726],[-96.043408,41.089725],[-96.043408,41.089725],[-96.043407,41.089724],[-96.043407,41.089724],[-96.043407,41.089723],[-96.043407,41.089723],[-96.043406,41.089722],[-96.043406,41.089722],[-96.043406,41.089721]],[[-96.043417,41.089729],[-96.043417,41.089729],[-96.043416,41.089729],[-96.043415,41.089729],[-96.043414,41.089729],[-96.043414,41.089729],[-96.043413,41.089729],[-96.043412,41.089728],[-96.043412,41.089728],[-96.043411,41.089728],[-96.04341,41.089727],[-96.04341,41.089727],[-96.043409,41.089727],[-96.043409,41.089726],[-96.043408,41.089726],[-96.043408,41.089725],[-96.043408,41.089725],[-96.043407,41.089724],[-96.043407,41.089724],[-96.043407,41.089723],[-96.043407,41.089723],[-96.043406,41.089722],[-96.043406,41.089722],[-96.043406,41.089721]]]}},{"type":"Feature","properties":{"type":"drawing","level":"LEVEL 1","Layer":"A-DOOR","source":"LEVEL_1.dxf","SubClasses":"AcDbEntity:AcDbBlockReference","EntityHandle":"3BC","interactive":false},"geometry":{"type":"MultiLineString","coordinates":[[[-96.043778,41.089729],[-96.043777,41.089729],[-96.043776,41.089729],[-96.043775,41.089729],[-96.043775,41.089729],[-96.043774,41.089729],[-96.043773,41.089729],[-96.043773,41.089728],[-96.043772,41.089728],[-96.043771,41.089728],[-96.043771,41.089727],[-96.04377,41.089727],[-96.04377,41.089727],[-96.043769,41.089726],[-96.043769,41.089726],[-96.043768,41.089725],[-96.043768,41.089725],[-96.043768,41.089724],[-96.043767,41.089724],[-96.043767,41.089723],[-96.043767,41.089723],[-96.043767,41.089722],[-96.043767,41.089722],[-96.043767,41.089721]],[[-96.043778,41.089721],[-96.043778,41.089729]],[[-96.043778,41.089729],[-96.043777,41.089729]],[[-96.043777,41.089729],[-96.043777,41.089721]],[[-96.043777,41.089721],[-96.043778,41.089721]],[[-96.043778,41.089729],[-96.043777,41.089729],[-96.043776,41.089729],[-96.043775,41.089729],[-96.043775,41.089729],[-96.043774,41.089729],[-96.043773,41.089729],[-96.043773,41.089728],[-96.043772,41.089728],[-96.043771,41.089728],[-96.043771,41.089727],[-96.04377,41.089727],[-96.04377,41.089727],[-96.043769,41.089726],[-96.043769,41.089726],[-96.043768,41.089725],[-96.043768,41.089725],[-96.043768,41.089724],[-96.043767,41.089724],[-96.043767,41.089723],[-96.043767,41.089723],[-96.043767,41.089722],[-96.043767,41.089722],[-96.043767,41.089721]],[[-96.043767,41.089721],[-96.043767,41.089721]],[[-96.043767,41.089721],[-96.043767,41.089721]],[[-96.043767,41.08972],[-96.043767,41.089721]],[[-96.043767,41.08972],[-96.043767,41.08972]],[[-96.043767,41.089718],[-96.043767,41.08972]],[[-96.043766,41.089718],[-96.043767,41.089718]],[[-96.043766,41.089721],[-96.043766,41.089718]],[[-96.043767,41.089721],[-96.043766,41.089721]],[[-96.043778,41.089718],[-96.043778,41.089721]],[[-96.043778,41.089718],[-96.043778,41.089718]],[[-96.043778,41.08972],[-96.043778,41.089718]],[[-96.043778,41.08972],[-96.043778,41.08972]],[[-96.043778,41.089721],[-96.043778,41.08972]],[[-96.043778,41.089721],[-96.043778,41.089721]],[[-96.043778,41.089721],[-96.043778,41.089721]],[[-96.043778,41.089721],[-96.043778,41.089721]],[[-96.043778,41.089729],[-96.043777,41.089729]],[[-96.043778,41.089721],[-96.043778,41.089729]],[[-96.043777,41.089729],[-96.043777,41.089721]],[[-96.043778,41.089721],[-96.043777,41.089721]],[[-96.043778,41.089729],[-96.043777,41.089729],[-96.043776,41.089729],[-96.043775,41.089729],[-96.043775,41.089729],[-96.043774,41.089729],[-96.043773,41.089729],[-96.043773,41.089728],[-96.043772,41.089728],[-96.043771,41.089728],[-96.043771,41.089727],[-96.04377,41.089727],[-96.04377,41.089727],[-96.043769,41.089726],[-96.043769,41.089726],[-96.043768,41.089725],[-96.043768,41.089725],[-96.043768,41.089724],[-96.043767,41.089724],[-96.043767,41.089723],[-96.043767,41.089723],[-96.043767,41.089722],[-96.043767,41.089722],[-96.043767,41.089721]],[[-96.043778,41.089729],[-96.043777,41.089729],[-96.043776,41.089729],[-96.043775,41.089729],[-96.043775,41.089729],[-96.043774,41.089729],[-96.043773,41.089729],[-96.043773,41.089728],[-96.043772,41.089728],[-96.043771,41.089728],[-96.043771,41.089727],[-96.04377,41.089727],[-96.04377,41.089727],[-96.043769,41.089726],[-96.043769,41.089726],[-96.043768,41.089725],[-96.043768,41.089725],[-96.043768,41.089724],[-96.043767,41.089724],[-96.043767,41.089723],[-96.043767,41.089723],[-96.043767,41.089722],[-96.043767,41.089722],[-96.043767,41.089721]]]}},{"type":"Feature","properties":{"type":"drawing","level":"LEVEL 1","Layer":"A-DOOR","source":"LEVEL_1.dxf","SubClasses":"AcDbEntity:AcDbBlockReference","EntityHandle":"3C8","interactive":false},"geometry":{"type":"MultiLineString","coordinates":[[[-96.04398,41.089448],[-96.04398,41.089448]],[[-96.04398,41.089448],[-96.043929,41.089448]],[[-96.043929,41.089448],[-96.043929,41.089448]],[[-96.043929,41.089448],[-96.04398,41.089448]],[[-96.04398,41.089486],[-96.04398,41.089448]],[[-96.043929,41.089486],[-96.04398,41.089486]],[[-96.043929,41.089448],[-96.043929,41.089486]]]}},{"type":"Feature","properties":{"type":"drawing","level":"LEVEL 1","Layer":"A-DOOR","source":"LEVEL_1.dxf","SubClasses":"AcDbEntity:AcDbBlockReference","EntityHandle":"3C9","interactive":false},"geometry":{"type":"MultiLineString","coordinates":[[[-96.043888,41.089448],[-96.043888,41.089448]],[[-96.043888,41.089448],[-96.043837,41.089448]],[[-96.043837,41.089448],[-96.043837,41.089448]],[[-96.043837,41.089448],[-96.043888,41.089448]],[[-96.043888,41.089486],[-96.043888,41.089448]],[[-96.043837,41.089486],[-96.043888,41.089486]],[[-96.043837,41.089448],[-96.043837,41.089486]]]}},{"type":"Feature","properties":{"type":"drawing","level":"LEVEL 1","Layer":"A-DOOR","source":"LEVEL_1.dxf","SubClasses":"AcDbEntity:AcDbBlockReference","EntityHandle":"3CA","interactive":false},"geometry":{"type":"MultiLineString","coordinates":[[[-96.043797,41.089448],[-96.043797,41.089448]],[[-96.043797,41.089448],[-96.043746,41.089448]],[[-96.043746,41.089448],[-96.043746,41.089448]],[[-96.043746,41.089448],[-96.043797,41.089448]],[[-96.043797,41.089486],[-96.043797,41.089448]],[[-96.043746,41.089486],[-96.043797,41.089486]],[[-96.043746,41.089448],[-96.043746,41.089486]]]}},{"type":"Feature","properties":{"type":"drawing","level":"LEVEL 1","Layer":"A-DOOR","source":"LEVEL_1.dxf","SubClasses":"AcDbEntity:AcDbBlockReference","EntityHandle":"3CB","interactive":false},"geometry":{"type":"MultiLineString","coordinates":[[[-96.043706,41.089448],[-96.043706,41.089448]],[[-96.043706,41.089448],[-96.043655,41.089448]],[[-96.043655,41.089448],[-96.043655,41.089448]],[[-96.043655,41.089448],[-96.043706,41.089448]],[[-96.043706,41.089486],[-96.043706,41.089448]],[[-96.043655,41.089486],[-96.043706,41.089486]],[[-96.043655,41.089448],[-96.043655,41.089486]]]}},{"type":"Feature","properties":{"type":"drawing","level":"LEVEL 1","Layer":"A-DOOR","source":"LEVEL_1.dxf","SubClasses":"AcDbEntity:AcDbBlockReference","EntityHandle":"3CC","interactive":false},"geometry":{"type":"MultiLineString","coordinates":[[[-96.043837,41.089718],[-96.043837,41.089718]],[[-96.043837,41.089718],[-96.043888,41.089718]],[[-96.043888,41.089718],[-96.043888,41.089718]],[[-96.043888,41.089718],[-96.043837,41.089718]],[[-96.043837,41.08968],[-96.043837,41.089718]],[[-96.043888,41.08968],[-96.043837,41.08968]],[[-96.043888,41.089718],[-96.043888,41.08968]]]}},{"type":"Feature","properties":{"type":"drawing","level":"LEVEL 1","Layer":"A-DOOR","source":"LEVEL_1.dxf","SubClasses":"AcDbEntity:AcDbBlockReference","EntityHandle":"3CD","interactive":false},"geometry":{"type":"MultiLineString","coordinates":[[[-96.043655,41.089718],[-96.043655,41.089718]],[[-96.043655,41.089718],[-96.043706,41.089718]],[[-96.043706,41.089718],[-96.043706,41.089718]],[[-96.043706,41.089718],[-96.043655,41.089718]],[[-96.043655,41.08968],[-96.043655,41.089718]],[[-96.043706,41.08968],[-96.043655,41.08968]],[[-96.043706,41.089718],[-96.043706,41.08968]]]}},{"type":"Feature","properties":{"type":"drawing","level":"LEVEL 1","Layer":"A-WALL","source":"LEVEL_1.dxf","SubClasses":"AcDbEntity:AcDbLine","EntityHandle":"3CE","interactive":false},"geometry":{"type":"MultiLineString","coordinates":[[[-96.043563,41.089702],[-96.043563,41.089649]]]}},{"type":"Feature","properties":{"type":"drawing","level":"LEVEL 1","Layer":"A-WALL","source":"LEVEL_1.dxf","SubClasses":"AcDbEntity:AcDbLine","EntityHandle":"3CF","interactive":false},"geometry":{"type":"MultiLineString","coordinates":[[[-96.043563,41.089649],[-96.043561,41.089649]]]}},{"type":"Feature","properties":{"type":"drawing","level":"LEVEL 1","Layer":"A-WALL","source":"LEVEL_1.dxf","SubClasses":"AcDbEntity:AcDbLine","EntityHandle":"3D0","interactive":false},"geometry":{"type":"MultiLineString","coordinates":[[[-96.043561,41.089649],[-96.043561,41.089702]]]}},{"type":"Feature","properties":{"type":"drawing","level":"LEVEL 1","Layer":"A-WALL","source":"LEVEL_1.dxf","SubClasses":"AcDbEntity:AcDbLine","EntityHandle":"3D1","interactive":false},"geometry":{"type":"MultiLineString","coordinates":[[[-96.043561,41.089702],[-96.043563,41.089702]]]}},{"type":"Feature","properties":{"type":"drawing","level":"LEVEL 1","Layer":"A-WALL","source":"LEVEL_1.dxf","SubClasses":"AcDbEntity:AcDbLine","EntityHandle":"3D2","interactive":false},"geometry":{"type":"MultiLineString","coordinates":[[[-96.043544,41.089718],[-96.043544,41.089677]]]}},{"type":"Feature","properties":{"type":"drawing","level":"LEVEL 1","Layer":"A-WALL","source":"LEVEL_1.dxf","SubClasses":"AcDbEntity:AcDbLine","EntityHandle":"3D3","interactive":false},"geometry":{"type":"MultiLineString","coordinates":[[[-96.043544,41.089677],[-96.043543,41.089677]]]}},{"type":"Feature","properties":{"type":"drawing","level":"LEVEL 1","Layer":"A-WALL","source":"LEVEL_1.dxf","SubClasses":"AcDbEntity:AcDbLine","EntityHandle":"3D4","interactive":false},"geometry":{"type":"MultiLineString","coordinates":[[[-96.043543,41.089677],[-96.043543,41.089697]]]}},{"type":"Feature","properties":{"type":"drawing","level":"LEVEL 1","Layer":"A-WALL","source":"LEVEL_1.dxf","SubClasses":"AcDbEntity:AcDbLine","EntityHandle":"3D5","interactive":false},"geometry":{"type":"MultiLineString","coordinates":[[[-96.043543,41.089698],[-96.043543,41.089718]]]}},{"type":"Feature","properties":{"type":"drawing","level":"LEVEL 1","Layer":"A-WALL","source":"LEVEL_1.dxf","SubClasses":"AcDbEntity:AcDbLine","EntityHandle":"3D6","interactive":false},"geometry":{"type":"MultiLineString","coordinates":[[[-96.043544,41.089668],[-96.043544,41.089582]]]}},{"type":"Feature","properties":{"type":"drawing","level":"LEVEL 1","Layer":"A-WALL","source":"LEVEL_1.dxf","SubClasses":"AcDbEntity:AcDbLine","EntityHandle":"3D7","interactive":false},"geometry":{"type":"MultiLineString","coordinates":[[[-96.043544,41.089582],[-96.043543,41.089582]]]}},{"type":"Feature","properties":{"type":"drawing","level":"LEVEL 1","Layer":"A-WALL","source":"LEVEL_1.dxf","SubClasses":"AcDbEntity:AcDbLine","EntityHandle":"3D8","interactive":false},"geometry":{"type":"MultiLineString","coordinates":[[[-96.043543,41.089582],[-96.043543,41.089585]]]}},{"type":"Feature","properties":{"type":"drawing","level":"LEVEL 1","Layer":"A-WALL","source":"LEVEL_1.dxf","SubClasses":"AcDbEntity:AcDbLine","EntityHandle":"3D9","interactive":false},"geometry":{"type":"MultiLineString","coordinates":[[[-96.043543,41.089586],[-96.043543,41.089664]]]}},{"type":"Feature","properties":{"type":"drawing","level":"LEVEL 1","Layer":"A-WALL","source":"LEVEL_1.dxf","SubClasses":"AcDbEntity:AcDbLine","EntityHandle":"3DA","interactive":false},"geometry":{"type":"MultiLineString","coordinates":[[[-96.043543,41.089665],[-96.043543,41.089668]]]}},{"type":"Feature","properties":{"type":"drawing","level":"LEVEL 1","Layer":"A-WALL","source":"LEVEL_1.dxf","SubClasses":"AcDbEntity:AcDbLine","EntityHandle":"3DB","interactive":false},"geometry":{"type":"MultiLineString","coordinates":[[[-96.043543,41.089668],[-96.043544,41.089668]]]}},{"type":"Feature","properties":{"type":"drawing","level":"LEVEL 1","Layer":"A-WALL","source":"LEVEL_1.dxf","SubClasses":"AcDbEntity:AcDbLine","EntityHandle":"3DC","interactive":false},"geometry":{"type":"MultiLineString","coordinates":[[[-96.043544,41.089573],[-96.043544,41.089562]]]}},{"type":"Feature","properties":{"type":"drawing","level":"LEVEL 1","Layer":"A-WALL","source":"LEVEL_1.dxf","SubClasses":"AcDbEntity:AcDbLine","EntityHandle":"3DE","interactive":false},"geometry":{"type":"MultiLineString","coordinates":[[[-96.043543,41.089563],[-96.043543,41.089573]]]}},{"type":"Feature","properties":{"type":"drawing","level":"LEVEL 1","Layer":"A-WALL","source":"LEVEL_1.dxf","SubClasses":"AcDbEntity:AcDbLine","EntityHandle":"3DF","interactive":false},"geometry":{"type":"MultiLineString","coordinates":[[[-96.043543,41.089573],[-96.043544,41.089573]]]}},{"type":"Feature","properties":{"type":"drawing","level":"LEVEL 1","Layer":"A-WALL","source":"LEVEL_1.dxf","SubClasses":"AcDbEntity:AcDbLine","EntityHandle":"3E0","interactive":false},"geometry":{"type":"MultiLineString","coordinates":[[[-96.043544,41.089562],[-96.043533,41.089562]]]}},{"type":"Feature","properties":{"type":"drawing","level":"LEVEL 1","Layer":"A-WALL","source":"LEVEL_1.dxf","SubClasses":"AcDbEntity:AcDbLine","EntityHandle":"3E1","interactive":false},"geometry":{"type":"MultiLineString","coordinates":[[[-96.043533,41.089562],[-96.043533,41.089563]]]}},{"type":"Feature","properties":{"type":"drawing","level":"LEVEL 1","Layer":"A-WALL","source":"LEVEL_1.dxf","SubClasses":"AcDbEntity:AcDbLine","EntityHandle":"3E2","interactive":false},"geometry":{"type":"MultiLineString","coordinates":[[[-96.043533,41.089563],[-96.043543,41.089563]]]}},{"type":"Feature","properties":{"type":"drawing","level":"LEVEL 1","Layer":"A-WALL","source":"LEVEL_1.dxf","SubClasses":"AcDbEntity:AcDbLine","EntityHandle":"3E3","interactive":false},"geometry":{"type":"MultiLineString","coordinates":[[[-96.043519,41.089562],[-96.043505,41.089562]]]}},{"type":"Feature","properties":{"type":"drawing","level":"LEVEL 1","Layer":"A-WALL","source":"LEVEL_1.dxf","SubClasses":"AcDbEntity:AcDbLine","EntityHandle":"3E4","interactive":false},"geometry":{"type":"MultiLineString","coordinates":[[[-96.043503,41.089562],[-96.043494,41.089562]]]}},{"type":"Feature","properties":{"type":"drawing","level":"LEVEL 1","Layer":"A-WALL","source":"LEVEL_1.dxf","SubClasses":"AcDbEntity:AcDbLine","EntityHandle":"3E6","interactive":false},"geometry":{"type":"MultiLineString","coordinates":[[[-96.043496,41.089563],[-96.043519,41.089563]]]}},{"type":"Feature","properties":{"type":"drawing","level":"LEVEL 1","Layer":"A-WALL","source":"LEVEL_1.dxf","SubClasses":"AcDbEntity:AcDbLine","EntityHandle":"3E7","interactive":false},"geometry":{"type":"MultiLineString","coordinates":[[[-96.043519,41.089563],[-96.043519,41.089562]]]}},{"type":"Feature","properties":{"type":"drawing","level":"LEVEL 1","Layer":"A-WALL","source":"LEVEL_1.dxf","SubClasses":"AcDbEntity:AcDbLine","EntityHandle":"3E8","interactive":false},"geometry":{"type":"MultiLineString","coordinates":[[[-96.043519,41.089562],[-96.043533,41.089562]]]}},{"type":"Feature","properties":{"type":"drawing","level":"LEVEL 1","Layer":"A-WALL","source":"LEVEL_1.dxf","SubClasses":"AcDbEntity:AcDbLine","EntityHandle":"3E9","interactive":false},"geometry":{"type":"MultiLineString","coordinates":[[[-96.043533,41.089563],[-96.043519,41.089563]]]}},{"type":"Feature","properties":{"type":"drawing","level":"LEVEL 1","Layer":"A-WALL","source":"LEVEL_1.dxf","SubClasses":"AcDbEntity:AcDbLine","EntityHandle":"3EA","interactive":false},"geometry":{"type":"MultiLineString","coordinates":[[[-96.043494,41.089562],[-96.043494,41.089585]]]}},{"type":"Feature","properties":{"type":"drawing","level":"LEVEL 1","Layer":"A-WALL","source":"LEVEL_1.dxf","SubClasses":"AcDbEntity:AcDbLine","EntityHandle":"3EB","interactive":false},"geometry":{"type":"MultiLineString","coordinates":[[[-96.043496,41.089585],[-96.043496,41.089563]]]}},{"type":"Feature","properties":{"type":"drawing","level":"LEVEL 1","Layer":"A-WALL","source":"LEVEL_1.dxf","SubClasses":"AcDbEntity:AcDbLine","EntityHandle":"3EC","interactive":false},"geometry":{"type":"MultiLineString","coordinates":[[[-96.043543,41.089585],[-96.043496,41.089585]]]}},{"type":"Feature","properties":{"type":"drawing","level":"LEVEL 1","Layer":"A-WALL","source":"LEVEL_1.dxf","SubClasses":"AcDbEntity:AcDbLine","EntityHandle":"3ED","interactive":false},"geometry":{"type":"MultiLineString","coordinates":[[[-96.043494,41.089585],[-96.043352,41.089585]]]}},{"type":"Feature","properties":{"type":"drawing","level":"LEVEL 1","Layer":"A-WALL","source":"LEVEL_1.dxf","SubClasses":"AcDbEntity:AcDbLine","EntityHandle":"3EE","interactive":false},"geometry":{"type":"MultiLineString","coordinates":[[[-96.04335,41.089585],[-96.043324,41.089585]]]}},{"type":"Feature","properties":{"type":"drawing","level":"LEVEL 1","Layer":"A-WALL","source":"LEVEL_1.dxf","SubClasses":"AcDbEntity:AcDbLine","EntityHandle":"3EF","interactive":false},"geometry":{"type":"MultiLineString","coordinates":[[[-96.043322,41.089585],[-96.043322,41.089585]]]}},{"type":"Feature","properties":{"type":"drawing","level":"LEVEL 1","Layer":"A-WALL","source":"LEVEL_1.dxf","SubClasses":"AcDbEntity:AcDbLine","EntityHandle":"3F0","interactive":false},"geometry":{"type":"MultiLineString","coordinates":[[[-96.043322,41.089585],[-96.043322,41.089586]]]}},{"type":"Feature","properties":{"type":"drawing","level":"LEVEL 1","Layer":"A-WALL","source":"LEVEL_1.dxf","SubClasses":"AcDbEntity:AcDbLine","EntityHandle":"3F1","interactive":false},"geometry":{"type":"MultiLineString","coordinates":[[[-96.043322,41.089586],[-96.043326,41.089586]]]}},{"type":"Feature","properties":{"type":"drawing","level":"LEVEL 1","Layer":"A-WALL","source":"LEVEL_1.dxf","SubClasses":"AcDbEntity:AcDbLine","EntityHandle":"3F2","interactive":false},"geometry":{"type":"MultiLineString","coordinates":[[[-96.043328,41.089586],[-96.043363,41.089586]]]}},{"type":"Feature","properties":{"type":"drawing","level":"LEVEL 1","Layer":"A-WALL","source":"LEVEL_1.dxf","SubClasses":"AcDbEntity:AcDbLine","EntityHandle":"3F3","interactive":false},"geometry":{"type":"MultiLineString","coordinates":[[[-96.043365,41.089586],[-96.043399,41.089586]]]}},{"type":"Feature","properties":{"type":"drawing","level":"LEVEL 1","Layer":"A-WALL","source":"LEVEL_1.dxf","SubClasses":"AcDbEntity:AcDbLine","EntityHandle":"3F4","interactive":false},"geometry":{"type":"MultiLineString","coordinates":[[[-96.043401,41.089586],[-96.043436,41.089586]]]}},{"type":"Feature","properties":{"type":"drawing","level":"LEVEL 1","Layer":"A-WALL","source":"LEVEL_1.dxf","SubClasses":"AcDbEntity:AcDbLine","EntityHandle":"3F5","interactive":false},"geometry":{"type":"MultiLineString","coordinates":[[[-96.043438,41.089586],[-96.043453,41.089586]]]}},{"type":"Feature","properties":{"type":"drawing","level":"LEVEL 1","Layer":"A-WALL","source":"LEVEL_1.dxf","SubClasses":"AcDbEntity:AcDbLine","EntityHandle":"3F6","interactive":false},"geometry":{"type":"MultiLineString","coordinates":[[[-96.043455,41.089586],[-96.043543,41.089586]]]}},{"type":"Feature","properties":{"type":"drawing","level":"LEVEL 1","Layer":"A-WALL","source":"LEVEL_1.dxf","SubClasses":"AcDbEntity:AcDbLine","EntityHandle":"3F7","interactive":false},"geometry":{"type":"MultiLineString","coordinates":[[[-96.043312,41.089585],[-96.043312,41.089585]]]}},{"type":"Feature","properties":{"type":"drawing","level":"LEVEL 1","Layer":"A-WALL","source":"LEVEL_1.dxf","SubClasses":"AcDbEntity:AcDbLine","EntityHandle":"3F8","interactive":false},"geometry":{"type":"MultiLineString","coordinates":[[[-96.04331,41.089585],[-96.043295,41.089585]]]}},{"type":"Feature","properties":{"type":"drawing","level":"LEVEL 1","Layer":"A-WALL","source":"LEVEL_1.dxf","SubClasses":"AcDbEntity:AcDbLine","EntityHandle":"3F9","interactive":false},"geometry":{"type":"MultiLineString","coordinates":[[[-96.043295,41.089585],[-96.043295,41.089586]]]}},{"type":"Feature","properties":{"type":"drawing","level":"LEVEL 1","Layer":"A-WALL","source":"LEVEL_1.dxf","SubClasses":"AcDbEntity:AcDbLine","EntityHandle":"3FA","interactive":false},"geometry":{"type":"MultiLineString","coordinates":[[[-96.043295,41.089586],[-96.043312,41.089586]]]}},{"type":"Feature","properties":{"type":"drawing","level":"LEVEL 1","Layer":"A-WALL","source":"LEVEL_1.dxf","SubClasses":"AcDbEntity:AcDbLine","EntityHandle":"3FB","interactive":false},"geometry":{"type":"MultiLineString","coordinates":[[[-96.043312,41.089586],[-96.043312,41.089585]]]}},{"type":"Feature","properties":{"type":"drawing","level":"LEVEL 1","Layer":"A-WALL","source":"LEVEL_1.dxf","SubClasses":"AcDbEntity:AcDbLine","EntityHandle":"3FC","interactive":false},"geometry":{"type":"MultiLineString","coordinates":[[[-96.043283,41.089585],[-96.04328,41.089585]]]}},{"type":"Feature","properties":{"type":"drawing","level":"LEVEL 1","Layer":"A-WALL","source":"LEVEL_1.dxf","SubClasses":"AcDbEntity:AcDbLine","EntityHandle":"3FD","interactive":false},"geometry":{"type":"MultiLineString","coordinates":[[[-96.043278,41.089585],[-96.043274,41.089585]]]}},{"type":"Feature","properties":{"type":"drawing","level":"LEVEL 1","Layer":"A-WALL","source":"LEVEL_1.dxf","SubClasses":"AcDbEntity:AcDbLine","EntityHandle":"3FE","interactive":false},"geometry":{"type":"MultiLineString","coordinates":[[[-96.043274,41.089586],[-96.043283,41.089586]]]}},{"type":"Feature","properties":{"type":"drawing","level":"LEVEL 1","Layer":"A-WALL","source":"LEVEL_1.dxf","SubClasses":"AcDbEntity:AcDbLine","EntityHandle":"3FF","interactive":false},"geometry":{"type":"MultiLineString","coordinates":[[[-96.043283,41.089586],[-96.043283,41.089585]]]}},{"type":"Feature","properties":{"type":"drawing","level":"LEVEL 1","Layer":"A-WALL","source":"LEVEL_1.dxf","SubClasses":"AcDbEntity:AcDbLine","EntityHandle":"400","interactive":false},"geometry":{"type":"MultiLineString","coordinates":[[[-96.043324,41.089585],[-96.043324,41.08956]]]}},{"type":"Feature","properties":{"type":"drawing","level":"LEVEL 1","Layer":"A-WALL","source":"LEVEL_1.dxf","SubClasses":"AcDbEntity:AcDbLine","EntityHandle":"401","interactive":false},"geometry":{"type":"MultiLineString","coordinates":[[[-96.043324,41.089558],[-96.043324,41.089523]]]}},{"type":"Feature","properties":{"type":"drawing","level":"LEVEL 1","Layer":"A-WALL","source":"LEVEL_1.dxf","SubClasses":"AcDbEntity:AcDbLine","EntityHandle":"402","interactive":false},"geometry":{"type":"MultiLineString","coordinates":[[[-96.043324,41.089522],[-96.043324,41.089522]]]}},{"type":"Feature","properties":{"type":"drawing","level":"LEVEL 1","Layer":"A-WALL","source":"LEVEL_1.dxf","SubClasses":"AcDbEntity:AcDbLine","EntityHandle":"403","interactive":false},"geometry":{"type":"MultiLineString","coordinates":[[[-96.043324,41.089522],[-96.043322,41.089522]]]}},{"type":"Feature","properties":{"type":"drawing","level":"LEVEL 1","Layer":"A-WALL","source":"LEVEL_1.dxf","SubClasses":"AcDbEntity:AcDbLine","EntityHandle":"404","interactive":false},"geometry":{"type":"MultiLineString","coordinates":[[[-96.043322,41.089522],[-96.043322,41.089585]]]}},{"type":"Feature","properties":{"type":"drawing","level":"LEVEL 1","Layer":"A-WALL","source":"LEVEL_1.dxf","SubClasses":"AcDbEntity:AcDbLine","EntityHandle":"405","interactive":false},"geometry":{"type":"MultiLineString","coordinates":[[[-96.043324,41.089514],[-96.043324,41.089511]]]}},{"type":"Feature","properties":{"type":"drawing","level":"LEVEL 1","Layer":"A-WALL","source":"LEVEL_1.dxf","SubClasses":"AcDbEntity:AcDbLine","EntityHandle":"407","interactive":false},"geometry":{"type":"MultiLineString","coordinates":[[[-96.043322,41.089513],[-96.043322,41.089514]]]}},{"type":"Feature","properties":{"type":"drawing","level":"LEVEL 1","Layer":"A-WALL","source":"LEVEL_1.dxf","SubClasses":"AcDbEntity:AcDbLine","EntityHandle":"408","interactive":false},"geometry":{"type":"MultiLineString","coordinates":[[[-96.043322,41.089514],[-96.043324,41.089514]]]}},{"type":"Feature","properties":{"type":"drawing","level":"LEVEL 1","Layer":"A-WALL","source":"LEVEL_1.dxf","SubClasses":"AcDbEntity:AcDbLine","EntityHandle":"409","interactive":false},"geometry":{"type":"MultiLineString","coordinates":[[[-96.043324,41.089523],[-96.04334,41.089523]]]}},{"type":"Feature","properties":{"type":"drawing","level":"LEVEL 1","Layer":"A-WALL","source":"LEVEL_1.dxf","SubClasses":"AcDbEntity:AcDbLine","EntityHandle":"40B","interactive":false},"geometry":{"type":"MultiLineString","coordinates":[[[-96.043338,41.089522],[-96.043324,41.089522]]]}},{"type":"Feature","properties":{"type":"drawing","level":"LEVEL 1","Layer":"A-WALL","source":"LEVEL_1.dxf","SubClasses":"AcDbEntity:AcDbLine","EntityHandle":"40C","interactive":false},"geometry":{"type":"MultiLineString","coordinates":[[[-96.04334,41.089523],[-96.04334,41.089491]]]}},{"type":"Feature","properties":{"type":"drawing","level":"LEVEL 1","Layer":"A-WALL","source":"LEVEL_1.dxf","SubClasses":"AcDbEntity:AcDbLine","EntityHandle":"40E","interactive":false},"geometry":{"type":"MultiLineString","coordinates":[[[-96.043338,41.089489],[-96.043338,41.089522]]]}},{"type":"Feature","properties":{"type":"drawing","level":"LEVEL 1","Layer":"A-WALL","source":"LEVEL_1.dxf","SubClasses":"AcDbEntity:AcDbLine","EntityHandle":"40F","interactive":false},"geometry":{"type":"MultiLineString","coordinates":[[[-96.04334,41.089491],[-96.043409,41.089491]]]}},{"type":"Feature","properties":{"type":"drawing","level":"LEVEL 1","Layer":"A-WALL","source":"LEVEL_1.dxf","SubClasses":"AcDbEntity:AcDbLine","EntityHandle":"410","interactive":false},"geometry":{"type":"MultiLineString","coordinates":[[[-96.043409,41.089489],[-96.043351,41.089489]]]}},{"type":"Feature","properties":{"type":"drawing","level":"LEVEL 1","Layer":"A-WALL","source":"LEVEL_1.dxf","SubClasses":"AcDbEntity:AcDbLine","EntityHandle":"411","interactive":false},"geometry":{"type":"MultiLineString","coordinates":[[[-96.043349,41.089489],[-96.043338,41.089489]]]}},{"type":"Feature","properties":{"type":"drawing","level":"LEVEL 1","Layer":"A-WALL","source":"LEVEL_1.dxf","SubClasses":"AcDbEntity:AcDbLine","EntityHandle":"412","interactive":false},"geometry":{"type":"MultiLineString","coordinates":[[[-96.043409,41.089448],[-96.043409,41.089451]]]}},{"type":"Feature","properties":{"type":"drawing","level":"LEVEL 1","Layer":"A-WALL","source":"LEVEL_1.dxf","SubClasses":"AcDbEntity:AcDbLine","EntityHandle":"413","interactive":false},"geometry":{"type":"MultiLineString","coordinates":[[[-96.043409,41.089452],[-96.043409,41.089461]]]}},{"type":"Feature","properties":{"type":"drawing","level":"LEVEL 1","Layer":"A-WALL","source":"LEVEL_1.dxf","SubClasses":"AcDbEntity:AcDbLine","EntityHandle":"414","interactive":false},"geometry":{"type":"MultiLineString","coordinates":[[[-96.043409,41.089461],[-96.043411,41.089461]]]}},{"type":"Feature","properties":{"type":"drawing","level":"LEVEL 1","Layer":"A-WALL","source":"LEVEL_1.dxf","SubClasses":"AcDbEntity:AcDbLine","EntityHandle":"415","interactive":false},"geometry":{"type":"MultiLineString","coordinates":[[[-96.043411,41.089461],[-96.043411,41.089448]]]}},{"type":"Feature","properties":{"type":"drawing","level":"LEVEL 1","Layer":"A-WALL","source":"LEVEL_1.dxf","SubClasses":"AcDbEntity:AcDbLine","EntityHandle":"416","interactive":false},"geometry":{"type":"MultiLineString","coordinates":[[[-96.043409,41.089468],[-96.043409,41.089476]]]}},{"type":"Feature","properties":{"type":"drawing","level":"LEVEL 1","Layer":"A-WALL","source":"LEVEL_1.dxf","SubClasses":"AcDbEntity:AcDbLine","EntityHandle":"417","interactive":false},"geometry":{"type":"MultiLineString","coordinates":[[[-96.043409,41.089478],[-96.043409,41.089478]]]}},{"type":"Feature","properties":{"type":"drawing","level":"LEVEL 1","Layer":"A-WALL","source":"LEVEL_1.dxf","SubClasses":"AcDbEntity:AcDbLine","EntityHandle":"418","interactive":false},"geometry":{"type":"MultiLineString","coordinates":[[[-96.043409,41.089478],[-96.043411,41.089478]]]}},{"type":"Feature","properties":{"type":"drawing","level":"LEVEL 1","Layer":"A-WALL","source":"LEVEL_1.dxf","SubClasses":"AcDbEntity:AcDbLine","EntityHandle":"419","interactive":false},"geometry":{"type":"MultiLineString","coordinates":[[[-96.043411,41.089478],[-96.043411,41.089468]]]}},{"type":"Feature","properties":{"type":"drawing","level":"LEVEL 1","Layer":"A-WALL","source":"LEVEL_1.dxf","SubClasses":"AcDbEntity:AcDbLine","EntityHandle":"41A","interactive":false},"geometry":{"type":"MultiLineString","coordinates":[[[-96.043411,41.089468],[-96.043409,41.089468]]]}},{"type":"Feature","properties":{"type":"drawing","level":"LEVEL 1","Layer":"A-WALL","source":"LEVEL_1.dxf","SubClasses":"AcDbEntity:AcDbLine","EntityHandle":"41B","interactive":false},"geometry":{"type":"MultiLineString","coordinates":[[[-96.043409,41.089489],[-96.043409,41.089489]]]}},{"type":"Feature","properties":{"type":"drawing","level":"LEVEL 1","Layer":"A-WALL","source":"LEVEL_1.dxf","SubClasses":"AcDbEntity:AcDbLine","EntityHandle":"41C","interactive":false},"geometry":{"type":"MultiLineString","coordinates":[[[-96.043409,41.089491],[-96.043409,41.089498]]]}},{"type":"Feature","properties":{"type":"drawing","level":"LEVEL 1","Layer":"A-WALL","source":"LEVEL_1.dxf","SubClasses":"AcDbEntity:AcDbLine","EntityHandle":"41E","interactive":false},"geometry":{"type":"MultiLineString","coordinates":[[[-96.043411,41.089496],[-96.043411,41.089489]]]}},{"type":"Feature","properties":{"type":"drawing","level":"LEVEL 1","Layer":"A-WALL","source":"LEVEL_1.dxf","SubClasses":"AcDbEntity:AcDbLine","EntityHandle":"41F","interactive":false},"geometry":{"type":"MultiLineString","coordinates":[[[-96.043411,41.089489],[-96.043409,41.089489]]]}},{"type":"Feature","properties":{"type":"drawing","level":"LEVEL 1","Layer":"A-WALL","source":"LEVEL_1.dxf","SubClasses":"AcDbEntity:AcDbLine","EntityHandle":"420","interactive":false},"geometry":{"type":"MultiLineString","coordinates":[[[-96.043409,41.089468],[-96.043409,41.089461]]]}},{"type":"Feature","properties":{"type":"drawing","level":"LEVEL 1","Layer":"A-WALL","source":"LEVEL_1.dxf","SubClasses":"AcDbEntity:AcDbLine","EntityHandle":"421","interactive":false},"geometry":{"type":"MultiLineString","coordinates":[[[-96.043411,41.089461],[-96.043411,41.089468]]]}},{"type":"Feature","properties":{"type":"drawing","level":"LEVEL 1","Layer":"A-WALL","source":"LEVEL_1.dxf","SubClasses":"AcDbEntity:AcDbLine","EntityHandle":"422","interactive":false},"geometry":{"type":"MultiLineString","coordinates":[[[-96.043409,41.089498],[-96.043437,41.089498]]]}},{"type":"Feature","properties":{"type":"drawing","level":"LEVEL 1","Layer":"A-WALL","source":"LEVEL_1.dxf","SubClasses":"AcDbEntity:AcDbLine","EntityHandle":"423","interactive":false},"geometry":{"type":"MultiLineString","coordinates":[[[-96.043438,41.089498],[-96.043455,41.089498]]]}},{"type":"Feature","properties":{"type":"drawing","level":"LEVEL 1","Layer":"A-WALL","source":"LEVEL_1.dxf","SubClasses":"AcDbEntity:AcDbLine","EntityHandle":"424","interactive":false},"geometry":{"type":"MultiLineString","coordinates":[[[-96.043455,41.089498],[-96.043455,41.089496]]]}},{"type":"Feature","properties":{"type":"drawing","level":"LEVEL 1","Layer":"A-WALL","source":"LEVEL_1.dxf","SubClasses":"AcDbEntity:AcDbLine","EntityHandle":"425","interactive":false},"geometry":{"type":"MultiLineString","coordinates":[[[-96.043455,41.089496],[-96.043427,41.089496]]]}},{"type":"Feature","properties":{"type":"drawing","level":"LEVEL 1","Layer":"A-WALL","source":"LEVEL_1.dxf","SubClasses":"AcDbEntity:AcDbLine","EntityHandle":"426","interactive":false},"geometry":{"type":"MultiLineString","coordinates":[[[-96.043425,41.089496],[-96.043411,41.089496]]]}},{"type":"Feature","properties":{"type":"drawing","level":"LEVEL 1","Layer":"A-WALL","source":"LEVEL_1.dxf","SubClasses":"AcDbEntity:AcDbLine","EntityHandle":"427","interactive":false},"geometry":{"type":"MultiLineString","coordinates":[[[-96.043469,41.089498],[-96.043469,41.089498]]]}},{"type":"Feature","properties":{"type":"drawing","level":"LEVEL 1","Layer":"A-WALL","source":"LEVEL_1.dxf","SubClasses":"AcDbEntity:AcDbLine","EntityHandle":"428","interactive":false},"geometry":{"type":"MultiLineString","coordinates":[[[-96.043469,41.089498],[-96.043469,41.089496]]]}},{"type":"Feature","properties":{"type":"drawing","level":"LEVEL 1","Layer":"A-WALL","source":"LEVEL_1.dxf","SubClasses":"AcDbEntity:AcDbLine","EntityHandle":"429","interactive":false},"geometry":{"type":"MultiLineString","coordinates":[[[-96.043469,41.089496],[-96.043467,41.089496]]]}},{"type":"Feature","properties":{"type":"drawing","level":"LEVEL 1","Layer":"A-WALL","source":"LEVEL_1.dxf","SubClasses":"AcDbEntity:AcDbLine","EntityHandle":"42B","interactive":false},"geometry":{"type":"MultiLineString","coordinates":[[[-96.043481,41.089498],[-96.043503,41.089498]]]}},{"type":"Feature","properties":{"type":"drawing","level":"LEVEL 1","Layer":"A-WALL","source":"LEVEL_1.dxf","SubClasses":"AcDbEntity:AcDbLine","EntityHandle":"42C","interactive":false},"geometry":{"type":"MultiLineString","coordinates":[[[-96.043503,41.089496],[-96.043481,41.089496]]]}},{"type":"Feature","properties":{"type":"drawing","level":"LEVEL 1","Layer":"A-WALL","source":"LEVEL_1.dxf","SubClasses":"AcDbEntity:AcDbLine","EntityHandle":"42D","interactive":false},"geometry":{"type":"MultiLineString","coordinates":[[[-96.043481,41.089496],[-96.043481,41.089498]]]}},{"type":"Feature","properties":{"type":"drawing","level":"LEVEL 1","Layer":"A-WALL","source":"LEVEL_1.dxf","SubClasses":"AcDbEntity:AcDbLine","EntityHandle":"42E","interactive":false},"geometry":{"type":"MultiLineString","coordinates":[[[-96.043425,41.089448],[-96.043425,41.089486]]]}},{"type":"Feature","properties":{"type":"drawing","level":"LEVEL 1","Layer":"A-WALL","source":"LEVEL_1.dxf","SubClasses":"AcDbEntity:AcDbLine","EntityHandle":"42F","interactive":false},"geometry":{"type":"MultiLineString","coordinates":[[[-96.043425,41.089486],[-96.043427,41.089486]]]}},{"type":"Feature","properties":{"type":"drawing","level":"LEVEL 1","Layer":"A-WALL","source":"LEVEL_1.dxf","SubClasses":"AcDbEntity:AcDbLine","EntityHandle":"430","interactive":false},"geometry":{"type":"MultiLineString","coordinates":[[[-96.043427,41.089486],[-96.043427,41.089485]]]}},{"type":"Feature","properties":{"type":"drawing","level":"LEVEL 1","Layer":"A-WALL","source":"LEVEL_1.dxf","SubClasses":"AcDbEntity:AcDbLine","EntityHandle":"431","interactive":false},"geometry":{"type":"MultiLineString","coordinates":[[[-96.043427,41.089484],[-96.043427,41.089448]]]}},{"type":"Feature","properties":{"type":"drawing","level":"LEVEL 1","Layer":"A-WALL","source":"LEVEL_1.dxf","SubClasses":"AcDbEntity:AcDbLine","EntityHandle":"432","interactive":false},"geometry":{"type":"MultiLineString","coordinates":[[[-96.043425,41.089495],[-96.043425,41.089496]]]}},{"type":"Feature","properties":{"type":"drawing","level":"LEVEL 1","Layer":"A-WALL","source":"LEVEL_1.dxf","SubClasses":"AcDbEntity:AcDbLine","EntityHandle":"433","interactive":false},"geometry":{"type":"MultiLineString","coordinates":[[[-96.043427,41.089496],[-96.043427,41.089495]]]}},{"type":"Feature","properties":{"type":"drawing","level":"LEVEL 1","Layer":"A-WALL","source":"LEVEL_1.dxf","SubClasses":"AcDbEntity:AcDbLine","EntityHandle":"434","interactive":false},"geometry":{"type":"MultiLineString","coordinates":[[[-96.043427,41.089495],[-96.043425,41.089495]]]}},{"type":"Feature","properties":{"type":"drawing","level":"LEVEL 1","Layer":"A-WALL","source":"LEVEL_1.dxf","SubClasses":"AcDbEntity:AcDbLine","EntityHandle":"435","interactive":false},"geometry":{"type":"MultiLineString","coordinates":[[[-96.043427,41.089485],[-96.043449,41.089485]]]}},{"type":"Feature","properties":{"type":"drawing","level":"LEVEL 1","Layer":"A-WALL","source":"LEVEL_1.dxf","SubClasses":"AcDbEntity:AcDbLine","EntityHandle":"436","interactive":false},"geometry":{"type":"MultiLineString","coordinates":[[[-96.043449,41.089485],[-96.043449,41.089484]]]}},{"type":"Feature","properties":{"type":"drawing","level":"LEVEL 1","Layer":"A-WALL","source":"LEVEL_1.dxf","SubClasses":"AcDbEntity:AcDbLine","EntityHandle":"437","interactive":false},"geometry":{"type":"MultiLineString","coordinates":[[[-96.043449,41.089484],[-96.043427,41.089484]]]}},{"type":"Feature","properties":{"type":"drawing","level":"LEVEL 1","Layer":"A-WALL","source":"LEVEL_1.dxf","SubClasses":"AcDbEntity:AcDbLine","EntityHandle":"438","interactive":false},"geometry":{"type":"MultiLineString","coordinates":[[[-96.043461,41.089485],[-96.04349,41.089485]]]}},{"type":"Feature","properties":{"type":"drawing","level":"LEVEL 1","Layer":"A-WALL","source":"LEVEL_1.dxf","SubClasses":"AcDbEntity:AcDbLine","EntityHandle":"439","interactive":false},"geometry":{"type":"MultiLineString","coordinates":[[[-96.04349,41.089485],[-96.04349,41.089484]]]}},{"type":"Feature","properties":{"type":"drawing","level":"LEVEL 1","Layer":"A-WALL","source":"LEVEL_1.dxf","SubClasses":"AcDbEntity:AcDbLine","EntityHandle":"43A","interactive":false},"geometry":{"type":"MultiLineString","coordinates":[[[-96.04349,41.089484],[-96.043464,41.089484]]]}},{"type":"Feature","properties":{"type":"drawing","level":"LEVEL 1","Layer":"A-WALL","source":"LEVEL_1.dxf","SubClasses":"AcDbEntity:AcDbLine","EntityHandle":"43B","interactive":false},"geometry":{"type":"MultiLineString","coordinates":[[[-96.043462,41.089484],[-96.043461,41.089484]]]}},{"type":"Feature","properties":{"type":"drawing","level":"LEVEL 1","Layer":"A-WALL","source":"LEVEL_1.dxf","SubClasses":"AcDbEntity:AcDbLine","EntityHandle":"43C","interactive":false},"geometry":{"type":"MultiLineString","coordinates":[[[-96.043461,41.089484],[-96.043461,41.089485]]]}},{"type":"Feature","properties":{"type":"drawing","level":"LEVEL 1","Layer":"A-WALL","source":"LEVEL_1.dxf","SubClasses":"AcDbEntity:AcDbLine","EntityHandle":"43D","interactive":false},"geometry":{"type":"MultiLineString","coordinates":[[[-96.043502,41.089485],[-96.043503,41.089485]]]}},{"type":"Feature","properties":{"type":"drawing","level":"LEVEL 1","Layer":"A-WALL","source":"LEVEL_1.dxf","SubClasses":"AcDbEntity:AcDbLine","EntityHandle":"43E","interactive":false},"geometry":{"type":"MultiLineString","coordinates":[[[-96.043505,41.089485],[-96.043523,41.089485]]]}},{"type":"Feature","properties":{"type":"drawing","level":"LEVEL 1","Layer":"A-WALL","source":"LEVEL_1.dxf","SubClasses":"AcDbEntity:AcDbLine","EntityHandle":"43F","interactive":false},"geometry":{"type":"MultiLineString","coordinates":[[[-96.043523,41.089485],[-96.043523,41.089484]]]}},{"type":"Feature","properties":{"type":"drawing","level":"LEVEL 1","Layer":"A-WALL","source":"LEVEL_1.dxf","SubClasses":"AcDbEntity:AcDbLine","EntityHandle":"440","interactive":false},"geometry":{"type":"MultiLineString","coordinates":[[[-96.043523,41.089484],[-96.043514,41.089484]]]}},{"type":"Feature","properties":{"type":"drawing","level":"LEVEL 1","Layer":"A-WALL","source":"LEVEL_1.dxf","SubClasses":"AcDbEntity:AcDbLine","EntityHandle":"441","interactive":false},"geometry":{"type":"MultiLineString","coordinates":[[[-96.043513,41.089484],[-96.043505,41.089484]]]}},{"type":"Feature","properties":{"type":"drawing","level":"LEVEL 1","Layer":"A-WALL","source":"LEVEL_1.dxf","SubClasses":"AcDbEntity:AcDbLine","EntityHandle":"442","interactive":false},"geometry":{"type":"MultiLineString","coordinates":[[[-96.043503,41.089484],[-96.043502,41.089484]]]}},{"type":"Feature","properties":{"type":"drawing","level":"LEVEL 1","Layer":"A-WALL","source":"LEVEL_1.dxf","SubClasses":"AcDbEntity:AcDbLine","EntityHandle":"443","interactive":false},"geometry":{"type":"MultiLineString","coordinates":[[[-96.043502,41.089484],[-96.043502,41.089485]]]}},{"type":"Feature","properties":{"type":"drawing","level":"LEVEL 1","Layer":"A-WALL","source":"LEVEL_1.dxf","SubClasses":"AcDbEntity:AcDbLine","EntityHandle":"444","interactive":false},"geometry":{"type":"MultiLineString","coordinates":[[[-96.043532,41.089485],[-96.043542,41.089485]]]}},{"type":"Feature","properties":{"type":"drawing","level":"LEVEL 1","Layer":"A-WALL","source":"LEVEL_1.dxf","SubClasses":"AcDbEntity:AcDbLine","EntityHandle":"446","interactive":false},"geometry":{"type":"MultiLineString","coordinates":[[[-96.04354,41.089484],[-96.043532,41.089484]]]}},{"type":"Feature","properties":{"type":"drawing","level":"LEVEL 1","Layer":"A-WALL","source":"LEVEL_1.dxf","SubClasses":"AcDbEntity:AcDbLine","EntityHandle":"447","interactive":false},"geometry":{"type":"MultiLineString","coordinates":[[[-96.043532,41.089484],[-96.043532,41.089485]]]}},{"type":"Feature","properties":{"type":"drawing","level":"LEVEL 1","Layer":"A-WALL","source":"LEVEL_1.dxf","SubClasses":"AcDbEntity:AcDbLine","EntityHandle":"448","interactive":false},"geometry":{"type":"MultiLineString","coordinates":[[[-96.043532,41.089485],[-96.043523,41.089485]]]}},{"type":"Feature","properties":{"type":"drawing","level":"LEVEL 1","Layer":"A-WALL","source":"LEVEL_1.dxf","SubClasses":"AcDbEntity:AcDbLine","EntityHandle":"449","interactive":false},"geometry":{"type":"MultiLineString","coordinates":[[[-96.043523,41.089484],[-96.043532,41.089484]]]}},{"type":"Feature","properties":{"type":"drawing","level":"LEVEL 1","Layer":"A-WALL","source":"LEVEL_1.dxf","SubClasses":"AcDbEntity:AcDbLine","EntityHandle":"44A","interactive":false},"geometry":{"type":"MultiLineString","coordinates":[[[-96.043542,41.089485],[-96.043542,41.089479]]]}},{"type":"Feature","properties":{"type":"drawing","level":"LEVEL 1","Layer":"A-WALL","source":"LEVEL_1.dxf","SubClasses":"AcDbEntity:AcDbLine","EntityHandle":"44B","interactive":false},"geometry":{"type":"MultiLineString","coordinates":[[[-96.043542,41.089479],[-96.04354,41.089479]]]}},{"type":"Feature","properties":{"type":"drawing","level":"LEVEL 1","Layer":"A-WALL","source":"LEVEL_1.dxf","SubClasses":"AcDbEntity:AcDbLine","EntityHandle":"44C","interactive":false},"geometry":{"type":"MultiLineString","coordinates":[[[-96.04354,41.089479],[-96.04354,41.089484]]]}},{"type":"Feature","properties":{"type":"drawing","level":"LEVEL 1","Layer":"A-WALL","source":"LEVEL_1.dxf","SubClasses":"AcDbEntity:AcDbLine","EntityHandle":"44D","interactive":false},"geometry":{"type":"MultiLineString","coordinates":[[[-96.043542,41.089464],[-96.043542,41.089448]]]}},{"type":"Feature","properties":{"type":"drawing","level":"LEVEL 1","Layer":"A-WALL","source":"LEVEL_1.dxf","SubClasses":"AcDbEntity:AcDbLine","EntityHandle":"44E","interactive":false},"geometry":{"type":"MultiLineString","coordinates":[[[-96.04354,41.089448],[-96.04354,41.089464]]]}},{"type":"Feature","properties":{"type":"drawing","level":"LEVEL 1","Layer":"A-WALL","source":"LEVEL_1.dxf","SubClasses":"AcDbEntity:AcDbLine","EntityHandle":"44F","interactive":false},"geometry":{"type":"MultiLineString","coordinates":[[[-96.04354,41.089464],[-96.043542,41.089464]]]}},{"type":"Feature","properties":{"type":"drawing","level":"LEVEL 1","Layer":"A-WALL","source":"LEVEL_1.dxf","SubClasses":"AcDbEntity:AcDbLine","EntityHandle":"450","interactive":false},"geometry":{"type":"MultiLineString","coordinates":[[[-96.043514,41.089484],[-96.043514,41.089477]]]}},{"type":"Feature","properties":{"type":"drawing","level":"LEVEL 1","Layer":"A-WALL","source":"LEVEL_1.dxf","SubClasses":"AcDbEntity:AcDbLine","EntityHandle":"451","interactive":false},"geometry":{"type":"MultiLineString","coordinates":[[[-96.043514,41.089477],[-96.043512,41.089477]]]}},{"type":"Feature","properties":{"type":"drawing","level":"LEVEL 1","Layer":"A-WALL","source":"LEVEL_1.dxf","SubClasses":"AcDbEntity:AcDbLine","EntityHandle":"452","interactive":false},"geometry":{"type":"MultiLineString","coordinates":[[[-96.043513,41.089478],[-96.043513,41.089484]]]}},{"type":"Feature","properties":{"type":"drawing","level":"LEVEL 1","Layer":"A-WALL","source":"LEVEL_1.dxf","SubClasses":"AcDbEntity:AcDbLine","EntityHandle":"454","interactive":false},"geometry":{"type":"MultiLineString","coordinates":[[[-96.043512,41.089477],[-96.043512,41.089478]]]}},{"type":"Feature","properties":{"type":"drawing","level":"LEVEL 1","Layer":"A-WALL","source":"LEVEL_1.dxf","SubClasses":"AcDbEntity:AcDbLine","EntityHandle":"455","interactive":false},"geometry":{"type":"MultiLineString","coordinates":[[[-96.043512,41.089478],[-96.043513,41.089478]]]}},{"type":"Feature","properties":{"type":"drawing","level":"LEVEL 1","Layer":"A-WALL","source":"LEVEL_1.dxf","SubClasses":"AcDbEntity:AcDbLine","EntityHandle":"456","interactive":false},"geometry":{"type":"MultiLineString","coordinates":[[[-96.043506,41.089477],[-96.043503,41.089477]]]}},{"type":"Feature","properties":{"type":"drawing","level":"LEVEL 1","Layer":"A-WALL","source":"LEVEL_1.dxf","SubClasses":"AcDbEntity:AcDbLine","EntityHandle":"458","interactive":false},"geometry":{"type":"MultiLineString","coordinates":[[[-96.043505,41.089478],[-96.043506,41.089478]]]}},{"type":"Feature","properties":{"type":"drawing","level":"LEVEL 1","Layer":"A-WALL","source":"LEVEL_1.dxf","SubClasses":"AcDbEntity:AcDbLine","EntityHandle":"459","interactive":false},"geometry":{"type":"MultiLineString","coordinates":[[[-96.043506,41.089478],[-96.043506,41.089477]]]}},{"type":"Feature","properties":{"type":"drawing","level":"LEVEL 1","Layer":"A-WALL","source":"LEVEL_1.dxf","SubClasses":"AcDbEntity:AcDbLine","EntityHandle":"45A","interactive":false},"geometry":{"type":"MultiLineString","coordinates":[[[-96.043503,41.089477],[-96.043503,41.089484]]]}},{"type":"Feature","properties":{"type":"drawing","level":"LEVEL 1","Layer":"A-WALL","source":"LEVEL_1.dxf","SubClasses":"AcDbEntity:AcDbLine","EntityHandle":"45B","interactive":false},"geometry":{"type":"MultiLineString","coordinates":[[[-96.043505,41.089484],[-96.043505,41.089478]]]}},{"type":"Feature","properties":{"type":"drawing","level":"LEVEL 1","Layer":"A-WALL","source":"LEVEL_1.dxf","SubClasses":"AcDbEntity:AcDbLine","EntityHandle":"45C","interactive":false},"geometry":{"type":"MultiLineString","coordinates":[[[-96.043503,41.089485],[-96.043503,41.089487]]]}},{"type":"Feature","properties":{"type":"drawing","level":"LEVEL 1","Layer":"A-WALL","source":"LEVEL_1.dxf","SubClasses":"AcDbEntity:AcDbLine","EntityHandle":"45D","interactive":false},"geometry":{"type":"MultiLineString","coordinates":[[[-96.043503,41.089487],[-96.043505,41.089487]]]}},{"type":"Feature","properties":{"type":"drawing","level":"LEVEL 1","Layer":"A-WALL","source":"LEVEL_1.dxf","SubClasses":"AcDbEntity:AcDbLine","EntityHandle":"45E","interactive":false},"geometry":{"type":"MultiLineString","coordinates":[[[-96.043505,41.089487],[-96.043505,41.089485]]]}},{"type":"Feature","properties":{"type":"drawing","level":"LEVEL 1","Layer":"A-WALL","source":"LEVEL_1.dxf","SubClasses":"AcDbEntity:AcDbLine","EntityHandle":"45F","interactive":false},"geometry":{"type":"MultiLineString","coordinates":[[[-96.043503,41.089496],[-96.043503,41.089496]]]}},{"type":"Feature","properties":{"type":"drawing","level":"LEVEL 1","Layer":"A-WALL","source":"LEVEL_1.dxf","SubClasses":"AcDbEntity:AcDbLine","EntityHandle":"460","interactive":false},"geometry":{"type":"MultiLineString","coordinates":[[[-96.043503,41.089498],[-96.043503,41.089507]]]}},{"type":"Feature","properties":{"type":"drawing","level":"LEVEL 1","Layer":"A-WALL","source":"LEVEL_1.dxf","SubClasses":"AcDbEntity:AcDbLine","EntityHandle":"461","interactive":false},"geometry":{"type":"MultiLineString","coordinates":[[[-96.043503,41.089507],[-96.043505,41.089507]]]}},{"type":"Feature","properties":{"type":"drawing","level":"LEVEL 1","Layer":"A-WALL","source":"LEVEL_1.dxf","SubClasses":"AcDbEntity:AcDbLine","EntityHandle":"462","interactive":false},"geometry":{"type":"MultiLineString","coordinates":[[[-96.043505,41.089507],[-96.043505,41.089496]]]}},{"type":"Feature","properties":{"type":"drawing","level":"LEVEL 1","Layer":"A-WALL","source":"LEVEL_1.dxf","SubClasses":"AcDbEntity:AcDbLine","EntityHandle":"463","interactive":false},"geometry":{"type":"MultiLineString","coordinates":[[[-96.043505,41.089496],[-96.043503,41.089496]]]}},{"type":"Feature","properties":{"type":"drawing","level":"LEVEL 1","Layer":"A-WALL","source":"LEVEL_1.dxf","SubClasses":"AcDbEntity:AcDbLine","EntityHandle":"464","interactive":false},"geometry":{"type":"MultiLineString","coordinates":[[[-96.043503,41.089518],[-96.043503,41.089529]]]}},{"type":"Feature","properties":{"type":"drawing","level":"LEVEL 1","Layer":"A-WALL","source":"LEVEL_1.dxf","SubClasses":"AcDbEntity:AcDbLine","EntityHandle":"465","interactive":false},"geometry":{"type":"MultiLineString","coordinates":[[[-96.043503,41.08953],[-96.043503,41.089535]]]}},{"type":"Feature","properties":{"type":"drawing","level":"LEVEL 1","Layer":"A-WALL","source":"LEVEL_1.dxf","SubClasses":"AcDbEntity:AcDbLine","EntityHandle":"466","interactive":false},"geometry":{"type":"MultiLineString","coordinates":[[[-96.043503,41.089535],[-96.043505,41.089535]]]}},{"type":"Feature","properties":{"type":"drawing","level":"LEVEL 1","Layer":"A-WALL","source":"LEVEL_1.dxf","SubClasses":"AcDbEntity:AcDbLine","EntityHandle":"467","interactive":false},"geometry":{"type":"MultiLineString","coordinates":[[[-96.043505,41.089535],[-96.043505,41.089518]]]}},{"type":"Feature","properties":{"type":"drawing","level":"LEVEL 1","Layer":"A-WALL","source":"LEVEL_1.dxf","SubClasses":"AcDbEntity:AcDbLine","EntityHandle":"468","interactive":false},"geometry":{"type":"MultiLineString","coordinates":[[[-96.043505,41.089518],[-96.043503,41.089518]]]}},{"type":"Feature","properties":{"type":"drawing","level":"LEVEL 1","Layer":"A-WALL","source":"LEVEL_1.dxf","SubClasses":"AcDbEntity:AcDbLine","EntityHandle":"469","interactive":false},"geometry":{"type":"MultiLineString","coordinates":[[[-96.043503,41.089557],[-96.043503,41.089562]]]}},{"type":"Feature","properties":{"type":"drawing","level":"LEVEL 1","Layer":"A-WALL","source":"LEVEL_1.dxf","SubClasses":"AcDbEntity:AcDbLine","EntityHandle":"46A","interactive":false},"geometry":{"type":"MultiLineString","coordinates":[[[-96.043505,41.089562],[-96.043505,41.089557]]]}},{"type":"Feature","properties":{"type":"drawing","level":"LEVEL 1","Layer":"A-WALL","source":"LEVEL_1.dxf","SubClasses":"AcDbEntity:AcDbLine","EntityHandle":"46B","interactive":false},"geometry":{"type":"MultiLineString","coordinates":[[[-96.043505,41.089557],[-96.043503,41.089557]]]}},{"type":"Feature","properties":{"type":"drawing","level":"LEVEL 1","Layer":"A-WALL","source":"LEVEL_1.dxf","SubClasses":"AcDbEntity:AcDbLine","EntityHandle":"46C","interactive":false},"geometry":{"type":"MultiLineString","coordinates":[[[-96.043503,41.089518],[-96.043503,41.089507]]]}},{"type":"Feature","properties":{"type":"drawing","level":"LEVEL 1","Layer":"A-WALL","source":"LEVEL_1.dxf","SubClasses":"AcDbEntity:AcDbLine","EntityHandle":"46D","interactive":false},"geometry":{"type":"MultiLineString","coordinates":[[[-96.043505,41.089507],[-96.043505,41.089518]]]}},{"type":"Feature","properties":{"type":"drawing","level":"LEVEL 1","Layer":"A-WALL","source":"LEVEL_1.dxf","SubClasses":"AcDbEntity:AcDbLine","EntityHandle":"46E","interactive":false},"geometry":{"type":"MultiLineString","coordinates":[[[-96.043503,41.089529],[-96.043481,41.089529]]]}},{"type":"Feature","properties":{"type":"drawing","level":"LEVEL 1","Layer":"A-WALL","source":"LEVEL_1.dxf","SubClasses":"AcDbEntity:AcDbLine","EntityHandle":"46F","interactive":false},"geometry":{"type":"MultiLineString","coordinates":[[[-96.043481,41.089529],[-96.043481,41.08953]]]}},{"type":"Feature","properties":{"type":"drawing","level":"LEVEL 1","Layer":"A-WALL","source":"LEVEL_1.dxf","SubClasses":"AcDbEntity:AcDbLine","EntityHandle":"470","interactive":false},"geometry":{"type":"MultiLineString","coordinates":[[[-96.043481,41.08953],[-96.043503,41.08953]]]}},{"type":"Feature","properties":{"type":"drawing","level":"LEVEL 1","Layer":"A-WALL","source":"LEVEL_1.dxf","SubClasses":"AcDbEntity:AcDbLine","EntityHandle":"471","interactive":false},"geometry":{"type":"MultiLineString","coordinates":[[[-96.043469,41.089529],[-96.043469,41.089529]]]}},{"type":"Feature","properties":{"type":"drawing","level":"LEVEL 1","Layer":"A-WALL","source":"LEVEL_1.dxf","SubClasses":"AcDbEntity:AcDbLine","EntityHandle":"473","interactive":false},"geometry":{"type":"MultiLineString","coordinates":[[[-96.043467,41.08953],[-96.043469,41.08953]]]}},{"type":"Feature","properties":{"type":"drawing","level":"LEVEL 1","Layer":"A-WALL","source":"LEVEL_1.dxf","SubClasses":"AcDbEntity:AcDbLine","EntityHandle":"474","interactive":false},"geometry":{"type":"MultiLineString","coordinates":[[[-96.043469,41.08953],[-96.043469,41.089529]]]}},{"type":"Feature","properties":{"type":"drawing","level":"LEVEL 1","Layer":"A-WALL","source":"LEVEL_1.dxf","SubClasses":"AcDbEntity:AcDbLine","EntityHandle":"475","interactive":false},"geometry":{"type":"MultiLineString","coordinates":[[[-96.043469,41.089529],[-96.043469,41.089498]]]}},{"type":"Feature","properties":{"type":"drawing","level":"LEVEL 1","Layer":"A-WALL","source":"LEVEL_1.dxf","SubClasses":"AcDbEntity:AcDbLine","EntityHandle":"476","interactive":false},"geometry":{"type":"MultiLineString","coordinates":[[[-96.043467,41.089496],[-96.043467,41.089511]]]}},{"type":"Feature","properties":{"type":"drawing","level":"LEVEL 1","Layer":"A-WALL","source":"LEVEL_1.dxf","SubClasses":"AcDbEntity:AcDbLine","EntityHandle":"477","interactive":false},"geometry":{"type":"MultiLineString","coordinates":[[[-96.043467,41.089512],[-96.043467,41.08953]]]}},{"type":"Feature","properties":{"type":"drawing","level":"LEVEL 1","Layer":"A-WALL","source":"LEVEL_1.dxf","SubClasses":"AcDbEntity:AcDbLine","EntityHandle":"478","interactive":false},"geometry":{"type":"MultiLineString","coordinates":[[[-96.043467,41.089511],[-96.043438,41.089511]]]}},{"type":"Feature","properties":{"type":"drawing","level":"LEVEL 1","Layer":"A-WALL","source":"LEVEL_1.dxf","SubClasses":"AcDbEntity:AcDbLine","EntityHandle":"47A","interactive":false},"geometry":{"type":"MultiLineString","coordinates":[[[-96.043437,41.089512],[-96.043467,41.089512]]]}},{"type":"Feature","properties":{"type":"drawing","level":"LEVEL 1","Layer":"A-WALL","source":"LEVEL_1.dxf","SubClasses":"AcDbEntity:AcDbLine","EntityHandle":"47B","interactive":false},"geometry":{"type":"MultiLineString","coordinates":[[[-96.043438,41.089511],[-96.043438,41.089498]]]}},{"type":"Feature","properties":{"type":"drawing","level":"LEVEL 1","Layer":"A-WALL","source":"LEVEL_1.dxf","SubClasses":"AcDbEntity:AcDbLine","EntityHandle":"47C","interactive":false},"geometry":{"type":"MultiLineString","coordinates":[[[-96.043437,41.089498],[-96.043437,41.089512]]]}},{"type":"Feature","properties":{"type":"drawing","level":"LEVEL 1","Layer":"A-WALL","source":"LEVEL_1.dxf","SubClasses":"AcDbEntity:AcDbLine","EntityHandle":"47D","interactive":false},"geometry":{"type":"MultiLineString","coordinates":[[[-96.043409,41.089476],[-96.043397,41.089476]]]}},{"type":"Feature","properties":{"type":"drawing","level":"LEVEL 1","Layer":"A-WALL","source":"LEVEL_1.dxf","SubClasses":"AcDbEntity:AcDbLine","EntityHandle":"47E","interactive":false},"geometry":{"type":"MultiLineString","coordinates":[[[-96.043397,41.089476],[-96.043397,41.089478]]]}},{"type":"Feature","properties":{"type":"drawing","level":"LEVEL 1","Layer":"A-WALL","source":"LEVEL_1.dxf","SubClasses":"AcDbEntity:AcDbLine","EntityHandle":"47F","interactive":false},"geometry":{"type":"MultiLineString","coordinates":[[[-96.043397,41.089478],[-96.043409,41.089478]]]}},{"type":"Feature","properties":{"type":"drawing","level":"LEVEL 1","Layer":"A-WALL","source":"LEVEL_1.dxf","SubClasses":"AcDbEntity:AcDbLine","EntityHandle":"480","interactive":false},"geometry":{"type":"MultiLineString","coordinates":[[[-96.043384,41.089476],[-96.043351,41.089476]]]}},{"type":"Feature","properties":{"type":"drawing","level":"LEVEL 1","Layer":"A-WALL","source":"LEVEL_1.dxf","SubClasses":"AcDbEntity:AcDbLine","EntityHandle":"481","interactive":false},"geometry":{"type":"MultiLineString","coordinates":[[[-96.043349,41.089476],[-96.04334,41.089476]]]}},{"type":"Feature","properties":{"type":"drawing","level":"LEVEL 1","Layer":"A-WALL","source":"LEVEL_1.dxf","SubClasses":"AcDbEntity:AcDbLine","EntityHandle":"482","interactive":false},"geometry":{"type":"MultiLineString","coordinates":[[[-96.04334,41.089476],[-96.04334,41.089478]]]}},{"type":"Feature","properties":{"type":"drawing","level":"LEVEL 1","Layer":"A-WALL","source":"LEVEL_1.dxf","SubClasses":"AcDbEntity:AcDbLine","EntityHandle":"483","interactive":false},"geometry":{"type":"MultiLineString","coordinates":[[[-96.04334,41.089478],[-96.043349,41.089478]]]}},{"type":"Feature","properties":{"type":"drawing","level":"LEVEL 1","Layer":"A-WALL","source":"LEVEL_1.dxf","SubClasses":"AcDbEntity:AcDbLine","EntityHandle":"484","interactive":false},"geometry":{"type":"MultiLineString","coordinates":[[[-96.043351,41.089478],[-96.043384,41.089478]]]}},{"type":"Feature","properties":{"type":"drawing","level":"LEVEL 1","Layer":"A-WALL","source":"LEVEL_1.dxf","SubClasses":"AcDbEntity:AcDbLine","EntityHandle":"485","interactive":false},"geometry":{"type":"MultiLineString","coordinates":[[[-96.043384,41.089478],[-96.043384,41.089476]]]}},{"type":"Feature","properties":{"type":"drawing","level":"LEVEL 1","Layer":"A-WALL","source":"LEVEL_1.dxf","SubClasses":"AcDbEntity:AcDbLine","EntityHandle":"486","interactive":false},"geometry":{"type":"MultiLineString","coordinates":[[[-96.043328,41.089476],[-96.043317,41.089476]]]}},{"type":"Feature","properties":{"type":"drawing","level":"LEVEL 1","Layer":"A-WALL","source":"LEVEL_1.dxf","SubClasses":"AcDbEntity:AcDbLine","EntityHandle":"487","interactive":false},"geometry":{"type":"MultiLineString","coordinates":[[[-96.043317,41.089478],[-96.043323,41.089478]]]}},{"type":"Feature","properties":{"type":"drawing","level":"LEVEL 1","Layer":"A-WALL","source":"LEVEL_1.dxf","SubClasses":"AcDbEntity:AcDbLine","EntityHandle":"488","interactive":false},"geometry":{"type":"MultiLineString","coordinates":[[[-96.043325,41.089478],[-96.043328,41.089478]]]}},{"type":"Feature","properties":{"type":"drawing","level":"LEVEL 1","Layer":"A-WALL","source":"LEVEL_1.dxf","SubClasses":"AcDbEntity:AcDbLine","EntityHandle":"489","interactive":false},"geometry":{"type":"MultiLineString","coordinates":[[[-96.043328,41.089478],[-96.043328,41.089476]]]}},{"type":"Feature","properties":{"type":"drawing","level":"LEVEL 1","Layer":"A-WALL","source":"LEVEL_1.dxf","SubClasses":"AcDbEntity:AcDbLine","EntityHandle":"48A","interactive":false},"geometry":{"type":"MultiLineString","coordinates":[[[-96.043315,41.089448],[-96.043315,41.089479]]]}},{"type":"Feature","properties":{"type":"drawing","level":"LEVEL 1","Layer":"A-WALL","source":"LEVEL_1.dxf","SubClasses":"AcDbEntity:AcDbLine","EntityHandle":"48B","interactive":false},"geometry":{"type":"MultiLineString","coordinates":[[[-96.043315,41.089479],[-96.043317,41.089479]]]}},{"type":"Feature","properties":{"type":"drawing","level":"LEVEL 1","Layer":"A-WALL","source":"LEVEL_1.dxf","SubClasses":"AcDbEntity:AcDbLine","EntityHandle":"48C","interactive":false},"geometry":{"type":"MultiLineString","coordinates":[[[-96.043317,41.089479],[-96.043317,41.089478]]]}},{"type":"Feature","properties":{"type":"drawing","level":"LEVEL 1","Layer":"A-WALL","source":"LEVEL_1.dxf","SubClasses":"AcDbEntity:AcDbLine","EntityHandle":"48D","interactive":false},"geometry":{"type":"MultiLineString","coordinates":[[[-96.043317,41.089476],[-96.043317,41.089448]]]}},{"type":"Feature","properties":{"type":"drawing","level":"LEVEL 1","Layer":"A-WALL","source":"LEVEL_1.dxf","SubClasses":"AcDbEntity:AcDbLine","EntityHandle":"48E","interactive":false},"geometry":{"type":"MultiLineString","coordinates":[[[-96.043315,41.089487],[-96.043315,41.089492]]]}},{"type":"Feature","properties":{"type":"drawing","level":"LEVEL 1","Layer":"A-WALL","source":"LEVEL_1.dxf","SubClasses":"AcDbEntity:AcDbLine","EntityHandle":"48F","interactive":false},"geometry":{"type":"MultiLineString","coordinates":[[[-96.043315,41.089492],[-96.043317,41.089492]]]}},{"type":"Feature","properties":{"type":"drawing","level":"LEVEL 1","Layer":"A-WALL","source":"LEVEL_1.dxf","SubClasses":"AcDbEntity:AcDbLine","EntityHandle":"490","interactive":false},"geometry":{"type":"MultiLineString","coordinates":[[[-96.043317,41.089492],[-96.043317,41.089489]]]}},{"type":"Feature","properties":{"type":"drawing","level":"LEVEL 1","Layer":"A-WALL","source":"LEVEL_1.dxf","SubClasses":"AcDbEntity:AcDbLine","EntityHandle":"491","interactive":false},"geometry":{"type":"MultiLineString","coordinates":[[[-96.043317,41.089487],[-96.043317,41.089487]]]}},{"type":"Feature","properties":{"type":"drawing","level":"LEVEL 1","Layer":"A-WALL","source":"LEVEL_1.dxf","SubClasses":"AcDbEntity:AcDbLine","EntityHandle":"492","interactive":false},"geometry":{"type":"MultiLineString","coordinates":[[[-96.043317,41.089487],[-96.043315,41.089487]]]}},{"type":"Feature","properties":{"type":"drawing","level":"LEVEL 1","Layer":"A-WALL","source":"LEVEL_1.dxf","SubClasses":"AcDbEntity:AcDbLine","EntityHandle":"493","interactive":false},"geometry":{"type":"MultiLineString","coordinates":[[[-96.043323,41.089478],[-96.043323,41.089487]]]}},{"type":"Feature","properties":{"type":"drawing","level":"LEVEL 1","Layer":"A-WALL","source":"LEVEL_1.dxf","SubClasses":"AcDbEntity:AcDbLine","EntityHandle":"495","interactive":false},"geometry":{"type":"MultiLineString","coordinates":[[[-96.043325,41.089489],[-96.043325,41.089478]]]}},{"type":"Feature","properties":{"type":"drawing","level":"LEVEL 1","Layer":"A-WALL","source":"LEVEL_1.dxf","SubClasses":"AcDbEntity:AcDbLine","EntityHandle":"496","interactive":false},"geometry":{"type":"MultiLineString","coordinates":[[[-96.043323,41.089487],[-96.043317,41.089487]]]}},{"type":"Feature","properties":{"type":"drawing","level":"LEVEL 1","Layer":"A-WALL","source":"LEVEL_1.dxf","SubClasses":"AcDbEntity:AcDbLine","EntityHandle":"497","interactive":false},"geometry":{"type":"MultiLineString","coordinates":[[[-96.043317,41.089489],[-96.043325,41.089489]]]}},{"type":"Feature","properties":{"type":"drawing","level":"LEVEL 1","Layer":"A-WALL","source":"LEVEL_1.dxf","SubClasses":"AcDbEntity:AcDbLine","EntityHandle":"498","interactive":false},"geometry":{"type":"MultiLineString","coordinates":[[[-96.043351,41.089489],[-96.043351,41.089488]]]}},{"type":"Feature","properties":{"type":"drawing","level":"LEVEL 1","Layer":"A-WALL","source":"LEVEL_1.dxf","SubClasses":"AcDbEntity:AcDbLine","EntityHandle":"499","interactive":false},"geometry":{"type":"MultiLineString","coordinates":[[[-96.043351,41.089488],[-96.043349,41.089488]]]}},{"type":"Feature","properties":{"type":"drawing","level":"LEVEL 1","Layer":"A-WALL","source":"LEVEL_1.dxf","SubClasses":"AcDbEntity:AcDbLine","EntityHandle":"49A","interactive":false},"geometry":{"type":"MultiLineString","coordinates":[[[-96.043349,41.089488],[-96.043349,41.089489]]]}},{"type":"Feature","properties":{"type":"drawing","level":"LEVEL 1","Layer":"A-WALL","source":"LEVEL_1.dxf","SubClasses":"AcDbEntity:AcDbLine","EntityHandle":"49B","interactive":false},"geometry":{"type":"MultiLineString","coordinates":[[[-96.043351,41.089479],[-96.043351,41.089478]]]}},{"type":"Feature","properties":{"type":"drawing","level":"LEVEL 1","Layer":"A-WALL","source":"LEVEL_1.dxf","SubClasses":"AcDbEntity:AcDbLine","EntityHandle":"49C","interactive":false},"geometry":{"type":"MultiLineString","coordinates":[[[-96.043349,41.089478],[-96.043349,41.089479]]]}},{"type":"Feature","properties":{"type":"drawing","level":"LEVEL 1","Layer":"A-WALL","source":"LEVEL_1.dxf","SubClasses":"AcDbEntity:AcDbLine","EntityHandle":"49D","interactive":false},"geometry":{"type":"MultiLineString","coordinates":[[[-96.043349,41.089479],[-96.043351,41.089479]]]}},{"type":"Feature","properties":{"type":"drawing","level":"LEVEL 1","Layer":"A-WALL","source":"LEVEL_1.dxf","SubClasses":"AcDbEntity:AcDbLine","EntityHandle":"49E","interactive":false},"geometry":{"type":"MultiLineString","coordinates":[[[-96.043351,41.089476],[-96.043351,41.089452]]]}},{"type":"Feature","properties":{"type":"drawing","level":"LEVEL 1","Layer":"A-WALL","source":"LEVEL_1.dxf","SubClasses":"AcDbEntity:AcDbLine","EntityHandle":"4A0","interactive":false},"geometry":{"type":"MultiLineString","coordinates":[[[-96.043349,41.089451],[-96.043349,41.089476]]]}},{"type":"Feature","properties":{"type":"drawing","level":"LEVEL 1","Layer":"A-WALL","source":"LEVEL_1.dxf","SubClasses":"AcDbEntity:AcDbLine","EntityHandle":"4A1","interactive":false},"geometry":{"type":"MultiLineString","coordinates":[[[-96.043351,41.089452],[-96.043409,41.089452]]]}},{"type":"Feature","properties":{"type":"drawing","level":"LEVEL 1","Layer":"A-WALL","source":"LEVEL_1.dxf","SubClasses":"AcDbEntity:AcDbLine","EntityHandle":"4A2","interactive":false},"geometry":{"type":"MultiLineString","coordinates":[[[-96.043409,41.089451],[-96.043349,41.089451]]]}},{"type":"Feature","properties":{"type":"drawing","level":"LEVEL 1","Layer":"A-WALL","source":"LEVEL_1.dxf","SubClasses":"AcDbEntity:AcDbLine","EntityHandle":"4A3","interactive":false},"geometry":{"type":"MultiLineString","coordinates":[[[-96.043464,41.089484],[-96.043464,41.089448]]]}},{"type":"Feature","properties":{"type":"drawing","level":"LEVEL 1","Layer":"A-WALL","source":"LEVEL_1.dxf","SubClasses":"AcDbEntity:AcDbLine","EntityHandle":"4A4","interactive":false},"geometry":{"type":"MultiLineString","coordinates":[[[-96.043462,41.089448],[-96.043462,41.089453]]]}},{"type":"Feature","properties":{"type":"drawing","level":"LEVEL 1","Layer":"A-WALL","source":"LEVEL_1.dxf","SubClasses":"AcDbEntity:AcDbLine","EntityHandle":"4A5","interactive":false},"geometry":{"type":"MultiLineString","coordinates":[[[-96.043462,41.089455],[-96.043462,41.089484]]]}},{"type":"Feature","properties":{"type":"drawing","level":"LEVEL 1","Layer":"A-WALL","source":"LEVEL_1.dxf","SubClasses":"AcDbEntity:AcDbLine","EntityHandle":"4A6","interactive":false},"geometry":{"type":"MultiLineString","coordinates":[[[-96.043453,41.089586],[-96.043453,41.089597]]]}},{"type":"Feature","properties":{"type":"drawing","level":"LEVEL 1","Layer":"A-WALL","source":"LEVEL_1.dxf","SubClasses":"AcDbEntity:AcDbLine","EntityHandle":"4A7","interactive":false},"geometry":{"type":"MultiLineString","coordinates":[[[-96.043453,41.089597],[-96.043455,41.089597]]]}},{"type":"Feature","properties":{"type":"drawing","level":"LEVEL 1","Layer":"A-WALL","source":"LEVEL_1.dxf","SubClasses":"AcDbEntity:AcDbLine","EntityHandle":"4A8","interactive":false},"geometry":{"type":"MultiLineString","coordinates":[[[-96.043455,41.089597],[-96.043455,41.089586]]]}},{"type":"Feature","properties":{"type":"drawing","level":"LEVEL 1","Layer":"A-WALL","source":"LEVEL_1.dxf","SubClasses":"AcDbEntity:AcDbLine","EntityHandle":"4A9","interactive":false},"geometry":{"type":"MultiLineString","coordinates":[[[-96.043453,41.089606],[-96.043453,41.089607]]]}},{"type":"Feature","properties":{"type":"drawing","level":"LEVEL 1","Layer":"A-WALL","source":"LEVEL_1.dxf","SubClasses":"AcDbEntity:AcDbLine","EntityHandle":"4AA","interactive":false},"geometry":{"type":"MultiLineString","coordinates":[[[-96.043453,41.089608],[-96.043453,41.089644]]]}},{"type":"Feature","properties":{"type":"drawing","level":"LEVEL 1","Layer":"A-WALL","source":"LEVEL_1.dxf","SubClasses":"AcDbEntity:AcDbLine","EntityHandle":"4AB","interactive":false},"geometry":{"type":"MultiLineString","coordinates":[[[-96.043453,41.089644],[-96.043455,41.089644]]]}},{"type":"Feature","properties":{"type":"drawing","level":"LEVEL 1","Layer":"A-WALL","source":"LEVEL_1.dxf","SubClasses":"AcDbEntity:AcDbLine","EntityHandle":"4AC","interactive":false},"geometry":{"type":"MultiLineString","coordinates":[[[-96.043455,41.089644],[-96.043455,41.089606]]]}},{"type":"Feature","properties":{"type":"drawing","level":"LEVEL 1","Layer":"A-WALL","source":"LEVEL_1.dxf","SubClasses":"AcDbEntity:AcDbLine","EntityHandle":"4AD","interactive":false},"geometry":{"type":"MultiLineString","coordinates":[[[-96.043455,41.089606],[-96.043453,41.089606]]]}},{"type":"Feature","properties":{"type":"drawing","level":"LEVEL 1","Layer":"A-WALL","source":"LEVEL_1.dxf","SubClasses":"AcDbEntity:AcDbLine","EntityHandle":"4AE","interactive":false},"geometry":{"type":"MultiLineString","coordinates":[[[-96.043453,41.089653],[-96.043453,41.089684]]]}},{"type":"Feature","properties":{"type":"drawing","level":"LEVEL 1","Layer":"A-WALL","source":"LEVEL_1.dxf","SubClasses":"AcDbEntity:AcDbLine","EntityHandle":"4AF","interactive":false},"geometry":{"type":"MultiLineString","coordinates":[[[-96.043453,41.089684],[-96.043455,41.089684]]]}},{"type":"Feature","properties":{"type":"drawing","level":"LEVEL 1","Layer":"A-WALL","source":"LEVEL_1.dxf","SubClasses":"AcDbEntity:AcDbLine","EntityHandle":"4B0","interactive":false},"geometry":{"type":"MultiLineString","coordinates":[[[-96.043455,41.089684],[-96.043455,41.089683]]]}},{"type":"Feature","properties":{"type":"drawing","level":"LEVEL 1","Layer":"A-WALL","source":"LEVEL_1.dxf","SubClasses":"AcDbEntity:AcDbLine","EntityHandle":"4B1","interactive":false},"geometry":{"type":"MultiLineString","coordinates":[[[-96.043455,41.089682],[-96.043455,41.089665]]]}},{"type":"Feature","properties":{"type":"drawing","level":"LEVEL 1","Layer":"A-WALL","source":"LEVEL_1.dxf","SubClasses":"AcDbEntity:AcDbLine","EntityHandle":"4B2","interactive":false},"geometry":{"type":"MultiLineString","coordinates":[[[-96.043455,41.089664],[-96.043455,41.089653]]]}},{"type":"Feature","properties":{"type":"drawing","level":"LEVEL 1","Layer":"A-WALL","source":"LEVEL_1.dxf","SubClasses":"AcDbEntity:AcDbLine","EntityHandle":"4B3","interactive":false},"geometry":{"type":"MultiLineString","coordinates":[[[-96.043455,41.089653],[-96.043453,41.089653]]]}},{"type":"Feature","properties":{"type":"drawing","level":"LEVEL 1","Layer":"A-WALL","source":"LEVEL_1.dxf","SubClasses":"AcDbEntity:AcDbLine","EntityHandle":"4B4","interactive":false},"geometry":{"type":"MultiLineString","coordinates":[[[-96.043453,41.089695],[-96.043453,41.089718]]]}},{"type":"Feature","properties":{"type":"drawing","level":"LEVEL 1","Layer":"A-WALL","source":"LEVEL_1.dxf","SubClasses":"AcDbEntity:AcDbLine","EntityHandle":"4B5","interactive":false},"geometry":{"type":"MultiLineString","coordinates":[[[-96.043455,41.089718],[-96.043455,41.089698]]]}},{"type":"Feature","properties":{"type":"drawing","level":"LEVEL 1","Layer":"A-WALL","source":"LEVEL_1.dxf","SubClasses":"AcDbEntity:AcDbLine","EntityHandle":"4B6","interactive":false},"geometry":{"type":"MultiLineString","coordinates":[[[-96.043455,41.089697],[-96.043455,41.089695]]]}},{"type":"Feature","properties":{"type":"drawing","level":"LEVEL 1","Layer":"A-WALL","source":"LEVEL_1.dxf","SubClasses":"AcDbEntity:AcDbLine","EntityHandle":"4B7","interactive":false},"geometry":{"type":"MultiLineString","coordinates":[[[-96.043455,41.089695],[-96.043453,41.089695]]]}},{"type":"Feature","properties":{"type":"drawing","level":"LEVEL 1","Layer":"A-WALL","source":"LEVEL_1.dxf","SubClasses":"AcDbEntity:AcDbLine","EntityHandle":"4B8","interactive":false},"geometry":{"type":"MultiLineString","coordinates":[[[-96.043543,41.089664],[-96.04354,41.089664]]]}},{"type":"Feature","properties":{"type":"drawing","level":"LEVEL 1","Layer":"A-WALL","source":"LEVEL_1.dxf","SubClasses":"AcDbEntity:AcDbLine","EntityHandle":"4B9","interactive":false},"geometry":{"type":"MultiLineString","coordinates":[[[-96.04354,41.089664],[-96.04354,41.089665]]]}},{"type":"Feature","properties":{"type":"drawing","level":"LEVEL 1","Layer":"A-WALL","source":"LEVEL_1.dxf","SubClasses":"AcDbEntity:AcDbLine","EntityHandle":"4BA","interactive":false},"geometry":{"type":"MultiLineString","coordinates":[[[-96.04354,41.089665],[-96.043543,41.089665]]]}},{"type":"Feature","properties":{"type":"drawing","level":"LEVEL 1","Layer":"A-WALL","source":"LEVEL_1.dxf","SubClasses":"AcDbEntity:AcDbLine","EntityHandle":"4BB","interactive":false},"geometry":{"type":"MultiLineString","coordinates":[[[-96.043528,41.089664],[-96.043455,41.089664]]]}},{"type":"Feature","properties":{"type":"drawing","level":"LEVEL 1","Layer":"A-WALL","source":"LEVEL_1.dxf","SubClasses":"AcDbEntity:AcDbLine","EntityHandle":"4BC","interactive":false},"geometry":{"type":"MultiLineString","coordinates":[[[-96.043455,41.089665],[-96.043523,41.089665]]]}},{"type":"Feature","properties":{"type":"drawing","level":"LEVEL 1","Layer":"A-WALL","source":"LEVEL_1.dxf","SubClasses":"AcDbEntity:AcDbLine","EntityHandle":"4BD","interactive":false},"geometry":{"type":"MultiLineString","coordinates":[[[-96.043525,41.089665],[-96.043528,41.089665]]]}},{"type":"Feature","properties":{"type":"drawing","level":"LEVEL 1","Layer":"A-WALL","source":"LEVEL_1.dxf","SubClasses":"AcDbEntity:AcDbLine","EntityHandle":"4BE","interactive":false},"geometry":{"type":"MultiLineString","coordinates":[[[-96.043528,41.089665],[-96.043528,41.089664]]]}},{"type":"Feature","properties":{"type":"drawing","level":"LEVEL 1","Layer":"A-WALL","source":"LEVEL_1.dxf","SubClasses":"AcDbEntity:AcDbLine","EntityHandle":"4BF","interactive":false},"geometry":{"type":"MultiLineString","coordinates":[[[-96.043523,41.089665],[-96.043523,41.089682]]]}},{"type":"Feature","properties":{"type":"drawing","level":"LEVEL 1","Layer":"A-WALL","source":"LEVEL_1.dxf","SubClasses":"AcDbEntity:AcDbLine","EntityHandle":"4C1","interactive":false},"geometry":{"type":"MultiLineString","coordinates":[[[-96.043525,41.089683],[-96.043525,41.089665]]]}},{"type":"Feature","properties":{"type":"drawing","level":"LEVEL 1","Layer":"A-WALL","source":"LEVEL_1.dxf","SubClasses":"AcDbEntity:AcDbLine","EntityHandle":"4C2","interactive":false},"geometry":{"type":"MultiLineString","coordinates":[[[-96.043523,41.089682],[-96.043468,41.089682]]]}},{"type":"Feature","properties":{"type":"drawing","level":"LEVEL 1","Layer":"A-WALL","source":"LEVEL_1.dxf","SubClasses":"AcDbEntity:AcDbLine","EntityHandle":"4C3","interactive":false},"geometry":{"type":"MultiLineString","coordinates":[[[-96.043468,41.089682],[-96.043468,41.089683]]]}},{"type":"Feature","properties":{"type":"drawing","level":"LEVEL 1","Layer":"A-WALL","source":"LEVEL_1.dxf","SubClasses":"AcDbEntity:AcDbLine","EntityHandle":"4C4","interactive":false},"geometry":{"type":"MultiLineString","coordinates":[[[-96.043468,41.089683],[-96.043525,41.089683]]]}},{"type":"Feature","properties":{"type":"drawing","level":"LEVEL 1","Layer":"A-WALL","source":"LEVEL_1.dxf","SubClasses":"AcDbEntity:AcDbLine","EntityHandle":"4C5","interactive":false},"geometry":{"type":"MultiLineString","coordinates":[[[-96.043456,41.089682],[-96.043455,41.089682]]]}},{"type":"Feature","properties":{"type":"drawing","level":"LEVEL 1","Layer":"A-WALL","source":"LEVEL_1.dxf","SubClasses":"AcDbEntity:AcDbLine","EntityHandle":"4C6","interactive":false},"geometry":{"type":"MultiLineString","coordinates":[[[-96.043455,41.089683],[-96.043456,41.089683]]]}},{"type":"Feature","properties":{"type":"drawing","level":"LEVEL 1","Layer":"A-WALL","source":"LEVEL_1.dxf","SubClasses":"AcDbEntity:AcDbLine","EntityHandle":"4C7","interactive":false},"geometry":{"type":"MultiLineString","coordinates":[[[-96.043456,41.089683],[-96.043456,41.089682]]]}},{"type":"Feature","properties":{"type":"drawing","level":"LEVEL 1","Layer":"A-WALL","source":"LEVEL_1.dxf","SubClasses":"AcDbEntity:AcDbLine","EntityHandle":"4C8","interactive":false},"geometry":{"type":"MultiLineString","coordinates":[[[-96.043543,41.089697],[-96.043518,41.089697]]]}},{"type":"Feature","properties":{"type":"drawing","level":"LEVEL 1","Layer":"A-WALL","source":"LEVEL_1.dxf","SubClasses":"AcDbEntity:AcDbLine","EntityHandle":"4C9","interactive":false},"geometry":{"type":"MultiLineString","coordinates":[[[-96.043518,41.089697],[-96.043518,41.089698]]]}},{"type":"Feature","properties":{"type":"drawing","level":"LEVEL 1","Layer":"A-WALL","source":"LEVEL_1.dxf","SubClasses":"AcDbEntity:AcDbLine","EntityHandle":"4CA","interactive":false},"geometry":{"type":"MultiLineString","coordinates":[[[-96.043518,41.089698],[-96.043543,41.089698]]]}},{"type":"Feature","properties":{"type":"drawing","level":"LEVEL 1","Layer":"A-WALL","source":"LEVEL_1.dxf","SubClasses":"AcDbEntity:AcDbLine","EntityHandle":"4CB","interactive":false},"geometry":{"type":"MultiLineString","coordinates":[[[-96.043506,41.089697],[-96.043467,41.089697]]]}},{"type":"Feature","properties":{"type":"drawing","level":"LEVEL 1","Layer":"A-WALL","source":"LEVEL_1.dxf","SubClasses":"AcDbEntity:AcDbLine","EntityHandle":"4CC","interactive":false},"geometry":{"type":"MultiLineString","coordinates":[[[-96.043467,41.089697],[-96.043467,41.089698]]]}},{"type":"Feature","properties":{"type":"drawing","level":"LEVEL 1","Layer":"A-WALL","source":"LEVEL_1.dxf","SubClasses":"AcDbEntity:AcDbLine","EntityHandle":"4CD","interactive":false},"geometry":{"type":"MultiLineString","coordinates":[[[-96.043467,41.089698],[-96.04349,41.089698]]]}},{"type":"Feature","properties":{"type":"drawing","level":"LEVEL 1","Layer":"A-WALL","source":"LEVEL_1.dxf","SubClasses":"AcDbEntity:AcDbLine","EntityHandle":"4CE","interactive":false},"geometry":{"type":"MultiLineString","coordinates":[[[-96.043492,41.089698],[-96.043506,41.089698]]]}},{"type":"Feature","properties":{"type":"drawing","level":"LEVEL 1","Layer":"A-WALL","source":"LEVEL_1.dxf","SubClasses":"AcDbEntity:AcDbLine","EntityHandle":"4CF","interactive":false},"geometry":{"type":"MultiLineString","coordinates":[[[-96.043506,41.089698],[-96.043506,41.089697]]]}},{"type":"Feature","properties":{"type":"drawing","level":"LEVEL 1","Layer":"A-WALL","source":"LEVEL_1.dxf","SubClasses":"AcDbEntity:AcDbLine","EntityHandle":"4D0","interactive":false},"geometry":{"type":"MultiLineString","coordinates":[[[-96.043455,41.089697],[-96.043455,41.089697]]]}},{"type":"Feature","properties":{"type":"drawing","level":"LEVEL 1","Layer":"A-WALL","source":"LEVEL_1.dxf","SubClasses":"AcDbEntity:AcDbLine","EntityHandle":"4D1","interactive":false},"geometry":{"type":"MultiLineString","coordinates":[[[-96.043455,41.089698],[-96.043455,41.089698]]]}},{"type":"Feature","properties":{"type":"drawing","level":"LEVEL 1","Layer":"A-WALL","source":"LEVEL_1.dxf","SubClasses":"AcDbEntity:AcDbLine","EntityHandle":"4D2","interactive":false},"geometry":{"type":"MultiLineString","coordinates":[[[-96.043455,41.089698],[-96.043455,41.089697]]]}},{"type":"Feature","properties":{"type":"drawing","level":"LEVEL 1","Layer":"A-WALL","source":"LEVEL_1.dxf","SubClasses":"AcDbEntity:AcDbLine","EntityHandle":"4D3","interactive":false},"geometry":{"type":"MultiLineString","coordinates":[[[-96.04349,41.089698],[-96.04349,41.089718]]]}},{"type":"Feature","properties":{"type":"drawing","level":"LEVEL 1","Layer":"A-WALL","source":"LEVEL_1.dxf","SubClasses":"AcDbEntity:AcDbLine","EntityHandle":"4D4","interactive":false},"geometry":{"type":"MultiLineString","coordinates":[[[-96.043492,41.089718],[-96.043492,41.089698]]]}},{"type":"Feature","properties":{"type":"drawing","level":"LEVEL 1","Layer":"A-WALL","source":"LEVEL_1.dxf","SubClasses":"AcDbEntity:AcDbLine","EntityHandle":"4D5","interactive":false},"geometry":{"type":"MultiLineString","coordinates":[[[-96.043441,41.089678],[-96.043378,41.089678]]]}},{"type":"Feature","properties":{"type":"drawing","level":"LEVEL 1","Layer":"A-WALL","source":"LEVEL_1.dxf","SubClasses":"AcDbEntity:AcDbLine","EntityHandle":"4D6","interactive":false},"geometry":{"type":"MultiLineString","coordinates":[[[-96.043378,41.089678],[-96.043378,41.089679]]]}},{"type":"Feature","properties":{"type":"drawing","level":"LEVEL 1","Layer":"A-WALL","source":"LEVEL_1.dxf","SubClasses":"AcDbEntity:AcDbLine","EntityHandle":"4D7","interactive":false},"geometry":{"type":"MultiLineString","coordinates":[[[-96.043378,41.089679],[-96.043428,41.089679]]]}},{"type":"Feature","properties":{"type":"drawing","level":"LEVEL 1","Layer":"A-WALL","source":"LEVEL_1.dxf","SubClasses":"AcDbEntity:AcDbLine","EntityHandle":"4D8","interactive":false},"geometry":{"type":"MultiLineString","coordinates":[[[-96.04343,41.089679],[-96.043441,41.089679]]]}},{"type":"Feature","properties":{"type":"drawing","level":"LEVEL 1","Layer":"A-WALL","source":"LEVEL_1.dxf","SubClasses":"AcDbEntity:AcDbLine","EntityHandle":"4D9","interactive":false},"geometry":{"type":"MultiLineString","coordinates":[[[-96.043441,41.089679],[-96.043441,41.089678]]]}},{"type":"Feature","properties":{"type":"drawing","level":"LEVEL 1","Layer":"A-WALL","source":"LEVEL_1.dxf","SubClasses":"AcDbEntity:AcDbLine","EntityHandle":"4DA","interactive":false},"geometry":{"type":"MultiLineString","coordinates":[[[-96.043428,41.089679],[-96.043428,41.0897]]]}},{"type":"Feature","properties":{"type":"drawing","level":"LEVEL 1","Layer":"A-WALL","source":"LEVEL_1.dxf","SubClasses":"AcDbEntity:AcDbLine","EntityHandle":"4DB","interactive":false},"geometry":{"type":"MultiLineString","coordinates":[[[-96.043428,41.0897],[-96.04343,41.0897]]]}},{"type":"Feature","properties":{"type":"drawing","level":"LEVEL 1","Layer":"A-WALL","source":"LEVEL_1.dxf","SubClasses":"AcDbEntity:AcDbLine","EntityHandle":"4DC","interactive":false},"geometry":{"type":"MultiLineString","coordinates":[[[-96.04343,41.0897],[-96.04343,41.089679]]]}},{"type":"Feature","properties":{"type":"drawing","level":"LEVEL 1","Layer":"A-WALL","source":"LEVEL_1.dxf","SubClasses":"AcDbEntity:AcDbLine","EntityHandle":"4DD","interactive":false},"geometry":{"type":"MultiLineString","coordinates":[[[-96.043453,41.089701],[-96.043442,41.089701]]]}},{"type":"Feature","properties":{"type":"drawing","level":"LEVEL 1","Layer":"A-WALL","source":"LEVEL_1.dxf","SubClasses":"AcDbEntity:AcDbLine","EntityHandle":"4DE","interactive":false},"geometry":{"type":"MultiLineString","coordinates":[[[-96.04343,41.089701],[-96.04338,41.089701]]]}},{"type":"Feature","properties":{"type":"drawing","level":"LEVEL 1","Layer":"A-WALL","source":"LEVEL_1.dxf","SubClasses":"AcDbEntity:AcDbLine","EntityHandle":"4DF","interactive":false},"geometry":{"type":"MultiLineString","coordinates":[[[-96.043442,41.089699],[-96.043453,41.089699]]]}},{"type":"Feature","properties":{"type":"drawing","level":"LEVEL 1","Layer":"A-WALL","source":"LEVEL_1.dxf","SubClasses":"AcDbEntity:AcDbLine","EntityHandle":"4E0","interactive":false},"geometry":{"type":"MultiLineString","coordinates":[[[-96.043378,41.089692],[-96.043378,41.089718]]]}},{"type":"Feature","properties":{"type":"drawing","level":"LEVEL 1","Layer":"A-WALL","source":"LEVEL_1.dxf","SubClasses":"AcDbEntity:AcDbLine","EntityHandle":"4E1","interactive":false},"geometry":{"type":"MultiLineString","coordinates":[[[-96.04338,41.089718],[-96.04338,41.089691]]]}},{"type":"Feature","properties":{"type":"drawing","level":"LEVEL 1","Layer":"A-WALL","source":"LEVEL_1.dxf","SubClasses":"AcDbEntity:AcDbLine","EntityHandle":"4E2","interactive":false},"geometry":{"type":"MultiLineString","coordinates":[[[-96.04338,41.089691],[-96.043378,41.089691]]]}},{"type":"Feature","properties":{"type":"drawing","level":"LEVEL 1","Layer":"A-WALL","source":"LEVEL_1.dxf","SubClasses":"AcDbEntity:AcDbLine","EntityHandle":"4E4","interactive":false},"geometry":{"type":"MultiLineString","coordinates":[[[-96.043378,41.089691],[-96.043378,41.089692]]]}},{"type":"Feature","properties":{"type":"drawing","level":"LEVEL 1","Layer":"A-WALL","source":"LEVEL_1.dxf","SubClasses":"AcDbEntity:AcDbLine","EntityHandle":"4E5","interactive":false},"geometry":{"type":"MultiLineString","coordinates":[[[-96.043378,41.089692],[-96.043378,41.089692]]]}},{"type":"Feature","properties":{"type":"drawing","level":"LEVEL 1","Layer":"A-WALL","source":"LEVEL_1.dxf","SubClasses":"AcDbEntity:AcDbLine","EntityHandle":"4E6","interactive":false},"geometry":{"type":"MultiLineString","coordinates":[[[-96.043365,41.089691],[-96.04333,41.089691]]]}},{"type":"Feature","properties":{"type":"drawing","level":"LEVEL 1","Layer":"A-WALL","source":"LEVEL_1.dxf","SubClasses":"AcDbEntity:AcDbLine","EntityHandle":"4E7","interactive":false},"geometry":{"type":"MultiLineString","coordinates":[[[-96.04333,41.089691],[-96.04333,41.089692]]]}},{"type":"Feature","properties":{"type":"drawing","level":"LEVEL 1","Layer":"A-WALL","source":"LEVEL_1.dxf","SubClasses":"AcDbEntity:AcDbLine","EntityHandle":"4E8","interactive":false},"geometry":{"type":"MultiLineString","coordinates":[[[-96.04333,41.089692],[-96.04333,41.089692]]]}},{"type":"Feature","properties":{"type":"drawing","level":"LEVEL 1","Layer":"A-WALL","source":"LEVEL_1.dxf","SubClasses":"AcDbEntity:AcDbLine","EntityHandle":"4E9","interactive":false},"geometry":{"type":"MultiLineString","coordinates":[[[-96.043331,41.089692],[-96.043365,41.089692]]]}},{"type":"Feature","properties":{"type":"drawing","level":"LEVEL 1","Layer":"A-WALL","source":"LEVEL_1.dxf","SubClasses":"AcDbEntity:AcDbLine","EntityHandle":"4EA","interactive":false},"geometry":{"type":"MultiLineString","coordinates":[[[-96.043365,41.089692],[-96.043365,41.089691]]]}},{"type":"Feature","properties":{"type":"drawing","level":"LEVEL 1","Layer":"A-WALL","source":"LEVEL_1.dxf","SubClasses":"AcDbEntity:AcDbLine","EntityHandle":"4EB","interactive":false},"geometry":{"type":"MultiLineString","coordinates":[[[-96.043317,41.089691],[-96.0433,41.089691]]]}},{"type":"Feature","properties":{"type":"drawing","level":"LEVEL 1","Layer":"A-WALL","source":"LEVEL_1.dxf","SubClasses":"AcDbEntity:AcDbLine","EntityHandle":"4ED","interactive":false},"geometry":{"type":"MultiLineString","coordinates":[[[-96.043302,41.089692],[-96.043317,41.089692]]]}},{"type":"Feature","properties":{"type":"drawing","level":"LEVEL 1","Layer":"A-WALL","source":"LEVEL_1.dxf","SubClasses":"AcDbEntity:AcDbLine","EntityHandle":"4EE","interactive":false},"geometry":{"type":"MultiLineString","coordinates":[[[-96.043317,41.089692],[-96.043317,41.089691]]]}},{"type":"Feature","properties":{"type":"drawing","level":"LEVEL 1","Layer":"A-WALL","source":"LEVEL_1.dxf","SubClasses":"AcDbEntity:AcDbLine","EntityHandle":"4EF","interactive":false},"geometry":{"type":"MultiLineString","coordinates":[[[-96.0433,41.089691],[-96.0433,41.089695]]]}},{"type":"Feature","properties":{"type":"drawing","level":"LEVEL 1","Layer":"A-WALL","source":"LEVEL_1.dxf","SubClasses":"AcDbEntity:AcDbLine","EntityHandle":"4F1","interactive":false},"geometry":{"type":"MultiLineString","coordinates":[[[-96.043302,41.089697],[-96.043302,41.089692]]]}},{"type":"Feature","properties":{"type":"drawing","level":"LEVEL 1","Layer":"A-WALL","source":"LEVEL_1.dxf","SubClasses":"AcDbEntity:AcDbLine","EntityHandle":"4F2","interactive":false},"geometry":{"type":"MultiLineString","coordinates":[[[-96.0433,41.089695],[-96.043274,41.089695]]]}},{"type":"Feature","properties":{"type":"drawing","level":"LEVEL 1","Layer":"A-WALL","source":"LEVEL_1.dxf","SubClasses":"AcDbEntity:AcDbLine","EntityHandle":"4F3","interactive":false},"geometry":{"type":"MultiLineString","coordinates":[[[-96.043274,41.089697],[-96.043302,41.089697]]]}},{"type":"Feature","properties":{"type":"drawing","level":"LEVEL 1","Layer":"A-WALL","source":"LEVEL_1.dxf","SubClasses":"AcDbEntity:AcDbLine","EntityHandle":"4F4","interactive":false},"geometry":{"type":"MultiLineString","coordinates":[[[-96.04333,41.089692],[-96.04333,41.089718]]]}},{"type":"Feature","properties":{"type":"drawing","level":"LEVEL 1","Layer":"A-WALL","source":"LEVEL_1.dxf","SubClasses":"AcDbEntity:AcDbLine","EntityHandle":"4F5","interactive":false},"geometry":{"type":"MultiLineString","coordinates":[[[-96.043331,41.089718],[-96.043331,41.089692]]]}},{"type":"Feature","properties":{"type":"drawing","level":"LEVEL 1","Layer":"A-WALL","source":"LEVEL_1.dxf","SubClasses":"AcDbEntity:AcDbLine","EntityHandle":"4F6","interactive":false},"geometry":{"type":"MultiLineString","coordinates":[[[-96.043313,41.089682],[-96.043313,41.089641]]]}},{"type":"Feature","properties":{"type":"drawing","level":"LEVEL 1","Layer":"A-WALL","source":"LEVEL_1.dxf","SubClasses":"AcDbEntity:AcDbLine","EntityHandle":"4F7","interactive":false},"geometry":{"type":"MultiLineString","coordinates":[[[-96.043313,41.089641],[-96.043311,41.089641]]]}},{"type":"Feature","properties":{"type":"drawing","level":"LEVEL 1","Layer":"A-WALL","source":"LEVEL_1.dxf","SubClasses":"AcDbEntity:AcDbLine","EntityHandle":"4F8","interactive":false},"geometry":{"type":"MultiLineString","coordinates":[[[-96.043311,41.089641],[-96.043311,41.089661]]]}},{"type":"Feature","properties":{"type":"drawing","level":"LEVEL 1","Layer":"A-WALL","source":"LEVEL_1.dxf","SubClasses":"AcDbEntity:AcDbLine","EntityHandle":"4F9","interactive":false},"geometry":{"type":"MultiLineString","coordinates":[[[-96.043311,41.089662],[-96.043311,41.089682]]]}},{"type":"Feature","properties":{"type":"drawing","level":"LEVEL 1","Layer":"A-WALL","source":"LEVEL_1.dxf","SubClasses":"AcDbEntity:AcDbLine","EntityHandle":"4FA","interactive":false},"geometry":{"type":"MultiLineString","coordinates":[[[-96.043311,41.089682],[-96.043313,41.089682]]]}},{"type":"Feature","properties":{"type":"drawing","level":"LEVEL 1","Layer":"A-WALL","source":"LEVEL_1.dxf","SubClasses":"AcDbEntity:AcDbLine","EntityHandle":"4FB","interactive":false},"geometry":{"type":"MultiLineString","coordinates":[[[-96.043313,41.089631],[-96.043313,41.089629]]]}},{"type":"Feature","properties":{"type":"drawing","level":"LEVEL 1","Layer":"A-WALL","source":"LEVEL_1.dxf","SubClasses":"AcDbEntity:AcDbLine","EntityHandle":"4FC","interactive":false},"geometry":{"type":"MultiLineString","coordinates":[[[-96.043313,41.089629],[-96.043311,41.089629]]]}},{"type":"Feature","properties":{"type":"drawing","level":"LEVEL 1","Layer":"A-WALL","source":"LEVEL_1.dxf","SubClasses":"AcDbEntity:AcDbLine","EntityHandle":"4FD","interactive":false},"geometry":{"type":"MultiLineString","coordinates":[[[-96.043311,41.089629],[-96.043311,41.08963]]]}},{"type":"Feature","properties":{"type":"drawing","level":"LEVEL 1","Layer":"A-WALL","source":"LEVEL_1.dxf","SubClasses":"AcDbEntity:AcDbLine","EntityHandle":"4FE","interactive":false},"geometry":{"type":"MultiLineString","coordinates":[[[-96.043311,41.089631],[-96.043311,41.089631]]]}},{"type":"Feature","properties":{"type":"drawing","level":"LEVEL 1","Layer":"A-WALL","source":"LEVEL_1.dxf","SubClasses":"AcDbEntity:AcDbLine","EntityHandle":"4FF","interactive":false},"geometry":{"type":"MultiLineString","coordinates":[[[-96.043311,41.089631],[-96.043313,41.089631]]]}},{"type":"Feature","properties":{"type":"drawing","level":"LEVEL 1","Layer":"A-WALL","source":"LEVEL_1.dxf","SubClasses":"AcDbEntity:AcDbLine","EntityHandle":"500","interactive":false},"geometry":{"type":"MultiLineString","coordinates":[[[-96.043313,41.08962],[-96.043313,41.0896]]]}},{"type":"Feature","properties":{"type":"drawing","level":"LEVEL 1","Layer":"A-WALL","source":"LEVEL_1.dxf","SubClasses":"AcDbEntity:AcDbLine","EntityHandle":"502","interactive":false},"geometry":{"type":"MultiLineString","coordinates":[[[-96.043311,41.089602],[-96.043311,41.08962]]]}},{"type":"Feature","properties":{"type":"drawing","level":"LEVEL 1","Layer":"A-WALL","source":"LEVEL_1.dxf","SubClasses":"AcDbEntity:AcDbLine","EntityHandle":"503","interactive":false},"geometry":{"type":"MultiLineString","coordinates":[[[-96.043311,41.08962],[-96.043313,41.08962]]]}},{"type":"Feature","properties":{"type":"drawing","level":"LEVEL 1","Layer":"A-WALL","source":"LEVEL_1.dxf","SubClasses":"AcDbEntity:AcDbLine","EntityHandle":"504","interactive":false},"geometry":{"type":"MultiLineString","coordinates":[[[-96.043313,41.0896],[-96.043274,41.0896]]]}},{"type":"Feature","properties":{"type":"drawing","level":"LEVEL 1","Layer":"A-WALL","source":"LEVEL_1.dxf","SubClasses":"AcDbEntity:AcDbLine","EntityHandle":"505","interactive":false},"geometry":{"type":"MultiLineString","coordinates":[[[-96.043274,41.089602],[-96.043311,41.089602]]]}},{"type":"Feature","properties":{"type":"drawing","level":"LEVEL 1","Layer":"A-WALL","source":"LEVEL_1.dxf","SubClasses":"AcDbEntity:AcDbLine","EntityHandle":"506","interactive":false},"geometry":{"type":"MultiLineString","coordinates":[[[-96.043311,41.08963],[-96.043274,41.08963]]]}},{"type":"Feature","properties":{"type":"drawing","level":"LEVEL 1","Layer":"A-WALL","source":"LEVEL_1.dxf","SubClasses":"AcDbEntity:AcDbLine","EntityHandle":"507","interactive":false},"geometry":{"type":"MultiLineString","coordinates":[[[-96.043274,41.089631],[-96.043311,41.089631]]]}},{"type":"Feature","properties":{"type":"drawing","level":"LEVEL 1","Layer":"A-WALL","source":"LEVEL_1.dxf","SubClasses":"AcDbEntity:AcDbLine","EntityHandle":"508","interactive":false},"geometry":{"type":"MultiLineString","coordinates":[[[-96.043311,41.089661],[-96.043274,41.089661]]]}},{"type":"Feature","properties":{"type":"drawing","level":"LEVEL 1","Layer":"A-WALL","source":"LEVEL_1.dxf","SubClasses":"AcDbEntity:AcDbLine","EntityHandle":"509","interactive":false},"geometry":{"type":"MultiLineString","coordinates":[[[-96.043274,41.089662],[-96.043311,41.089662]]]}},{"type":"Feature","properties":{"type":"drawing","level":"LEVEL 1","Layer":"A-WALL","source":"LEVEL_1.dxf","SubClasses":"AcDbEntity:AcDbLine","EntityHandle":"50A","interactive":false},"geometry":{"type":"MultiLineString","coordinates":[[[-96.043453,41.089607],[-96.043438,41.089607]]]}},{"type":"Feature","properties":{"type":"drawing","level":"LEVEL 1","Layer":"A-WALL","source":"LEVEL_1.dxf","SubClasses":"AcDbEntity:AcDbLine","EntityHandle":"50B","interactive":false},"geometry":{"type":"MultiLineString","coordinates":[[[-96.043438,41.089608],[-96.043453,41.089608]]]}},{"type":"Feature","properties":{"type":"drawing","level":"LEVEL 1","Layer":"A-WALL","source":"LEVEL_1.dxf","SubClasses":"AcDbEntity:AcDbLine","EntityHandle":"50C","interactive":false},"geometry":{"type":"MultiLineString","coordinates":[[[-96.043438,41.089617],[-96.043438,41.089608]]]}},{"type":"Feature","properties":{"type":"drawing","level":"LEVEL 1","Layer":"A-WALL","source":"LEVEL_1.dxf","SubClasses":"AcDbEntity:AcDbLine","EntityHandle":"50D","interactive":false},"geometry":{"type":"MultiLineString","coordinates":[[[-96.043438,41.089607],[-96.043438,41.089586]]]}},{"type":"Feature","properties":{"type":"drawing","level":"LEVEL 1","Layer":"A-WALL","source":"LEVEL_1.dxf","SubClasses":"AcDbEntity:AcDbLine","EntityHandle":"50E","interactive":false},"geometry":{"type":"MultiLineString","coordinates":[[[-96.043436,41.089586],[-96.043436,41.089615]]]}},{"type":"Feature","properties":{"type":"drawing","level":"LEVEL 1","Layer":"A-WALL","source":"LEVEL_1.dxf","SubClasses":"AcDbEntity:AcDbLine","EntityHandle":"50F","interactive":false},"geometry":{"type":"MultiLineString","coordinates":[[[-96.043435,41.089617],[-96.043438,41.089617]]]}},{"type":"Feature","properties":{"type":"drawing","level":"LEVEL 1","Layer":"A-WALL","source":"LEVEL_1.dxf","SubClasses":"AcDbEntity:AcDbLine","EntityHandle":"510","interactive":false},"geometry":{"type":"MultiLineString","coordinates":[[[-96.043436,41.089615],[-96.043435,41.089615]]]}},{"type":"Feature","properties":{"type":"drawing","level":"LEVEL 1","Layer":"A-WALL","source":"LEVEL_1.dxf","SubClasses":"AcDbEntity:AcDbLine","EntityHandle":"511","interactive":false},"geometry":{"type":"MultiLineString","coordinates":[[[-96.043435,41.089615],[-96.043435,41.089617]]]}},{"type":"Feature","properties":{"type":"drawing","level":"LEVEL 1","Layer":"A-WALL","source":"LEVEL_1.dxf","SubClasses":"AcDbEntity:AcDbLine","EntityHandle":"513","interactive":false},"geometry":{"type":"MultiLineString","coordinates":[[[-96.043423,41.089615],[-96.043401,41.089615]]]}},{"type":"Feature","properties":{"type":"drawing","level":"LEVEL 1","Layer":"A-WALL","source":"LEVEL_1.dxf","SubClasses":"AcDbEntity:AcDbLine","EntityHandle":"514","interactive":false},"geometry":{"type":"MultiLineString","coordinates":[[[-96.043399,41.089615],[-96.043378,41.089615]]]}},{"type":"Feature","properties":{"type":"drawing","level":"LEVEL 1","Layer":"A-WALL","source":"LEVEL_1.dxf","SubClasses":"AcDbEntity:AcDbLine","EntityHandle":"515","interactive":false},"geometry":{"type":"MultiLineString","coordinates":[[[-96.043378,41.089615],[-96.043378,41.089617]]]}},{"type":"Feature","properties":{"type":"drawing","level":"LEVEL 1","Layer":"A-WALL","source":"LEVEL_1.dxf","SubClasses":"AcDbEntity:AcDbLine","EntityHandle":"516","interactive":false},"geometry":{"type":"MultiLineString","coordinates":[[[-96.043378,41.089617],[-96.043423,41.089617]]]}},{"type":"Feature","properties":{"type":"drawing","level":"LEVEL 1","Layer":"A-WALL","source":"LEVEL_1.dxf","SubClasses":"AcDbEntity:AcDbLine","EntityHandle":"517","interactive":false},"geometry":{"type":"MultiLineString","coordinates":[[[-96.043423,41.089617],[-96.043423,41.089615]]]}},{"type":"Feature","properties":{"type":"drawing","level":"LEVEL 1","Layer":"A-WALL","source":"LEVEL_1.dxf","SubClasses":"AcDbEntity:AcDbLine","EntityHandle":"518","interactive":false},"geometry":{"type":"MultiLineString","coordinates":[[[-96.043365,41.089615],[-96.043365,41.089615]]]}},{"type":"Feature","properties":{"type":"drawing","level":"LEVEL 1","Layer":"A-WALL","source":"LEVEL_1.dxf","SubClasses":"AcDbEntity:AcDbLine","EntityHandle":"519","interactive":false},"geometry":{"type":"MultiLineString","coordinates":[[[-96.043363,41.089615],[-96.043362,41.089615]]]}},{"type":"Feature","properties":{"type":"drawing","level":"LEVEL 1","Layer":"A-WALL","source":"LEVEL_1.dxf","SubClasses":"AcDbEntity:AcDbLine","EntityHandle":"51A","interactive":false},"geometry":{"type":"MultiLineString","coordinates":[[[-96.043362,41.089615],[-96.043362,41.089617]]]}},{"type":"Feature","properties":{"type":"drawing","level":"LEVEL 1","Layer":"A-WALL","source":"LEVEL_1.dxf","SubClasses":"AcDbEntity:AcDbLine","EntityHandle":"51B","interactive":false},"geometry":{"type":"MultiLineString","coordinates":[[[-96.043362,41.089617],[-96.043365,41.089617]]]}},{"type":"Feature","properties":{"type":"drawing","level":"LEVEL 1","Layer":"A-WALL","source":"LEVEL_1.dxf","SubClasses":"AcDbEntity:AcDbLine","EntityHandle":"51C","interactive":false},"geometry":{"type":"MultiLineString","coordinates":[[[-96.043365,41.089617],[-96.043365,41.089615]]]}},{"type":"Feature","properties":{"type":"drawing","level":"LEVEL 1","Layer":"A-WALL","source":"LEVEL_1.dxf","SubClasses":"AcDbEntity:AcDbLine","EntityHandle":"51D","interactive":false},"geometry":{"type":"MultiLineString","coordinates":[[[-96.04335,41.089615],[-96.043328,41.089615]]]}},{"type":"Feature","properties":{"type":"drawing","level":"LEVEL 1","Layer":"A-WALL","source":"LEVEL_1.dxf","SubClasses":"AcDbEntity:AcDbLine","EntityHandle":"51F","interactive":false},"geometry":{"type":"MultiLineString","coordinates":[[[-96.043326,41.089617],[-96.04335,41.089617]]]}},{"type":"Feature","properties":{"type":"drawing","level":"LEVEL 1","Layer":"A-WALL","source":"LEVEL_1.dxf","SubClasses":"AcDbEntity:AcDbLine","EntityHandle":"520","interactive":false},"geometry":{"type":"MultiLineString","coordinates":[[[-96.04335,41.089617],[-96.04335,41.089615]]]}},{"type":"Feature","properties":{"type":"drawing","level":"LEVEL 1","Layer":"A-WALL","source":"LEVEL_1.dxf","SubClasses":"AcDbEntity:AcDbLine","EntityHandle":"521","interactive":false},"geometry":{"type":"MultiLineString","coordinates":[[[-96.043328,41.089615],[-96.043328,41.089586]]]}},{"type":"Feature","properties":{"type":"drawing","level":"LEVEL 1","Layer":"A-WALL","source":"LEVEL_1.dxf","SubClasses":"AcDbEntity:AcDbLine","EntityHandle":"522","interactive":false},"geometry":{"type":"MultiLineString","coordinates":[[[-96.043326,41.089586],[-96.043326,41.089617]]]}},{"type":"Feature","properties":{"type":"drawing","level":"LEVEL 1","Layer":"A-WALL","source":"LEVEL_1.dxf","SubClasses":"AcDbEntity:AcDbLine","EntityHandle":"523","interactive":false},"geometry":{"type":"MultiLineString","coordinates":[[[-96.043365,41.089615],[-96.043365,41.089586]]]}},{"type":"Feature","properties":{"type":"drawing","level":"LEVEL 1","Layer":"A-WALL","source":"LEVEL_1.dxf","SubClasses":"AcDbEntity:AcDbLine","EntityHandle":"524","interactive":false},"geometry":{"type":"MultiLineString","coordinates":[[[-96.043363,41.089586],[-96.043363,41.089615]]]}},{"type":"Feature","properties":{"type":"drawing","level":"LEVEL 1","Layer":"A-WALL","source":"LEVEL_1.dxf","SubClasses":"AcDbEntity:AcDbLine","EntityHandle":"525","interactive":false},"geometry":{"type":"MultiLineString","coordinates":[[[-96.043399,41.089586],[-96.043399,41.089615]]]}},{"type":"Feature","properties":{"type":"drawing","level":"LEVEL 1","Layer":"A-WALL","source":"LEVEL_1.dxf","SubClasses":"AcDbEntity:AcDbLine","EntityHandle":"526","interactive":false},"geometry":{"type":"MultiLineString","coordinates":[[[-96.043401,41.089615],[-96.043401,41.089586]]]}},{"type":"Feature","properties":{"type":"drawing","level":"LEVEL 1","Layer":"A-WALL","source":"LEVEL_1.dxf","SubClasses":"AcDbEntity:AcDbLine","EntityHandle":"527","interactive":false},"geometry":{"type":"MultiLineString","coordinates":[[[-96.043324,41.089511],[-96.043319,41.089511]]]}},{"type":"Feature","properties":{"type":"drawing","level":"LEVEL 1","Layer":"A-WALL","source":"LEVEL_1.dxf","SubClasses":"AcDbEntity:AcDbLine","EntityHandle":"528","interactive":false},"geometry":{"type":"MultiLineString","coordinates":[[[-96.043318,41.089511],[-96.0433,41.089511]]]}},{"type":"Feature","properties":{"type":"drawing","level":"LEVEL 1","Layer":"A-WALL","source":"LEVEL_1.dxf","SubClasses":"AcDbEntity:AcDbLine","EntityHandle":"529","interactive":false},"geometry":{"type":"MultiLineString","coordinates":[[[-96.043298,41.089511],[-96.043293,41.089511]]]}},{"type":"Feature","properties":{"type":"drawing","level":"LEVEL 1","Layer":"A-WALL","source":"LEVEL_1.dxf","SubClasses":"AcDbEntity:AcDbLine","EntityHandle":"52A","interactive":false},"geometry":{"type":"MultiLineString","coordinates":[[[-96.043293,41.089511],[-96.043293,41.089513]]]}},{"type":"Feature","properties":{"type":"drawing","level":"LEVEL 1","Layer":"A-WALL","source":"LEVEL_1.dxf","SubClasses":"AcDbEntity:AcDbLine","EntityHandle":"52B","interactive":false},"geometry":{"type":"MultiLineString","coordinates":[[[-96.043293,41.089513],[-96.04331,41.089513]]]}},{"type":"Feature","properties":{"type":"drawing","level":"LEVEL 1","Layer":"A-WALL","source":"LEVEL_1.dxf","SubClasses":"AcDbEntity:AcDbLine","EntityHandle":"52C","interactive":false},"geometry":{"type":"MultiLineString","coordinates":[[[-96.043312,41.089513],[-96.043322,41.089513]]]}},{"type":"Feature","properties":{"type":"drawing","level":"LEVEL 1","Layer":"A-WALL","source":"LEVEL_1.dxf","SubClasses":"AcDbEntity:AcDbLine","EntityHandle":"52D","interactive":false},"geometry":{"type":"MultiLineString","coordinates":[[[-96.043282,41.089511],[-96.043274,41.089511]]]}},{"type":"Feature","properties":{"type":"drawing","level":"LEVEL 1","Layer":"A-WALL","source":"LEVEL_1.dxf","SubClasses":"AcDbEntity:AcDbLine","EntityHandle":"52E","interactive":false},"geometry":{"type":"MultiLineString","coordinates":[[[-96.043274,41.089513],[-96.043282,41.089513]]]}},{"type":"Feature","properties":{"type":"drawing","level":"LEVEL 1","Layer":"A-WALL","source":"LEVEL_1.dxf","SubClasses":"AcDbEntity:AcDbLine","EntityHandle":"52F","interactive":false},"geometry":{"type":"MultiLineString","coordinates":[[[-96.043282,41.089513],[-96.043282,41.089511]]]}},{"type":"Feature","properties":{"type":"drawing","level":"LEVEL 1","Layer":"A-WALL","source":"LEVEL_1.dxf","SubClasses":"AcDbEntity:AcDbLine","EntityHandle":"530","interactive":false},"geometry":{"type":"MultiLineString","coordinates":[[[-96.043319,41.089501],[-96.043274,41.089501]]]}},{"type":"Feature","properties":{"type":"drawing","level":"LEVEL 1","Layer":"A-WALL","source":"LEVEL_1.dxf","SubClasses":"AcDbEntity:AcDbLine","EntityHandle":"531","interactive":false},"geometry":{"type":"MultiLineString","coordinates":[[[-96.043274,41.089503],[-96.043298,41.089503]]]}},{"type":"Feature","properties":{"type":"drawing","level":"LEVEL 1","Layer":"A-WALL","source":"LEVEL_1.dxf","SubClasses":"AcDbEntity:AcDbLine","EntityHandle":"532","interactive":false},"geometry":{"type":"MultiLineString","coordinates":[[[-96.0433,41.089503],[-96.043318,41.089503]]]}},{"type":"Feature","properties":{"type":"drawing","level":"LEVEL 1","Layer":"A-WALL","source":"LEVEL_1.dxf","SubClasses":"AcDbEntity:AcDbLine","EntityHandle":"533","interactive":false},"geometry":{"type":"MultiLineString","coordinates":[[[-96.043319,41.089503],[-96.043319,41.089501]]]}},{"type":"Feature","properties":{"type":"drawing","level":"LEVEL 1","Layer":"A-WALL","source":"LEVEL_1.dxf","SubClasses":"AcDbEntity:AcDbLine","EntityHandle":"534","interactive":false},"geometry":{"type":"MultiLineString","coordinates":[[[-96.043319,41.089511],[-96.043319,41.089511]]]}},{"type":"Feature","properties":{"type":"drawing","level":"LEVEL 1","Layer":"A-WALL","source":"LEVEL_1.dxf","SubClasses":"AcDbEntity:AcDbLine","EntityHandle":"535","interactive":false},"geometry":{"type":"MultiLineString","coordinates":[[[-96.043319,41.089511],[-96.043318,41.089511]]]}},{"type":"Feature","properties":{"type":"drawing","level":"LEVEL 1","Layer":"A-WALL","source":"LEVEL_1.dxf","SubClasses":"AcDbEntity:AcDbLine","EntityHandle":"536","interactive":false},"geometry":{"type":"MultiLineString","coordinates":[[[-96.043318,41.089511],[-96.043318,41.089511]]]}},{"type":"Feature","properties":{"type":"drawing","level":"LEVEL 1","Layer":"A-WALL","source":"LEVEL_1.dxf","SubClasses":"AcDbEntity:AcDbLine","EntityHandle":"538","interactive":false},"geometry":{"type":"MultiLineString","coordinates":[[[-96.043318,41.089503],[-96.043318,41.089503]]]}},{"type":"Feature","properties":{"type":"drawing","level":"LEVEL 1","Layer":"A-WALL","source":"LEVEL_1.dxf","SubClasses":"AcDbEntity:AcDbLine","EntityHandle":"539","interactive":false},"geometry":{"type":"MultiLineString","coordinates":[[[-96.043318,41.089503],[-96.043319,41.089503]]]}},{"type":"Feature","properties":{"type":"drawing","level":"LEVEL 1","Layer":"A-WALL","source":"LEVEL_1.dxf","SubClasses":"AcDbEntity:AcDbLine","EntityHandle":"53A","interactive":false},"geometry":{"type":"MultiLineString","coordinates":[[[-96.0433,41.089511],[-96.0433,41.089503]]]}},{"type":"Feature","properties":{"type":"drawing","level":"LEVEL 1","Layer":"A-WALL","source":"LEVEL_1.dxf","SubClasses":"AcDbEntity:AcDbLine","EntityHandle":"53B","interactive":false},"geometry":{"type":"MultiLineString","coordinates":[[[-96.043298,41.089503],[-96.043298,41.089511]]]}},{"type":"Feature","properties":{"type":"drawing","level":"LEVEL 1","Layer":"A-DOOR","source":"LEVEL_1.dxf","SubClasses":"AcDbEntity:AcDbBlockReference","EntityHandle":"55B","interactive":false},"geometry":{"type":"MultiLineString","coordinates":[[[-96.043385,41.089476],[-96.043385,41.089476],[-96.043385,41.089475],[-96.043385,41.089475],[-96.043385,41.089474],[-96.043386,41.089474],[-96.043386,41.089473],[-96.043386,41.089473],[-96.043387,41.089472],[-96.043387,41.089472],[-96.043387,41.089471],[-96.043388,41.089471],[-96.043388,41.08947],[-96.043389,41.08947],[-96.04339,41.08947],[-96.04339,41.089469],[-96.043391,41.089469],[-96.043392,41.089469],[-96.043392,41.089469],[-96.043393,41.089468],[-96.043394,41.089468],[-96.043394,41.089468],[-96.043395,41.089468],[-96.043396,41.089468]],[[-96.043396,41.089476],[-96.043396,41.089468]],[[-96.043396,41.089468],[-96.043395,41.089468]],[[-96.043395,41.089468],[-96.043395,41.089476]],[[-96.043395,41.089476],[-96.043396,41.089476]],[[-96.043385,41.089476],[-96.043385,41.089476],[-96.043385,41.089475],[-96.043385,41.089475],[-96.043385,41.089474],[-96.043386,41.089474],[-96.043386,41.089473],[-96.043386,41.089473],[-96.043387,41.089472],[-96.043387,41.089472],[-96.043387,41.089471],[-96.043388,41.089471],[-96.043388,41.08947],[-96.043389,41.08947],[-96.04339,41.08947],[-96.04339,41.089469],[-96.043391,41.089469],[-96.043392,41.089469],[-96.043392,41.089469],[-96.043393,41.089468],[-96.043394,41.089468],[-96.043394,41.089468],[-96.043395,41.089468],[-96.043396,41.089468]],[[-96.043397,41.089476],[-96.043396,41.089476]],[[-96.043396,41.089476],[-96.043396,41.089477]],[[-96.043396,41.089477],[-96.043396,41.089477]],[[-96.043396,41.089477],[-96.043396,41.089477]],[[-96.043396,41.089477],[-96.043396,41.089477]],[[-96.043396,41.089477],[-96.043396,41.089478]],[[-96.043396,41.089478],[-96.043397,41.089478]],[[-96.043397,41.089478],[-96.043397,41.089476]],[[-96.043385,41.089476],[-96.043384,41.089476]],[[-96.043384,41.089476],[-96.043384,41.089478]],[[-96.043384,41.089478],[-96.043385,41.089478]],[[-96.043385,41.089478],[-96.043385,41.089477]],[[-96.043385,41.089477],[-96.043385,41.089477]],[[-96.043385,41.089477],[-96.043385,41.089477]],[[-96.043385,41.089477],[-96.043385,41.089477]],[[-96.043385,41.089477],[-96.043385,41.089476]],[[-96.043396,41.089468],[-96.043395,41.089468]],[[-96.043396,41.089476],[-96.043396,41.089468]],[[-96.043395,41.089468],[-96.043395,41.089476]],[[-96.043396,41.089476],[-96.043395,41.089476]],[[-96.043385,41.089476],[-96.043385,41.089476],[-96.043385,41.089475],[-96.043385,41.089475],[-96.043385,41.089474],[-96.043386,41.089474],[-96.043386,41.089473],[-96.043386,41.089473],[-96.043387,41.089472],[-96.043387,41.089472],[-96.043387,41.089471],[-96.043388,41.089471],[-96.043388,41.08947],[-96.043389,41.08947],[-96.04339,41.08947],[-96.04339,41.089469],[-96.043391,41.089469],[-96.043392,41.089469],[-96.043392,41.089469],[-96.043393,41.089468],[-96.043394,41.089468],[-96.043394,41.089468],[-96.043395,41.089468],[-96.043396,41.089468]],[[-96.043385,41.089476],[-96.043385,41.089476],[-96.043385,41.089475],[-96.043385,41.089475],[-96.043385,41.089474],[-96.043386,41.089474],[-96.043386,41.089473],[-96.043386,41.089473],[-96.043387,41.089472],[-96.043387,41.089472],[-96.043387,41.089471],[-96.043388,41.089471],[-96.043388,41.08947],[-96.043389,41.08947],[-96.04339,41.08947],[-96.04339,41.089469],[-96.043391,41.089469],[-96.043392,41.089469],[-96.043392,41.089469],[-96.043393,41.089468],[-96.043394,41.089468],[-96.043394,41.089468],[-96.043395,41.089468],[-96.043396,41.089468]]]}},{"type":"Feature","properties":{"type":"drawing","level":"LEVEL 1","Layer":"A-DOOR","source":"LEVEL_1.dxf","SubClasses":"AcDbEntity:AcDbBlockReference","EntityHandle":"55C","interactive":false},"geometry":{"type":"MultiLineString","coordinates":[[[-96.043351,41.089479],[-96.043352,41.089479],[-96.043352,41.089479],[-96.043353,41.089479],[-96.043354,41.08948],[-96.043355,41.08948],[-96.043355,41.08948],[-96.043356,41.08948],[-96.043357,41.08948],[-96.043357,41.089481],[-96.043358,41.089481],[-96.043358,41.089481],[-96.043359,41.089482],[-96.043359,41.089482],[-96.04336,41.089483],[-96.04336,41.089483],[-96.043361,41.089484],[-96.043361,41.089484],[-96.043361,41.089485],[-96.043362,41.089485],[-96.043362,41.089486],[-96.043362,41.089486],[-96.043362,41.089487],[-96.043362,41.089488]],[[-96.043351,41.089488],[-96.043362,41.089488]],[[-96.043362,41.089488],[-96.043362,41.089487]],[[-96.043362,41.089487],[-96.043351,41.089487]],[[-96.043351,41.089487],[-96.043351,41.089488]],[[-96.043351,41.089479],[-96.043352,41.089479],[-96.043352,41.089479],[-96.043353,41.089479],[-96.043354,41.08948],[-96.043355,41.08948],[-96.043355,41.08948],[-96.043356,41.08948],[-96.043357,41.08948],[-96.043357,41.089481],[-96.043358,41.089481],[-96.043358,41.089481],[-96.043359,41.089482],[-96.043359,41.089482],[-96.04336,41.089483],[-96.04336,41.089483],[-96.043361,41.089484],[-96.043361,41.089484],[-96.043361,41.089485],[-96.043362,41.089485],[-96.043362,41.089486],[-96.043362,41.089486],[-96.043362,41.089487],[-96.043362,41.089488]],[[-96.043351,41.089488],[-96.043351,41.089488]],[[-96.043351,41.089488],[-96.04335,41.089488]],[[-96.04335,41.089488],[-96.04335,41.089487]],[[-96.04335,41.089487],[-96.04335,41.089487]],[[-96.04335,41.089487],[-96.04335,41.089488]],[[-96.04335,41.089488],[-96.043349,41.089488]],[[-96.043349,41.089488],[-96.043349,41.089488]],[[-96.043349,41.089488],[-96.043351,41.089488]],[[-96.043351,41.089479],[-96.043351,41.089479]],[[-96.043351,41.089479],[-96.043349,41.089479]],[[-96.043349,41.089479],[-96.043349,41.089479]],[[-96.043349,41.089479],[-96.04335,41.089479]],[[-96.04335,41.089479],[-96.04335,41.089479]],[[-96.04335,41.089479],[-96.04335,41.089479]],[[-96.04335,41.089479],[-96.04335,41.089479]],[[-96.04335,41.089479],[-96.043351,41.089479]],[[-96.043362,41.089488],[-96.043362,41.089487]],[[-96.043351,41.089488],[-96.043362,41.089488]],[[-96.043362,41.089487],[-96.043351,41.089487]],[[-96.043351,41.089488],[-96.043351,41.089487]],[[-96.043351,41.089479],[-96.043352,41.089479],[-96.043352,41.089479],[-96.043353,41.089479],[-96.043354,41.08948],[-96.043355,41.08948],[-96.043355,41.08948],[-96.043356,41.08948],[-96.043357,41.08948],[-96.043357,41.089481],[-96.043358,41.089481],[-96.043358,41.089481],[-96.043359,41.089482],[-96.043359,41.089482],[-96.04336,41.089483],[-96.04336,41.089483],[-96.043361,41.089484],[-96.043361,41.089484],[-96.043361,41.089485],[-96.043362,41.089485],[-96.043362,41.089486],[-96.043362,41.089486],[-96.043362,41.089487],[-96.043362,41.089488]],[[-96.043351,41.089479],[-96.043352,41.089479],[-96.043352,41.089479],[-96.043353,41.089479],[-96.043354,41.08948],[-96.043355,41.08948],[-96.043355,41.08948],[-96.043356,41.08948],[-96.043357,41.08948],[-96.043357,41.089481],[-96.043358,41.089481],[-96.043358,41.089481],[-96.043359,41.089482],[-96.043359,41.089482],[-96.04336,41.089483],[-96.04336,41.089483],[-96.043361,41.089484],[-96.043361,41.089484],[-96.043361,41.089485],[-96.043362,41.089485],[-96.043362,41.089486],[-96.043362,41.089486],[-96.043362,41.089487],[-96.043362,41.089488]]]}},{"type":"Feature","properties":{"type":"drawing","level":"LEVEL 1","Layer":"A-DOOR","source":"LEVEL_1.dxf","SubClasses":"AcDbEntity:AcDbBlockReference","EntityHandle":"57C","interactive":false},"geometry":{"type":"MultiLineString","coordinates":[[[-96.043328,41.089468],[-96.043329,41.089468],[-96.04333,41.089468],[-96.043331,41.089468],[-96.043331,41.089468],[-96.043332,41.089469],[-96.043333,41.089469],[-96.043333,41.089469],[-96.043334,41.089469],[-96.043335,41.08947],[-96.043335,41.08947],[-96.043336,41.08947],[-96.043336,41.089471],[-96.043337,41.089471],[-96.043337,41.089472],[-96.043338,41.089472],[-96.043338,41.089473],[-96.043338,41.089473],[-96.043339,41.089474],[-96.043339,41.089474],[-96.043339,41.089475],[-96.043339,41.089475],[-96.043339,41.089476],[-96.043339,41.089476]],[[-96.043328,41.089476],[-96.043328,41.089468]],[[-96.043328,41.089468],[-96.043329,41.089468]],[[-96.043329,41.089468],[-96.043329,41.089476]],[[-96.043329,41.089476],[-96.043328,41.089476]],[[-96.043328,41.089468],[-96.043329,41.089468],[-96.04333,41.089468],[-96.043331,41.089468],[-96.043331,41.089468],[-96.043332,41.089469],[-96.043333,41.089469],[-96.043333,41.089469],[-96.043334,41.089469],[-96.043335,41.08947],[-96.043335,41.08947],[-96.043336,41.08947],[-96.043336,41.089471],[-96.043337,41.089471],[-96.043337,41.089472],[-96.043338,41.089472],[-96.043338,41.089473],[-96.043338,41.089473],[-96.043339,41.089474],[-96.043339,41.089474],[-96.043339,41.089475],[-96.043339,41.089475],[-96.043339,41.089476],[-96.043339,41.089476]],[[-96.043328,41.089478],[-96.043328,41.089476]],[[-96.043328,41.089478],[-96.043328,41.089478]],[[-96.043328,41.089477],[-96.043328,41.089478]],[[-96.043328,41.089477],[-96.043328,41.089477]],[[-96.043328,41.089477],[-96.043328,41.089477]],[[-96.043328,41.089477],[-96.043328,41.089477]],[[-96.043328,41.089476],[-96.043328,41.089477]],[[-96.043328,41.089476],[-96.043328,41.089476]],[[-96.043339,41.089477],[-96.043339,41.089476]],[[-96.043339,41.089477],[-96.043339,41.089477]],[[-96.043339,41.089477],[-96.043339,41.089477]],[[-96.043339,41.089477],[-96.043339,41.089477]],[[-96.043339,41.089478],[-96.043339,41.089477]],[[-96.04334,41.089478],[-96.043339,41.089478]],[[-96.04334,41.089476],[-96.04334,41.089478]],[[-96.043339,41.089476],[-96.04334,41.089476]],[[-96.043328,41.089468],[-96.043329,41.089468]],[[-96.043328,41.089476],[-96.043328,41.089468]],[[-96.043329,41.089468],[-96.043329,41.089476]],[[-96.043328,41.089476],[-96.043329,41.089476]],[[-96.043328,41.089468],[-96.043329,41.089468],[-96.04333,41.089468],[-96.043331,41.089468],[-96.043331,41.089468],[-96.043332,41.089469],[-96.043333,41.089469],[-96.043333,41.089469],[-96.043334,41.089469],[-96.043335,41.08947],[-96.043335,41.08947],[-96.043336,41.08947],[-96.043336,41.089471],[-96.043337,41.089471],[-96.043337,41.089472],[-96.043338,41.089472],[-96.043338,41.089473],[-96.043338,41.089473],[-96.043339,41.089474],[-96.043339,41.089474],[-96.043339,41.089475],[-96.043339,41.089475],[-96.043339,41.089476],[-96.043339,41.089476]],[[-96.043328,41.089468],[-96.043329,41.089468],[-96.04333,41.089468],[-96.043331,41.089468],[-96.043331,41.089468],[-96.043332,41.089469],[-96.043333,41.089469],[-96.043333,41.089469],[-96.043334,41.089469],[-96.043335,41.08947],[-96.043335,41.08947],[-96.043336,41.08947],[-96.043336,41.089471],[-96.043337,41.089471],[-96.043337,41.089472],[-96.043338,41.089472],[-96.043338,41.089473],[-96.043338,41.089473],[-96.043339,41.089474],[-96.043339,41.089474],[-96.043339,41.089475],[-96.043339,41.089475],[-96.043339,41.089476],[-96.043339,41.089476]]]}},{"type":"Feature","properties":{"type":"drawing","level":"LEVEL 1","Layer":"A-DOOR","source":"LEVEL_1.dxf","SubClasses":"AcDbEntity:AcDbBlockReference","EntityHandle":"57D","interactive":false},"geometry":{"type":"MultiLineString","coordinates":[[[-96.043304,41.089501],[-96.043304,41.0895],[-96.043304,41.0895],[-96.043305,41.089499],[-96.043305,41.089498],[-96.043305,41.089498],[-96.043305,41.089497],[-96.043306,41.089497],[-96.043306,41.089496],[-96.043306,41.089496],[-96.043307,41.089495],[-96.043307,41.089495],[-96.043308,41.089495],[-96.043308,41.089494],[-96.043309,41.089494],[-96.04331,41.089494],[-96.04331,41.089493],[-96.043311,41.089493],[-96.043312,41.089493],[-96.043312,41.089493],[-96.043313,41.089493],[-96.043314,41.089493],[-96.043315,41.089492],[-96.043315,41.089492]],[[-96.043315,41.089501],[-96.043304,41.089501]],[[-96.043304,41.089501],[-96.043304,41.0895]],[[-96.043304,41.0895],[-96.043315,41.0895]],[[-96.043315,41.0895],[-96.043315,41.089501]],[[-96.043304,41.089501],[-96.043304,41.0895],[-96.043304,41.0895],[-96.043305,41.089499],[-96.043305,41.089498],[-96.043305,41.089498],[-96.043305,41.089497],[-96.043306,41.089497],[-96.043306,41.089496],[-96.043306,41.089496],[-96.043307,41.089495],[-96.043307,41.089495],[-96.043308,41.089495],[-96.043308,41.089494],[-96.043309,41.089494],[-96.04331,41.089494],[-96.04331,41.089493],[-96.043311,41.089493],[-96.043312,41.089493],[-96.043312,41.089493],[-96.043313,41.089493],[-96.043314,41.089493],[-96.043315,41.089492],[-96.043315,41.089492]],[[-96.043317,41.089501],[-96.043315,41.089501]],[[-96.043317,41.089501],[-96.043317,41.089501]],[[-96.043316,41.089501],[-96.043317,41.089501]],[[-96.043316,41.089501],[-96.043316,41.089501]],[[-96.043316,41.089501],[-96.043316,41.089501]],[[-96.043316,41.089501],[-96.043316,41.089501]],[[-96.043315,41.089501],[-96.043316,41.089501]],[[-96.043315,41.089501],[-96.043315,41.089501]],[[-96.043316,41.089492],[-96.043315,41.089492]],[[-96.043316,41.089493],[-96.043316,41.089492]],[[-96.043316,41.089493],[-96.043316,41.089493]],[[-96.043316,41.089492],[-96.043316,41.089493]],[[-96.043317,41.089492],[-96.043316,41.089492]],[[-96.043317,41.089492],[-96.043317,41.089492]],[[-96.043315,41.089492],[-96.043317,41.089492]],[[-96.043315,41.089492],[-96.043315,41.089492]],[[-96.043304,41.089501],[-96.043304,41.0895]],[[-96.043315,41.089501],[-96.043304,41.089501]],[[-96.043304,41.0895],[-96.043315,41.0895]],[[-96.043315,41.089501],[-96.043315,41.0895]],[[-96.043304,41.089501],[-96.043304,41.0895],[-96.043304,41.0895],[-96.043305,41.089499],[-96.043305,41.089498],[-96.043305,41.089498],[-96.043305,41.089497],[-96.043306,41.089497],[-96.043306,41.089496],[-96.043306,41.089496],[-96.043307,41.089495],[-96.043307,41.089495],[-96.043308,41.089495],[-96.043308,41.089494],[-96.043309,41.089494],[-96.04331,41.089494],[-96.04331,41.089493],[-96.043311,41.089493],[-96.043312,41.089493],[-96.043312,41.089493],[-96.043313,41.089493],[-96.043314,41.089493],[-96.043315,41.089492],[-96.043315,41.089492]],[[-96.043304,41.089501],[-96.043304,41.0895],[-96.043304,41.0895],[-96.043305,41.089499],[-96.043305,41.089498],[-96.043305,41.089498],[-96.043305,41.089497],[-96.043306,41.089497],[-96.043306,41.089496],[-96.043306,41.089496],[-96.043307,41.089495],[-96.043307,41.089495],[-96.043308,41.089495],[-96.043308,41.089494],[-96.043309,41.089494],[-96.04331,41.089494],[-96.04331,41.089493],[-96.043311,41.089493],[-96.043312,41.089493],[-96.043312,41.089493],[-96.043313,41.089493],[-96.043314,41.089493],[-96.043315,41.089492],[-96.043315,41.089492]]]}},{"type":"Feature","properties":{"type":"drawing","level":"LEVEL 1","Layer":"A-DOOR","source":"LEVEL_1.dxf","SubClasses":"AcDbEntity:AcDbBlockReference","EntityHandle":"59D","interactive":false},"geometry":{"type":"MultiLineString","coordinates":[[[-96.043319,41.089504],[-96.04332,41.089504],[-96.043321,41.089504],[-96.043321,41.089504],[-96.043322,41.089504],[-96.043322,41.089504],[-96.043323,41.089504],[-96.043324,41.089504],[-96.043324,41.089505],[-96.043325,41.089505],[-96.043325,41.089505],[-96.043326,41.089505],[-96.043326,41.089506],[-96.043327,41.089506],[-96.043327,41.089506],[-96.043327,41.089507],[-96.043328,41.089507],[-96.043328,41.089508],[-96.043328,41.089508],[-96.043328,41.089509],[-96.043328,41.089509],[-96.043329,41.08951],[-96.043329,41.08951],[-96.043329,41.08951]],[[-96.043319,41.08951],[-96.043329,41.08951]],[[-96.043329,41.08951],[-96.043329,41.08951]],[[-96.043329,41.08951],[-96.043319,41.08951]],[[-96.043319,41.08951],[-96.043319,41.08951]],[[-96.043319,41.089504],[-96.04332,41.089504],[-96.043321,41.089504],[-96.043321,41.089504],[-96.043322,41.089504],[-96.043322,41.089504],[-96.043323,41.089504],[-96.043324,41.089504],[-96.043324,41.089505],[-96.043325,41.089505],[-96.043325,41.089505],[-96.043326,41.089505],[-96.043326,41.089506],[-96.043327,41.089506],[-96.043327,41.089506],[-96.043327,41.089507],[-96.043328,41.089507],[-96.043328,41.089508],[-96.043328,41.089508],[-96.043328,41.089509],[-96.043328,41.089509],[-96.043329,41.08951],[-96.043329,41.08951],[-96.043329,41.08951]],[[-96.043319,41.089511],[-96.043319,41.08951]],[[-96.043319,41.08951],[-96.043319,41.08951]],[[-96.043319,41.08951],[-96.043319,41.08951]],[[-96.043319,41.08951],[-96.043318,41.08951]],[[-96.043318,41.08951],[-96.043318,41.08951]],[[-96.043318,41.08951],[-96.043317,41.08951]],[[-96.043317,41.08951],[-96.043317,41.089511]],[[-96.043317,41.089511],[-96.043319,41.089511]],[[-96.043319,41.089504],[-96.043319,41.089503]],[[-96.043319,41.089503],[-96.043317,41.089503]],[[-96.043317,41.089503],[-96.043317,41.089504]],[[-96.043317,41.089504],[-96.043318,41.089504]],[[-96.043318,41.089504],[-96.043318,41.089504]],[[-96.043318,41.089504],[-96.043319,41.089504]],[[-96.043319,41.089504],[-96.043319,41.089504]],[[-96.043319,41.089504],[-96.043319,41.089504]],[[-96.043329,41.08951],[-96.043329,41.08951]],[[-96.043319,41.08951],[-96.043329,41.08951]],[[-96.043329,41.08951],[-96.043319,41.08951]],[[-96.043319,41.08951],[-96.043319,41.08951]],[[-96.043319,41.089504],[-96.04332,41.089504],[-96.043321,41.089504],[-96.043321,41.089504],[-96.043322,41.089504],[-96.043322,41.089504],[-96.043323,41.089504],[-96.043324,41.089504],[-96.043324,41.089505],[-96.043325,41.089505],[-96.043325,41.089505],[-96.043326,41.089505],[-96.043326,41.089506],[-96.043327,41.089506],[-96.043327,41.089506],[-96.043327,41.089507],[-96.043328,41.089507],[-96.043328,41.089508],[-96.043328,41.089508],[-96.043328,41.089509],[-96.043328,41.089509],[-96.043329,41.08951],[-96.043329,41.08951],[-96.043329,41.08951]],[[-96.043319,41.089504],[-96.04332,41.089504],[-96.043321,41.089504],[-96.043321,41.089504],[-96.043322,41.089504],[-96.043322,41.089504],[-96.043323,41.089504],[-96.043324,41.089504],[-96.043324,41.089505],[-96.043325,41.089505],[-96.043325,41.089505],[-96.043326,41.089505],[-96.043326,41.089506],[-96.043327,41.089506],[-96.043327,41.089506],[-96.043327,41.089507],[-96.043328,41.089507],[-96.043328,41.089508],[-96.043328,41.089508],[-96.043328,41.089509],[-96.043328,41.089509],[-96.043329,41.08951],[-96.043329,41.08951],[-96.043329,41.08951]]]}},{"type":"Feature","properties":{"type":"drawing","level":"LEVEL 1","Layer":"A-DOOR","source":"LEVEL_1.dxf","SubClasses":"AcDbEntity:AcDbBlockReference","EntityHandle":"59E","interactive":false},"geometry":{"type":"MultiLineString","coordinates":[[[-96.043414,41.089495],[-96.043414,41.089494],[-96.043414,41.089494],[-96.043415,41.089493],[-96.043415,41.089493],[-96.043415,41.089492],[-96.043415,41.089492],[-96.043416,41.089491],[-96.043416,41.089491],[-96.043416,41.08949],[-96.043417,41.08949],[-96.043417,41.089489],[-96.043418,41.089489],[-96.043418,41.089489],[-96.043419,41.089488],[-96.04342,41.089488],[-96.04342,41.089488],[-96.043421,41.089487],[-96.043422,41.089487],[-96.043422,41.089487],[-96.043423,41.089487],[-96.043424,41.089487],[-96.043425,41.089487],[-96.043425,41.089487]],[[-96.043425,41.089495],[-96.043414,41.089495]],[[-96.043414,41.089495],[-96.043414,41.089495]],[[-96.043414,41.089495],[-96.043425,41.089495]],[[-96.043425,41.089495],[-96.043425,41.089495]],[[-96.043414,41.089495],[-96.043414,41.089494],[-96.043414,41.089494],[-96.043415,41.089493],[-96.043415,41.089493],[-96.043415,41.089492],[-96.043415,41.089492],[-96.043416,41.089491],[-96.043416,41.089491],[-96.043416,41.08949],[-96.043417,41.08949],[-96.043417,41.089489],[-96.043418,41.089489],[-96.043418,41.089489],[-96.043419,41.089488],[-96.04342,41.089488],[-96.04342,41.089488],[-96.043421,41.089487],[-96.043422,41.089487],[-96.043422,41.089487],[-96.043423,41.089487],[-96.043424,41.089487],[-96.043425,41.089487],[-96.043425,41.089487]],[[-96.043427,41.089495],[-96.043425,41.089495]],[[-96.043427,41.089495],[-96.043427,41.089495]],[[-96.043426,41.089495],[-96.043427,41.089495]],[[-96.043426,41.089495],[-96.043426,41.089495]],[[-96.043426,41.089495],[-96.043426,41.089495]],[[-96.043426,41.089495],[-96.043426,41.089495]],[[-96.043425,41.089495],[-96.043426,41.089495]],[[-96.043425,41.089495],[-96.043425,41.089495]],[[-96.043426,41.089487],[-96.043425,41.089487]],[[-96.043426,41.089487],[-96.043426,41.089487]],[[-96.043426,41.089487],[-96.043426,41.089487]],[[-96.043426,41.089487],[-96.043426,41.089487]],[[-96.043427,41.089487],[-96.043426,41.089487]],[[-96.043427,41.089486],[-96.043427,41.089487]],[[-96.043425,41.089486],[-96.043427,41.089486]],[[-96.043425,41.089487],[-96.043425,41.089486]],[[-96.043414,41.089495],[-96.043414,41.089495]],[[-96.043425,41.089495],[-96.043414,41.089495]],[[-96.043414,41.089495],[-96.043425,41.089495]],[[-96.043425,41.089495],[-96.043425,41.089495]],[[-96.043414,41.089495],[-96.043414,41.089494],[-96.043414,41.089494],[-96.043415,41.089493],[-96.043415,41.089493],[-96.043415,41.089492],[-96.043415,41.089492],[-96.043416,41.089491],[-96.043416,41.089491],[-96.043416,41.08949],[-96.043417,41.08949],[-96.043417,41.089489],[-96.043418,41.089489],[-96.043418,41.089489],[-96.043419,41.089488],[-96.04342,41.089488],[-96.04342,41.089488],[-96.043421,41.089487],[-96.043422,41.089487],[-96.043422,41.089487],[-96.043423,41.089487],[-96.043424,41.089487],[-96.043425,41.089487],[-96.043425,41.089487]],[[-96.043414,41.089495],[-96.043414,41.089494],[-96.043414,41.089494],[-96.043415,41.089493],[-96.043415,41.089493],[-96.043415,41.089492],[-96.043415,41.089492],[-96.043416,41.089491],[-96.043416,41.089491],[-96.043416,41.08949],[-96.043417,41.08949],[-96.043417,41.089489],[-96.043418,41.089489],[-96.043418,41.089489],[-96.043419,41.089488],[-96.04342,41.089488],[-96.04342,41.089488],[-96.043421,41.089487],[-96.043422,41.089487],[-96.043422,41.089487],[-96.043423,41.089487],[-96.043424,41.089487],[-96.043425,41.089487],[-96.043425,41.089487]]]}},{"type":"Feature","properties":{"type":"drawing","level":"LEVEL 1","Layer":"A-DOOR","source":"LEVEL_1.dxf","SubClasses":"AcDbEntity:AcDbBlockReference","EntityHandle":"59F","interactive":false},"geometry":{"type":"MultiLineString","coordinates":[[[-96.043456,41.089496],[-96.043456,41.089496],[-96.043456,41.089495],[-96.043456,41.089495],[-96.043456,41.089494],[-96.043456,41.089494],[-96.043457,41.089493],[-96.043457,41.089493],[-96.043457,41.089492],[-96.043458,41.089492],[-96.043458,41.089491],[-96.043459,41.089491],[-96.043459,41.08949],[-96.04346,41.08949],[-96.04346,41.08949],[-96.043461,41.089489],[-96.043462,41.089489],[-96.043462,41.089489],[-96.043463,41.089489],[-96.043464,41.089488],[-96.043464,41.089488],[-96.043465,41.089488],[-96.043466,41.089488],[-96.043467,41.089488]],[[-96.043467,41.089496],[-96.043467,41.089488]],[[-96.043467,41.089488],[-96.043466,41.089488]],[[-96.043466,41.089488],[-96.043466,41.089496]],[[-96.043466,41.089496],[-96.043467,41.089496]],[[-96.043456,41.089496],[-96.043456,41.089496],[-96.043456,41.089495],[-96.043456,41.089495],[-96.043456,41.089494],[-96.043456,41.089494],[-96.043457,41.089493],[-96.043457,41.089493],[-96.043457,41.089492],[-96.043458,41.089492],[-96.043458,41.089491],[-96.043459,41.089491],[-96.043459,41.08949],[-96.04346,41.08949],[-96.04346,41.08949],[-96.043461,41.089489],[-96.043462,41.089489],[-96.043462,41.089489],[-96.043463,41.089489],[-96.043464,41.089488],[-96.043464,41.089488],[-96.043465,41.089488],[-96.043466,41.089488],[-96.043467,41.089488]],[[-96.043467,41.089496],[-96.043467,41.089496]],[[-96.043467,41.089496],[-96.043467,41.089497]],[[-96.043467,41.089497],[-96.043466,41.089497]],[[-96.043466,41.089497],[-96.043466,41.089497]],[[-96.043466,41.089497],[-96.043467,41.089497]],[[-96.043467,41.089497],[-96.043467,41.089498]],[[-96.043467,41.089498],[-96.043467,41.089498]],[[-96.043467,41.089498],[-96.043467,41.089496]],[[-96.043456,41.089496],[-96.043455,41.089496]],[[-96.043455,41.089496],[-96.043455,41.089498]],[[-96.043455,41.089498],[-96.043456,41.089498]],[[-96.043456,41.089498],[-96.043456,41.089497]],[[-96.043456,41.089497],[-96.043456,41.089497]],[[-96.043456,41.089497],[-96.043456,41.089497]],[[-96.043456,41.089497],[-96.043456,41.089497]],[[-96.043456,41.089497],[-96.043456,41.089496]],[[-96.043467,41.089488],[-96.043466,41.089488]],[[-96.043467,41.089496],[-96.043467,41.089488]],[[-96.043466,41.089488],[-96.043466,41.089496]],[[-96.043467,41.089496],[-96.043466,41.089496]],[[-96.043456,41.089496],[-96.043456,41.089496],[-96.043456,41.089495],[-96.043456,41.089495],[-96.043456,41.089494],[-96.043456,41.089494],[-96.043457,41.089493],[-96.043457,41.089493],[-96.043457,41.089492],[-96.043458,41.089492],[-96.043458,41.089491],[-96.043459,41.089491],[-96.043459,41.08949],[-96.04346,41.08949],[-96.04346,41.08949],[-96.043461,41.089489],[-96.043462,41.089489],[-96.043462,41.089489],[-96.043463,41.089489],[-96.043464,41.089488],[-96.043464,41.089488],[-96.043465,41.089488],[-96.043466,41.089488],[-96.043467,41.089488]],[[-96.043456,41.089496],[-96.043456,41.089496],[-96.043456,41.089495],[-96.043456,41.089495],[-96.043456,41.089494],[-96.043456,41.089494],[-96.043457,41.089493],[-96.043457,41.089493],[-96.043457,41.089492],[-96.043458,41.089492],[-96.043458,41.089491],[-96.043459,41.089491],[-96.043459,41.08949],[-96.04346,41.08949],[-96.04346,41.08949],[-96.043461,41.089489],[-96.043462,41.089489],[-96.043462,41.089489],[-96.043463,41.089489],[-96.043464,41.089488],[-96.043464,41.089488],[-96.043465,41.089488],[-96.043466,41.089488],[-96.043467,41.089488]]]}},{"type":"Feature","properties":{"type":"drawing","level":"LEVEL 1","Layer":"A-DOOR","source":"LEVEL_1.dxf","SubClasses":"AcDbEntity:AcDbBlockReference","EntityHandle":"5A0","interactive":false},"geometry":{"type":"MultiLineString","coordinates":[[[-96.043481,41.089498],[-96.043481,41.089498],[-96.043481,41.089499],[-96.043481,41.0895],[-96.04348,41.0895],[-96.04348,41.089501],[-96.04348,41.089501],[-96.04348,41.089502],[-96.043479,41.089502],[-96.043479,41.089503],[-96.043478,41.089503],[-96.043478,41.089503],[-96.043477,41.089504],[-96.043477,41.089504],[-96.043476,41.089505],[-96.043476,41.089505],[-96.043475,41.089505],[-96.043474,41.089505],[-96.043474,41.089506],[-96.043473,41.089506],[-96.043472,41.089506],[-96.043471,41.089506],[-96.043471,41.089506],[-96.04347,41.089506]],[[-96.04347,41.089498],[-96.04347,41.089506]],[[-96.04347,41.089506],[-96.04347,41.089506]],[[-96.04347,41.089506],[-96.04347,41.089498]],[[-96.04347,41.089498],[-96.04347,41.089498]],[[-96.043481,41.089498],[-96.043481,41.089498],[-96.043481,41.089499],[-96.043481,41.0895],[-96.04348,41.0895],[-96.04348,41.089501],[-96.04348,41.089501],[-96.04348,41.089502],[-96.043479,41.089502],[-96.043479,41.089503],[-96.043478,41.089503],[-96.043478,41.089503],[-96.043477,41.089504],[-96.043477,41.089504],[-96.043476,41.089505],[-96.043476,41.089505],[-96.043475,41.089505],[-96.043474,41.089505],[-96.043474,41.089506],[-96.043473,41.089506],[-96.043472,41.089506],[-96.043471,41.089506],[-96.043471,41.089506],[-96.04347,41.089506]],[[-96.043469,41.089498],[-96.04347,41.089498]],[[-96.04347,41.089498],[-96.04347,41.089497]],[[-96.04347,41.089497],[-96.04347,41.089497]],[[-96.04347,41.089497],[-96.04347,41.089497]],[[-96.04347,41.089497],[-96.04347,41.089497]],[[-96.04347,41.089497],[-96.04347,41.089496]],[[-96.04347,41.089496],[-96.043469,41.089496]],[[-96.043469,41.089496],[-96.043469,41.089498]],[[-96.043481,41.089498],[-96.043481,41.089498]],[[-96.043481,41.089498],[-96.043481,41.089496]],[[-96.043481,41.089496],[-96.043481,41.089496]],[[-96.043481,41.089496],[-96.043481,41.089497]],[[-96.043481,41.089497],[-96.043481,41.089497]],[[-96.043481,41.089497],[-96.043481,41.089497]],[[-96.043481,41.089497],[-96.043481,41.089497]],[[-96.043481,41.089497],[-96.043481,41.089498]],[[-96.04347,41.089506],[-96.04347,41.089506]],[[-96.04347,41.089498],[-96.04347,41.089506]],[[-96.04347,41.089506],[-96.04347,41.089498]],[[-96.04347,41.089498],[-96.04347,41.089498]],[[-96.043481,41.089498],[-96.043481,41.089498],[-96.043481,41.089499],[-96.043481,41.0895],[-96.04348,41.0895],[-96.04348,41.089501],[-96.04348,41.089501],[-96.04348,41.089502],[-96.043479,41.089502],[-96.043479,41.089503],[-96.043478,41.089503],[-96.043478,41.089503],[-96.043477,41.089504],[-96.043477,41.089504],[-96.043476,41.089505],[-96.043476,41.089505],[-96.043475,41.089505],[-96.043474,41.089505],[-96.043474,41.089506],[-96.043473,41.089506],[-96.043472,41.089506],[-96.043471,41.089506],[-96.043471,41.089506],[-96.04347,41.089506]],[[-96.043481,41.089498],[-96.043481,41.089498],[-96.043481,41.089499],[-96.043481,41.0895],[-96.04348,41.0895],[-96.04348,41.089501],[-96.04348,41.089501],[-96.04348,41.089502],[-96.043479,41.089502],[-96.043479,41.089503],[-96.043478,41.089503],[-96.043478,41.089503],[-96.043477,41.089504],[-96.043477,41.089504],[-96.043476,41.089505],[-96.043476,41.089505],[-96.043475,41.089505],[-96.043474,41.089505],[-96.043474,41.089506],[-96.043473,41.089506],[-96.043472,41.089506],[-96.043471,41.089506],[-96.043471,41.089506],[-96.04347,41.089506]]]}},{"type":"Feature","properties":{"type":"drawing","level":"LEVEL 1","Layer":"A-DOOR","source":"LEVEL_1.dxf","SubClasses":"AcDbEntity:AcDbBlockReference","EntityHandle":"5A1","interactive":false},"geometry":{"type":"MultiLineString","coordinates":[[[-96.043516,41.089487],[-96.043516,41.089488],[-96.043516,41.089489],[-96.043516,41.089489],[-96.043516,41.08949],[-96.043516,41.08949],[-96.043515,41.089491],[-96.043515,41.089491],[-96.043515,41.089492],[-96.043514,41.089492],[-96.043514,41.089493],[-96.043513,41.089493],[-96.043513,41.089494],[-96.043512,41.089494],[-96.043512,41.089494],[-96.043511,41.089495],[-96.04351,41.089495],[-96.04351,41.089495],[-96.043509,41.089495],[-96.043508,41.089495],[-96.043508,41.089496],[-96.043507,41.089496],[-96.043506,41.089496],[-96.043505,41.089496]],[[-96.043505,41.089487],[-96.043516,41.089487]],[[-96.043516,41.089487],[-96.043516,41.089488]],[[-96.043516,41.089488],[-96.043505,41.089488]],[[-96.043505,41.089488],[-96.043505,41.089487]],[[-96.043516,41.089487],[-96.043516,41.089488],[-96.043516,41.089489],[-96.043516,41.089489],[-96.043516,41.08949],[-96.043516,41.08949],[-96.043515,41.089491],[-96.043515,41.089491],[-96.043515,41.089492],[-96.043514,41.089492],[-96.043514,41.089493],[-96.043513,41.089493],[-96.043513,41.089494],[-96.043512,41.089494],[-96.043512,41.089494],[-96.043511,41.089495],[-96.04351,41.089495],[-96.04351,41.089495],[-96.043509,41.089495],[-96.043508,41.089495],[-96.043508,41.089496],[-96.043507,41.089496],[-96.043506,41.089496],[-96.043505,41.089496]],[[-96.043503,41.089487],[-96.043505,41.089487]],[[-96.043503,41.089487],[-96.043503,41.089487]],[[-96.043504,41.089487],[-96.043503,41.089487]],[[-96.043504,41.089488],[-96.043504,41.089487]],[[-96.043505,41.089488],[-96.043504,41.089488]],[[-96.043505,41.089487],[-96.043505,41.089488]],[[-96.043505,41.089487],[-96.043505,41.089487]],[[-96.043505,41.089487],[-96.043505,41.089487]],[[-96.043505,41.089496],[-96.043505,41.089496]],[[-96.043505,41.089496],[-96.043505,41.089496]],[[-96.043504,41.089496],[-96.043505,41.089496]],[[-96.043504,41.089496],[-96.043504,41.089496]],[[-96.043503,41.089496],[-96.043504,41.089496]],[[-96.043503,41.089496],[-96.043503,41.089496]],[[-96.043505,41.089496],[-96.043503,41.089496]],[[-96.043505,41.089496],[-96.043505,41.089496]],[[-96.043516,41.089487],[-96.043516,41.089488]],[[-96.043505,41.089487],[-96.043516,41.089487]],[[-96.043516,41.089488],[-96.043505,41.089488]],[[-96.043505,41.089487],[-96.043505,41.089488]],[[-96.043516,41.089487],[-96.043516,41.089488],[-96.043516,41.089489],[-96.043516,41.089489],[-96.043516,41.08949],[-96.043516,41.08949],[-96.043515,41.089491],[-96.043515,41.089491],[-96.043515,41.089492],[-96.043514,41.089492],[-96.043514,41.089493],[-96.043513,41.089493],[-96.043513,41.089494],[-96.043512,41.089494],[-96.043512,41.089494],[-96.043511,41.089495],[-96.04351,41.089495],[-96.04351,41.089495],[-96.043509,41.089495],[-96.043508,41.089495],[-96.043508,41.089496],[-96.043507,41.089496],[-96.043506,41.089496],[-96.043505,41.089496]],[[-96.043516,41.089487],[-96.043516,41.089488],[-96.043516,41.089489],[-96.043516,41.089489],[-96.043516,41.08949],[-96.043516,41.08949],[-96.043515,41.089491],[-96.043515,41.089491],[-96.043515,41.089492],[-96.043514,41.089492],[-96.043514,41.089493],[-96.043513,41.089493],[-96.043513,41.089494],[-96.043512,41.089494],[-96.043512,41.089494],[-96.043511,41.089495],[-96.04351,41.089495],[-96.04351,41.089495],[-96.043509,41.089495],[-96.043508,41.089495],[-96.043508,41.089496],[-96.043507,41.089496],[-96.043506,41.089496],[-96.043505,41.089496]]]}},{"type":"Feature","properties":{"type":"drawing","level":"LEVEL 1","Layer":"A-DOOR","source":"LEVEL_1.dxf","SubClasses":"AcDbEntity:AcDbBlockReference","EntityHandle":"5A2","interactive":false},"geometry":{"type":"MultiLineString","coordinates":[[[-96.043491,41.089484],[-96.043491,41.089483],[-96.043491,41.089483],[-96.043491,41.089482],[-96.043491,41.089482],[-96.043491,41.089481],[-96.043492,41.089481],[-96.043492,41.08948],[-96.043492,41.08948],[-96.043493,41.089479],[-96.043493,41.089479],[-96.043494,41.089478],[-96.043494,41.089478],[-96.043495,41.089477],[-96.043495,41.089477],[-96.043496,41.089477],[-96.043497,41.089476],[-96.043497,41.089476],[-96.043498,41.089476],[-96.043499,41.089476],[-96.043499,41.089476],[-96.0435,41.089476],[-96.043501,41.089476],[-96.043502,41.089476]],[[-96.043502,41.089484],[-96.043502,41.089476]],[[-96.043502,41.089476],[-96.043501,41.089476]],[[-96.043501,41.089476],[-96.043501,41.089484]],[[-96.043501,41.089484],[-96.043502,41.089484]],[[-96.043491,41.089484],[-96.043491,41.089483],[-96.043491,41.089483],[-96.043491,41.089482],[-96.043491,41.089482],[-96.043491,41.089481],[-96.043492,41.089481],[-96.043492,41.08948],[-96.043492,41.08948],[-96.043493,41.089479],[-96.043493,41.089479],[-96.043494,41.089478],[-96.043494,41.089478],[-96.043495,41.089477],[-96.043495,41.089477],[-96.043496,41.089477],[-96.043497,41.089476],[-96.043497,41.089476],[-96.043498,41.089476],[-96.043499,41.089476],[-96.043499,41.089476],[-96.0435,41.089476],[-96.043501,41.089476],[-96.043502,41.089476]],[[-96.043502,41.089484],[-96.043502,41.089484]],[[-96.043502,41.089484],[-96.043502,41.089484]],[[-96.043502,41.089484],[-96.043502,41.089484]],[[-96.043502,41.089484],[-96.043502,41.089485]],[[-96.043502,41.089485],[-96.043502,41.089485]],[[-96.043502,41.089485],[-96.043502,41.089485]],[[-96.043502,41.089485],[-96.043502,41.089485]],[[-96.043502,41.089485],[-96.043502,41.089484]],[[-96.043491,41.089484],[-96.04349,41.089484]],[[-96.04349,41.089484],[-96.04349,41.089485]],[[-96.04349,41.089485],[-96.043491,41.089485]],[[-96.043491,41.089485],[-96.043491,41.089485]],[[-96.043491,41.089485],[-96.043491,41.089485]],[[-96.043491,41.089485],[-96.043491,41.089484]],[[-96.043491,41.089484],[-96.043491,41.089484]],[[-96.043491,41.089484],[-96.043491,41.089484]],[[-96.043502,41.089476],[-96.043501,41.089476]],[[-96.043502,41.089484],[-96.043502,41.089476]],[[-96.043501,41.089476],[-96.043501,41.089484]],[[-96.043502,41.089484],[-96.043501,41.089484]],[[-96.043491,41.089484],[-96.043491,41.089483],[-96.043491,41.089483],[-96.043491,41.089482],[-96.043491,41.089482],[-96.043491,41.089481],[-96.043492,41.089481],[-96.043492,41.08948],[-96.043492,41.08948],[-96.043493,41.089479],[-96.043493,41.089479],[-96.043494,41.089478],[-96.043494,41.089478],[-96.043495,41.089477],[-96.043495,41.089477],[-96.043496,41.089477],[-96.043497,41.089476],[-96.043497,41.089476],[-96.043498,41.089476],[-96.043499,41.089476],[-96.043499,41.089476],[-96.0435,41.089476],[-96.043501,41.089476],[-96.043502,41.089476]],[[-96.043491,41.089484],[-96.043491,41.089483],[-96.043491,41.089483],[-96.043491,41.089482],[-96.043491,41.089482],[-96.043491,41.089481],[-96.043492,41.089481],[-96.043492,41.08948],[-96.043492,41.08948],[-96.043493,41.089479],[-96.043493,41.089479],[-96.043494,41.089478],[-96.043494,41.089478],[-96.043495,41.089477],[-96.043495,41.089477],[-96.043496,41.089477],[-96.043497,41.089476],[-96.043497,41.089476],[-96.043498,41.089476],[-96.043499,41.089476],[-96.043499,41.089476],[-96.0435,41.089476],[-96.043501,41.089476],[-96.043502,41.089476]]]}},{"type":"Feature","properties":{"type":"drawing","level":"LEVEL 1","Layer":"A-DOOR","source":"LEVEL_1.dxf","SubClasses":"AcDbEntity:AcDbBlockReference","EntityHandle":"5A3","interactive":false},"geometry":{"type":"MultiLineString","coordinates":[[[-96.04345,41.089484],[-96.04345,41.089483],[-96.04345,41.089483],[-96.04345,41.089482],[-96.04345,41.089482],[-96.04345,41.089481],[-96.043451,41.089481],[-96.043451,41.08948],[-96.043451,41.08948],[-96.043452,41.089479],[-96.043452,41.089479],[-96.043453,41.089478],[-96.043453,41.089478],[-96.043454,41.089477],[-96.043454,41.089477],[-96.043455,41.089477],[-96.043456,41.089476],[-96.043456,41.089476],[-96.043457,41.089476],[-96.043458,41.089476],[-96.043458,41.089476],[-96.043459,41.089476],[-96.04346,41.089476],[-96.043461,41.089476]],[[-96.043461,41.089484],[-96.043461,41.089476]],[[-96.043461,41.089476],[-96.04346,41.089476]],[[-96.04346,41.089476],[-96.04346,41.089484]],[[-96.04346,41.089484],[-96.043461,41.089484]],[[-96.04345,41.089484],[-96.04345,41.089483],[-96.04345,41.089483],[-96.04345,41.089482],[-96.04345,41.089482],[-96.04345,41.089481],[-96.043451,41.089481],[-96.043451,41.08948],[-96.043451,41.08948],[-96.043452,41.089479],[-96.043452,41.089479],[-96.043453,41.089478],[-96.043453,41.089478],[-96.043454,41.089477],[-96.043454,41.089477],[-96.043455,41.089477],[-96.043456,41.089476],[-96.043456,41.089476],[-96.043457,41.089476],[-96.043458,41.089476],[-96.043458,41.089476],[-96.043459,41.089476],[-96.04346,41.089476],[-96.043461,41.089476]],[[-96.043461,41.089484],[-96.043461,41.089484]],[[-96.043461,41.089484],[-96.043461,41.089484]],[[-96.043461,41.089484],[-96.04346,41.089484]],[[-96.04346,41.089484],[-96.04346,41.089485]],[[-96.04346,41.089485],[-96.043461,41.089485]],[[-96.043461,41.089485],[-96.043461,41.089485]],[[-96.043461,41.089485],[-96.043461,41.089485]],[[-96.043461,41.089485],[-96.043461,41.089484]],[[-96.04345,41.089484],[-96.043449,41.089484]],[[-96.043449,41.089484],[-96.043449,41.089485]],[[-96.043449,41.089485],[-96.04345,41.089485]],[[-96.04345,41.089485],[-96.04345,41.089485]],[[-96.04345,41.089485],[-96.04345,41.089485]],[[-96.04345,41.089485],[-96.04345,41.089484]],[[-96.04345,41.089484],[-96.04345,41.089484]],[[-96.04345,41.089484],[-96.04345,41.089484]],[[-96.043461,41.089476],[-96.04346,41.089476]],[[-96.043461,41.089484],[-96.043461,41.089476]],[[-96.04346,41.089476],[-96.04346,41.089484]],[[-96.043461,41.089484],[-96.04346,41.089484]],[[-96.04345,41.089484],[-96.04345,41.089483],[-96.04345,41.089483],[-96.04345,41.089482],[-96.04345,41.089482],[-96.04345,41.089481],[-96.043451,41.089481],[-96.043451,41.08948],[-96.043451,41.08948],[-96.043452,41.089479],[-96.043452,41.089479],[-96.043453,41.089478],[-96.043453,41.089478],[-96.043454,41.089477],[-96.043454,41.089477],[-96.043455,41.089477],[-96.043456,41.089476],[-96.043456,41.089476],[-96.043457,41.089476],[-96.043458,41.089476],[-96.043458,41.089476],[-96.043459,41.089476],[-96.04346,41.089476],[-96.043461,41.089476]],[[-96.04345,41.089484],[-96.04345,41.089483],[-96.04345,41.089483],[-96.04345,41.089482],[-96.04345,41.089482],[-96.04345,41.089481],[-96.043451,41.089481],[-96.043451,41.08948],[-96.043451,41.08948],[-96.043452,41.089479],[-96.043452,41.089479],[-96.043453,41.089478],[-96.043453,41.089478],[-96.043454,41.089477],[-96.043454,41.089477],[-96.043455,41.089477],[-96.043456,41.089476],[-96.043456,41.089476],[-96.043457,41.089476],[-96.043458,41.089476],[-96.043458,41.089476],[-96.043459,41.089476],[-96.04346,41.089476],[-96.043461,41.089476]]]}},{"type":"Feature","properties":{"type":"drawing","level":"LEVEL 1","Layer":"A-DOOR","source":"LEVEL_1.dxf","SubClasses":"AcDbEntity:AcDbBlockReference","EntityHandle":"5A4","interactive":false},"geometry":{"type":"MultiLineString","coordinates":[[[-96.04347,41.089521],[-96.043471,41.089521],[-96.043471,41.089521],[-96.043472,41.089521],[-96.043473,41.089521],[-96.043474,41.089521],[-96.043474,41.089521],[-96.043475,41.089522],[-96.043476,41.089522],[-96.043476,41.089522],[-96.043477,41.089522],[-96.043477,41.089523],[-96.043478,41.089523],[-96.043478,41.089524],[-96.043479,41.089524],[-96.043479,41.089525],[-96.04348,41.089525],[-96.04348,41.089526],[-96.04348,41.089526],[-96.04348,41.089527],[-96.043481,41.089527],[-96.043481,41.089528],[-96.043481,41.089528],[-96.043481,41.089529]],[[-96.04347,41.089529],[-96.04347,41.089521]],[[-96.04347,41.089521],[-96.04347,41.089521]],[[-96.04347,41.089521],[-96.04347,41.089529]],[[-96.04347,41.089529],[-96.04347,41.089529]],[[-96.04347,41.089521],[-96.043471,41.089521],[-96.043471,41.089521],[-96.043472,41.089521],[-96.043473,41.089521],[-96.043474,41.089521],[-96.043474,41.089521],[-96.043475,41.089522],[-96.043476,41.089522],[-96.043476,41.089522],[-96.043477,41.089522],[-96.043477,41.089523],[-96.043478,41.089523],[-96.043478,41.089524],[-96.043479,41.089524],[-96.043479,41.089525],[-96.04348,41.089525],[-96.04348,41.089526],[-96.04348,41.089526],[-96.04348,41.089527],[-96.043481,41.089527],[-96.043481,41.089528],[-96.043481,41.089528],[-96.043481,41.089529]],[[-96.043469,41.08953],[-96.043469,41.089529]],[[-96.04347,41.08953],[-96.043469,41.08953]],[[-96.04347,41.08953],[-96.04347,41.08953]],[[-96.04347,41.08953],[-96.04347,41.08953]],[[-96.04347,41.089529],[-96.04347,41.08953]],[[-96.04347,41.089529],[-96.04347,41.089529]],[[-96.04347,41.089529],[-96.04347,41.089529]],[[-96.043469,41.089529],[-96.04347,41.089529]],[[-96.043481,41.089529],[-96.043481,41.089529]],[[-96.043481,41.089529],[-96.043481,41.089529]],[[-96.043481,41.08953],[-96.043481,41.089529]],[[-96.043481,41.08953],[-96.043481,41.08953]],[[-96.043481,41.08953],[-96.043481,41.08953]],[[-96.043481,41.08953],[-96.043481,41.08953]],[[-96.043481,41.089529],[-96.043481,41.08953]],[[-96.043481,41.089529],[-96.043481,41.089529]],[[-96.04347,41.089521],[-96.04347,41.089521]],[[-96.04347,41.089529],[-96.04347,41.089521]],[[-96.04347,41.089521],[-96.04347,41.089529]],[[-96.04347,41.089529],[-96.04347,41.089529]],[[-96.04347,41.089521],[-96.043471,41.089521],[-96.043471,41.089521],[-96.043472,41.089521],[-96.043473,41.089521],[-96.043474,41.089521],[-96.043474,41.089521],[-96.043475,41.089522],[-96.043476,41.089522],[-96.043476,41.089522],[-96.043477,41.089522],[-96.043477,41.089523],[-96.043478,41.089523],[-96.043478,41.089524],[-96.043479,41.089524],[-96.043479,41.089525],[-96.04348,41.089525],[-96.04348,41.089526],[-96.04348,41.089526],[-96.04348,41.089527],[-96.043481,41.089527],[-96.043481,41.089528],[-96.043481,41.089528],[-96.043481,41.089529]],[[-96.04347,41.089521],[-96.043471,41.089521],[-96.043471,41.089521],[-96.043472,41.089521],[-96.043473,41.089521],[-96.043474,41.089521],[-96.043474,41.089521],[-96.043475,41.089522],[-96.043476,41.089522],[-96.043476,41.089522],[-96.043477,41.089522],[-96.043477,41.089523],[-96.043478,41.089523],[-96.043478,41.089524],[-96.043479,41.089524],[-96.043479,41.089525],[-96.04348,41.089525],[-96.04348,41.089526],[-96.04348,41.089526],[-96.04348,41.089527],[-96.043481,41.089527],[-96.043481,41.089528],[-96.043481,41.089528],[-96.043481,41.089529]]]}},{"type":"Feature","properties":{"type":"drawing","level":"LEVEL 1","Layer":"A-DOOR","source":"LEVEL_1.dxf","SubClasses":"AcDbEntity:AcDbBlockReference","EntityHandle":"5A5","interactive":false},"geometry":{"type":"MultiLineString","coordinates":[[[-96.043532,41.089582],[-96.043532,41.089581],[-96.043532,41.08958],[-96.043532,41.08958],[-96.043532,41.089579],[-96.043532,41.089579],[-96.043532,41.089578],[-96.043533,41.089578],[-96.043533,41.089577],[-96.043534,41.089577],[-96.043534,41.089576],[-96.043535,41.089576],[-96.043535,41.089576],[-96.043536,41.089575],[-96.043536,41.089575],[-96.043537,41.089575],[-96.043538,41.089574],[-96.043538,41.089574],[-96.043539,41.089574],[-96.04354,41.089574],[-96.04354,41.089574],[-96.043541,41.089573],[-96.043542,41.089573],[-96.043543,41.089573]],[[-96.043543,41.089582],[-96.043532,41.089582]],[[-96.043532,41.089582],[-96.043532,41.089581]],[[-96.043532,41.089581],[-96.043543,41.089581]],[[-96.043543,41.089581],[-96.043543,41.089582]],[[-96.043532,41.089582],[-96.043532,41.089581],[-96.043532,41.08958],[-96.043532,41.08958],[-96.043532,41.089579],[-96.043532,41.089579],[-96.043532,41.089578],[-96.043533,41.089578],[-96.043533,41.089577],[-96.043534,41.089577],[-96.043534,41.089576],[-96.043535,41.089576],[-96.043535,41.089576],[-96.043536,41.089575],[-96.043536,41.089575],[-96.043537,41.089575],[-96.043538,41.089574],[-96.043538,41.089574],[-96.043539,41.089574],[-96.04354,41.089574],[-96.04354,41.089574],[-96.043541,41.089573],[-96.043542,41.089573],[-96.043543,41.089573]],[[-96.043545,41.089582],[-96.043543,41.089582]],[[-96.043545,41.089582],[-96.043545,41.089582]],[[-96.043544,41.089582],[-96.043545,41.089582]],[[-96.043544,41.089581],[-96.043544,41.089582]],[[-96.043543,41.089581],[-96.043544,41.089581]],[[-96.043543,41.089582],[-96.043543,41.089581]],[[-96.043543,41.089582],[-96.043543,41.089582]],[[-96.043543,41.089582],[-96.043543,41.089582]],[[-96.043543,41.089573],[-96.043543,41.089573]],[[-96.043543,41.089573],[-96.043543,41.089573]],[[-96.043544,41.089573],[-96.043543,41.089573]],[[-96.043544,41.089573],[-96.043544,41.089573]],[[-96.043545,41.089573],[-96.043544,41.089573]],[[-96.043545,41.089573],[-96.043545,41.089573]],[[-96.043543,41.089573],[-96.043545,41.089573]],[[-96.043543,41.089573],[-96.043543,41.089573]],[[-96.043532,41.089582],[-96.043532,41.089581]],[[-96.043543,41.089582],[-96.043532,41.089582]],[[-96.043532,41.089581],[-96.043543,41.089581]],[[-96.043543,41.089582],[-96.043543,41.089581]],[[-96.043532,41.089582],[-96.043532,41.089581],[-96.043532,41.08958],[-96.043532,41.08958],[-96.043532,41.089579],[-96.043532,41.089579],[-96.043532,41.089578],[-96.043533,41.089578],[-96.043533,41.089577],[-96.043534,41.089577],[-96.043534,41.089576],[-96.043535,41.089576],[-96.043535,41.089576],[-96.043536,41.089575],[-96.043536,41.089575],[-96.043537,41.089575],[-96.043538,41.089574],[-96.043538,41.089574],[-96.043539,41.089574],[-96.04354,41.089574],[-96.04354,41.089574],[-96.043541,41.089573],[-96.043542,41.089573],[-96.043543,41.089573]],[[-96.043532,41.089582],[-96.043532,41.089581],[-96.043532,41.08958],[-96.043532,41.08958],[-96.043532,41.089579],[-96.043532,41.089579],[-96.043532,41.089578],[-96.043533,41.089578],[-96.043533,41.089577],[-96.043534,41.089577],[-96.043534,41.089576],[-96.043535,41.089576],[-96.043535,41.089576],[-96.043536,41.089575],[-96.043536,41.089575],[-96.043537,41.089575],[-96.043538,41.089574],[-96.043538,41.089574],[-96.043539,41.089574],[-96.04354,41.089574],[-96.04354,41.089574],[-96.043541,41.089573],[-96.043542,41.089573],[-96.043543,41.089573]]]}},{"type":"Feature","properties":{"type":"drawing","level":"LEVEL 1","Layer":"A-DOOR","source":"LEVEL_1.dxf","SubClasses":"AcDbEntity:AcDbBlockReference","EntityHandle":"5A6","interactive":false},"geometry":{"type":"MultiLineString","coordinates":[[[-96.043455,41.089598],[-96.043456,41.089598],[-96.043456,41.089598],[-96.043457,41.089598],[-96.043458,41.089598],[-96.043459,41.089598],[-96.043459,41.089598],[-96.04346,41.089598],[-96.043461,41.089599],[-96.043461,41.089599],[-96.043462,41.089599],[-96.043462,41.0896],[-96.043463,41.0896],[-96.043463,41.089601],[-96.043464,41.089601],[-96.043464,41.089602],[-96.043465,41.089602],[-96.043465,41.089603],[-96.043465,41.089603],[-96.043465,41.089604],[-96.043466,41.089604],[-96.043466,41.089605],[-96.043466,41.089605],[-96.043466,41.089606]],[[-96.043455,41.089606],[-96.043466,41.089606]],[[-96.043466,41.089606],[-96.043466,41.089605]],[[-96.043466,41.089605],[-96.043455,41.089605]],[[-96.043455,41.089605],[-96.043455,41.089606]],[[-96.043455,41.089598],[-96.043456,41.089598],[-96.043456,41.089598],[-96.043457,41.089598],[-96.043458,41.089598],[-96.043459,41.089598],[-96.043459,41.089598],[-96.04346,41.089598],[-96.043461,41.089599],[-96.043461,41.089599],[-96.043462,41.089599],[-96.043462,41.0896],[-96.043463,41.0896],[-96.043463,41.089601],[-96.043464,41.089601],[-96.043464,41.089602],[-96.043465,41.089602],[-96.043465,41.089603],[-96.043465,41.089603],[-96.043465,41.089604],[-96.043466,41.089604],[-96.043466,41.089605],[-96.043466,41.089605],[-96.043466,41.089606]],[[-96.043455,41.089606],[-96.043455,41.089606]],[[-96.043455,41.089606],[-96.043454,41.089606]],[[-96.043454,41.089606],[-96.043454,41.089606]],[[-96.043454,41.089606],[-96.043454,41.089606]],[[-96.043454,41.089606],[-96.043454,41.089606]],[[-96.043454,41.089606],[-96.043453,41.089606]],[[-96.043453,41.089606],[-96.043453,41.089606]],[[-96.043453,41.089606],[-96.043455,41.089606]],[[-96.043455,41.089598],[-96.043455,41.089597]],[[-96.043455,41.089597],[-96.043453,41.089597]],[[-96.043453,41.089597],[-96.043453,41.089598]],[[-96.043453,41.089598],[-96.043454,41.089598]],[[-96.043454,41.089598],[-96.043454,41.089598]],[[-96.043454,41.089598],[-96.043454,41.089598]],[[-96.043454,41.089598],[-96.043454,41.089598]],[[-96.043454,41.089598],[-96.043455,41.089598]],[[-96.043466,41.089606],[-96.043466,41.089605]],[[-96.043455,41.089606],[-96.043466,41.089606]],[[-96.043466,41.089605],[-96.043455,41.089605]],[[-96.043455,41.089606],[-96.043455,41.089605]],[[-96.043455,41.089598],[-96.043456,41.089598],[-96.043456,41.089598],[-96.043457,41.089598],[-96.043458,41.089598],[-96.043459,41.089598],[-96.043459,41.089598],[-96.04346,41.089598],[-96.043461,41.089599],[-96.043461,41.089599],[-96.043462,41.089599],[-96.043462,41.0896],[-96.043463,41.0896],[-96.043463,41.089601],[-96.043464,41.089601],[-96.043464,41.089602],[-96.043465,41.089602],[-96.043465,41.089603],[-96.043465,41.089603],[-96.043465,41.089604],[-96.043466,41.089604],[-96.043466,41.089605],[-96.043466,41.089605],[-96.043466,41.089606]],[[-96.043455,41.089598],[-96.043456,41.089598],[-96.043456,41.089598],[-96.043457,41.089598],[-96.043458,41.089598],[-96.043459,41.089598],[-96.043459,41.089598],[-96.04346,41.089598],[-96.043461,41.089599],[-96.043461,41.089599],[-96.043462,41.089599],[-96.043462,41.0896],[-96.043463,41.0896],[-96.043463,41.089601],[-96.043464,41.089601],[-96.043464,41.089602],[-96.043465,41.089602],[-96.043465,41.089603],[-96.043465,41.089603],[-96.043465,41.089604],[-96.043466,41.089604],[-96.043466,41.089605],[-96.043466,41.089605],[-96.043466,41.089606]]]}},{"type":"Feature","properties":{"type":"drawing","level":"LEVEL 1","Layer":"A-DOOR","source":"LEVEL_1.dxf","SubClasses":"AcDbEntity:AcDbBlockReference","EntityHandle":"5A7","interactive":false},"geometry":{"type":"MultiLineString","coordinates":[[[-96.043424,41.089615],[-96.043424,41.089615],[-96.043424,41.089614],[-96.043424,41.089614],[-96.043424,41.089613],[-96.043424,41.089613],[-96.043424,41.089612],[-96.043425,41.089612],[-96.043425,41.089611],[-96.043426,41.089611],[-96.043426,41.08961],[-96.043426,41.08961],[-96.043427,41.089609],[-96.043428,41.089609],[-96.043428,41.089609],[-96.043429,41.089608],[-96.043429,41.089608],[-96.04343,41.089608],[-96.043431,41.089608],[-96.043432,41.089607],[-96.043432,41.089607],[-96.043433,41.089607],[-96.043434,41.089607],[-96.043434,41.089607]],[[-96.043434,41.089615],[-96.043434,41.089607]],[[-96.043434,41.089607],[-96.043434,41.089607]],[[-96.043434,41.089607],[-96.043434,41.089615]],[[-96.043434,41.089615],[-96.043434,41.089615]],[[-96.043424,41.089615],[-96.043424,41.089615],[-96.043424,41.089614],[-96.043424,41.089614],[-96.043424,41.089613],[-96.043424,41.089613],[-96.043424,41.089612],[-96.043425,41.089612],[-96.043425,41.089611],[-96.043426,41.089611],[-96.043426,41.08961],[-96.043426,41.08961],[-96.043427,41.089609],[-96.043428,41.089609],[-96.043428,41.089609],[-96.043429,41.089608],[-96.043429,41.089608],[-96.04343,41.089608],[-96.043431,41.089608],[-96.043432,41.089607],[-96.043432,41.089607],[-96.043433,41.089607],[-96.043434,41.089607],[-96.043434,41.089607]],[[-96.043435,41.089615],[-96.043434,41.089615]],[[-96.043434,41.089615],[-96.043434,41.089616]],[[-96.043434,41.089616],[-96.043434,41.089616]],[[-96.043434,41.089616],[-96.043434,41.089616]],[[-96.043434,41.089616],[-96.043434,41.089616]],[[-96.043434,41.089616],[-96.043434,41.089617]],[[-96.043434,41.089617],[-96.043435,41.089617]],[[-96.043435,41.089617],[-96.043435,41.089615]],[[-96.043424,41.089615],[-96.043423,41.089615]],[[-96.043423,41.089615],[-96.043423,41.089617]],[[-96.043423,41.089617],[-96.043424,41.089617]],[[-96.043424,41.089617],[-96.043424,41.089616]],[[-96.043424,41.089616],[-96.043424,41.089616]],[[-96.043424,41.089616],[-96.043424,41.089616]],[[-96.043424,41.089616],[-96.043424,41.089616]],[[-96.043424,41.089616],[-96.043424,41.089615]],[[-96.043434,41.089607],[-96.043434,41.089607]],[[-96.043434,41.089615],[-96.043434,41.089607]],[[-96.043434,41.089607],[-96.043434,41.089615]],[[-96.043434,41.089615],[-96.043434,41.089615]],[[-96.043424,41.089615],[-96.043424,41.089615],[-96.043424,41.089614],[-96.043424,41.089614],[-96.043424,41.089613],[-96.043424,41.089613],[-96.043424,41.089612],[-96.043425,41.089612],[-96.043425,41.089611],[-96.043426,41.089611],[-96.043426,41.08961],[-96.043426,41.08961],[-96.043427,41.089609],[-96.043428,41.089609],[-96.043428,41.089609],[-96.043429,41.089608],[-96.043429,41.089608],[-96.04343,41.089608],[-96.043431,41.089608],[-96.043432,41.089607],[-96.043432,41.089607],[-96.043433,41.089607],[-96.043434,41.089607],[-96.043434,41.089607]],[[-96.043424,41.089615],[-96.043424,41.089615],[-96.043424,41.089614],[-96.043424,41.089614],[-96.043424,41.089613],[-96.043424,41.089613],[-96.043424,41.089612],[-96.043425,41.089612],[-96.043425,41.089611],[-96.043426,41.089611],[-96.043426,41.08961],[-96.043426,41.08961],[-96.043427,41.089609],[-96.043428,41.089609],[-96.043428,41.089609],[-96.043429,41.089608],[-96.043429,41.089608],[-96.04343,41.089608],[-96.043431,41.089608],[-96.043432,41.089607],[-96.043432,41.089607],[-96.043433,41.089607],[-96.043434,41.089607],[-96.043434,41.089607]]]}},{"type":"Feature","properties":{"type":"drawing","level":"LEVEL 1","Layer":"A-DOOR","source":"LEVEL_1.dxf","SubClasses":"AcDbEntity:AcDbBlockReference","EntityHandle":"5A8","interactive":false},"geometry":{"type":"MultiLineString","coordinates":[[[-96.043366,41.089607],[-96.043367,41.089607],[-96.043368,41.089607],[-96.043368,41.089607],[-96.043369,41.089607],[-96.04337,41.089608],[-96.04337,41.089608],[-96.043371,41.089608],[-96.043372,41.089608],[-96.043372,41.089609],[-96.043373,41.089609],[-96.043374,41.089609],[-96.043374,41.08961],[-96.043375,41.08961],[-96.043375,41.089611],[-96.043375,41.089611],[-96.043376,41.089612],[-96.043376,41.089612],[-96.043376,41.089613],[-96.043377,41.089613],[-96.043377,41.089614],[-96.043377,41.089614],[-96.043377,41.089615],[-96.043377,41.089615]],[[-96.043366,41.089615],[-96.043366,41.089607]],[[-96.043366,41.089607],[-96.043367,41.089607]],[[-96.043367,41.089607],[-96.043367,41.089615]],[[-96.043367,41.089615],[-96.043366,41.089615]],[[-96.043366,41.089607],[-96.043367,41.089607],[-96.043368,41.089607],[-96.043368,41.089607],[-96.043369,41.089607],[-96.04337,41.089608],[-96.04337,41.089608],[-96.043371,41.089608],[-96.043372,41.089608],[-96.043372,41.089609],[-96.043373,41.089609],[-96.043374,41.089609],[-96.043374,41.08961],[-96.043375,41.08961],[-96.043375,41.089611],[-96.043375,41.089611],[-96.043376,41.089612],[-96.043376,41.089612],[-96.043376,41.089613],[-96.043377,41.089613],[-96.043377,41.089614],[-96.043377,41.089614],[-96.043377,41.089615],[-96.043377,41.089615]],[[-96.043365,41.089617],[-96.043365,41.089615]],[[-96.043366,41.089617],[-96.043365,41.089617]],[[-96.043366,41.089616],[-96.043366,41.089617]],[[-96.043366,41.089616],[-96.043366,41.089616]],[[-96.043366,41.089616],[-96.043366,41.089616]],[[-96.043366,41.089616],[-96.043366,41.089616]],[[-96.043366,41.089615],[-96.043366,41.089616]],[[-96.043365,41.089615],[-96.043366,41.089615]],[[-96.043377,41.089616],[-96.043377,41.089615]],[[-96.043377,41.089616],[-96.043377,41.089616]],[[-96.043377,41.089616],[-96.043377,41.089616]],[[-96.043377,41.089616],[-96.043377,41.089616]],[[-96.043377,41.089617],[-96.043377,41.089616]],[[-96.043378,41.089617],[-96.043377,41.089617]],[[-96.043378,41.089615],[-96.043378,41.089617]],[[-96.043377,41.089615],[-96.043378,41.089615]],[[-96.043366,41.089607],[-96.043367,41.089607]],[[-96.043366,41.089615],[-96.043366,41.089607]],[[-96.043367,41.089607],[-96.043367,41.089615]],[[-96.043366,41.089615],[-96.043367,41.089615]],[[-96.043366,41.089607],[-96.043367,41.089607],[-96.043368,41.089607],[-96.043368,41.089607],[-96.043369,41.089607],[-96.04337,41.089608],[-96.04337,41.089608],[-96.043371,41.089608],[-96.043372,41.089608],[-96.043372,41.089609],[-96.043373,41.089609],[-96.043374,41.089609],[-96.043374,41.08961],[-96.043375,41.08961],[-96.043375,41.089611],[-96.043375,41.089611],[-96.043376,41.089612],[-96.043376,41.089612],[-96.043376,41.089613],[-96.043377,41.089613],[-96.043377,41.089614],[-96.043377,41.089614],[-96.043377,41.089615],[-96.043377,41.089615]],[[-96.043366,41.089607],[-96.043367,41.089607],[-96.043368,41.089607],[-96.043368,41.089607],[-96.043369,41.089607],[-96.04337,41.089608],[-96.04337,41.089608],[-96.043371,41.089608],[-96.043372,41.089608],[-96.043372,41.089609],[-96.043373,41.089609],[-96.043374,41.089609],[-96.043374,41.08961],[-96.043375,41.08961],[-96.043375,41.089611],[-96.043375,41.089611],[-96.043376,41.089612],[-96.043376,41.089612],[-96.043376,41.089613],[-96.043377,41.089613],[-96.043377,41.089614],[-96.043377,41.089614],[-96.043377,41.089615],[-96.043377,41.089615]]]}},{"type":"Feature","properties":{"type":"drawing","level":"LEVEL 1","Layer":"A-DOOR","source":"LEVEL_1.dxf","SubClasses":"AcDbEntity:AcDbBlockReference","EntityHandle":"5A9","interactive":false},"geometry":{"type":"MultiLineString","coordinates":[[[-96.043351,41.089615],[-96.043351,41.089615],[-96.043351,41.089614],[-96.043351,41.089614],[-96.043351,41.089613],[-96.043351,41.089613],[-96.043351,41.089612],[-96.043352,41.089612],[-96.043352,41.089611],[-96.043353,41.089611],[-96.043353,41.08961],[-96.043353,41.08961],[-96.043354,41.089609],[-96.043355,41.089609],[-96.043355,41.089609],[-96.043356,41.089608],[-96.043356,41.089608],[-96.043357,41.089608],[-96.043358,41.089608],[-96.043359,41.089607],[-96.043359,41.089607],[-96.04336,41.089607],[-96.043361,41.089607],[-96.043361,41.089607]],[[-96.043361,41.089615],[-96.043361,41.089607]],[[-96.043361,41.089607],[-96.043361,41.089607]],[[-96.043361,41.089607],[-96.043361,41.089615]],[[-96.043361,41.089615],[-96.043361,41.089615]],[[-96.043351,41.089615],[-96.043351,41.089615],[-96.043351,41.089614],[-96.043351,41.089614],[-96.043351,41.089613],[-96.043351,41.089613],[-96.043351,41.089612],[-96.043352,41.089612],[-96.043352,41.089611],[-96.043353,41.089611],[-96.043353,41.08961],[-96.043353,41.08961],[-96.043354,41.089609],[-96.043355,41.089609],[-96.043355,41.089609],[-96.043356,41.089608],[-96.043356,41.089608],[-96.043357,41.089608],[-96.043358,41.089608],[-96.043359,41.089607],[-96.043359,41.089607],[-96.04336,41.089607],[-96.043361,41.089607],[-96.043361,41.089607]],[[-96.043362,41.089615],[-96.043361,41.089615]],[[-96.043361,41.089615],[-96.043361,41.089616]],[[-96.043361,41.089616],[-96.043361,41.089616]],[[-96.043361,41.089616],[-96.043361,41.089616]],[[-96.043361,41.089616],[-96.043361,41.089616]],[[-96.043361,41.089616],[-96.043361,41.089617]],[[-96.043361,41.089617],[-96.043362,41.089617]],[[-96.043362,41.089617],[-96.043362,41.089615]],[[-96.043351,41.089615],[-96.04335,41.089615]],[[-96.04335,41.089615],[-96.04335,41.089617]],[[-96.04335,41.089617],[-96.043351,41.089617]],[[-96.043351,41.089617],[-96.043351,41.089616]],[[-96.043351,41.089616],[-96.043351,41.089616]],[[-96.043351,41.089616],[-96.043351,41.089616]],[[-96.043351,41.089616],[-96.043351,41.089616]],[[-96.043351,41.089616],[-96.043351,41.089615]],[[-96.043361,41.089607],[-96.043361,41.089607]],[[-96.043361,41.089615],[-96.043361,41.089607]],[[-96.043361,41.089607],[-96.043361,41.089615]],[[-96.043361,41.089615],[-96.043361,41.089615]],[[-96.043351,41.089615],[-96.043351,41.089615],[-96.043351,41.089614],[-96.043351,41.089614],[-96.043351,41.089613],[-96.043351,41.089613],[-96.043351,41.089612],[-96.043352,41.089612],[-96.043352,41.089611],[-96.043353,41.089611],[-96.043353,41.08961],[-96.043353,41.08961],[-96.043354,41.089609],[-96.043355,41.089609],[-96.043355,41.089609],[-96.043356,41.089608],[-96.043356,41.089608],[-96.043357,41.089608],[-96.043358,41.089608],[-96.043359,41.089607],[-96.043359,41.089607],[-96.04336,41.089607],[-96.043361,41.089607],[-96.043361,41.089607]],[[-96.043351,41.089615],[-96.043351,41.089615],[-96.043351,41.089614],[-96.043351,41.089614],[-96.043351,41.089613],[-96.043351,41.089613],[-96.043351,41.089612],[-96.043352,41.089612],[-96.043352,41.089611],[-96.043353,41.089611],[-96.043353,41.08961],[-96.043353,41.08961],[-96.043354,41.089609],[-96.043355,41.089609],[-96.043355,41.089609],[-96.043356,41.089608],[-96.043356,41.089608],[-96.043357,41.089608],[-96.043358,41.089608],[-96.043359,41.089607],[-96.043359,41.089607],[-96.04336,41.089607],[-96.043361,41.089607],[-96.043361,41.089607]]]}},{"type":"Feature","properties":{"type":"drawing","level":"LEVEL 1","Layer":"A-DOOR","source":"LEVEL_1.dxf","SubClasses":"AcDbEntity:AcDbBlockReference","EntityHandle":"5AA","interactive":false},"geometry":{"type":"MultiLineString","coordinates":[[[-96.043455,41.089645],[-96.043456,41.089645],[-96.043456,41.089645],[-96.043457,41.089645],[-96.043458,41.089645],[-96.043459,41.089645],[-96.043459,41.089645],[-96.04346,41.089645],[-96.043461,41.089646],[-96.043461,41.089646],[-96.043462,41.089646],[-96.043462,41.089647],[-96.043463,41.089647],[-96.043463,41.089648],[-96.043464,41.089648],[-96.043464,41.089648],[-96.043465,41.089649],[-96.043465,41.08965],[-96.043465,41.08965],[-96.043465,41.089651],[-96.043466,41.089651],[-96.043466,41.089652],[-96.043466,41.089652],[-96.043466,41.089653]],[[-96.043455,41.089653],[-96.043466,41.089653]],[[-96.043466,41.089653],[-96.043466,41.089652]],[[-96.043466,41.089652],[-96.043455,41.089652]],[[-96.043455,41.089652],[-96.043455,41.089653]],[[-96.043455,41.089645],[-96.043456,41.089645],[-96.043456,41.089645],[-96.043457,41.089645],[-96.043458,41.089645],[-96.043459,41.089645],[-96.043459,41.089645],[-96.04346,41.089645],[-96.043461,41.089646],[-96.043461,41.089646],[-96.043462,41.089646],[-96.043462,41.089647],[-96.043463,41.089647],[-96.043463,41.089648],[-96.043464,41.089648],[-96.043464,41.089648],[-96.043465,41.089649],[-96.043465,41.08965],[-96.043465,41.08965],[-96.043465,41.089651],[-96.043466,41.089651],[-96.043466,41.089652],[-96.043466,41.089652],[-96.043466,41.089653]],[[-96.043455,41.089653],[-96.043455,41.089653]],[[-96.043455,41.089653],[-96.043454,41.089653]],[[-96.043454,41.089653],[-96.043454,41.089653]],[[-96.043454,41.089653],[-96.043454,41.089653]],[[-96.043454,41.089653],[-96.043454,41.089653]],[[-96.043454,41.089653],[-96.043453,41.089653]],[[-96.043453,41.089653],[-96.043453,41.089653]],[[-96.043453,41.089653],[-96.043455,41.089653]],[[-96.043455,41.089645],[-96.043455,41.089644]],[[-96.043455,41.089644],[-96.043453,41.089644]],[[-96.043453,41.089644],[-96.043453,41.089645]],[[-96.043453,41.089645],[-96.043454,41.089645]],[[-96.043454,41.089645],[-96.043454,41.089645]],[[-96.043454,41.089645],[-96.043454,41.089645]],[[-96.043454,41.089645],[-96.043454,41.089645]],[[-96.043454,41.089645],[-96.043455,41.089645]],[[-96.043466,41.089653],[-96.043466,41.089652]],[[-96.043455,41.089653],[-96.043466,41.089653]],[[-96.043466,41.089652],[-96.043455,41.089652]],[[-96.043455,41.089653],[-96.043455,41.089652]],[[-96.043455,41.089645],[-96.043456,41.089645],[-96.043456,41.089645],[-96.043457,41.089645],[-96.043458,41.089645],[-96.043459,41.089645],[-96.043459,41.089645],[-96.04346,41.089645],[-96.043461,41.089646],[-96.043461,41.089646],[-96.043462,41.089646],[-96.043462,41.089647],[-96.043463,41.089647],[-96.043463,41.089648],[-96.043464,41.089648],[-96.043464,41.089648],[-96.043465,41.089649],[-96.043465,41.08965],[-96.043465,41.08965],[-96.043465,41.089651],[-96.043466,41.089651],[-96.043466,41.089652],[-96.043466,41.089652],[-96.043466,41.089653]],[[-96.043455,41.089645],[-96.043456,41.089645],[-96.043456,41.089645],[-96.043457,41.089645],[-96.043458,41.089645],[-96.043459,41.089645],[-96.043459,41.089645],[-96.04346,41.089645],[-96.043461,41.089646],[-96.043461,41.089646],[-96.043462,41.089646],[-96.043462,41.089647],[-96.043463,41.089647],[-96.043463,41.089648],[-96.043464,41.089648],[-96.043464,41.089648],[-96.043465,41.089649],[-96.043465,41.08965],[-96.043465,41.08965],[-96.043465,41.089651],[-96.043466,41.089651],[-96.043466,41.089652],[-96.043466,41.089652],[-96.043466,41.089653]]]}},{"type":"Feature","properties":{"type":"drawing","level":"LEVEL 1","Layer":"A-DOOR","source":"LEVEL_1.dxf","SubClasses":"AcDbEntity:AcDbBlockReference","EntityHandle":"5AB","interactive":false},"geometry":{"type":"MultiLineString","coordinates":[[[-96.043528,41.089664],[-96.043528,41.089663],[-96.043528,41.089663],[-96.043528,41.089662],[-96.043529,41.089662],[-96.043529,41.089661],[-96.043529,41.089661],[-96.043529,41.08966],[-96.04353,41.08966],[-96.04353,41.089659],[-96.043531,41.089659],[-96.043531,41.089658],[-96.043532,41.089658],[-96.043532,41.089658],[-96.043533,41.089657],[-96.043533,41.089657],[-96.043534,41.089657],[-96.043535,41.089656],[-96.043535,41.089656],[-96.043536,41.089656],[-96.043537,41.089656],[-96.043538,41.089656],[-96.043538,41.089656],[-96.043539,41.089656]],[[-96.043539,41.089664],[-96.043539,41.089656]],[[-96.043539,41.089656],[-96.043539,41.089656]],[[-96.043539,41.089656],[-96.043539,41.089664]],[[-96.043539,41.089664],[-96.043539,41.089664]],[[-96.043528,41.089664],[-96.043528,41.089663],[-96.043528,41.089663],[-96.043528,41.089662],[-96.043529,41.089662],[-96.043529,41.089661],[-96.043529,41.089661],[-96.043529,41.08966],[-96.04353,41.08966],[-96.04353,41.089659],[-96.043531,41.089659],[-96.043531,41.089658],[-96.043532,41.089658],[-96.043532,41.089658],[-96.043533,41.089657],[-96.043533,41.089657],[-96.043534,41.089657],[-96.043535,41.089656],[-96.043535,41.089656],[-96.043536,41.089656],[-96.043537,41.089656],[-96.043538,41.089656],[-96.043538,41.089656],[-96.043539,41.089656]],[[-96.04354,41.089664],[-96.043539,41.089664]],[[-96.043539,41.089664],[-96.043539,41.089664]],[[-96.043539,41.089664],[-96.043539,41.089664]],[[-96.043539,41.089664],[-96.043539,41.089665]],[[-96.043539,41.089665],[-96.043539,41.089665]],[[-96.043539,41.089665],[-96.043539,41.089666]],[[-96.043539,41.089666],[-96.04354,41.089666]],[[-96.04354,41.089666],[-96.04354,41.089664]],[[-96.043528,41.089664],[-96.043528,41.089664]],[[-96.043528,41.089664],[-96.043528,41.089666]],[[-96.043528,41.089666],[-96.043528,41.089666]],[[-96.043528,41.089666],[-96.043528,41.089665]],[[-96.043528,41.089665],[-96.043528,41.089665]],[[-96.043528,41.089665],[-96.043528,41.089664]],[[-96.043528,41.089664],[-96.043528,41.089664]],[[-96.043528,41.089664],[-96.043528,41.089664]],[[-96.043539,41.089656],[-96.043539,41.089656]],[[-96.043539,41.089664],[-96.043539,41.089656]],[[-96.043539,41.089656],[-96.043539,41.089664]],[[-96.043539,41.089664],[-96.043539,41.089664]],[[-96.043528,41.089664],[-96.043528,41.089663],[-96.043528,41.089663],[-96.043528,41.089662],[-96.043529,41.089662],[-96.043529,41.089661],[-96.043529,41.089661],[-96.043529,41.08966],[-96.04353,41.08966],[-96.04353,41.089659],[-96.043531,41.089659],[-96.043531,41.089658],[-96.043532,41.089658],[-96.043532,41.089658],[-96.043533,41.089657],[-96.043533,41.089657],[-96.043534,41.089657],[-96.043535,41.089656],[-96.043535,41.089656],[-96.043536,41.089656],[-96.043537,41.089656],[-96.043538,41.089656],[-96.043538,41.089656],[-96.043539,41.089656]],[[-96.043528,41.089664],[-96.043528,41.089663],[-96.043528,41.089663],[-96.043528,41.089662],[-96.043529,41.089662],[-96.043529,41.089661],[-96.043529,41.089661],[-96.043529,41.08966],[-96.04353,41.08966],[-96.04353,41.089659],[-96.043531,41.089659],[-96.043531,41.089658],[-96.043532,41.089658],[-96.043532,41.089658],[-96.043533,41.089657],[-96.043533,41.089657],[-96.043534,41.089657],[-96.043535,41.089656],[-96.043535,41.089656],[-96.043536,41.089656],[-96.043537,41.089656],[-96.043538,41.089656],[-96.043538,41.089656],[-96.043539,41.089656]]]}},{"type":"Feature","properties":{"type":"drawing","level":"LEVEL 1","Layer":"A-DOOR","source":"LEVEL_1.dxf","SubClasses":"AcDbEntity:AcDbBlockReference","EntityHandle":"5AC","interactive":false},"geometry":{"type":"MultiLineString","coordinates":[[[-96.043545,41.089669],[-96.043545,41.089669],[-96.043546,41.089669],[-96.043547,41.089669],[-96.043548,41.089669],[-96.043548,41.089669],[-96.043549,41.089669],[-96.04355,41.089669],[-96.04355,41.08967],[-96.043551,41.08967],[-96.043551,41.08967],[-96.043552,41.089671],[-96.043553,41.089671],[-96.043553,41.089672],[-96.043554,41.089672],[-96.043554,41.089673],[-96.043554,41.089673],[-96.043555,41.089674],[-96.043555,41.089674],[-96.043555,41.089675],[-96.043555,41.089675],[-96.043555,41.089676],[-96.043556,41.089676],[-96.043556,41.089677]],[[-96.043545,41.089677],[-96.043556,41.089677]],[[-96.043556,41.089677],[-96.043556,41.089676]],[[-96.043556,41.089676],[-96.043545,41.089676]],[[-96.043545,41.089676],[-96.043545,41.089677]],[[-96.043545,41.089669],[-96.043545,41.089669],[-96.043546,41.089669],[-96.043547,41.089669],[-96.043548,41.089669],[-96.043548,41.089669],[-96.043549,41.089669],[-96.04355,41.089669],[-96.04355,41.08967],[-96.043551,41.08967],[-96.043551,41.08967],[-96.043552,41.089671],[-96.043553,41.089671],[-96.043553,41.089672],[-96.043554,41.089672],[-96.043554,41.089673],[-96.043554,41.089673],[-96.043555,41.089674],[-96.043555,41.089674],[-96.043555,41.089675],[-96.043555,41.089675],[-96.043555,41.089676],[-96.043556,41.089676],[-96.043556,41.089677]],[[-96.043545,41.089677],[-96.043545,41.089677]],[[-96.043545,41.089677],[-96.043544,41.089677]],[[-96.043544,41.089677],[-96.043544,41.089677]],[[-96.043544,41.089677],[-96.043543,41.089677]],[[-96.043543,41.089677],[-96.043543,41.089677]],[[-96.043543,41.089677],[-96.043543,41.089677]],[[-96.043543,41.089677],[-96.043543,41.089677]],[[-96.043543,41.089677],[-96.043545,41.089677]],[[-96.043545,41.089669],[-96.043545,41.089668]],[[-96.043545,41.089668],[-96.043543,41.089668]],[[-96.043543,41.089668],[-96.043543,41.089669]],[[-96.043543,41.089669],[-96.043543,41.089669]],[[-96.043543,41.089669],[-96.043543,41.089669]],[[-96.043543,41.089669],[-96.043544,41.089669]],[[-96.043544,41.089669],[-96.043544,41.089669]],[[-96.043544,41.089669],[-96.043545,41.089669]],[[-96.043556,41.089677],[-96.043556,41.089676]],[[-96.043545,41.089677],[-96.043556,41.089677]],[[-96.043556,41.089676],[-96.043545,41.089676]],[[-96.043545,41.089677],[-96.043545,41.089676]],[[-96.043545,41.089669],[-96.043545,41.089669],[-96.043546,41.089669],[-96.043547,41.089669],[-96.043548,41.089669],[-96.043548,41.089669],[-96.043549,41.089669],[-96.04355,41.089669],[-96.04355,41.08967],[-96.043551,41.08967],[-96.043551,41.08967],[-96.043552,41.089671],[-96.043553,41.089671],[-96.043553,41.089672],[-96.043554,41.089672],[-96.043554,41.089673],[-96.043554,41.089673],[-96.043555,41.089674],[-96.043555,41.089674],[-96.043555,41.089675],[-96.043555,41.089675],[-96.043555,41.089676],[-96.043556,41.089676],[-96.043556,41.089677]],[[-96.043545,41.089669],[-96.043545,41.089669],[-96.043546,41.089669],[-96.043547,41.089669],[-96.043548,41.089669],[-96.043548,41.089669],[-96.043549,41.089669],[-96.04355,41.089669],[-96.04355,41.08967],[-96.043551,41.08967],[-96.043551,41.08967],[-96.043552,41.089671],[-96.043553,41.089671],[-96.043553,41.089672],[-96.043554,41.089672],[-96.043554,41.089673],[-96.043554,41.089673],[-96.043555,41.089674],[-96.043555,41.089674],[-96.043555,41.089675],[-96.043555,41.089675],[-96.043555,41.089676],[-96.043556,41.089676],[-96.043556,41.089677]]]}},{"type":"Feature","properties":{"type":"drawing","level":"LEVEL 1","Layer":"A-DOOR","source":"LEVEL_1.dxf","SubClasses":"AcDbEntity:AcDbBlockReference","EntityHandle":"5AD","interactive":false},"geometry":{"type":"MultiLineString","coordinates":[[[-96.043457,41.089673],[-96.043457,41.089673],[-96.043458,41.089673],[-96.043459,41.089673],[-96.04346,41.089674],[-96.04346,41.089674],[-96.043461,41.089674],[-96.043462,41.089674],[-96.043462,41.089675],[-96.043463,41.089675],[-96.043464,41.089675],[-96.043464,41.089676],[-96.043465,41.089676],[-96.043465,41.089676],[-96.043466,41.089677],[-96.043466,41.089677],[-96.043466,41.089678],[-96.043467,41.089678],[-96.043467,41.089679],[-96.043467,41.089679],[-96.043467,41.08968],[-96.043467,41.08968],[-96.043468,41.089681],[-96.043468,41.089682]],[[-96.043457,41.089682],[-96.043457,41.089673]],[[-96.043457,41.089673],[-96.043457,41.089673]],[[-96.043457,41.089673],[-96.043457,41.089682]],[[-96.043457,41.089682],[-96.043457,41.089682]],[[-96.043457,41.089673],[-96.043457,41.089673],[-96.043458,41.089673],[-96.043459,41.089673],[-96.04346,41.089674],[-96.04346,41.089674],[-96.043461,41.089674],[-96.043462,41.089674],[-96.043462,41.089675],[-96.043463,41.089675],[-96.043464,41.089675],[-96.043464,41.089676],[-96.043465,41.089676],[-96.043465,41.089676],[-96.043466,41.089677],[-96.043466,41.089677],[-96.043466,41.089678],[-96.043467,41.089678],[-96.043467,41.089679],[-96.043467,41.089679],[-96.043467,41.08968],[-96.043467,41.08968],[-96.043468,41.089681],[-96.043468,41.089682]],[[-96.043456,41.089683],[-96.043456,41.089682]],[[-96.043457,41.089683],[-96.043456,41.089683]],[[-96.043457,41.089682],[-96.043457,41.089683]],[[-96.043457,41.089682],[-96.043457,41.089682]],[[-96.043457,41.089682],[-96.043457,41.089682]],[[-96.043457,41.089682],[-96.043457,41.089682]],[[-96.043457,41.089682],[-96.043457,41.089682]],[[-96.043456,41.089682],[-96.043457,41.089682]],[[-96.043468,41.089682],[-96.043468,41.089682]],[[-96.043467,41.089682],[-96.043468,41.089682]],[[-96.043467,41.089682],[-96.043467,41.089682]],[[-96.043468,41.089682],[-96.043467,41.089682]],[[-96.043468,41.089683],[-96.043468,41.089682]],[[-96.043468,41.089683],[-96.043468,41.089683]],[[-96.043468,41.089682],[-96.043468,41.089683]],[[-96.043468,41.089682],[-96.043468,41.089682]],[[-96.043457,41.089673],[-96.043457,41.089673]],[[-96.043457,41.089682],[-96.043457,41.089673]],[[-96.043457,41.089673],[-96.043457,41.089682]],[[-96.043457,41.089682],[-96.043457,41.089682]],[[-96.043457,41.089673],[-96.043457,41.089673],[-96.043458,41.089673],[-96.043459,41.089673],[-96.04346,41.089674],[-96.04346,41.089674],[-96.043461,41.089674],[-96.043462,41.089674],[-96.043462,41.089675],[-96.043463,41.089675],[-96.043464,41.089675],[-96.043464,41.089676],[-96.043465,41.089676],[-96.043465,41.089676],[-96.043466,41.089677],[-96.043466,41.089677],[-96.043466,41.089678],[-96.043467,41.089678],[-96.043467,41.089679],[-96.043467,41.089679],[-96.043467,41.08968],[-96.043467,41.08968],[-96.043468,41.089681],[-96.043468,41.089682]],[[-96.043457,41.089673],[-96.043457,41.089673],[-96.043458,41.089673],[-96.043459,41.089673],[-96.04346,41.089674],[-96.04346,41.089674],[-96.043461,41.089674],[-96.043462,41.089674],[-96.043462,41.089675],[-96.043463,41.089675],[-96.043464,41.089675],[-96.043464,41.089676],[-96.043465,41.089676],[-96.043465,41.089676],[-96.043466,41.089677],[-96.043466,41.089677],[-96.043466,41.089678],[-96.043467,41.089678],[-96.043467,41.089679],[-96.043467,41.089679],[-96.043467,41.08968],[-96.043467,41.08968],[-96.043468,41.089681],[-96.043468,41.089682]]]}},{"type":"Feature","properties":{"type":"drawing","level":"LEVEL 1","Layer":"A-DOOR","source":"LEVEL_1.dxf","SubClasses":"AcDbEntity:AcDbBlockReference","EntityHandle":"5AE","interactive":false},"geometry":{"type":"MultiLineString","coordinates":[[[-96.043518,41.089698],[-96.043518,41.089699],[-96.043518,41.089699],[-96.043518,41.0897],[-96.043517,41.0897],[-96.043517,41.089701],[-96.043517,41.089701],[-96.043517,41.089702],[-96.043516,41.089702],[-96.043516,41.089703],[-96.043515,41.089703],[-96.043515,41.089704],[-96.043514,41.089704],[-96.043514,41.089705],[-96.043513,41.089705],[-96.043513,41.089705],[-96.043512,41.089705],[-96.043511,41.089706],[-96.043511,41.089706],[-96.04351,41.089706],[-96.043509,41.089706],[-96.043508,41.089706],[-96.043508,41.089706],[-96.043507,41.089706]],[[-96.043507,41.089698],[-96.043507,41.089706]],[[-96.043507,41.089706],[-96.043507,41.089706]],[[-96.043507,41.089706],[-96.043507,41.089698]],[[-96.043507,41.089698],[-96.043507,41.089698]],[[-96.043518,41.089698],[-96.043518,41.089699],[-96.043518,41.089699],[-96.043518,41.0897],[-96.043517,41.0897],[-96.043517,41.089701],[-96.043517,41.089701],[-96.043517,41.089702],[-96.043516,41.089702],[-96.043516,41.089703],[-96.043515,41.089703],[-96.043515,41.089704],[-96.043514,41.089704],[-96.043514,41.089705],[-96.043513,41.089705],[-96.043513,41.089705],[-96.043512,41.089705],[-96.043511,41.089706],[-96.043511,41.089706],[-96.04351,41.089706],[-96.043509,41.089706],[-96.043508,41.089706],[-96.043508,41.089706],[-96.043507,41.089706]],[[-96.043506,41.089698],[-96.043507,41.089698]],[[-96.043507,41.089698],[-96.043507,41.089698]],[[-96.043507,41.089698],[-96.043507,41.089698]],[[-96.043507,41.089698],[-96.043507,41.089697]],[[-96.043507,41.089697],[-96.043507,41.089697]],[[-96.043507,41.089697],[-96.043507,41.089697]],[[-96.043507,41.089697],[-96.043506,41.089697]],[[-96.043506,41.089697],[-96.043506,41.089698]],[[-96.043518,41.089698],[-96.043518,41.089698]],[[-96.043518,41.089698],[-96.043518,41.089697]],[[-96.043518,41.089697],[-96.043518,41.089697]],[[-96.043518,41.089697],[-96.043518,41.089697]],[[-96.043518,41.089697],[-96.043518,41.089697]],[[-96.043518,41.089697],[-96.043518,41.089698]],[[-96.043518,41.089698],[-96.043518,41.089698]],[[-96.043518,41.089698],[-96.043518,41.089698]],[[-96.043507,41.089706],[-96.043507,41.089706]],[[-96.043507,41.089698],[-96.043507,41.089706]],[[-96.043507,41.089706],[-96.043507,41.089698]],[[-96.043507,41.089698],[-96.043507,41.089698]],[[-96.043518,41.089698],[-96.043518,41.089699],[-96.043518,41.089699],[-96.043518,41.0897],[-96.043517,41.0897],[-96.043517,41.089701],[-96.043517,41.089701],[-96.043517,41.089702],[-96.043516,41.089702],[-96.043516,41.089703],[-96.043515,41.089703],[-96.043515,41.089704],[-96.043514,41.089704],[-96.043514,41.089705],[-96.043513,41.089705],[-96.043513,41.089705],[-96.043512,41.089705],[-96.043511,41.089706],[-96.043511,41.089706],[-96.04351,41.089706],[-96.043509,41.089706],[-96.043508,41.089706],[-96.043508,41.089706],[-96.043507,41.089706]],[[-96.043518,41.089698],[-96.043518,41.089699],[-96.043518,41.089699],[-96.043518,41.0897],[-96.043517,41.0897],[-96.043517,41.089701],[-96.043517,41.089701],[-96.043517,41.089702],[-96.043516,41.089702],[-96.043516,41.089703],[-96.043515,41.089703],[-96.043515,41.089704],[-96.043514,41.089704],[-96.043514,41.089705],[-96.043513,41.089705],[-96.043513,41.089705],[-96.043512,41.089705],[-96.043511,41.089706],[-96.043511,41.089706],[-96.04351,41.089706],[-96.043509,41.089706],[-96.043508,41.089706],[-96.043508,41.089706],[-96.043507,41.089706]]]}},{"type":"Feature","properties":{"type":"drawing","level":"LEVEL 1","Layer":"A-DOOR","source":"LEVEL_1.dxf","SubClasses":"AcDbEntity:AcDbBlockReference","EntityHandle":"5AF","interactive":false},"geometry":{"type":"MultiLineString","coordinates":[[[-96.043467,41.089698],[-96.043467,41.089699],[-96.043467,41.089699],[-96.043466,41.0897],[-96.043466,41.0897],[-96.043466,41.089701],[-96.043466,41.089701],[-96.043465,41.089702],[-96.043465,41.089702],[-96.043465,41.089703],[-96.043464,41.089703],[-96.043464,41.089704],[-96.043463,41.089704],[-96.043463,41.089705],[-96.043462,41.089705],[-96.043461,41.089705],[-96.043461,41.089705],[-96.04346,41.089706],[-96.043459,41.089706],[-96.043459,41.089706],[-96.043458,41.089706],[-96.043457,41.089706],[-96.043456,41.089706],[-96.043456,41.089706]],[[-96.043456,41.089698],[-96.043456,41.089706]],[[-96.043456,41.089706],[-96.043456,41.089706]],[[-96.043456,41.089706],[-96.043456,41.089698]],[[-96.043456,41.089698],[-96.043456,41.089698]],[[-96.043467,41.089698],[-96.043467,41.089699],[-96.043467,41.089699],[-96.043466,41.0897],[-96.043466,41.0897],[-96.043466,41.089701],[-96.043466,41.089701],[-96.043465,41.089702],[-96.043465,41.089702],[-96.043465,41.089703],[-96.043464,41.089703],[-96.043464,41.089704],[-96.043463,41.089704],[-96.043463,41.089705],[-96.043462,41.089705],[-96.043461,41.089705],[-96.043461,41.089705],[-96.04346,41.089706],[-96.043459,41.089706],[-96.043459,41.089706],[-96.043458,41.089706],[-96.043457,41.089706],[-96.043456,41.089706],[-96.043456,41.089706]],[[-96.043455,41.089698],[-96.043456,41.089698]],[[-96.043456,41.089698],[-96.043456,41.089698]],[[-96.043456,41.089698],[-96.043456,41.089698]],[[-96.043456,41.089698],[-96.043456,41.089697]],[[-96.043456,41.089697],[-96.043456,41.089697]],[[-96.043456,41.089697],[-96.043456,41.089697]],[[-96.043456,41.089697],[-96.043455,41.089697]],[[-96.043455,41.089697],[-96.043455,41.089698]],[[-96.043467,41.089698],[-96.043467,41.089698]],[[-96.043467,41.089698],[-96.043467,41.089697]],[[-96.043467,41.089697],[-96.043467,41.089697]],[[-96.043467,41.089697],[-96.043467,41.089697]],[[-96.043467,41.089697],[-96.043466,41.089697]],[[-96.043466,41.089697],[-96.043466,41.089698]],[[-96.043466,41.089698],[-96.043467,41.089698]],[[-96.043467,41.089698],[-96.043467,41.089698]],[[-96.043456,41.089706],[-96.043456,41.089706]],[[-96.043456,41.089698],[-96.043456,41.089706]],[[-96.043456,41.089706],[-96.043456,41.089698]],[[-96.043456,41.089698],[-96.043456,41.089698]],[[-96.043467,41.089698],[-96.043467,41.089699],[-96.043467,41.089699],[-96.043466,41.0897],[-96.043466,41.0897],[-96.043466,41.089701],[-96.043466,41.089701],[-96.043465,41.089702],[-96.043465,41.089702],[-96.043465,41.089703],[-96.043464,41.089703],[-96.043464,41.089704],[-96.043463,41.089704],[-96.043463,41.089705],[-96.043462,41.089705],[-96.043461,41.089705],[-96.043461,41.089705],[-96.04346,41.089706],[-96.043459,41.089706],[-96.043459,41.089706],[-96.043458,41.089706],[-96.043457,41.089706],[-96.043456,41.089706],[-96.043456,41.089706]],[[-96.043467,41.089698],[-96.043467,41.089699],[-96.043467,41.089699],[-96.043466,41.0897],[-96.043466,41.0897],[-96.043466,41.089701],[-96.043466,41.089701],[-96.043465,41.089702],[-96.043465,41.089702],[-96.043465,41.089703],[-96.043464,41.089703],[-96.043464,41.089704],[-96.043463,41.089704],[-96.043463,41.089705],[-96.043462,41.089705],[-96.043461,41.089705],[-96.043461,41.089705],[-96.04346,41.089706],[-96.043459,41.089706],[-96.043459,41.089706],[-96.043458,41.089706],[-96.043457,41.089706],[-96.043456,41.089706],[-96.043456,41.089706]]]}},{"type":"Feature","properties":{"type":"drawing","level":"LEVEL 1","Layer":"A-DOOR","source":"LEVEL_1.dxf","SubClasses":"AcDbEntity:AcDbBlockReference","EntityHandle":"5B0","interactive":false},"geometry":{"type":"MultiLineString","coordinates":[[[-96.043441,41.089709],[-96.043441,41.089709],[-96.04344,41.089709],[-96.043439,41.089709],[-96.043438,41.089709],[-96.043438,41.089709],[-96.043437,41.089708],[-96.043436,41.089708],[-96.043436,41.089708],[-96.043435,41.089707],[-96.043434,41.089707],[-96.043434,41.089707],[-96.043433,41.089706],[-96.043433,41.089706],[-96.043432,41.089705],[-96.043432,41.089705],[-96.043432,41.089705],[-96.043431,41.089704],[-96.043431,41.089703],[-96.043431,41.089703],[-96.043431,41.089702],[-96.043431,41.089702],[-96.04343,41.089701],[-96.04343,41.089701]],[[-96.043441,41.089701],[-96.043441,41.089709]],[[-96.043441,41.089709],[-96.043441,41.089709]],[[-96.043441,41.089709],[-96.043441,41.089701]],[[-96.043441,41.089701],[-96.043441,41.089701]],[[-96.043441,41.089709],[-96.043441,41.089709],[-96.04344,41.089709],[-96.043439,41.089709],[-96.043438,41.089709],[-96.043438,41.089709],[-96.043437,41.089708],[-96.043436,41.089708],[-96.043436,41.089708],[-96.043435,41.089707],[-96.043434,41.089707],[-96.043434,41.089707],[-96.043433,41.089706],[-96.043433,41.089706],[-96.043432,41.089705],[-96.043432,41.089705],[-96.043432,41.089705],[-96.043431,41.089704],[-96.043431,41.089703],[-96.043431,41.089703],[-96.043431,41.089702],[-96.043431,41.089702],[-96.04343,41.089701],[-96.04343,41.089701]],[[-96.043442,41.089699],[-96.043442,41.089701]],[[-96.043441,41.089699],[-96.043442,41.089699]],[[-96.043441,41.0897],[-96.043441,41.089699]],[[-96.043441,41.0897],[-96.043441,41.0897]],[[-96.043441,41.0897],[-96.043441,41.0897]],[[-96.043441,41.0897],[-96.043441,41.0897]],[[-96.043441,41.089701],[-96.043441,41.0897]],[[-96.043442,41.089701],[-96.043441,41.089701]],[[-96.04343,41.0897],[-96.04343,41.089701]],[[-96.043431,41.0897],[-96.04343,41.0897]],[[-96.043431,41.0897],[-96.043431,41.0897]],[[-96.04343,41.0897],[-96.043431,41.0897]],[[-96.04343,41.089699],[-96.04343,41.0897]],[[-96.04343,41.089699],[-96.04343,41.089699]],[[-96.04343,41.089701],[-96.04343,41.089699]],[[-96.04343,41.089701],[-96.04343,41.089701]],[[-96.043441,41.089709],[-96.043441,41.089709]],[[-96.043441,41.089701],[-96.043441,41.089709]],[[-96.043441,41.089709],[-96.043441,41.089701]],[[-96.043441,41.089701],[-96.043441,41.089701]],[[-96.043441,41.089709],[-96.043441,41.089709],[-96.04344,41.089709],[-96.043439,41.089709],[-96.043438,41.089709],[-96.043438,41.089709],[-96.043437,41.089708],[-96.043436,41.089708],[-96.043436,41.089708],[-96.043435,41.089707],[-96.043434,41.089707],[-96.043434,41.089707],[-96.043433,41.089706],[-96.043433,41.089706],[-96.043432,41.089705],[-96.043432,41.089705],[-96.043432,41.089705],[-96.043431,41.089704],[-96.043431,41.089703],[-96.043431,41.089703],[-96.043431,41.089702],[-96.043431,41.089702],[-96.04343,41.089701],[-96.04343,41.089701]],[[-96.043441,41.089709],[-96.043441,41.089709],[-96.04344,41.089709],[-96.043439,41.089709],[-96.043438,41.089709],[-96.043438,41.089709],[-96.043437,41.089708],[-96.043436,41.089708],[-96.043436,41.089708],[-96.043435,41.089707],[-96.043434,41.089707],[-96.043434,41.089707],[-96.043433,41.089706],[-96.043433,41.089706],[-96.043432,41.089705],[-96.043432,41.089705],[-96.043432,41.089705],[-96.043431,41.089704],[-96.043431,41.089703],[-96.043431,41.089703],[-96.043431,41.089702],[-96.043431,41.089702],[-96.04343,41.089701],[-96.04343,41.089701]]]}},{"type":"Feature","properties":{"type":"drawing","level":"LEVEL 1","Layer":"A-DOOR","source":"LEVEL_1.dxf","SubClasses":"AcDbEntity:AcDbBlockReference","EntityHandle":"5B1","interactive":false},"geometry":{"type":"MultiLineString","coordinates":[[[-96.043377,41.089701],[-96.043376,41.089701],[-96.043376,41.0897],[-96.043375,41.0897],[-96.043374,41.0897],[-96.043373,41.0897],[-96.043373,41.0897],[-96.043372,41.0897],[-96.043371,41.089699],[-96.043371,41.089699],[-96.04337,41.089699],[-96.04337,41.089698],[-96.043369,41.089698],[-96.043368,41.089697],[-96.043368,41.089697],[-96.043368,41.089697],[-96.043367,41.089696],[-96.043367,41.089696],[-96.043367,41.089695],[-96.043366,41.089694],[-96.043366,41.089694],[-96.043366,41.089693],[-96.043366,41.089693],[-96.043366,41.089692]],[[-96.043377,41.089692],[-96.043377,41.089701]],[[-96.043377,41.089701],[-96.043376,41.089701]],[[-96.043376,41.089701],[-96.043376,41.089692]],[[-96.043376,41.089692],[-96.043377,41.089692]],[[-96.043377,41.089701],[-96.043376,41.089701],[-96.043376,41.0897],[-96.043375,41.0897],[-96.043374,41.0897],[-96.043373,41.0897],[-96.043373,41.0897],[-96.043372,41.0897],[-96.043371,41.089699],[-96.043371,41.089699],[-96.04337,41.089699],[-96.04337,41.089698],[-96.043369,41.089698],[-96.043368,41.089697],[-96.043368,41.089697],[-96.043368,41.089697],[-96.043367,41.089696],[-96.043367,41.089696],[-96.043367,41.089695],[-96.043366,41.089694],[-96.043366,41.089694],[-96.043366,41.089693],[-96.043366,41.089693],[-96.043366,41.089692]],[[-96.043378,41.089691],[-96.043378,41.089692]],[[-96.043377,41.089691],[-96.043378,41.089691]],[[-96.043377,41.089691],[-96.043377,41.089691]],[[-96.043377,41.089691],[-96.043377,41.089691]],[[-96.043377,41.089692],[-96.043377,41.089691]],[[-96.043377,41.089692],[-96.043377,41.089692]],[[-96.043377,41.089692],[-96.043377,41.089692]],[[-96.043378,41.089692],[-96.043377,41.089692]],[[-96.043366,41.089692],[-96.043366,41.089692]],[[-96.043366,41.089692],[-96.043366,41.089692]],[[-96.043366,41.089691],[-96.043366,41.089692]],[[-96.043366,41.089691],[-96.043366,41.089691]],[[-96.043366,41.089691],[-96.043366,41.089691]],[[-96.043365,41.089691],[-96.043366,41.089691]],[[-96.043365,41.089692],[-96.043365,41.089691]],[[-96.043366,41.089692],[-96.043365,41.089692]],[[-96.043377,41.089701],[-96.043376,41.089701]],[[-96.043377,41.089692],[-96.043377,41.089701]],[[-96.043376,41.089701],[-96.043376,41.089692]],[[-96.043377,41.089692],[-96.043376,41.089692]],[[-96.043377,41.089701],[-96.043376,41.089701],[-96.043376,41.0897],[-96.043375,41.0897],[-96.043374,41.0897],[-96.043373,41.0897],[-96.043373,41.0897],[-96.043372,41.0897],[-96.043371,41.089699],[-96.043371,41.089699],[-96.04337,41.089699],[-96.04337,41.089698],[-96.043369,41.089698],[-96.043368,41.089697],[-96.043368,41.089697],[-96.043368,41.089697],[-96.043367,41.089696],[-96.043367,41.089696],[-96.043367,41.089695],[-96.043366,41.089694],[-96.043366,41.089694],[-96.043366,41.089693],[-96.043366,41.089693],[-96.043366,41.089692]],[[-96.043377,41.089701],[-96.043376,41.089701],[-96.043376,41.0897],[-96.043375,41.0897],[-96.043374,41.0897],[-96.043373,41.0897],[-96.043373,41.0897],[-96.043372,41.0897],[-96.043371,41.089699],[-96.043371,41.089699],[-96.04337,41.089699],[-96.04337,41.089698],[-96.043369,41.089698],[-96.043368,41.089697],[-96.043368,41.089697],[-96.043368,41.089697],[-96.043367,41.089696],[-96.043367,41.089696],[-96.043367,41.089695],[-96.043366,41.089694],[-96.043366,41.089694],[-96.043366,41.089693],[-96.043366,41.089693],[-96.043366,41.089692]]]}},{"type":"Feature","properties":{"type":"drawing","level":"LEVEL 1","Layer":"A-DOOR","source":"LEVEL_1.dxf","SubClasses":"AcDbEntity:AcDbBlockReference","EntityHandle":"5B2","interactive":false},"geometry":{"type":"MultiLineString","coordinates":[[[-96.043329,41.089701],[-96.043328,41.089701],[-96.043328,41.0897],[-96.043327,41.0897],[-96.043326,41.0897],[-96.043325,41.0897],[-96.043325,41.0897],[-96.043324,41.0897],[-96.043323,41.089699],[-96.043323,41.089699],[-96.043322,41.089699],[-96.043322,41.089698],[-96.043321,41.089698],[-96.04332,41.089697],[-96.04332,41.089697],[-96.04332,41.089697],[-96.043319,41.089696],[-96.043319,41.089696],[-96.043319,41.089695],[-96.043318,41.089694],[-96.043318,41.089694],[-96.043318,41.089693],[-96.043318,41.089693],[-96.043318,41.089692]],[[-96.043329,41.089692],[-96.043329,41.089701]],[[-96.043329,41.089701],[-96.043328,41.089701]],[[-96.043328,41.089701],[-96.043328,41.089692]],[[-96.043328,41.089692],[-96.043329,41.089692]],[[-96.043329,41.089701],[-96.043328,41.089701],[-96.043328,41.0897],[-96.043327,41.0897],[-96.043326,41.0897],[-96.043325,41.0897],[-96.043325,41.0897],[-96.043324,41.0897],[-96.043323,41.089699],[-96.043323,41.089699],[-96.043322,41.089699],[-96.043322,41.089698],[-96.043321,41.089698],[-96.04332,41.089697],[-96.04332,41.089697],[-96.04332,41.089697],[-96.043319,41.089696],[-96.043319,41.089696],[-96.043319,41.089695],[-96.043318,41.089694],[-96.043318,41.089694],[-96.043318,41.089693],[-96.043318,41.089693],[-96.043318,41.089692]],[[-96.04333,41.089691],[-96.04333,41.089692]],[[-96.043329,41.089691],[-96.04333,41.089691]],[[-96.043329,41.089691],[-96.043329,41.089691]],[[-96.043329,41.089691],[-96.043329,41.089691]],[[-96.043329,41.089692],[-96.043329,41.089691]],[[-96.043329,41.089692],[-96.043329,41.089692]],[[-96.043329,41.089692],[-96.043329,41.089692]],[[-96.04333,41.089692],[-96.043329,41.089692]],[[-96.043318,41.089692],[-96.043318,41.089692]],[[-96.043318,41.089692],[-96.043318,41.089692]],[[-96.043318,41.089691],[-96.043318,41.089692]],[[-96.043318,41.089691],[-96.043318,41.089691]],[[-96.043318,41.089691],[-96.043318,41.089691]],[[-96.043317,41.089691],[-96.043318,41.089691]],[[-96.043317,41.089692],[-96.043317,41.089691]],[[-96.043318,41.089692],[-96.043317,41.089692]],[[-96.043329,41.089701],[-96.043328,41.089701]],[[-96.043329,41.089692],[-96.043329,41.089701]],[[-96.043328,41.089701],[-96.043328,41.089692]],[[-96.043329,41.089692],[-96.043328,41.089692]],[[-96.043329,41.089701],[-96.043328,41.089701],[-96.043328,41.0897],[-96.043327,41.0897],[-96.043326,41.0897],[-96.043325,41.0897],[-96.043325,41.0897],[-96.043324,41.0897],[-96.043323,41.089699],[-96.043323,41.089699],[-96.043322,41.089699],[-96.043322,41.089698],[-96.043321,41.089698],[-96.04332,41.089697],[-96.04332,41.089697],[-96.04332,41.089697],[-96.043319,41.089696],[-96.043319,41.089696],[-96.043319,41.089695],[-96.043318,41.089694],[-96.043318,41.089694],[-96.043318,41.089693],[-96.043318,41.089693],[-96.043318,41.089692]],[[-96.043329,41.089701],[-96.043328,41.089701],[-96.043328,41.0897],[-96.043327,41.0897],[-96.043326,41.0897],[-96.043325,41.0897],[-96.043325,41.0897],[-96.043324,41.0897],[-96.043323,41.089699],[-96.043323,41.089699],[-96.043322,41.089699],[-96.043322,41.089698],[-96.043321,41.089698],[-96.04332,41.089697],[-96.04332,41.089697],[-96.04332,41.089697],[-96.043319,41.089696],[-96.043319,41.089696],[-96.043319,41.089695],[-96.043318,41.089694],[-96.043318,41.089694],[-96.043318,41.089693],[-96.043318,41.089693],[-96.043318,41.089692]]]}},{"type":"Feature","properties":{"type":"drawing","level":"LEVEL 1","Layer":"A-DOOR","source":"LEVEL_1.dxf","SubClasses":"AcDbEntity:AcDbBlockReference","EntityHandle":"5B3","interactive":false},"geometry":{"type":"MultiLineString","coordinates":[[[-96.0433,41.08969],[-96.0433,41.08969],[-96.0433,41.089689],[-96.0433,41.089689],[-96.0433,41.089688],[-96.0433,41.089688],[-96.043301,41.089687],[-96.043301,41.089687],[-96.043301,41.089686],[-96.043302,41.089686],[-96.043302,41.089685],[-96.043303,41.089685],[-96.043303,41.089684],[-96.043304,41.089684],[-96.043305,41.089684],[-96.043305,41.089683],[-96.043306,41.089683],[-96.043306,41.089683],[-96.043307,41.089683],[-96.043308,41.089682],[-96.043309,41.089682],[-96.043309,41.089682],[-96.04331,41.089682],[-96.043311,41.089682]],[[-96.043311,41.08969],[-96.0433,41.08969]],[[-96.0433,41.08969],[-96.0433,41.08969]],[[-96.0433,41.08969],[-96.043311,41.08969]],[[-96.043311,41.08969],[-96.043311,41.08969]],[[-96.0433,41.08969],[-96.0433,41.08969],[-96.0433,41.089689],[-96.0433,41.089689],[-96.0433,41.089688],[-96.0433,41.089688],[-96.043301,41.089687],[-96.043301,41.089687],[-96.043301,41.089686],[-96.043302,41.089686],[-96.043302,41.089685],[-96.043303,41.089685],[-96.043303,41.089684],[-96.043304,41.089684],[-96.043305,41.089684],[-96.043305,41.089683],[-96.043306,41.089683],[-96.043306,41.089683],[-96.043307,41.089683],[-96.043308,41.089682],[-96.043309,41.089682],[-96.043309,41.089682],[-96.04331,41.089682],[-96.043311,41.089682]],[[-96.043313,41.089691],[-96.043311,41.089691]],[[-96.043313,41.08969],[-96.043313,41.089691]],[[-96.043312,41.08969],[-96.043313,41.08969]],[[-96.043312,41.08969],[-96.043312,41.08969]],[[-96.043311,41.08969],[-96.043312,41.08969]],[[-96.043311,41.08969],[-96.043311,41.08969]],[[-96.043311,41.08969],[-96.043311,41.08969]],[[-96.043311,41.089691],[-96.043311,41.08969]],[[-96.043311,41.089682],[-96.043311,41.089682]],[[-96.043311,41.089682],[-96.043311,41.089682]],[[-96.043312,41.089682],[-96.043311,41.089682]],[[-96.043312,41.089682],[-96.043312,41.089682]],[[-96.043313,41.089682],[-96.043312,41.089682]],[[-96.043313,41.089682],[-96.043313,41.089682]],[[-96.043311,41.089682],[-96.043313,41.089682]],[[-96.043311,41.089682],[-96.043311,41.089682]],[[-96.0433,41.08969],[-96.0433,41.08969]],[[-96.043311,41.08969],[-96.0433,41.08969]],[[-96.0433,41.08969],[-96.043311,41.08969]],[[-96.043311,41.08969],[-96.043311,41.08969]],[[-96.0433,41.08969],[-96.0433,41.08969],[-96.0433,41.089689],[-96.0433,41.089689],[-96.0433,41.089688],[-96.0433,41.089688],[-96.043301,41.089687],[-96.043301,41.089687],[-96.043301,41.089686],[-96.043302,41.089686],[-96.043302,41.089685],[-96.043303,41.089685],[-96.043303,41.089684],[-96.043304,41.089684],[-96.043305,41.089684],[-96.043305,41.089683],[-96.043306,41.089683],[-96.043306,41.089683],[-96.043307,41.089683],[-96.043308,41.089682],[-96.043309,41.089682],[-96.043309,41.089682],[-96.04331,41.089682],[-96.043311,41.089682]],[[-96.0433,41.08969],[-96.0433,41.08969],[-96.0433,41.089689],[-96.0433,41.089689],[-96.0433,41.089688],[-96.0433,41.089688],[-96.043301,41.089687],[-96.043301,41.089687],[-96.043301,41.089686],[-96.043302,41.089686],[-96.043302,41.089685],[-96.043303,41.089685],[-96.043303,41.089684],[-96.043304,41.089684],[-96.043305,41.089684],[-96.043305,41.089683],[-96.043306,41.089683],[-96.043306,41.089683],[-96.043307,41.089683],[-96.043308,41.089682],[-96.043309,41.089682],[-96.043309,41.089682],[-96.04331,41.089682],[-96.043311,41.089682]]]}},{"type":"Feature","properties":{"type":"drawing","level":"LEVEL 1","Layer":"A-DOOR","source":"LEVEL_1.dxf","SubClasses":"AcDbEntity:AcDbBlockReference","EntityHandle":"5B4","interactive":false},"geometry":{"type":"MultiLineString","coordinates":[[[-96.043311,41.08964],[-96.04331,41.08964],[-96.043309,41.08964],[-96.043309,41.08964],[-96.043308,41.08964],[-96.043307,41.08964],[-96.043306,41.089639],[-96.043306,41.089639],[-96.043305,41.089639],[-96.043305,41.089639],[-96.043304,41.089638],[-96.043303,41.089638],[-96.043303,41.089637],[-96.043302,41.089637],[-96.043302,41.089637],[-96.043301,41.089636],[-96.043301,41.089636],[-96.043301,41.089635],[-96.0433,41.089635],[-96.0433,41.089634],[-96.0433,41.089634],[-96.0433,41.089633],[-96.0433,41.089632],[-96.0433,41.089632]],[[-96.043311,41.089632],[-96.0433,41.089632]],[[-96.0433,41.089632],[-96.0433,41.089632]],[[-96.0433,41.089632],[-96.043311,41.089632]],[[-96.043311,41.089632],[-96.043311,41.089632]],[[-96.043311,41.08964],[-96.04331,41.08964],[-96.043309,41.08964],[-96.043309,41.08964],[-96.043308,41.08964],[-96.043307,41.08964],[-96.043306,41.089639],[-96.043306,41.089639],[-96.043305,41.089639],[-96.043305,41.089639],[-96.043304,41.089638],[-96.043303,41.089638],[-96.043303,41.089637],[-96.043302,41.089637],[-96.043302,41.089637],[-96.043301,41.089636],[-96.043301,41.089636],[-96.043301,41.089635],[-96.0433,41.089635],[-96.0433,41.089634],[-96.0433,41.089634],[-96.0433,41.089633],[-96.0433,41.089632],[-96.0433,41.089632]],[[-96.043311,41.089631],[-96.043311,41.089632]],[[-96.043311,41.089632],[-96.043311,41.089632]],[[-96.043311,41.089632],[-96.043311,41.089632]],[[-96.043311,41.089632],[-96.043312,41.089632]],[[-96.043312,41.089632],[-96.043312,41.089632]],[[-96.043312,41.089632],[-96.043313,41.089632]],[[-96.043313,41.089632],[-96.043313,41.089631]],[[-96.043313,41.089631],[-96.043311,41.089631]],[[-96.043311,41.08964],[-96.043311,41.089641]],[[-96.043311,41.089641],[-96.043313,41.089641]],[[-96.043313,41.089641],[-96.043313,41.08964]],[[-96.043313,41.08964],[-96.043312,41.08964]],[[-96.043312,41.08964],[-96.043312,41.08964]],[[-96.043312,41.08964],[-96.043311,41.08964]],[[-96.043311,41.08964],[-96.043311,41.08964]],[[-96.043311,41.08964],[-96.043311,41.08964]],[[-96.0433,41.089632],[-96.0433,41.089632]],[[-96.043311,41.089632],[-96.0433,41.089632]],[[-96.0433,41.089632],[-96.043311,41.089632]],[[-96.043311,41.089632],[-96.043311,41.089632]],[[-96.043311,41.08964],[-96.04331,41.08964],[-96.043309,41.08964],[-96.043309,41.08964],[-96.043308,41.08964],[-96.043307,41.08964],[-96.043306,41.089639],[-96.043306,41.089639],[-96.043305,41.089639],[-96.043305,41.089639],[-96.043304,41.089638],[-96.043303,41.089638],[-96.043303,41.089637],[-96.043302,41.089637],[-96.043302,41.089637],[-96.043301,41.089636],[-96.043301,41.089636],[-96.043301,41.089635],[-96.0433,41.089635],[-96.0433,41.089634],[-96.0433,41.089634],[-96.0433,41.089633],[-96.0433,41.089632],[-96.0433,41.089632]],[[-96.043311,41.08964],[-96.04331,41.08964],[-96.043309,41.08964],[-96.043309,41.08964],[-96.043308,41.08964],[-96.043307,41.08964],[-96.043306,41.089639],[-96.043306,41.089639],[-96.043305,41.089639],[-96.043305,41.089639],[-96.043304,41.089638],[-96.043303,41.089638],[-96.043303,41.089637],[-96.043302,41.089637],[-96.043302,41.089637],[-96.043301,41.089636],[-96.043301,41.089636],[-96.043301,41.089635],[-96.0433,41.089635],[-96.0433,41.089634],[-96.0433,41.089634],[-96.0433,41.089633],[-96.0433,41.089632],[-96.0433,41.089632]]]}},{"type":"Feature","properties":{"type":"drawing","level":"LEVEL 1","Layer":"A-DOOR","source":"LEVEL_1.dxf","SubClasses":"AcDbEntity:AcDbBlockReference","EntityHandle":"5B5","interactive":false},"geometry":{"type":"MultiLineString","coordinates":[[[-96.0433,41.089629],[-96.0433,41.089628],[-96.0433,41.089628],[-96.0433,41.089627],[-96.0433,41.089627],[-96.0433,41.089626],[-96.043301,41.089626],[-96.043301,41.089625],[-96.043301,41.089625],[-96.043302,41.089624],[-96.043302,41.089624],[-96.043303,41.089623],[-96.043303,41.089623],[-96.043304,41.089622],[-96.043305,41.089622],[-96.043305,41.089622],[-96.043306,41.089622],[-96.043306,41.089621],[-96.043307,41.089621],[-96.043308,41.089621],[-96.043309,41.089621],[-96.043309,41.089621],[-96.04331,41.089621],[-96.043311,41.089621]],[[-96.043311,41.089629],[-96.0433,41.089629]],[[-96.0433,41.089629],[-96.0433,41.089628]],[[-96.0433,41.089628],[-96.043311,41.089628]],[[-96.043311,41.089628],[-96.043311,41.089629]],[[-96.0433,41.089629],[-96.0433,41.089628],[-96.0433,41.089628],[-96.0433,41.089627],[-96.0433,41.089627],[-96.0433,41.089626],[-96.043301,41.089626],[-96.043301,41.089625],[-96.043301,41.089625],[-96.043302,41.089624],[-96.043302,41.089624],[-96.043303,41.089623],[-96.043303,41.089623],[-96.043304,41.089622],[-96.043305,41.089622],[-96.043305,41.089622],[-96.043306,41.089622],[-96.043306,41.089621],[-96.043307,41.089621],[-96.043308,41.089621],[-96.043309,41.089621],[-96.043309,41.089621],[-96.04331,41.089621],[-96.043311,41.089621]],[[-96.043313,41.089629],[-96.043311,41.089629]],[[-96.043313,41.089629],[-96.043313,41.089629]],[[-96.043312,41.089629],[-96.043313,41.089629]],[[-96.043312,41.089629],[-96.043312,41.089629]],[[-96.043311,41.089629],[-96.043312,41.089629]],[[-96.043311,41.089629],[-96.043311,41.089629]],[[-96.043311,41.089629],[-96.043311,41.089629]],[[-96.043311,41.089629],[-96.043311,41.089629]],[[-96.043311,41.089621],[-96.043311,41.089621]],[[-96.043311,41.089621],[-96.043311,41.089621]],[[-96.043312,41.089621],[-96.043311,41.089621]],[[-96.043312,41.089621],[-96.043312,41.089621]],[[-96.043313,41.089621],[-96.043312,41.089621]],[[-96.043313,41.08962],[-96.043313,41.089621]],[[-96.043311,41.08962],[-96.043313,41.08962]],[[-96.043311,41.089621],[-96.043311,41.08962]],[[-96.0433,41.089629],[-96.0433,41.089628]],[[-96.043311,41.089629],[-96.0433,41.089629]],[[-96.0433,41.089628],[-96.043311,41.089628]],[[-96.043311,41.089629],[-96.043311,41.089628]],[[-96.0433,41.089629],[-96.0433,41.089628],[-96.0433,41.089628],[-96.0433,41.089627],[-96.0433,41.089627],[-96.0433,41.089626],[-96.043301,41.089626],[-96.043301,41.089625],[-96.043301,41.089625],[-96.043302,41.089624],[-96.043302,41.089624],[-96.043303,41.089623],[-96.043303,41.089623],[-96.043304,41.089622],[-96.043305,41.089622],[-96.043305,41.089622],[-96.043306,41.089622],[-96.043306,41.089621],[-96.043307,41.089621],[-96.043308,41.089621],[-96.043309,41.089621],[-96.043309,41.089621],[-96.04331,41.089621],[-96.043311,41.089621]],[[-96.0433,41.089629],[-96.0433,41.089628],[-96.0433,41.089628],[-96.0433,41.089627],[-96.0433,41.089627],[-96.0433,41.089626],[-96.043301,41.089626],[-96.043301,41.089625],[-96.043301,41.089625],[-96.043302,41.089624],[-96.043302,41.089624],[-96.043303,41.089623],[-96.043303,41.089623],[-96.043304,41.089622],[-96.043305,41.089622],[-96.043305,41.089622],[-96.043306,41.089622],[-96.043306,41.089621],[-96.043307,41.089621],[-96.043308,41.089621],[-96.043309,41.089621],[-96.043309,41.089621],[-96.04331,41.089621],[-96.043311,41.089621]]]}},{"type":"Feature","properties":{"type":"drawing","level":"LEVEL 1","Layer":"A-WALL","source":"LEVEL_1.dxf","SubClasses":"AcDbEntity:AcDbLine","EntityHandle":"5B6","interactive":false},"geometry":{"type":"MultiLineString","coordinates":[[[-96.043324,41.08956],[-96.043331,41.08956]]]}},{"type":"Feature","properties":{"type":"drawing","level":"LEVEL 1","Layer":"A-WALL","source":"LEVEL_1.dxf","SubClasses":"AcDbEntity:AcDbLine","EntityHandle":"5B7","interactive":false},"geometry":{"type":"MultiLineString","coordinates":[[[-96.043331,41.08956],[-96.043331,41.089558]]]}},{"type":"Feature","properties":{"type":"drawing","level":"LEVEL 1","Layer":"A-WALL","source":"LEVEL_1.dxf","SubClasses":"AcDbEntity:AcDbLine","EntityHandle":"5B8","interactive":false},"geometry":{"type":"MultiLineString","coordinates":[[[-96.043331,41.089558],[-96.043324,41.089558]]]}},{"type":"Feature","properties":{"type":"drawing","level":"LEVEL 1","Layer":"A-WALL","source":"LEVEL_1.dxf","SubClasses":"AcDbEntity:AcDbLine","EntityHandle":"5B9","interactive":false},"geometry":{"type":"MultiLineString","coordinates":[[[-96.043343,41.08956],[-96.04335,41.08956]]]}},{"type":"Feature","properties":{"type":"drawing","level":"LEVEL 1","Layer":"A-WALL","source":"LEVEL_1.dxf","SubClasses":"AcDbEntity:AcDbLine","EntityHandle":"5BB","interactive":false},"geometry":{"type":"MultiLineString","coordinates":[[[-96.043352,41.089558],[-96.043343,41.089558]]]}},{"type":"Feature","properties":{"type":"drawing","level":"LEVEL 1","Layer":"A-WALL","source":"LEVEL_1.dxf","SubClasses":"AcDbEntity:AcDbLine","EntityHandle":"5BC","interactive":false},"geometry":{"type":"MultiLineString","coordinates":[[[-96.043343,41.089558],[-96.043343,41.08956]]]}},{"type":"Feature","properties":{"type":"drawing","level":"LEVEL 1","Layer":"A-WALL","source":"LEVEL_1.dxf","SubClasses":"AcDbEntity:AcDbLine","EntityHandle":"5BD","interactive":false},"geometry":{"type":"MultiLineString","coordinates":[[[-96.04335,41.08956],[-96.04335,41.089585]]]}},{"type":"Feature","properties":{"type":"drawing","level":"LEVEL 1","Layer":"A-WALL","source":"LEVEL_1.dxf","SubClasses":"AcDbEntity:AcDbLine","EntityHandle":"5BE","interactive":false},"geometry":{"type":"MultiLineString","coordinates":[[[-96.043352,41.089585],[-96.043352,41.089558]]]}},{"type":"Feature","properties":{"type":"drawing","level":"LEVEL 1","Layer":"A-DOOR","source":"LEVEL_1.dxf","SubClasses":"AcDbEntity:AcDbBlockReference","EntityHandle":"5BF","interactive":false},"geometry":{"type":"MultiLineString","coordinates":[[[-96.043331,41.089558],[-96.043331,41.089558],[-96.043331,41.089557],[-96.043332,41.089557],[-96.043332,41.089556],[-96.043332,41.089556],[-96.043332,41.089555],[-96.043333,41.089555],[-96.043333,41.089554],[-96.043333,41.089554],[-96.043334,41.089553],[-96.043334,41.089553],[-96.043335,41.089552],[-96.043335,41.089552],[-96.043336,41.089552],[-96.043337,41.089551],[-96.043337,41.089551],[-96.043338,41.089551],[-96.043339,41.089551],[-96.043339,41.08955],[-96.04334,41.08955],[-96.043341,41.08955],[-96.043342,41.08955],[-96.043342,41.08955]],[[-96.043342,41.089558],[-96.043342,41.08955]],[[-96.043342,41.08955],[-96.043342,41.08955]],[[-96.043342,41.08955],[-96.043342,41.089558]],[[-96.043342,41.089558],[-96.043342,41.089558]],[[-96.043331,41.089558],[-96.043331,41.089558],[-96.043331,41.089557],[-96.043332,41.089557],[-96.043332,41.089556],[-96.043332,41.089556],[-96.043332,41.089555],[-96.043333,41.089555],[-96.043333,41.089554],[-96.043333,41.089554],[-96.043334,41.089553],[-96.043334,41.089553],[-96.043335,41.089552],[-96.043335,41.089552],[-96.043336,41.089552],[-96.043337,41.089551],[-96.043337,41.089551],[-96.043338,41.089551],[-96.043339,41.089551],[-96.043339,41.08955],[-96.04334,41.08955],[-96.043341,41.08955],[-96.043342,41.08955],[-96.043342,41.08955]],[[-96.043343,41.089558],[-96.043342,41.089558]],[[-96.043342,41.089558],[-96.043342,41.089559]],[[-96.043342,41.089559],[-96.043342,41.089559]],[[-96.043342,41.089559],[-96.043342,41.089559]],[[-96.043342,41.089559],[-96.043342,41.089559]],[[-96.043342,41.089559],[-96.043342,41.08956]],[[-96.043342,41.08956],[-96.043343,41.08956]],[[-96.043343,41.08956],[-96.043343,41.089558]],[[-96.043331,41.089558],[-96.043331,41.089558]],[[-96.043331,41.089558],[-96.043331,41.08956]],[[-96.043331,41.08956],[-96.043331,41.08956]],[[-96.043331,41.08956],[-96.043331,41.089559]],[[-96.043331,41.089559],[-96.043332,41.089559]],[[-96.043332,41.089559],[-96.043332,41.089559]],[[-96.043332,41.089559],[-96.043331,41.089559]],[[-96.043331,41.089559],[-96.043331,41.089558]],[[-96.043342,41.08955],[-96.043342,41.08955]],[[-96.043342,41.089558],[-96.043342,41.08955]],[[-96.043342,41.08955],[-96.043342,41.089558]],[[-96.043342,41.089558],[-96.043342,41.089558]],[[-96.043331,41.089558],[-96.043331,41.089558],[-96.043331,41.089557],[-96.043332,41.089557],[-96.043332,41.089556],[-96.043332,41.089556],[-96.043332,41.089555],[-96.043333,41.089555],[-96.043333,41.089554],[-96.043333,41.089554],[-96.043334,41.089553],[-96.043334,41.089553],[-96.043335,41.089552],[-96.043335,41.089552],[-96.043336,41.089552],[-96.043337,41.089551],[-96.043337,41.089551],[-96.043338,41.089551],[-96.043339,41.089551],[-96.043339,41.08955],[-96.04334,41.08955],[-96.043341,41.08955],[-96.043342,41.08955],[-96.043342,41.08955]],[[-96.043331,41.089558],[-96.043331,41.089558],[-96.043331,41.089557],[-96.043332,41.089557],[-96.043332,41.089556],[-96.043332,41.089556],[-96.043332,41.089555],[-96.043333,41.089555],[-96.043333,41.089554],[-96.043333,41.089554],[-96.043334,41.089553],[-96.043334,41.089553],[-96.043335,41.089552],[-96.043335,41.089552],[-96.043336,41.089552],[-96.043337,41.089551],[-96.043337,41.089551],[-96.043338,41.089551],[-96.043339,41.089551],[-96.043339,41.08955],[-96.04334,41.08955],[-96.043341,41.08955],[-96.043342,41.08955],[-96.043342,41.08955]]]}},{"type":"Feature","properties":{"type":"drawing","level":"LEVEL 1","Layer":"A-WALL","source":"LEVEL_1.dxf","SubClasses":"AcDbEntity:AcDbLine","EntityHandle":"5C0","interactive":false},"geometry":{"type":"MultiLineString","coordinates":[[[-96.04328,41.089585],[-96.04328,41.08958]]]}},{"type":"Feature","properties":{"type":"drawing","level":"LEVEL 1","Layer":"A-WALL","source":"LEVEL_1.dxf","SubClasses":"AcDbEntity:AcDbLine","EntityHandle":"5C1","interactive":false},"geometry":{"type":"MultiLineString","coordinates":[[[-96.04328,41.08958],[-96.043278,41.08958]]]}},{"type":"Feature","properties":{"type":"drawing","level":"LEVEL 1","Layer":"A-WALL","source":"LEVEL_1.dxf","SubClasses":"AcDbEntity:AcDbLine","EntityHandle":"5C2","interactive":false},"geometry":{"type":"MultiLineString","coordinates":[[[-96.043278,41.08958],[-96.043278,41.089585]]]}},{"type":"Feature","properties":{"type":"drawing","level":"LEVEL 1","Layer":"A-WALL","source":"LEVEL_1.dxf","SubClasses":"AcDbEntity:AcDbLine","EntityHandle":"5C3","interactive":false},"geometry":{"type":"MultiLineString","coordinates":[[[-96.04328,41.089571],[-96.04328,41.089565]]]}},{"type":"Feature","properties":{"type":"drawing","level":"LEVEL 1","Layer":"A-WALL","source":"LEVEL_1.dxf","SubClasses":"AcDbEntity:AcDbLine","EntityHandle":"5C4","interactive":false},"geometry":{"type":"MultiLineString","coordinates":[[[-96.043278,41.089566],[-96.043278,41.089571]]]}},{"type":"Feature","properties":{"type":"drawing","level":"LEVEL 1","Layer":"A-WALL","source":"LEVEL_1.dxf","SubClasses":"AcDbEntity:AcDbLine","EntityHandle":"5C5","interactive":false},"geometry":{"type":"MultiLineString","coordinates":[[[-96.043278,41.089571],[-96.04328,41.089571]]]}},{"type":"Feature","properties":{"type":"drawing","level":"LEVEL 1","Layer":"A-WALL","source":"LEVEL_1.dxf","SubClasses":"AcDbEntity:AcDbLine","EntityHandle":"5C6","interactive":false},"geometry":{"type":"MultiLineString","coordinates":[[[-96.04328,41.089565],[-96.043274,41.089565]]]}},{"type":"Feature","properties":{"type":"drawing","level":"LEVEL 1","Layer":"A-WALL","source":"LEVEL_1.dxf","SubClasses":"AcDbEntity:AcDbLine","EntityHandle":"5C7","interactive":false},"geometry":{"type":"MultiLineString","coordinates":[[[-96.043274,41.089566],[-96.043278,41.089566]]]}},{"type":"Feature","properties":{"type":"drawing","level":"LEVEL 1","Layer":"A-DOOR","source":"LEVEL_1.dxf","SubClasses":"AcDbEntity:AcDbBlockReference","EntityHandle":"5E8","interactive":false},"geometry":{"type":"MultiLineString","coordinates":[[[-96.043292,41.089579],[-96.043292,41.089579],[-96.043293,41.089579],[-96.043293,41.08958],[-96.043293,41.08958],[-96.043294,41.089581],[-96.043294,41.089581],[-96.043294,41.089582],[-96.043294,41.089582],[-96.043295,41.089583],[-96.043295,41.089583],[-96.043295,41.089584],[-96.043295,41.089585]],[[-96.043284,41.089584],[-96.043292,41.089579]],[[-96.043292,41.089579],[-96.043292,41.089579]],[[-96.043292,41.089579],[-96.043284,41.089585]],[[-96.043284,41.089585],[-96.043284,41.089584]],[[-96.043292,41.089579],[-96.043292,41.089579],[-96.043293,41.089579],[-96.043293,41.08958],[-96.043293,41.08958],[-96.043294,41.089581],[-96.043294,41.089581],[-96.043294,41.089582],[-96.043294,41.089582],[-96.043295,41.089583],[-96.043295,41.089583],[-96.043295,41.089584],[-96.043295,41.089585]],[[-96.043295,41.089585],[-96.043295,41.089584]],[[-96.043295,41.089585],[-96.043295,41.089585]],[[-96.043295,41.089585],[-96.043295,41.089585]],[[-96.043295,41.089585],[-96.043295,41.089585]],[[-96.043295,41.089586],[-96.043295,41.089585]],[[-96.043295,41.089586],[-96.043295,41.089586]],[[-96.043295,41.089584],[-96.043295,41.089586]],[[-96.043295,41.089584],[-96.043295,41.089584]],[[-96.043283,41.089586],[-96.043283,41.089584]],[[-96.043284,41.089586],[-96.043283,41.089586]],[[-96.043284,41.089585],[-96.043284,41.089586]],[[-96.043284,41.089585],[-96.043284,41.089585]],[[-96.043284,41.089585],[-96.043284,41.089585]],[[-96.043284,41.089585],[-96.043284,41.089585]],[[-96.043284,41.089584],[-96.043284,41.089585]],[[-96.043283,41.089584],[-96.043284,41.089584]],[[-96.043292,41.089579],[-96.043292,41.089579]],[[-96.043284,41.089584],[-96.043292,41.089579]],[[-96.043292,41.089579],[-96.043284,41.089585]],[[-96.043284,41.089584],[-96.043284,41.089585]],[[-96.043292,41.089579],[-96.043292,41.089579],[-96.043293,41.089579],[-96.043293,41.08958],[-96.043293,41.08958],[-96.043294,41.089581],[-96.043294,41.089581],[-96.043294,41.089582],[-96.043294,41.089582],[-96.043295,41.089583],[-96.043295,41.089583],[-96.043295,41.089584],[-96.043295,41.089585]],[[-96.043292,41.089579],[-96.043292,41.089579],[-96.043293,41.089579],[-96.043293,41.08958],[-96.043293,41.08958],[-96.043294,41.089581],[-96.043294,41.089581],[-96.043294,41.089582],[-96.043294,41.089582],[-96.043295,41.089583],[-96.043295,41.089583],[-96.043295,41.089584],[-96.043295,41.089585]]]}},{"type":"Feature","properties":{"type":"drawing","level":"LEVEL 1","Layer":"A-DOOR","source":"LEVEL_1.dxf","SubClasses":"AcDbEntity:AcDbBlockReference","EntityHandle":"5E9","interactive":false},"geometry":{"type":"MultiLineString","coordinates":[[[-96.043288,41.089577],[-96.043287,41.089578],[-96.043287,41.089578],[-96.043286,41.089578],[-96.043286,41.089579],[-96.043285,41.089579],[-96.043284,41.089579],[-96.043284,41.089579],[-96.043283,41.089579],[-96.043282,41.08958],[-96.043281,41.08958],[-96.043281,41.08958],[-96.04328,41.08958]],[[-96.04328,41.089571],[-96.043288,41.089577]],[[-96.043288,41.089577],[-96.043287,41.089578]],[[-96.043287,41.089578],[-96.04328,41.089572]],[[-96.04328,41.089572],[-96.04328,41.089571]],[[-96.043288,41.089577],[-96.043287,41.089578],[-96.043287,41.089578],[-96.043286,41.089578],[-96.043286,41.089579],[-96.043285,41.089579],[-96.043284,41.089579],[-96.043284,41.089579],[-96.043283,41.089579],[-96.043282,41.08958],[-96.043281,41.08958],[-96.043281,41.08958],[-96.04328,41.08958]],[[-96.04328,41.08958],[-96.04328,41.08958]],[[-96.04328,41.08958],[-96.04328,41.08958]],[[-96.043279,41.08958],[-96.04328,41.08958]],[[-96.043279,41.08958],[-96.043279,41.08958]],[[-96.043278,41.08958],[-96.043279,41.08958]],[[-96.043278,41.08958],[-96.043278,41.08958]],[[-96.04328,41.08958],[-96.043278,41.08958]],[[-96.04328,41.08958],[-96.04328,41.08958]],[[-96.043278,41.089571],[-96.04328,41.089571]],[[-96.043278,41.089571],[-96.043278,41.089571]],[[-96.043279,41.089571],[-96.043278,41.089571]],[[-96.043279,41.089572],[-96.043279,41.089571]],[[-96.04328,41.089572],[-96.043279,41.089572]],[[-96.04328,41.089571],[-96.04328,41.089572]],[[-96.04328,41.089571],[-96.04328,41.089571]],[[-96.04328,41.089571],[-96.04328,41.089571]],[[-96.043288,41.089577],[-96.043287,41.089578]],[[-96.04328,41.089571],[-96.043288,41.089577]],[[-96.043287,41.089578],[-96.04328,41.089572]],[[-96.04328,41.089571],[-96.04328,41.089572]],[[-96.043288,41.089577],[-96.043287,41.089578],[-96.043287,41.089578],[-96.043286,41.089578],[-96.043286,41.089579],[-96.043285,41.089579],[-96.043284,41.089579],[-96.043284,41.089579],[-96.043283,41.089579],[-96.043282,41.08958],[-96.043281,41.08958],[-96.043281,41.08958],[-96.04328,41.08958]],[[-96.043288,41.089577],[-96.043287,41.089578],[-96.043287,41.089578],[-96.043286,41.089578],[-96.043286,41.089579],[-96.043285,41.089579],[-96.043284,41.089579],[-96.043284,41.089579],[-96.043283,41.089579],[-96.043282,41.08958],[-96.043281,41.08958],[-96.043281,41.08958],[-96.04328,41.08958]]]}},{"type":"Feature","properties":{"type":"drawing","level":"LEVEL 1","Layer":"A-DOOR","source":"LEVEL_1.dxf","SubClasses":"AcDbEntity:AcDbBlockReference","EntityHandle":"5EA","interactive":false},"geometry":{"type":"MultiLineString","coordinates":[[[-96.043452,41.089688],[-96.043452,41.089688],[-96.043451,41.089688],[-96.04345,41.089688],[-96.043449,41.089687],[-96.043449,41.089687],[-96.043448,41.089687],[-96.043447,41.089687],[-96.043447,41.089687],[-96.043446,41.089686],[-96.043445,41.089686],[-96.043445,41.089685],[-96.043444,41.089685],[-96.043444,41.089685],[-96.043443,41.089684],[-96.043443,41.089684],[-96.043443,41.089683],[-96.043442,41.089683],[-96.043442,41.089682],[-96.043442,41.089682],[-96.043442,41.089681],[-96.043442,41.089681],[-96.043441,41.08968],[-96.043441,41.089679]],[[-96.043452,41.089679],[-96.043452,41.089688]],[[-96.043452,41.089688],[-96.043452,41.089688]],[[-96.043452,41.089688],[-96.043452,41.089679]],[[-96.043452,41.089679],[-96.043452,41.089679]],[[-96.043452,41.089688],[-96.043452,41.089688],[-96.043451,41.089688],[-96.04345,41.089688],[-96.043449,41.089687],[-96.043449,41.089687],[-96.043448,41.089687],[-96.043447,41.089687],[-96.043447,41.089687],[-96.043446,41.089686],[-96.043445,41.089686],[-96.043445,41.089685],[-96.043444,41.089685],[-96.043444,41.089685],[-96.043443,41.089684],[-96.043443,41.089684],[-96.043443,41.089683],[-96.043442,41.089683],[-96.043442,41.089682],[-96.043442,41.089682],[-96.043442,41.089681],[-96.043442,41.089681],[-96.043441,41.08968],[-96.043441,41.089679]],[[-96.043453,41.089678],[-96.043453,41.089679]],[[-96.043452,41.089678],[-96.043453,41.089678]],[[-96.043452,41.089679],[-96.043452,41.089678]],[[-96.043452,41.089679],[-96.043452,41.089679]],[[-96.043452,41.089679],[-96.043452,41.089679]],[[-96.043452,41.089679],[-96.043452,41.089679]],[[-96.043452,41.089679],[-96.043452,41.089679]],[[-96.043453,41.089679],[-96.043452,41.089679]],[[-96.043441,41.089679],[-96.043441,41.089679]],[[-96.043442,41.089679],[-96.043441,41.089679]],[[-96.043442,41.089679],[-96.043442,41.089679]],[[-96.043441,41.089679],[-96.043442,41.089679]],[[-96.043441,41.089678],[-96.043441,41.089679]],[[-96.043441,41.089678],[-96.043441,41.089678]],[[-96.043441,41.089679],[-96.043441,41.089678]],[[-96.043441,41.089679],[-96.043441,41.089679]],[[-96.043452,41.089688],[-96.043452,41.089688]],[[-96.043452,41.089679],[-96.043452,41.089688]],[[-96.043452,41.089688],[-96.043452,41.089679]],[[-96.043452,41.089679],[-96.043452,41.089679]],[[-96.043452,41.089688],[-96.043452,41.089688],[-96.043451,41.089688],[-96.04345,41.089688],[-96.043449,41.089687],[-96.043449,41.089687],[-96.043448,41.089687],[-96.043447,41.089687],[-96.043447,41.089687],[-96.043446,41.089686],[-96.043445,41.089686],[-96.043445,41.089685],[-96.043444,41.089685],[-96.043444,41.089685],[-96.043443,41.089684],[-96.043443,41.089684],[-96.043443,41.089683],[-96.043442,41.089683],[-96.043442,41.089682],[-96.043442,41.089682],[-96.043442,41.089681],[-96.043442,41.089681],[-96.043441,41.08968],[-96.043441,41.089679]],[[-96.043452,41.089688],[-96.043452,41.089688],[-96.043451,41.089688],[-96.04345,41.089688],[-96.043449,41.089687],[-96.043449,41.089687],[-96.043448,41.089687],[-96.043447,41.089687],[-96.043447,41.089687],[-96.043446,41.089686],[-96.043445,41.089686],[-96.043445,41.089685],[-96.043444,41.089685],[-96.043444,41.089685],[-96.043443,41.089684],[-96.043443,41.089684],[-96.043443,41.089683],[-96.043442,41.089683],[-96.043442,41.089682],[-96.043442,41.089682],[-96.043442,41.089681],[-96.043442,41.089681],[-96.043441,41.08968],[-96.043441,41.089679]]]}},{"type":"Feature","properties":{"type":"drawing","level":"LEVEL 1","Layer":"I-WALL","source":"LEVEL_1.dxf","SubClasses":"AcDbEntity:AcDbLine","EntityHandle":"5EB","interactive":false},"geometry":{"type":"MultiLineString","coordinates":[[[-96.043437,41.089634],[-96.043437,41.089667]]]}},{"type":"Feature","properties":{"type":"drawing","level":"LEVEL 1","Layer":"I-WALL","source":"LEVEL_1.dxf","SubClasses":"AcDbEntity:AcDbLine","EntityHandle":"5ED","interactive":false},"geometry":{"type":"MultiLineString","coordinates":[[[-96.043438,41.089667],[-96.043438,41.089634]]]}},{"type":"Feature","properties":{"type":"drawing","level":"LEVEL 1","Layer":"I-WALL","source":"LEVEL_1.dxf","SubClasses":"AcDbEntity:AcDbLine","EntityHandle":"5EE","interactive":false},"geometry":{"type":"MultiLineString","coordinates":[[[-96.043438,41.089634],[-96.043437,41.089634]]]}},{"type":"Feature","properties":{"type":"drawing","level":"LEVEL 1","Layer":"I-WALL","source":"LEVEL_1.dxf","SubClasses":"AcDbEntity:AcDbLine","EntityHandle":"5EF","interactive":false},"geometry":{"type":"MultiLineString","coordinates":[[[-96.043437,41.089667],[-96.043374,41.089667]]]}},{"type":"Feature","properties":{"type":"drawing","level":"LEVEL 1","Layer":"I-WALL","source":"LEVEL_1.dxf","SubClasses":"AcDbEntity:AcDbLine","EntityHandle":"5F0","interactive":false},"geometry":{"type":"MultiLineString","coordinates":[[[-96.043368,41.089667],[-96.043438,41.089667]]]}},{"type":"Feature","properties":{"type":"drawing","level":"LEVEL 1","Layer":"I-WALL","source":"LEVEL_1.dxf","SubClasses":"AcDbEntity:AcDbLine","EntityHandle":"5F1","interactive":false},"geometry":{"type":"MultiLineString","coordinates":[[[-96.043374,41.089667],[-96.043374,41.089634]]]}},{"type":"Feature","properties":{"type":"drawing","level":"LEVEL 1","Layer":"I-WALL","source":"LEVEL_1.dxf","SubClasses":"AcDbEntity:AcDbLine","EntityHandle":"5F2","interactive":false},"geometry":{"type":"MultiLineString","coordinates":[[[-96.043374,41.089634],[-96.043373,41.089634]]]}},{"type":"Feature","properties":{"type":"drawing","level":"LEVEL 1","Layer":"I-WALL","source":"LEVEL_1.dxf","SubClasses":"AcDbEntity:AcDbLine","EntityHandle":"5F3","interactive":false},"geometry":{"type":"MultiLineString","coordinates":[[[-96.043373,41.089634],[-96.043373,41.089667]]]}},{"type":"Feature","properties":{"type":"drawing","level":"LEVEL 1","Layer":"I-WALL","source":"LEVEL_1.dxf","SubClasses":"AcDbEntity:AcDbLine","EntityHandle":"5F4","interactive":false},"geometry":{"type":"MultiLineString","coordinates":[[[-96.043325,41.089634],[-96.043325,41.089667]]]}},{"type":"Feature","properties":{"type":"drawing","level":"LEVEL 1","Layer":"I-WALL","source":"LEVEL_1.dxf","SubClasses":"AcDbEntity:AcDbLine","EntityHandle":"5F5","interactive":false},"geometry":{"type":"MultiLineString","coordinates":[[[-96.043326,41.089667],[-96.043326,41.089634]]]}},{"type":"Feature","properties":{"type":"drawing","level":"LEVEL 1","Layer":"I-WALL","source":"LEVEL_1.dxf","SubClasses":"AcDbEntity:AcDbLine","EntityHandle":"5F6","interactive":false},"geometry":{"type":"MultiLineString","coordinates":[[[-96.043326,41.089634],[-96.043325,41.089634]]]}},{"type":"Feature","properties":{"type":"drawing","level":"LEVEL 1","Layer":"A-DOOR","source":"LEVEL_1.dxf","SubClasses":"AcDbEntity:AcDbBlockReference","EntityHandle":"619","interactive":false},"geometry":{"type":"MultiLineString","coordinates":[[[-96.043506,41.089476],[-96.043506,41.089476],[-96.043506,41.089476],[-96.043506,41.089476],[-96.043506,41.089475],[-96.043506,41.089475],[-96.043507,41.089475],[-96.043507,41.089475],[-96.043507,41.089474],[-96.043507,41.089474],[-96.043507,41.089474],[-96.043507,41.089474],[-96.043508,41.089474]],[[-96.043512,41.089476],[-96.043508,41.089474]],[[-96.043508,41.089474],[-96.043507,41.089474]],[[-96.043507,41.089474],[-96.043511,41.089477]],[[-96.043511,41.089477],[-96.043512,41.089476]],[[-96.043506,41.089476],[-96.043506,41.089476],[-96.043506,41.089476],[-96.043506,41.089476],[-96.043506,41.089475],[-96.043506,41.089475],[-96.043507,41.089475],[-96.043507,41.089475],[-96.043507,41.089474],[-96.043507,41.089474],[-96.043507,41.089474],[-96.043507,41.089474],[-96.043508,41.089474]],[[-96.043506,41.089476],[-96.043506,41.089476]],[[-96.043506,41.089476],[-96.043506,41.089478]],[[-96.043506,41.089478],[-96.043506,41.089478]],[[-96.043506,41.089478],[-96.043506,41.089477]],[[-96.043506,41.089477],[-96.043506,41.089477]],[[-96.043506,41.089477],[-96.043506,41.089477]],[[-96.043506,41.089477],[-96.043506,41.089477]],[[-96.043506,41.089477],[-96.043506,41.089476]],[[-96.043512,41.089476],[-96.043512,41.089476]],[[-96.043512,41.089476],[-96.043512,41.089477]],[[-96.043512,41.089477],[-96.043511,41.089477]],[[-96.043511,41.089477],[-96.043511,41.089477]],[[-96.043511,41.089477],[-96.043512,41.089477]],[[-96.043512,41.089477],[-96.043512,41.089478]],[[-96.043512,41.089478],[-96.043512,41.089478]],[[-96.043512,41.089478],[-96.043512,41.089476]],[[-96.043508,41.089474],[-96.043507,41.089474]],[[-96.043512,41.089476],[-96.043508,41.089474]],[[-96.043507,41.089474],[-96.043511,41.089477]],[[-96.043512,41.089476],[-96.043511,41.089477]],[[-96.043506,41.089476],[-96.043506,41.089476],[-96.043506,41.089476],[-96.043506,41.089476],[-96.043506,41.089475],[-96.043506,41.089475],[-96.043507,41.089475],[-96.043507,41.089475],[-96.043507,41.089474],[-96.043507,41.089474],[-96.043507,41.089474],[-96.043507,41.089474],[-96.043508,41.089474]],[[-96.043506,41.089476],[-96.043506,41.089476],[-96.043506,41.089476],[-96.043506,41.089476],[-96.043506,41.089475],[-96.043506,41.089475],[-96.043507,41.089475],[-96.043507,41.089475],[-96.043507,41.089474],[-96.043507,41.089474],[-96.043507,41.089474],[-96.043507,41.089474],[-96.043508,41.089474]]]}},{"type":"Feature","properties":{"type":"drawing","level":"LEVEL 1","Layer":"A-GLAZ-CWMG","source":"LEVEL_1.dxf","SubClasses":"AcDbEntity:AcDbBlockReference","EntityHandle":"67A","interactive":false},"geometry":{"type":"MultiLineString","coordinates":[[[-96.043443,41.0897],[-96.043452,41.0897]],[[-96.043443,41.089701],[-96.043452,41.089701]]]}},{"type":"Feature","properties":{"type":"drawing","level":"LEVEL 1","Layer":"A-GLAZ-CWMG","source":"LEVEL_1.dxf","SubClasses":"AcDbEntity:AcDbBlockReference","EntityHandle":"680","interactive":false},"geometry":{"type":"MultiLineString","coordinates":[[[-96.043418,41.0897],[-96.043428,41.0897]],[[-96.043418,41.089701],[-96.043429,41.089701]]]}},{"type":"Feature","properties":{"type":"drawing","level":"LEVEL 1","Layer":"A-GLAZ-CWMG","source":"LEVEL_1.dxf","SubClasses":"AcDbEntity:AcDbBlockReference","EntityHandle":"686","interactive":false},"geometry":{"type":"MultiLineString","coordinates":[[[-96.043405,41.0897],[-96.043417,41.0897]],[[-96.043405,41.089701],[-96.043417,41.089701]]]}},{"type":"Feature","properties":{"type":"drawing","level":"LEVEL 1","Layer":"A-GLAZ-CWMG","source":"LEVEL_1.dxf","SubClasses":"AcDbEntity:AcDbBlockReference","EntityHandle":"687","interactive":false},"geometry":{"type":"MultiLineString","coordinates":[[[-96.043393,41.0897],[-96.043405,41.0897]],[[-96.043393,41.089701],[-96.043405,41.089701]]]}},{"type":"Feature","properties":{"type":"drawing","level":"LEVEL 1","Layer":"A-GLAZ-CWMG","source":"LEVEL_1.dxf","SubClasses":"AcDbEntity:AcDbBlockReference","EntityHandle":"68D","interactive":false},"geometry":{"type":"MultiLineString","coordinates":[[[-96.04338,41.0897],[-96.043392,41.0897]],[[-96.04338,41.089701],[-96.043392,41.089701]]]}},{"type":"Feature","properties":{"type":"drawing","level":"LEVEL 1","Layer":"A-GLAZ-CWMG","source":"LEVEL_1.dxf","SubClasses":"AcDbEntity:AcDbBlockReference","EntityHandle":"6BA","interactive":false},"geometry":{"type":"MultiLineString","coordinates":[[[-96.043527,41.089485],[-96.043523,41.089485]],[[-96.043527,41.089484],[-96.043523,41.089484]]]}},{"type":"Feature","properties":{"type":"drawing","level":"LEVEL 1","Layer":"A-GLAZ-CWMG","source":"LEVEL_1.dxf","SubClasses":"AcDbEntity:AcDbBlockReference","EntityHandle":"6E7","interactive":false},"geometry":{"type":"MultiLineString","coordinates":[[[-96.043542,41.089472],[-96.043542,41.089479]],[[-96.043541,41.089472],[-96.043541,41.089479]]]}},{"type":"Feature","properties":{"type":"drawing","level":"LEVEL 1","Layer":"A-GLAZ-CWMG","source":"LEVEL_1.dxf","SubClasses":"AcDbEntity:AcDbBlockReference","EntityHandle":"714","interactive":false},"geometry":{"type":"MultiLineString","coordinates":[[[-96.043526,41.089562],[-96.043533,41.089562]],[[-96.043526,41.089563],[-96.043533,41.089563]]]}},{"type":"Feature","properties":{"type":"drawing","level":"LEVEL 1","Layer":"A-GLAZ-CWMG","source":"LEVEL_1.dxf","SubClasses":"AcDbEntity:AcDbBlockReference","EntityHandle":"729","interactive":false},"geometry":{"type":"MultiLineString","coordinates":[[[-96.043504,41.089512],[-96.043504,41.089508]],[[-96.043505,41.089512],[-96.043505,41.089508]]]}},{"type":"Feature","properties":{"type":"drawing","level":"LEVEL 1","Layer":"A-GLAZ-CWMG","source":"LEVEL_1.dxf","SubClasses":"AcDbEntity:AcDbBlockReference","EntityHandle":"72D","interactive":false},"geometry":{"type":"MultiLineString","coordinates":[[[-96.043409,41.089464],[-96.043409,41.089461]],[[-96.043411,41.089464],[-96.043411,41.089461]]]}},{"type":"Feature","properties":{"type":"drawing","level":"LEVEL 1","Layer":"A-GLAZ-CWMG","source":"LEVEL_1.dxf","SubClasses":"AcDbEntity:AcDbBlockReference","EntityHandle":"731","interactive":false},"geometry":{"type":"MultiLineString","coordinates":[[[-96.043542,41.089464],[-96.043542,41.089471]],[[-96.043541,41.089464],[-96.043541,41.089471]]]}},{"type":"Feature","properties":{"type":"drawing","level":"LEVEL 1","Layer":"A-GLAZ-CWMG","source":"LEVEL_1.dxf","SubClasses":"AcDbEntity:AcDbBlockReference","EntityHandle":"740","interactive":false},"geometry":{"type":"MultiLineString","coordinates":[[[-96.043531,41.089485],[-96.043528,41.089485]],[[-96.043531,41.089484],[-96.043528,41.089484]]]}},{"type":"Feature","properties":{"type":"drawing","level":"LEVEL 1","Layer":"A-GLAZ-CWMG","source":"LEVEL_1.dxf","SubClasses":"AcDbEntity:AcDbBlockReference","EntityHandle":"74F","interactive":false},"geometry":{"type":"MultiLineString","coordinates":[[[-96.043409,41.089467],[-96.043409,41.089465]],[[-96.043411,41.089467],[-96.043411,41.089465]]]}},{"type":"Feature","properties":{"type":"drawing","level":"LEVEL 1","Layer":"A-GLAZ-CWMG","source":"LEVEL_1.dxf","SubClasses":"AcDbEntity:AcDbBlockReference","EntityHandle":"752","interactive":false},"geometry":{"type":"MultiLineString","coordinates":[[[-96.043504,41.089517],[-96.043504,41.089513]],[[-96.043505,41.089517],[-96.043505,41.089513]]]}},{"type":"Feature","properties":{"type":"drawing","level":"LEVEL 1","Layer":"A-GLAZ-CWMG","source":"LEVEL_1.dxf","SubClasses":"AcDbEntity:AcDbBlockReference","EntityHandle":"755","interactive":false},"geometry":{"type":"MultiLineString","coordinates":[[[-96.043519,41.089562],[-96.043526,41.089562]],[[-96.043519,41.089563],[-96.043526,41.089563]]]}},{"type":"Feature","properties":{"type":"drawing","level":"LEVEL 1","Layer":"Q-CASE","source":"LEVEL_1.dxf","SubClasses":"AcDbEntity:AcDbBlockReference","EntityHandle":"762","interactive":false},"geometry":{"type":"MultiLineString","coordinates":[[[-96.043421,41.089699],[-96.043421,41.089694]],[[-96.043421,41.089694],[-96.04338,41.089694]],[[-96.043421,41.089699],[-96.043421,41.089699]],[[-96.043421,41.089699],[-96.04338,41.089699]],[[-96.04338,41.089699],[-96.043421,41.089699]],[[-96.04338,41.089699],[-96.04338,41.089694]],[[-96.04338,41.089694],[-96.04338,41.089694]],[[-96.04338,41.089699],[-96.04338,41.089699]]]}},{"type":"Feature","properties":{"type":"drawing","level":"LEVEL 1","Layer":"Q-CASE","source":"LEVEL_1.dxf","SubClasses":"AcDbEntity:AcDbBlockReference","EntityHandle":"770","interactive":false},"geometry":{"type":"MultiLineString","coordinates":[[[-96.043421,41.08968],[-96.043421,41.089699]],[[-96.043428,41.089679],[-96.043428,41.089699]],[[-96.043428,41.089699],[-96.043428,41.089699]],[[-96.043428,41.08968],[-96.043428,41.089679]],[[-96.043421,41.089679],[-96.043421,41.08968]],[[-96.043421,41.08968],[-96.043428,41.08968]],[[-96.043428,41.089699],[-96.043421,41.089699]],[[-96.043421,41.089699],[-96.043421,41.089699]],[[-96.043421,41.089699],[-96.043428,41.089699]],[[-96.043428,41.089699],[-96.043428,41.089699]]]}},{"type":"Feature","properties":{"type":"drawing","level":"LEVEL 1","Layer":"A-DOOR","source":"LEVEL_1.dxf","SubClasses":"AcDbEntity:AcDbBlockReference","EntityHandle":"77D","interactive":false},"geometry":{"type":"MultiLineString","coordinates":[[[-96.043605,41.089448],[-96.043605,41.089448]],[[-96.043605,41.089448],[-96.043554,41.089448]],[[-96.043554,41.089448],[-96.043554,41.089448]],[[-96.043554,41.089448],[-96.043605,41.089448]],[[-96.043605,41.089486],[-96.043605,41.089448]],[[-96.043554,41.089486],[-96.043605,41.089486]],[[-96.043554,41.089448],[-96.043554,41.089486]]]}},{"type":"Feature","properties":{"type":"drawing","level":"LEVEL 1","Layer":"A-WALL","source":"LEVEL_1.dxf","SubClasses":"AcDbEntity:AcDbLine","EntityHandle":"77E","interactive":false},"geometry":{"type":"MultiLineString","coordinates":[[[-96.043404,41.089445],[-96.043404,41.089435]]]}},{"type":"Feature","properties":{"type":"drawing","level":"LEVEL 1","Layer":"A-WALL","source":"LEVEL_1.dxf","SubClasses":"AcDbEntity:AcDbLine","EntityHandle":"780","interactive":false},"geometry":{"type":"MultiLineString","coordinates":[[[-96.043401,41.089432],[-96.043401,41.089445]]]}},{"type":"Feature","properties":{"type":"drawing","level":"LEVEL 1","Layer":"A-WALL","source":"LEVEL_1.dxf","SubClasses":"AcDbEntity:AcDbLine","EntityHandle":"781","interactive":false},"geometry":{"type":"MultiLineString","coordinates":[[[-96.043435,41.089445],[-96.043435,41.089432]]]}},{"type":"Feature","properties":{"type":"drawing","level":"LEVEL 1","Layer":"A-WALL","source":"LEVEL_1.dxf","SubClasses":"AcDbEntity:AcDbLine","EntityHandle":"782","interactive":false},"geometry":{"type":"MultiLineString","coordinates":[[[-96.043431,41.089435],[-96.043431,41.089445]]]}},{"type":"Feature","properties":{"type":"drawing","level":"LEVEL 1","Layer":"A-DOOR","source":"LEVEL_1.dxf","SubClasses":"AcDbEntity:AcDbBlockReference","EntityHandle":"783","interactive":false},"geometry":{"type":"MultiLineString","coordinates":[[[-96.043413,41.089437],[-96.043413,41.089437],[-96.043414,41.089437],[-96.043415,41.089437],[-96.043416,41.089437],[-96.043416,41.089437],[-96.043417,41.089437],[-96.043418,41.089437],[-96.043418,41.089438],[-96.043419,41.089438],[-96.04342,41.089438],[-96.04342,41.089439],[-96.043421,41.089439],[-96.043421,41.08944],[-96.043422,41.08944],[-96.043422,41.089441],[-96.043422,41.089441],[-96.043423,41.089442],[-96.043423,41.089442],[-96.043423,41.089443],[-96.043423,41.089443],[-96.043424,41.089444],[-96.043424,41.089444],[-96.043424,41.089445]],[[-96.043413,41.089445],[-96.043413,41.089437]],[[-96.043413,41.089437],[-96.043413,41.089437]],[[-96.043413,41.089437],[-96.043413,41.089445]],[[-96.043413,41.089445],[-96.043413,41.089445]],[[-96.043413,41.089437],[-96.043413,41.089437],[-96.043414,41.089437],[-96.043415,41.089437],[-96.043416,41.089437],[-96.043416,41.089437],[-96.043417,41.089437],[-96.043418,41.089437],[-96.043418,41.089438],[-96.043419,41.089438],[-96.04342,41.089438],[-96.04342,41.089439],[-96.043421,41.089439],[-96.043421,41.08944],[-96.043422,41.08944],[-96.043422,41.089441],[-96.043422,41.089441],[-96.043423,41.089442],[-96.043423,41.089442],[-96.043423,41.089443],[-96.043423,41.089443],[-96.043424,41.089444],[-96.043424,41.089444],[-96.043424,41.089445]],[[-96.043424,41.089445],[-96.043424,41.089445]],[[-96.043423,41.089445],[-96.043424,41.089445]],[[-96.043423,41.089446],[-96.043423,41.089445]],[[-96.043424,41.089446],[-96.043423,41.089446]],[[-96.043424,41.089448],[-96.043424,41.089446]],[[-96.043424,41.089448],[-96.043424,41.089448]],[[-96.043424,41.089445],[-96.043424,41.089448]],[[-96.043424,41.089445],[-96.043424,41.089445]],[[-96.043412,41.089448],[-96.043412,41.089445]],[[-96.043413,41.089448],[-96.043412,41.089448]],[[-96.043413,41.089446],[-96.043413,41.089448]],[[-96.043413,41.089446],[-96.043413,41.089446]],[[-96.043413,41.089445],[-96.043413,41.089446]],[[-96.043413,41.089445],[-96.043413,41.089445]],[[-96.043413,41.089445],[-96.043413,41.089445]],[[-96.043412,41.089445],[-96.043413,41.089445]],[[-96.043413,41.089437],[-96.043413,41.089437]],[[-96.043413,41.089445],[-96.043413,41.089437]],[[-96.043413,41.089437],[-96.043413,41.089445]],[[-96.043413,41.089445],[-96.043413,41.089445]],[[-96.043413,41.089437],[-96.043413,41.089437],[-96.043414,41.089437],[-96.043415,41.089437],[-96.043416,41.089437],[-96.043416,41.089437],[-96.043417,41.089437],[-96.043418,41.089437],[-96.043418,41.089438],[-96.043419,41.089438],[-96.04342,41.089438],[-96.04342,41.089439],[-96.043421,41.089439],[-96.043421,41.08944],[-96.043422,41.08944],[-96.043422,41.089441],[-96.043422,41.089441],[-96.043423,41.089442],[-96.043423,41.089442],[-96.043423,41.089443],[-96.043423,41.089443],[-96.043424,41.089444],[-96.043424,41.089444],[-96.043424,41.089445]],[[-96.043413,41.089437],[-96.043413,41.089437],[-96.043414,41.089437],[-96.043415,41.089437],[-96.043416,41.089437],[-96.043416,41.089437],[-96.043417,41.089437],[-96.043418,41.089437],[-96.043418,41.089438],[-96.043419,41.089438],[-96.04342,41.089438],[-96.04342,41.089439],[-96.043421,41.089439],[-96.043421,41.08944],[-96.043422,41.08944],[-96.043422,41.089441],[-96.043422,41.089441],[-96.043423,41.089442],[-96.043423,41.089442],[-96.043423,41.089443],[-96.043423,41.089443],[-96.043424,41.089444],[-96.043424,41.089444],[-96.043424,41.089445]]]}},{"type":"Feature","properties":{"type":"drawing","level":"LEVEL 1","Layer":"A-WALL","source":"LEVEL_1.dxf","SubClasses":"AcDbEntity:AcDbLine","EntityHandle":"784","interactive":false},"geometry":{"type":"MultiLineString","coordinates":[[[-96.043435,41.089432],[-96.043424,41.089432]]]}},{"type":"Feature","properties":{"type":"drawing","level":"LEVEL 1","Layer":"A-WALL","source":"LEVEL_1.dxf","SubClasses":"AcDbEntity:AcDbLine","EntityHandle":"785","interactive":false},"geometry":{"type":"MultiLineString","coordinates":[[[-96.043424,41.089432],[-96.043424,41.089435]]]}},{"type":"Feature","properties":{"type":"drawing","level":"LEVEL 1","Layer":"A-WALL","source":"LEVEL_1.dxf","SubClasses":"AcDbEntity:AcDbLine","EntityHandle":"786","interactive":false},"geometry":{"type":"MultiLineString","coordinates":[[[-96.043424,41.089435],[-96.043431,41.089435]]]}},{"type":"Feature","properties":{"type":"drawing","level":"LEVEL 1","Layer":"A-WALL","source":"LEVEL_1.dxf","SubClasses":"AcDbEntity:AcDbLine","EntityHandle":"788","interactive":false},"geometry":{"type":"MultiLineString","coordinates":[[[-96.043404,41.089435],[-96.043412,41.089435]]]}},{"type":"Feature","properties":{"type":"drawing","level":"LEVEL 1","Layer":"A-WALL","source":"LEVEL_1.dxf","SubClasses":"AcDbEntity:AcDbLine","EntityHandle":"789","interactive":false},"geometry":{"type":"MultiLineString","coordinates":[[[-96.043412,41.089435],[-96.043412,41.089432]]]}},{"type":"Feature","properties":{"type":"drawing","level":"LEVEL 1","Layer":"A-WALL","source":"LEVEL_1.dxf","SubClasses":"AcDbEntity:AcDbLine","EntityHandle":"78A","interactive":false},"geometry":{"type":"MultiLineString","coordinates":[[[-96.043412,41.089432],[-96.043401,41.089432]]]}},{"type":"Feature","properties":{"type":"drawing","level":"LEVEL 1","Layer":"A-WALL","source":"LEVEL_1.dxf","SubClasses":"AcDbEntity:AcDbLine","EntityHandle":"78B","interactive":false},"geometry":{"type":"MultiLineString","coordinates":[[[-96.043452,41.089448],[-96.043452,41.089455]]]}},{"type":"Feature","properties":{"type":"drawing","level":"LEVEL 1","Layer":"A-WALL","source":"LEVEL_1.dxf","SubClasses":"AcDbEntity:AcDbLine","EntityHandle":"78C","interactive":false},"geometry":{"type":"MultiLineString","coordinates":[[[-96.043452,41.089455],[-96.043455,41.089455]]]}},{"type":"Feature","properties":{"type":"drawing","level":"LEVEL 1","Layer":"A-WALL","source":"LEVEL_1.dxf","SubClasses":"AcDbEntity:AcDbLine","EntityHandle":"78D","interactive":false},"geometry":{"type":"MultiLineString","coordinates":[[[-96.043454,41.089453],[-96.043454,41.089448]]]}},{"type":"Feature","properties":{"type":"drawing","level":"LEVEL 1","Layer":"A-WALL","source":"LEVEL_1.dxf","SubClasses":"AcDbEntity:AcDbLine","EntityHandle":"78F","interactive":false},"geometry":{"type":"MultiLineString","coordinates":[[[-96.043455,41.089455],[-96.043455,41.089453]]]}},{"type":"Feature","properties":{"type":"drawing","level":"LEVEL 1","Layer":"A-WALL","source":"LEVEL_1.dxf","SubClasses":"AcDbEntity:AcDbLine","EntityHandle":"790","interactive":false},"geometry":{"type":"MultiLineString","coordinates":[[[-96.043455,41.089453],[-96.043454,41.089453]]]}},{"type":"Feature","properties":{"type":"drawing","level":"LEVEL 1","Layer":"A-WALL","source":"LEVEL_1.dxf","SubClasses":"AcDbEntity:AcDbLine","EntityHandle":"791","interactive":false},"geometry":{"type":"MultiLineString","coordinates":[[[-96.043462,41.089455],[-96.043462,41.089455]]]}},{"type":"Feature","properties":{"type":"drawing","level":"LEVEL 1","Layer":"A-WALL","source":"LEVEL_1.dxf","SubClasses":"AcDbEntity:AcDbLine","EntityHandle":"792","interactive":false},"geometry":{"type":"MultiLineString","coordinates":[[[-96.043462,41.089453],[-96.043462,41.089453]]]}},{"type":"Feature","properties":{"type":"drawing","level":"LEVEL 1","Layer":"A-WALL","source":"LEVEL_1.dxf","SubClasses":"AcDbEntity:AcDbLine","EntityHandle":"793","interactive":false},"geometry":{"type":"MultiLineString","coordinates":[[[-96.043462,41.089453],[-96.043462,41.089455]]]}},{"type":"Feature","properties":{"type":"drawing","level":"LEVEL 1","Layer":"A-DOOR","source":"LEVEL_1.dxf","SubClasses":"AcDbEntity:AcDbBlockReference","EntityHandle":"7B3","interactive":false},"geometry":{"type":"MultiLineString","coordinates":[[[-96.043457,41.089458],[-96.043457,41.089458],[-96.043457,41.089457],[-96.043456,41.089457],[-96.043456,41.089457],[-96.043456,41.089457],[-96.043456,41.089456],[-96.043456,41.089456],[-96.043456,41.089456],[-96.043456,41.089456],[-96.043456,41.089455],[-96.043455,41.089455],[-96.043455,41.089455]],[[-96.043461,41.089455],[-96.043457,41.089458]],[[-96.043457,41.089458],[-96.043457,41.089457]],[[-96.043457,41.089457],[-96.043461,41.089455]],[[-96.043461,41.089455],[-96.043461,41.089455]],[[-96.043457,41.089458],[-96.043457,41.089458],[-96.043457,41.089457],[-96.043456,41.089457],[-96.043456,41.089457],[-96.043456,41.089457],[-96.043456,41.089456],[-96.043456,41.089456],[-96.043456,41.089456],[-96.043456,41.089456],[-96.043456,41.089455],[-96.043455,41.089455],[-96.043455,41.089455]],[[-96.043455,41.089454],[-96.043455,41.089455]],[[-96.043456,41.089454],[-96.043455,41.089454]],[[-96.043456,41.089454],[-96.043456,41.089454]],[[-96.043455,41.089454],[-96.043456,41.089454]],[[-96.043455,41.089453],[-96.043455,41.089454]],[[-96.043455,41.089453],[-96.043455,41.089453]],[[-96.043455,41.089455],[-96.043455,41.089453]],[[-96.043455,41.089455],[-96.043455,41.089455]],[[-96.043462,41.089453],[-96.043462,41.089455]],[[-96.043461,41.089453],[-96.043462,41.089453]],[[-96.043461,41.089454],[-96.043461,41.089453]],[[-96.043461,41.089454],[-96.043461,41.089454]],[[-96.043461,41.089454],[-96.043461,41.089454]],[[-96.043461,41.089454],[-96.043461,41.089454]],[[-96.043461,41.089455],[-96.043461,41.089454]],[[-96.043462,41.089455],[-96.043461,41.089455]],[[-96.043457,41.089458],[-96.043457,41.089457]],[[-96.043461,41.089455],[-96.043457,41.089458]],[[-96.043457,41.089457],[-96.043461,41.089455]],[[-96.043461,41.089455],[-96.043461,41.089455]],[[-96.043457,41.089458],[-96.043457,41.089458],[-96.043457,41.089457],[-96.043456,41.089457],[-96.043456,41.089457],[-96.043456,41.089457],[-96.043456,41.089456],[-96.043456,41.089456],[-96.043456,41.089456],[-96.043456,41.089456],[-96.043456,41.089455],[-96.043455,41.089455],[-96.043455,41.089455]],[[-96.043457,41.089458],[-96.043457,41.089458],[-96.043457,41.089457],[-96.043456,41.089457],[-96.043456,41.089457],[-96.043456,41.089457],[-96.043456,41.089456],[-96.043456,41.089456],[-96.043456,41.089456],[-96.043456,41.089456],[-96.043456,41.089455],[-96.043456,41.089455],[-96.043455,41.089455]]]}},{"type":"Feature","properties":{"type":"drawing","level":"LEVEL 1","Layer":"I-WALL","source":"LEVEL_1.dxf","SubClasses":"AcDbEntity:AcDbLine","EntityHandle":"7B5","interactive":false},"geometry":{"type":"MultiLineString","coordinates":[[[-96.043325,41.089667],[-96.043326,41.089667]]]}},{"type":"Feature","properties":{"type":"drawing","level":"LEVEL 1","Layer":"I-WALL","source":"LEVEL_1.dxf","SubClasses":"AcDbEntity:AcDbLine","EntityHandle":"7B7","interactive":false},"geometry":{"type":"MultiLineString","coordinates":[[[-96.043368,41.089681],[-96.043368,41.089667]]]}},{"type":"Feature","properties":{"type":"drawing","level":"LEVEL 1","Layer":"I-WALL","source":"LEVEL_1.dxf","SubClasses":"AcDbEntity:AcDbLine","EntityHandle":"7B9","interactive":false},"geometry":{"type":"MultiLineString","coordinates":[[[-96.043367,41.089667],[-96.043367,41.08968]]]}},{"type":"Feature","properties":{"type":"drawing","level":"LEVEL 1","Layer":"I-WALL","source":"LEVEL_1.dxf","SubClasses":"AcDbEntity:AcDbLine","EntityHandle":"7BB","interactive":false},"geometry":{"type":"MultiLineString","coordinates":[[[-96.043373,41.089667],[-96.043367,41.089667]]]}},{"type":"Feature","properties":{"type":"drawing","level":"LEVEL 1","Layer":"A-DOOR","source":"LEVEL_1.dxf","SubClasses":"AcDbEntity:AcDbBlockReference","EntityHandle":"7C6","interactive":false},"geometry":{"type":"MultiLineString","coordinates":[[[-96.043503,41.089535],[-96.043503,41.089535]],[[-96.043503,41.089535],[-96.043503,41.089557]],[[-96.043503,41.089557],[-96.043503,41.089557]],[[-96.043503,41.089557],[-96.043503,41.089535]],[[-96.043467,41.089535],[-96.043503,41.089535]],[[-96.043467,41.089557],[-96.043467,41.089535]],[[-96.043503,41.089557],[-96.043467,41.089557]]]}},{"type":"Feature","properties":{"type":"drawing","level":"LEVEL 1","Layer":"A-WALL","source":"LEVEL_1.dxf","SubClasses":"AcDbEntity:AcDbLine","EntityHandle":"7C7","interactive":false},"geometry":{"type":"MultiLineString","coordinates":[[[-96.043312,41.089585],[-96.043312,41.089524]]]}},{"type":"Feature","properties":{"type":"drawing","level":"LEVEL 1","Layer":"A-WALL","source":"LEVEL_1.dxf","SubClasses":"AcDbEntity:AcDbLine","EntityHandle":"7C8","interactive":false},"geometry":{"type":"MultiLineString","coordinates":[[[-96.043312,41.089524],[-96.04331,41.089524]]]}},{"type":"Feature","properties":{"type":"drawing","level":"LEVEL 1","Layer":"A-WALL","source":"LEVEL_1.dxf","SubClasses":"AcDbEntity:AcDbLine","EntityHandle":"7C9","interactive":false},"geometry":{"type":"MultiLineString","coordinates":[[[-96.04331,41.089524],[-96.04331,41.089585]]]}},{"type":"Feature","properties":{"type":"drawing","level":"LEVEL 1","Layer":"A-WALL","source":"LEVEL_1.dxf","SubClasses":"AcDbEntity:AcDbLine","EntityHandle":"7CA","interactive":false},"geometry":{"type":"MultiLineString","coordinates":[[[-96.043312,41.089514],[-96.043312,41.089513]]]}},{"type":"Feature","properties":{"type":"drawing","level":"LEVEL 1","Layer":"A-WALL","source":"LEVEL_1.dxf","SubClasses":"AcDbEntity:AcDbLine","EntityHandle":"7CB","interactive":false},"geometry":{"type":"MultiLineString","coordinates":[[[-96.04331,41.089513],[-96.04331,41.089514]]]}},{"type":"Feature","properties":{"type":"drawing","level":"LEVEL 1","Layer":"A-WALL","source":"LEVEL_1.dxf","SubClasses":"AcDbEntity:AcDbLine","EntityHandle":"7CC","interactive":false},"geometry":{"type":"MultiLineString","coordinates":[[[-96.04331,41.089514],[-96.043312,41.089514]]]}},{"type":"Feature","properties":{"type":"drawing","level":"LEVEL 1","Layer":"A-DOOR","source":"LEVEL_1.dxf","SubClasses":"AcDbEntity:AcDbBlockReference","EntityHandle":"7CD","interactive":false},"geometry":{"type":"MultiLineString","coordinates":[[[-96.04331,41.089523],[-96.043309,41.089523],[-96.043309,41.089523],[-96.043308,41.089523],[-96.043307,41.089523],[-96.043306,41.089523],[-96.043306,41.089522],[-96.043305,41.089522],[-96.043304,41.089522],[-96.043304,41.089522],[-96.043303,41.089521],[-96.043303,41.089521],[-96.043302,41.08952],[-96.043302,41.08952],[-96.043301,41.08952],[-96.043301,41.089519],[-96.0433,41.089519],[-96.0433,41.089518],[-96.0433,41.089518],[-96.043299,41.089517],[-96.043299,41.089516],[-96.043299,41.089516],[-96.043299,41.089515],[-96.043299,41.089515]],[[-96.04331,41.089515],[-96.043299,41.089515]],[[-96.043299,41.089515],[-96.043299,41.089515]],[[-96.043299,41.089515],[-96.04331,41.089515]],[[-96.04331,41.089515],[-96.04331,41.089515]],[[-96.04331,41.089523],[-96.043309,41.089523],[-96.043309,41.089523],[-96.043308,41.089523],[-96.043307,41.089523],[-96.043306,41.089523],[-96.043306,41.089522],[-96.043305,41.089522],[-96.043304,41.089522],[-96.043304,41.089522],[-96.043303,41.089521],[-96.043303,41.089521],[-96.043302,41.08952],[-96.043302,41.08952],[-96.043301,41.08952],[-96.043301,41.089519],[-96.0433,41.089519],[-96.0433,41.089518],[-96.0433,41.089518],[-96.043299,41.089517],[-96.043299,41.089516],[-96.043299,41.089516],[-96.043299,41.089515],[-96.043299,41.089515]],[[-96.04331,41.089514],[-96.04331,41.089515]],[[-96.04331,41.089515],[-96.043311,41.089515]],[[-96.043311,41.089515],[-96.043311,41.089515]],[[-96.043311,41.089515],[-96.043311,41.089515]],[[-96.043311,41.089515],[-96.043311,41.089515]],[[-96.043311,41.089515],[-96.043312,41.089515]],[[-96.043312,41.089515],[-96.043312,41.089514]],[[-96.043312,41.089514],[-96.04331,41.089514]],[[-96.04331,41.089523],[-96.04331,41.089524]],[[-96.04331,41.089524],[-96.043312,41.089524]],[[-96.043312,41.089524],[-96.043312,41.089523]],[[-96.043312,41.089523],[-96.043311,41.089523]],[[-96.043311,41.089523],[-96.043311,41.089523]],[[-96.043311,41.089523],[-96.043311,41.089523]],[[-96.043311,41.089523],[-96.043311,41.089523]],[[-96.043311,41.089523],[-96.04331,41.089523]],[[-96.043299,41.089515],[-96.043299,41.089515]],[[-96.04331,41.089515],[-96.043299,41.089515]],[[-96.043299,41.089515],[-96.04331,41.089515]],[[-96.04331,41.089515],[-96.04331,41.089515]],[[-96.04331,41.089523],[-96.043309,41.089523],[-96.043309,41.089523],[-96.043308,41.089523],[-96.043307,41.089523],[-96.043306,41.089523],[-96.043306,41.089522],[-96.043305,41.089522],[-96.043304,41.089522],[-96.043304,41.089522],[-96.043303,41.089521],[-96.043303,41.089521],[-96.043302,41.08952],[-96.043302,41.08952],[-96.043301,41.08952],[-96.043301,41.089519],[-96.0433,41.089519],[-96.0433,41.089518],[-96.0433,41.089518],[-96.043299,41.089517],[-96.043299,41.089516],[-96.043299,41.089516],[-96.043299,41.089515],[-96.043299,41.089515]],[[-96.04331,41.089523],[-96.043309,41.089523],[-96.043309,41.089523],[-96.043308,41.089523],[-96.043307,41.089523],[-96.043306,41.089523],[-96.043306,41.089522],[-96.043305,41.089522],[-96.043304,41.089522],[-96.043304,41.089522],[-96.043303,41.089521],[-96.043303,41.089521],[-96.043302,41.08952],[-96.043302,41.08952],[-96.043301,41.08952],[-96.043301,41.089519],[-96.0433,41.089519],[-96.0433,41.089518],[-96.0433,41.089518],[-96.043299,41.089517],[-96.043299,41.089516],[-96.043299,41.089516],[-96.043299,41.089515],[-96.043299,41.089515]]]}},{"type":"Feature","properties":{"type":"drawing","level":"LEVEL 1","Layer":"I-FURN","source":"LEVEL_1.dxf","SubClasses":"AcDbEntity:AcDbBlockReference","EntityHandle":"8A4","interactive":false},"geometry":{"type":"MultiLineString","coordinates":[[[-96.043416,41.089687],[-96.043416,41.089687],[-96.043416,41.089687],[-96.043416,41.089687],[-96.043416,41.089687],[-96.043416,41.089687],[-96.043416,41.089687],[-96.043416,41.089687],[-96.043416,41.089687],[-96.043416,41.089687],[-96.043416,41.089687],[-96.043416,41.089687],[-96.043416,41.089687],[-96.043416,41.089687],[-96.043416,41.089687],[-96.043416,41.089687],[-96.043416,41.089687],[-96.043416,41.089687],[-96.043416,41.089687],[-96.043416,41.089687]],[[-96.043416,41.089687],[-96.043416,41.089687],[-96.043416,41.089687],[-96.043416,41.089687],[-96.043416,41.089687],[-96.043416,41.089687]],[[-96.043416,41.089687],[-96.043416,41.089687],[-96.043416,41.089687],[-96.043416,41.089687],[-96.043416,41.089687],[-96.043416,41.089687],[-96.043416,41.089687],[-96.043416,41.089687],[-96.043416,41.089687],[-96.043416,41.089687],[-96.043416,41.089687],[-96.043416,41.089687],[-96.043416,41.089687],[-96.043416,41.089687],[-96.043416,41.089687],[-96.043416,41.089687],[-96.043416,41.089687],[-96.043416,41.089687]],[[-96.043416,41.089687],[-96.043416,41.089687],[-96.043416,41.089687],[-96.043416,41.089687],[-96.043416,41.089687],[-96.043416,41.089687],[-96.043416,41.089687],[-96.043416,41.089687],[-96.043416,41.089687]],[[-96.043416,41.089687],[-96.043416,41.089687]],[[-96.043416,41.089688],[-96.043416,41.089687]],[[-96.043416,41.08969],[-96.043416,41.08969],[-96.043416,41.08969],[-96.043416,41.08969],[-96.043416,41.08969],[-96.043416,41.08969],[-96.043416,41.08969],[-96.043416,41.08969],[-96.043416,41.08969],[-96.043416,41.08969],[-96.043416,41.08969],[-96.043416,41.08969],[-96.043416,41.08969],[-96.043416,41.08969],[-96.043416,41.08969],[-96.043416,41.08969],[-96.043416,41.08969],[-96.043416,41.08969],[-96.043416,41.08969],[-96.043416,41.08969],[-96.043416,41.08969],[-96.043416,41.08969],[-96.043416,41.08969],[-96.043416,41.08969],[-96.043416,41.08969],[-96.043416,41.08969],[-96.043416,41.08969],[-96.043416,41.08969],[-96.043416,41.08969]],[[-96.043417,41.089689],[-96.043417,41.089689],[-96.043417,41.089689],[-96.043417,41.089689],[-96.043417,41.089689],[-96.043417,41.089689],[-96.043417,41.089689],[-96.043417,41.089689],[-96.043417,41.08969],[-96.043417,41.08969],[-96.043417,41.08969],[-96.043417,41.08969],[-96.043417,41.08969],[-96.043417,41.08969],[-96.043417,41.08969],[-96.043417,41.08969],[-96.043417,41.08969],[-96.043417,41.08969],[-96.043417,41.08969]],[[-96.043417,41.089688],[-96.043417,41.089688],[-96.043417,41.089688],[-96.043417,41.089688],[-96.043417,41.089688],[-96.043417,41.089688],[-96.043417,41.089688],[-96.043417,41.089688],[-96.043417,41.089688],[-96.043417,41.089688],[-96.043417,41.089688],[-96.043417,41.089688],[-96.043417,41.089688],[-96.043417,41.089688],[-96.043417,41.089688],[-96.043417,41.089688],[-96.043417,41.089688],[-96.043417,41.089688],[-96.043417,41.089688],[-96.043417,41.089688]],[[-96.043416,41.089688],[-96.043416,41.089688],[-96.043416,41.089688],[-96.043416,41.089688],[-96.043416,41.089688],[-96.043416,41.089688],[-96.043416,41.089688],[-96.043416,41.089688],[-96.043416,41.089688],[-96.043416,41.089688],[-96.043416,41.089688],[-96.043416,41.089688],[-96.043416,41.089688],[-96.043416,41.089688],[-96.043416,41.089688],[-96.043416,41.089688],[-96.043416,41.089687],[-96.043416,41.089687],[-96.043416,41.089687],[-96.043416,41.089687],[-96.043416,41.089687],[-96.043416,41.089687],[-96.043416,41.089687],[-96.043416,41.089687],[-96.043416,41.089687],[-96.043416,41.089687],[-96.043416,41.089687],[-96.043416,41.089687]],[[-96.043417,41.08969],[-96.043416,41.08969]],[[-96.043416,41.089687],[-96.043417,41.089688]],[[-96.043416,41.08969],[-96.043416,41.089688]],[[-96.043417,41.089688],[-96.043417,41.089689]],[[-96.04341,41.089687],[-96.04341,41.089687],[-96.04341,41.089687],[-96.04341,41.089687],[-96.04341,41.089687],[-96.04341,41.089687],[-96.04341,41.089687],[-96.04341,41.089687],[-96.04341,41.089687],[-96.04341,41.089687],[-96.04341,41.089687],[-96.04341,41.089687],[-96.04341,41.089687],[-96.04341,41.089687],[-96.04341,41.089687],[-96.04341,41.089687],[-96.04341,41.089687],[-96.04341,41.089687],[-96.04341,41.089687],[-96.04341,41.089687]],[[-96.04341,41.089687],[-96.04341,41.089687],[-96.04341,41.089687],[-96.04341,41.089687],[-96.043411,41.089687],[-96.043411,41.089687]],[[-96.04341,41.089687],[-96.04341,41.089687],[-96.04341,41.089687],[-96.04341,41.089687],[-96.04341,41.089687],[-96.04341,41.089687],[-96.04341,41.089687],[-96.04341,41.089687],[-96.04341,41.089687],[-96.043411,41.089687],[-96.043411,41.089687],[-96.043411,41.089687],[-96.043411,41.089687],[-96.043411,41.089687],[-96.043411,41.089687],[-96.043411,41.089687],[-96.043411,41.089687],[-96.043411,41.089687]],[[-96.04341,41.089687],[-96.04341,41.089687],[-96.04341,41.089687],[-96.04341,41.089687],[-96.04341,41.089687],[-96.04341,41.089687],[-96.04341,41.089687],[-96.04341,41.089687],[-96.04341,41.089687]],[[-96.04341,41.089687],[-96.04341,41.089687]],[[-96.04341,41.089688],[-96.04341,41.089687]],[[-96.043411,41.08969],[-96.043411,41.08969],[-96.043411,41.08969],[-96.043411,41.08969],[-96.043411,41.08969],[-96.043411,41.08969],[-96.043411,41.08969],[-96.043411,41.08969],[-96.043411,41.08969],[-96.043411,41.08969],[-96.043411,41.08969],[-96.043411,41.08969],[-96.043411,41.08969],[-96.043411,41.08969],[-96.043411,41.08969],[-96.043411,41.08969],[-96.043411,41.08969],[-96.043411,41.08969],[-96.043411,41.08969],[-96.043411,41.08969],[-96.043411,41.08969],[-96.043411,41.08969],[-96.04341,41.08969],[-96.04341,41.08969],[-96.04341,41.08969],[-96.04341,41.08969],[-96.04341,41.08969],[-96.04341,41.08969],[-96.04341,41.08969]],[[-96.04341,41.08969],[-96.04341,41.08969],[-96.04341,41.08969],[-96.04341,41.08969],[-96.04341,41.08969],[-96.04341,41.08969],[-96.04341,41.08969],[-96.04341,41.08969],[-96.04341,41.08969],[-96.04341,41.08969],[-96.04341,41.08969],[-96.04341,41.089689],[-96.04341,41.089689],[-96.04341,41.089689],[-96.04341,41.089689],[-96.04341,41.089689],[-96.04341,41.089689],[-96.04341,41.089689],[-96.04341,41.089689]],[[-96.04341,41.089688],[-96.04341,41.089688],[-96.04341,41.089688],[-96.04341,41.089688],[-96.04341,41.089688],[-96.04341,41.089688],[-96.04341,41.089688],[-96.04341,41.089688],[-96.04341,41.089688],[-96.04341,41.089688],[-96.04341,41.089688],[-96.04341,41.089688],[-96.04341,41.089688],[-96.04341,41.089688],[-96.04341,41.089688],[-96.04341,41.089688],[-96.04341,41.089688],[-96.04341,41.089688],[-96.04341,41.089688],[-96.04341,41.089688]],[[-96.04341,41.089687],[-96.04341,41.089687],[-96.04341,41.089687],[-96.04341,41.089687],[-96.04341,41.089687],[-96.04341,41.089687],[-96.043411,41.089687],[-96.043411,41.089687],[-96.043411,41.089687],[-96.043411,41.089687],[-96.043411,41.089687],[-96.043411,41.089687],[-96.043411,41.089688],[-96.043411,41.089688],[-96.043411,41.089688],[-96.043411,41.089688],[-96.043411,41.089688],[-96.043411,41.089688],[-96.043411,41.089688],[-96.043411,41.089688],[-96.043411,41.089688],[-96.043411,41.089688],[-96.043411,41.089688],[-96.043411,41.089688],[-96.043411,41.089688],[-96.043411,41.089688],[-96.043411,41.089688],[-96.043411,41.089688]],[[-96.04341,41.08969],[-96.04341,41.08969]],[[-96.04341,41.089687],[-96.04341,41.089688]],[[-96.043411,41.08969],[-96.043411,41.089688]],[[-96.04341,41.089688],[-96.04341,41.089689]],[[-96.043411,41.089691],[-96.043411,41.089691],[-96.04341,41.089691],[-96.04341,41.089691],[-96.04341,41.089691],[-96.04341,41.089691],[-96.04341,41.089691],[-96.04341,41.089691],[-96.04341,41.089691],[-96.04341,41.089691],[-96.04341,41.089691],[-96.04341,41.089691],[-96.04341,41.089691],[-96.04341,41.089691],[-96.04341,41.089691],[-96.04341,41.089691],[-96.04341,41.089691],[-96.04341,41.089691],[-96.04341,41.089691]],[[-96.04341,41.089691],[-96.04341,41.08969],[-96.04341,41.08969],[-96.04341,41.08969],[-96.04341,41.089689],[-96.04341,41.089689],[-96.04341,41.089688],[-96.04341,41.089688]],[[-96.04341,41.089688],[-96.04341,41.089688],[-96.04341,41.089688],[-96.04341,41.089688],[-96.04341,41.089688],[-96.04341,41.089687],[-96.04341,41.089687],[-96.04341,41.089687],[-96.04341,41.089687],[-96.043411,41.089687],[-96.043411,41.089687]],[[-96.043416,41.089691],[-96.043416,41.089691],[-96.043416,41.089691],[-96.043416,41.089691],[-96.043416,41.089691],[-96.043416,41.089691],[-96.043416,41.089691],[-96.043416,41.089691],[-96.043416,41.089691],[-96.043416,41.089691],[-96.043416,41.089691],[-96.043416,41.089691],[-96.043416,41.089691],[-96.043416,41.089691],[-96.043416,41.089691],[-96.043416,41.089691],[-96.043416,41.089691],[-96.043416,41.089691],[-96.043416,41.089691]],[[-96.043416,41.089691],[-96.043413,41.089691],[-96.043411,41.089691]],[[-96.043416,41.089688],[-96.043416,41.089688],[-96.043416,41.089689],[-96.043416,41.089689],[-96.043416,41.08969],[-96.043416,41.08969],[-96.043416,41.08969],[-96.043416,41.089691]],[[-96.043416,41.089687],[-96.043416,41.089687],[-96.043416,41.089687],[-96.043416,41.089687],[-96.043416,41.089687],[-96.043416,41.089687],[-96.043416,41.089688],[-96.043416,41.089688],[-96.043416,41.089688],[-96.043416,41.089688],[-96.043416,41.089688]],[[-96.043411,41.089687],[-96.043411,41.089687],[-96.043411,41.089687],[-96.043411,41.089687],[-96.043411,41.089687],[-96.043411,41.089687],[-96.043411,41.089687],[-96.043411,41.089687],[-96.043411,41.089687],[-96.043411,41.089687],[-96.043411,41.089687],[-96.043411,41.089687],[-96.043411,41.089687],[-96.043411,41.089687],[-96.043411,41.089687],[-96.043411,41.089687],[-96.043411,41.089687],[-96.043411,41.089687],[-96.043411,41.089687],[-96.043411,41.089687],[-96.043411,41.089687],[-96.043411,41.089687],[-96.043411,41.089687],[-96.043411,41.089687],[-96.043411,41.089687]],[[-96.043411,41.089686],[-96.043411,41.089686],[-96.043411,41.089686],[-96.043411,41.089686],[-96.043411,41.089686],[-96.043411,41.089686],[-96.043411,41.089686],[-96.043411,41.089686],[-96.043411,41.089686],[-96.043411,41.089686],[-96.043411,41.089686],[-96.043411,41.089686],[-96.043411,41.089686],[-96.043411,41.089686],[-96.043411,41.089686]],[[-96.043411,41.089687],[-96.043411,41.089687],[-96.043411,41.089687],[-96.043411,41.089687],[-96.043411,41.089687],[-96.043411,41.089686],[-96.043411,41.089686],[-96.043411,41.089686],[-96.043411,41.089686]],[[-96.043416,41.089687],[-96.043416,41.089687],[-96.043416,41.089687],[-96.043416,41.089687],[-96.043416,41.089687],[-96.043416,41.089687],[-96.043416,41.089687],[-96.043416,41.089687],[-96.043416,41.089687],[-96.043416,41.089687],[-96.043416,41.089687],[-96.043416,41.089687],[-96.043416,41.089687],[-96.043416,41.089687],[-96.043416,41.089687],[-96.043416,41.089687],[-96.043416,41.089687],[-96.043416,41.089687],[-96.043416,41.089687],[-96.043416,41.089687],[-96.043416,41.089687],[-96.043416,41.089687],[-96.043416,41.089687],[-96.043416,41.089687],[-96.043416,41.089687]],[[-96.043415,41.089686],[-96.043415,41.089686],[-96.043415,41.089686],[-96.043415,41.089686],[-96.043415,41.089686],[-96.043415,41.089686],[-96.043415,41.089686],[-96.043415,41.089686],[-96.043415,41.089686],[-96.043415,41.089686],[-96.043415,41.089686],[-96.043415,41.089686],[-96.043415,41.089686],[-96.043415,41.089686],[-96.043415,41.089686]],[[-96.043415,41.089686],[-96.043415,41.089686],[-96.043415,41.089686],[-96.043416,41.089686],[-96.043416,41.089686],[-96.043416,41.089687],[-96.043416,41.089687],[-96.043416,41.089687],[-96.043416,41.089687]],[[-96.043411,41.089687],[-96.043412,41.089687],[-96.043413,41.089687],[-96.043414,41.089687],[-96.043415,41.089687],[-96.043416,41.089687]],[[-96.043411,41.089686],[-96.043412,41.089686],[-96.043413,41.089686],[-96.043414,41.089686],[-96.043414,41.089686],[-96.043415,41.089686]],[[-96.043416,41.089687],[-96.043416,41.089687]],[[-96.043411,41.089687],[-96.043411,41.089687]],[[-96.043416,41.089687],[-96.043416,41.089687]],[[-96.043411,41.089687],[-96.043411,41.089687]],[[-96.043416,41.089687],[-96.043416,41.089687],[-96.043416,41.089687],[-96.043416,41.089687],[-96.043416,41.089687],[-96.043416,41.089687],[-96.043416,41.089687],[-96.043416,41.089687],[-96.043416,41.089687],[-96.043416,41.089687],[-96.043416,41.089687],[-96.043416,41.089687],[-96.043416,41.089687],[-96.043416,41.089687],[-96.043416,41.089687],[-96.043416,41.089687],[-96.043416,41.089687],[-96.043416,41.089687],[-96.043416,41.089687],[-96.043416,41.089687],[-96.043416,41.089687],[-96.043416,41.089687],[-96.043416,41.089687],[-96.043416,41.089687],[-96.043416,41.089687],[-96.043416,41.089687],[-96.043416,41.089687],[-96.043416,41.089687],[-96.043416,41.089687],[-96.043416,41.089687],[-96.043416,41.089687],[-96.043416,41.089687],[-96.043416,41.089687],[-96.043416,41.089687],[-96.043416,41.089687],[-96.043416,41.089687],[-96.043416,41.089687],[-96.043416,41.089687],[-96.043416,41.089687],[-96.043416,41.089687]],[[-96.043416,41.089687],[-96.043416,41.089687],[-96.043416,41.089687],[-96.043416,41.089687],[-96.043416,41.089687],[-96.043416,41.089687],[-96.043416,41.089687],[-96.043416,41.089687],[-96.043416,41.089687],[-96.043416,41.089687],[-96.043416,41.089687],[-96.043416,41.089687],[-96.043416,41.089687],[-96.043416,41.089687],[-96.043416,41.089687],[-96.043416,41.089687],[-96.043416,41.089687],[-96.043416,41.089687],[-96.043416,41.089687],[-96.043416,41.089687],[-96.043416,41.089687],[-96.043416,41.089687],[-96.043416,41.089687],[-96.043416,41.089687],[-96.043416,41.089687],[-96.043416,41.089687],[-96.043416,41.089687],[-96.043416,41.089687],[-96.043416,41.089687],[-96.043416,41.089687],[-96.043416,41.089687],[-96.043416,41.089687]],[[-96.043411,41.089687],[-96.043411,41.089687],[-96.043411,41.089687],[-96.043411,41.089687],[-96.043411,41.089687],[-96.043411,41.089687],[-96.043411,41.089687],[-96.043411,41.089687],[-96.043411,41.089687],[-96.043411,41.089687],[-96.043411,41.089687],[-96.043411,41.089687],[-96.043411,41.089687],[-96.043411,41.089687],[-96.043411,41.089687],[-96.043411,41.089687],[-96.043411,41.089687],[-96.043411,41.089687],[-96.043411,41.089687],[-96.043411,41.089687],[-96.043411,41.089687],[-96.043411,41.089687],[-96.043411,41.089687],[-96.043411,41.089687],[-96.043411,41.089687],[-96.043411,41.089687],[-96.043411,41.089687],[-96.043411,41.089687],[-96.043411,41.089687],[-96.043411,41.089687],[-96.043411,41.089687],[-96.043411,41.089687],[-96.043411,41.089687],[-96.043411,41.089687],[-96.043411,41.089687],[-96.043411,41.089687],[-96.043411,41.089687],[-96.043411,41.089687],[-96.043411,41.089687],[-96.043411,41.089687],[-96.043411,41.089687],[-96.043411,41.089687],[-96.043411,41.089687],[-96.043411,41.089687],[-96.043411,41.089687],[-96.043411,41.089687],[-96.043411,41.089687],[-96.043411,41.089687]],[[-96.043416,41.089687],[-96.043416,41.089687],[-96.043416,41.089687],[-96.043416,41.089687],[-96.043416,41.089687],[-96.043416,41.089687],[-96.043416,41.089687],[-96.043416,41.089687],[-96.043416,41.089687],[-96.043416,41.089687],[-96.043416,41.089687],[-96.043416,41.089687],[-96.043416,41.089687],[-96.043416,41.089687],[-96.043416,41.089687],[-96.043416,41.089687],[-96.043416,41.089687],[-96.043416,41.089687],[-96.043416,41.089687],[-96.043416,41.089687],[-96.043416,41.089687],[-96.043416,41.089687],[-96.043416,41.089687],[-96.043416,41.089687],[-96.043416,41.089687],[-96.043416,41.089687],[-96.043416,41.089687],[-96.043416,41.089687],[-96.043416,41.089687],[-96.043416,41.089687],[-96.043416,41.089687],[-96.043416,41.089687],[-96.043416,41.089687],[-96.043416,41.089687],[-96.043416,41.089687],[-96.043416,41.089687],[-96.043416,41.089687],[-96.043416,41.089687],[-96.043416,41.089687],[-96.043416,41.089687]],[[-96.043416,41.089687],[-96.043416,41.089687],[-96.043416,41.089687],[-96.043416,41.089687],[-96.043416,41.089687],[-96.043416,41.089687],[-96.043416,41.089687],[-96.043416,41.089687],[-96.043416,41.089687],[-96.043416,41.089687],[-96.043416,41.089687],[-96.043416,41.089687],[-96.043416,41.089687],[-96.043416,41.089687],[-96.043416,41.089687],[-96.043416,41.089687],[-96.043416,41.089687],[-96.043416,41.089687],[-96.043416,41.089687],[-96.043416,41.089687],[-96.043416,41.089687],[-96.043416,41.089687],[-96.043416,41.089687],[-96.043416,41.089687],[-96.043416,41.089687],[-96.043416,41.089687],[-96.043416,41.089687],[-96.043416,41.089687],[-96.043416,41.089687],[-96.043416,41.089687],[-96.043416,41.089687],[-96.043416,41.089687]],[[-96.043411,41.089687],[-96.043411,41.089687],[-96.043411,41.089687],[-96.043411,41.089687],[-96.043411,41.089687],[-96.043411,41.089687],[-96.043411,41.089687],[-96.043411,41.089687],[-96.043411,41.089687],[-96.043411,41.089687],[-96.043411,41.089687],[-96.043411,41.089687],[-96.043411,41.089687],[-96.043411,41.089687],[-96.043411,41.089687],[-96.043411,41.089687],[-96.043411,41.089687],[-96.043411,41.089687],[-96.043411,41.089687],[-96.043411,41.089687],[-96.043411,41.089687],[-96.043411,41.089687],[-96.043411,41.089687],[-96.043411,41.089687],[-96.043411,41.089687],[-96.043411,41.089687],[-96.043411,41.089687],[-96.043411,41.089687],[-96.043411,41.089687],[-96.043411,41.089687],[-96.043411,41.089687],[-96.043411,41.089687]],[[-96.043411,41.089687],[-96.043411,41.089687],[-96.043411,41.089687],[-96.043411,41.089687],[-96.043411,41.089687],[-96.043411,41.089687],[-96.043411,41.089687],[-96.043411,41.089687],[-96.043411,41.089687],[-96.043411,41.089687],[-96.043411,41.089687],[-96.043411,41.089687],[-96.043411,41.089687],[-96.043411,41.089687],[-96.043411,41.089687],[-96.043411,41.089687],[-96.043411,41.089687],[-96.043411,41.089687],[-96.043411,41.089687],[-96.043411,41.089687],[-96.043411,41.089687],[-96.043411,41.089687],[-96.043411,41.089687],[-96.043411,41.089687],[-96.043411,41.089687],[-96.043411,41.089687],[-96.043411,41.089687],[-96.043411,41.089687],[-96.043411,41.089687],[-96.043411,41.089687],[-96.043411,41.089687],[-96.043411,41.089687],[-96.043411,41.089687],[-96.043411,41.089687],[-96.043411,41.089687],[-96.043411,41.089687],[-96.043411,41.089687],[-96.043411,41.089687],[-96.043411,41.089687],[-96.043411,41.089687]],[[-96.043416,41.089687],[-96.043416,41.089687],[-96.043416,41.089687],[-96.043416,41.089687],[-96.043416,41.089687],[-96.043416,41.089687],[-96.043416,41.089687],[-96.043416,41.089687],[-96.043416,41.089687],[-96.043416,41.089687],[-96.043416,41.089687],[-96.043416,41.089687],[-96.043416,41.089687],[-96.043416,41.089687],[-96.043416,41.089687],[-96.043416,41.089687],[-96.043416,41.089687],[-96.043416,41.089687],[-96.043416,41.089687],[-96.043416,41.089687],[-96.043416,41.089687],[-96.043416,41.089687],[-96.043416,41.089687],[-96.043416,41.089687],[-96.043416,41.089687],[-96.043416,41.089687],[-96.043416,41.089687],[-96.043416,41.089687],[-96.043416,41.089687],[-96.043416,41.089687],[-96.043416,41.089687],[-96.043416,41.089687]],[[-96.043416,41.089687],[-96.043416,41.089687],[-96.043416,41.089687],[-96.043416,41.089687],[-96.043416,41.089687],[-96.043416,41.089687],[-96.043416,41.089687],[-96.043416,41.089687],[-96.043416,41.089687],[-96.043416,41.089687],[-96.043416,41.089687],[-96.043416,41.089687],[-96.043416,41.089687],[-96.043416,41.089687],[-96.043416,41.089687],[-96.043416,41.089687],[-96.043416,41.089687],[-96.043416,41.089687],[-96.043416,41.089687],[-96.043416,41.089687],[-96.043416,41.089687],[-96.043416,41.089687],[-96.043416,41.089687],[-96.043416,41.089687],[-96.043416,41.089687],[-96.043416,41.089687],[-96.043416,41.089687],[-96.043416,41.089687],[-96.043416,41.089687],[-96.043416,41.089687],[-96.043416,41.089687],[-96.043416,41.089687],[-96.043416,41.089687],[-96.043416,41.089687],[-96.043416,41.089687],[-96.043416,41.089687],[-96.043416,41.089687],[-96.043416,41.089687],[-96.043416,41.089687],[-96.043416,41.089687]],[[-96.043411,41.089687],[-96.043411,41.089687],[-96.043411,41.089687],[-96.043411,41.089687],[-96.043411,41.089687],[-96.043411,41.089687],[-96.043411,41.089687],[-96.043411,41.089687],[-96.043411,41.089687],[-96.043411,41.089687],[-96.043411,41.089687],[-96.043411,41.089687],[-96.043411,41.089687],[-96.043411,41.089687],[-96.043411,41.089687],[-96.043411,41.089687],[-96.043411,41.089687],[-96.043411,41.089687],[-96.043411,41.089687],[-96.043411,41.089687],[-96.043411,41.089687],[-96.043411,41.089687],[-96.043411,41.089687],[-96.043411,41.089687],[-96.043411,41.089687],[-96.043411,41.089687],[-96.043411,41.089687],[-96.043411,41.089687],[-96.043411,41.089687],[-96.043411,41.089687],[-96.043411,41.089687],[-96.043411,41.089687],[-96.043411,41.089687],[-96.043411,41.089687],[-96.043411,41.089687],[-96.043411,41.089687],[-96.043411,41.089687],[-96.043411,41.089687],[-96.043411,41.089687],[-96.043411,41.089687]],[[-96.043411,41.089687],[-96.043411,41.089687],[-96.043411,41.089687],[-96.043411,41.089687],[-96.043411,41.089687],[-96.043411,41.089687],[-96.043411,41.089687],[-96.043411,41.089687],[-96.043411,41.089687],[-96.043411,41.089687],[-96.043411,41.089687],[-96.043411,41.089687],[-96.043411,41.089687],[-96.043411,41.089687],[-96.043411,41.089687],[-96.043411,41.089687],[-96.043411,41.089687],[-96.043411,41.089687],[-96.043411,41.089687],[-96.043411,41.089687],[-96.043411,41.089687],[-96.043411,41.089687],[-96.043411,41.089687],[-96.043411,41.089687],[-96.043411,41.089687],[-96.043411,41.089687],[-96.043411,41.089687],[-96.043411,41.089687],[-96.043411,41.089687],[-96.043411,41.089687],[-96.043411,41.089687],[-96.043411,41.089687]],[[-96.043416,41.089687],[-96.043416,41.089687],[-96.043416,41.089687],[-96.043416,41.089687],[-96.043416,41.089687],[-96.043416,41.089687],[-96.043416,41.089687],[-96.043416,41.089687],[-96.043416,41.089687],[-96.043416,41.089687],[-96.043416,41.089687],[-96.043416,41.089687],[-96.043416,41.089687],[-96.043416,41.089687],[-96.043416,41.089687],[-96.043416,41.089687],[-96.043416,41.089687],[-96.043416,41.089687],[-96.043416,41.089687],[-96.043416,41.089687],[-96.043416,41.089687],[-96.043416,41.089687],[-96.043416,41.089687],[-96.043416,41.089687],[-96.043416,41.089687],[-96.043416,41.089687],[-96.043416,41.089687],[-96.043416,41.089687],[-96.043416,41.089687],[-96.043416,41.089687],[-96.043416,41.089687],[-96.043416,41.089687],[-96.043416,41.089687],[-96.043416,41.089687],[-96.043416,41.089687],[-96.043416,41.089687],[-96.043416,41.089687],[-96.043416,41.089687],[-96.043416,41.089687],[-96.043416,41.089687],[-96.043416,41.089687],[-96.043416,41.089687],[-96.043416,41.089687],[-96.043416,41.089687],[-96.043416,41.089687],[-96.043416,41.089687],[-96.043416,41.089687],[-96.043416,41.089687]],[[-96.043411,41.089687],[-96.043411,41.089687],[-96.043411,41.089687],[-96.043411,41.089687],[-96.043411,41.089687],[-96.043411,41.089687],[-96.043411,41.089687],[-96.043411,41.089687],[-96.043411,41.089687],[-96.043411,41.089687],[-96.043411,41.089687],[-96.043411,41.089687],[-96.043411,41.089687],[-96.043411,41.089687],[-96.043411,41.089687],[-96.043411,41.089687],[-96.043411,41.089687],[-96.043411,41.089687],[-96.043411,41.089687],[-96.043411,41.089687],[-96.043411,41.089687],[-96.043411,41.089687],[-96.043411,41.089687],[-96.043411,41.089687],[-96.043411,41.089687],[-96.043411,41.089687],[-96.043411,41.089687],[-96.043411,41.089687],[-96.043411,41.089687],[-96.043411,41.089687],[-96.043411,41.089687],[-96.043411,41.089687],[-96.043411,41.089687],[-96.043411,41.089687],[-96.043411,41.089687],[-96.043411,41.089687],[-96.043411,41.089687],[-96.043411,41.089687],[-96.043411,41.089687],[-96.043411,41.089687],[-96.043411,41.089687],[-96.043411,41.089687],[-96.043411,41.089687],[-96.043411,41.089687],[-96.043411,41.089687],[-96.043411,41.089687],[-96.043411,41.089687],[-96.043411,41.089687]],[[-96.043416,41.089687],[-96.043416,41.089687],[-96.043416,41.089687],[-96.043416,41.089687],[-96.043416,41.089687],[-96.043416,41.089687],[-96.043416,41.089687],[-96.043416,41.089687],[-96.043416,41.089687],[-96.043416,41.089687],[-96.043416,41.089687],[-96.043416,41.089687],[-96.043416,41.089687],[-96.043416,41.089687],[-96.043416,41.089687],[-96.043416,41.089687],[-96.043416,41.089687],[-96.043416,41.089687],[-96.043416,41.089686],[-96.043416,41.089686],[-96.043416,41.089686],[-96.043415,41.089686],[-96.043415,41.089686],[-96.043415,41.089686],[-96.043415,41.089686],[-96.043415,41.089686],[-96.043415,41.089686],[-96.043415,41.089686],[-96.043415,41.089686],[-96.043415,41.089686],[-96.043415,41.089686],[-96.043415,41.089686],[-96.043415,41.089686],[-96.043415,41.089686],[-96.043415,41.089686],[-96.043415,41.089686],[-96.043415,41.089686],[-96.043415,41.089686],[-96.043415,41.089686],[-96.043415,41.089686],[-96.043415,41.089686],[-96.043415,41.089686],[-96.043415,41.089686],[-96.043415,41.089686],[-96.043415,41.089686],[-96.043415,41.089686],[-96.043415,41.089686],[-96.043415,41.089686],[-96.043415,41.089686],[-96.043415,41.089686],[-96.043415,41.089686],[-96.043415,41.089686],[-96.043415,41.089686],[-96.043415,41.089686],[-96.043415,41.089686],[-96.043415,41.089686]],[[-96.043415,41.089686],[-96.043415,41.089686],[-96.043415,41.089686],[-96.043415,41.089686],[-96.043415,41.089686],[-96.043415,41.089686],[-96.043415,41.089686],[-96.043415,41.089686],[-96.043415,41.089686],[-96.043415,41.089686],[-96.043415,41.089686],[-96.043415,41.089686],[-96.043415,41.089686],[-96.043415,41.089686],[-96.043415,41.089686],[-96.043415,41.089686],[-96.043415,41.089686],[-96.043415,41.089686],[-96.043415,41.089686],[-96.043415,41.089686],[-96.043415,41.089686],[-96.043415,41.089686],[-96.043415,41.089686],[-96.043415,41.089686],[-96.043415,41.089686],[-96.043415,41.089686],[-96.043415,41.089686],[-96.043415,41.089686],[-96.043415,41.089686],[-96.043415,41.089686],[-96.043415,41.089686],[-96.043415,41.089686]],[[-96.043411,41.089686],[-96.043411,41.089686],[-96.043411,41.089686],[-96.043411,41.089686],[-96.043411,41.089686],[-96.043411,41.089686],[-96.043411,41.089686],[-96.043411,41.089686],[-96.043411,41.089686],[-96.043411,41.089686],[-96.043411,41.089686],[-96.043411,41.089686],[-96.043411,41.089686],[-96.043411,41.089686],[-96.043411,41.089686],[-96.043411,41.089686],[-96.043411,41.089686],[-96.043411,41.089686],[-96.043411,41.089686],[-96.043411,41.089686],[-96.043411,41.089686],[-96.043411,41.089686],[-96.043411,41.089686],[-96.043411,41.089686],[-96.043411,41.089686],[-96.043411,41.089686],[-96.043411,41.089686],[-96.043411,41.089686],[-96.043411,41.089686],[-96.043411,41.089686],[-96.043411,41.089686],[-96.043411,41.089686],[-96.043411,41.089686],[-96.043411,41.089686],[-96.043411,41.089686],[-96.043411,41.089686],[-96.043411,41.089686],[-96.043411,41.089686],[-96.043411,41.089686],[-96.043411,41.089686]],[[-96.043411,41.089686],[-96.043411,41.089686],[-96.043411,41.089686],[-96.043411,41.089686],[-96.043411,41.089686],[-96.043411,41.089686],[-96.043411,41.089686],[-96.043411,41.089686],[-96.043411,41.089686],[-96.043411,41.089686],[-96.043411,41.089686],[-96.043411,41.089686],[-96.043411,41.089686],[-96.043411,41.089686],[-96.043411,41.089686],[-96.043411,41.089686],[-96.043411,41.089686],[-96.043411,41.089686],[-96.043411,41.089686],[-96.043411,41.089686],[-96.043411,41.089686],[-96.043411,41.089686],[-96.043411,41.089686],[-96.043411,41.089686],[-96.043411,41.089686],[-96.043411,41.089686],[-96.043411,41.089686],[-96.043411,41.089686],[-96.043411,41.089686],[-96.043411,41.089686],[-96.043411,41.089686],[-96.043411,41.089686],[-96.043411,41.089686],[-96.043411,41.089686],[-96.043411,41.089686],[-96.043411,41.089686],[-96.043411,41.089686],[-96.043411,41.089686],[-96.043411,41.089686],[-96.043411,41.089687],[-96.043411,41.089687],[-96.043411,41.089687],[-96.043411,41.089687],[-96.043411,41.089687],[-96.043411,41.089687],[-96.043411,41.089687],[-96.043411,41.089687],[-96.043411,41.089687],[-96.043411,41.089687],[-96.043411,41.089687],[-96.043411,41.089687],[-96.043411,41.089687],[-96.043411,41.089687],[-96.043411,41.089687],[-96.043411,41.089687],[-96.043411,41.089687]],[[-96.043411,41.089687],[-96.043411,41.089687],[-96.043411,41.089687],[-96.043411,41.089687],[-96.043411,41.089687],[-96.043411,41.089687],[-96.043411,41.089687],[-96.043411,41.089687],[-96.043411,41.089687],[-96.043411,41.089687],[-96.043411,41.089687],[-96.043411,41.089687],[-96.043411,41.089687],[-96.043411,41.089687],[-96.043411,41.089687],[-96.043411,41.089687],[-96.043411,41.089687],[-96.043411,41.089687],[-96.043411,41.089687],[-96.043411,41.089687],[-96.043411,41.089687],[-96.043411,41.089686],[-96.043411,41.089686],[-96.043411,41.089686],[-96.043411,41.089686],[-96.043411,41.089686],[-96.043411,41.089686],[-96.043411,41.089686],[-96.043411,41.089686],[-96.043411,41.089686],[-96.043411,41.089686],[-96.043411,41.089686],[-96.043411,41.089686],[-96.043411,41.089686],[-96.043411,41.089686],[-96.043411,41.089686],[-96.043411,41.089686],[-96.043411,41.089686],[-96.043411,41.089686],[-96.043411,41.089686]],[[-96.043411,41.089686],[-96.043411,41.089686],[-96.043411,41.089686],[-96.043411,41.089686],[-96.043411,41.089686],[-96.043411,41.089686],[-96.043411,41.089686],[-96.043411,41.089686],[-96.043411,41.089686],[-96.043411,41.089686],[-96.043411,41.089686],[-96.043411,41.089686],[-96.043411,41.089686],[-96.043411,41.089686],[-96.043411,41.089686],[-96.043411,41.089686],[-96.043411,41.089686],[-96.043411,41.089686],[-96.043411,41.089686],[-96.043411,41.089686],[-96.043411,41.089686],[-96.043411,41.089686],[-96.043411,41.089686],[-96.043411,41.089686],[-96.043411,41.089686],[-96.043411,41.089686],[-96.043411,41.089686],[-96.043411,41.089686],[-96.043411,41.089686],[-96.043411,41.089686],[-96.043411,41.089686],[-96.043411,41.089686],[-96.043411,41.089686],[-96.043411,41.089686],[-96.043411,41.089686],[-96.043411,41.089686],[-96.043411,41.089686],[-96.043411,41.089686],[-96.043411,41.089686],[-96.043411,41.089686],[-96.043411,41.089686],[-96.043411,41.089686],[-96.043411,41.089686],[-96.043411,41.089686],[-96.043411,41.089686],[-96.043411,41.089686],[-96.043411,41.089686],[-96.043411,41.089686]],[[-96.043411,41.089686],[-96.043411,41.089686],[-96.043411,41.089686],[-96.043411,41.089686],[-96.043411,41.089686],[-96.043411,41.089686],[-96.043411,41.089686],[-96.043411,41.089686],[-96.043411,41.089686],[-96.043411,41.089686],[-96.043411,41.089686],[-96.043411,41.089686],[-96.043411,41.089686],[-96.043411,41.089686],[-96.043411,41.089686],[-96.043411,41.089686],[-96.043411,41.089686],[-96.043411,41.089686],[-96.043411,41.089686],[-96.043411,41.089686],[-96.043411,41.089686],[-96.043411,41.089686],[-96.043411,41.089686],[-96.043411,41.089686],[-96.043411,41.089686],[-96.043411,41.089686],[-96.043411,41.089686],[-96.043411,41.089686],[-96.043411,41.089686],[-96.043411,41.089686],[-96.043411,41.089686],[-96.043411,41.089686]],[[-96.043411,41.089686],[-96.043411,41.089686],[-96.043411,41.089686],[-96.043411,41.089686],[-96.043411,41.089686],[-96.043411,41.089686],[-96.043411,41.089686],[-96.043411,41.089686],[-96.043411,41.089686],[-96.043411,41.089686],[-96.043411,41.089686],[-96.043411,41.089686],[-96.043411,41.089686],[-96.043411,41.089686],[-96.043411,41.089686],[-96.043411,41.089686],[-96.043411,41.089686],[-96.043411,41.089686],[-96.043411,41.089686],[-96.043411,41.089686],[-96.043411,41.089686],[-96.043411,41.089686],[-96.043411,41.089686],[-96.043411,41.089686],[-96.043411,41.089686],[-96.043411,41.089686],[-96.043411,41.089686],[-96.043411,41.089686],[-96.043411,41.089686],[-96.043411,41.089686],[-96.043411,41.089686],[-96.043411,41.089686],[-96.043411,41.089686],[-96.043411,41.089686],[-96.043411,41.089686],[-96.043411,41.089686],[-96.043411,41.089686],[-96.043411,41.089686],[-96.043411,41.089686],[-96.043411,41.089686]],[[-96.043415,41.089686],[-96.043415,41.089686],[-96.043415,41.089686],[-96.043415,41.089686],[-96.043415,41.089686],[-96.043415,41.089686],[-96.043415,41.089686],[-96.043415,41.089686],[-96.043415,41.089686],[-96.043415,41.089686],[-96.043415,41.089686],[-96.043415,41.089686],[-96.043415,41.089686],[-96.043415,41.089686],[-96.043415,41.089686],[-96.043415,41.089686],[-96.043415,41.089686],[-96.043415,41.089686],[-96.043415,41.089686],[-96.043415,41.089686],[-96.043415,41.089686],[-96.043415,41.089686],[-96.043415,41.089686],[-96.043415,41.089686],[-96.043415,41.089686],[-96.043415,41.089686],[-96.043415,41.089686],[-96.043415,41.089686],[-96.043415,41.089686],[-96.043415,41.089686],[-96.043415,41.089686],[-96.043415,41.089686],[-96.043415,41.089686],[-96.043415,41.089686],[-96.043415,41.089686],[-96.043415,41.089686],[-96.043415,41.089686],[-96.043415,41.089686],[-96.043415,41.089686],[-96.043415,41.089686]],[[-96.043415,41.089686],[-96.043415,41.089686],[-96.043415,41.089686],[-96.043415,41.089686],[-96.043415,41.089686],[-96.043415,41.089686],[-96.043415,41.089686],[-96.043415,41.089686],[-96.043415,41.089686],[-96.043415,41.089686],[-96.043415,41.089686],[-96.043415,41.089686],[-96.043415,41.089686],[-96.043415,41.089686],[-96.043415,41.089686],[-96.043415,41.089686],[-96.043415,41.089686],[-96.043415,41.089686],[-96.043415,41.089686],[-96.043415,41.089686],[-96.043415,41.089686],[-96.043415,41.089686],[-96.043415,41.089686],[-96.043415,41.089686],[-96.043415,41.089686],[-96.043415,41.089686],[-96.043415,41.089686],[-96.043415,41.089686],[-96.043415,41.089686],[-96.043415,41.089686],[-96.043415,41.089686],[-96.043415,41.089686],[-96.043415,41.089686],[-96.043415,41.089686],[-96.043415,41.089686],[-96.043416,41.089686],[-96.043416,41.089686],[-96.043416,41.089686],[-96.043416,41.089686],[-96.043416,41.089686],[-96.043416,41.089686],[-96.043416,41.089686],[-96.043416,41.089686],[-96.043416,41.089687],[-96.043416,41.089687],[-96.043416,41.089687],[-96.043416,41.089687],[-96.043416,41.089687],[-96.043416,41.089687],[-96.043416,41.089687],[-96.043416,41.089687],[-96.043416,41.089687],[-96.043416,41.089687],[-96.043416,41.089687],[-96.043416,41.089687],[-96.043416,41.089687]],[[-96.043411,41.089687],[-96.043411,41.089687],[-96.043412,41.089687],[-96.043413,41.089687],[-96.043413,41.089687],[-96.043414,41.089687],[-96.043415,41.089687],[-96.043415,41.089687],[-96.043416,41.089687]],[[-96.043415,41.089686],[-96.043415,41.089686],[-96.043414,41.089686],[-96.043413,41.089686],[-96.043412,41.089686],[-96.043412,41.089686],[-96.043411,41.089686]],[[-96.043415,41.089686],[-96.043415,41.089686],[-96.043414,41.089686],[-96.043413,41.089686],[-96.043412,41.089686],[-96.043411,41.089686],[-96.043411,41.089686]],[[-96.043416,41.089687],[-96.043416,41.089687]],[[-96.043411,41.089687],[-96.043411,41.089687]],[[-96.043415,41.089686],[-96.043415,41.089686],[-96.043415,41.089686],[-96.043415,41.089686],[-96.043415,41.089686],[-96.043415,41.089686],[-96.043415,41.089686],[-96.043415,41.089686],[-96.043415,41.089686],[-96.043415,41.089686],[-96.043415,41.089686],[-96.043415,41.089686],[-96.043415,41.089686],[-96.043415,41.089686],[-96.043415,41.089686],[-96.043415,41.089686],[-96.043415,41.089686],[-96.043415,41.089686],[-96.043415,41.089686],[-96.043415,41.089686],[-96.043415,41.089686],[-96.043415,41.089686],[-96.043415,41.089686],[-96.043415,41.089686],[-96.043415,41.089686],[-96.043415,41.089686],[-96.043415,41.089686],[-96.043415,41.089686],[-96.043415,41.089686],[-96.043415,41.089686],[-96.043415,41.089686],[-96.043415,41.089686],[-96.043415,41.089686],[-96.043415,41.089686],[-96.043415,41.089686],[-96.043415,41.089686],[-96.043415,41.089686],[-96.043415,41.089686],[-96.043415,41.089686],[-96.043415,41.089686],[-96.043415,41.089686],[-96.043415,41.089686],[-96.043415,41.089686],[-96.043415,41.089686],[-96.043415,41.089686],[-96.043415,41.089686],[-96.043415,41.089686],[-96.043415,41.089686]],[[-96.043411,41.089686],[-96.043411,41.089686],[-96.043411,41.089686],[-96.043411,41.089686],[-96.043411,41.089686],[-96.043411,41.089686],[-96.043411,41.089686],[-96.043411,41.089686],[-96.043411,41.089686],[-96.043411,41.089686],[-96.043411,41.089686],[-96.043411,41.089686],[-96.043411,41.089686],[-96.043411,41.089686],[-96.043411,41.089686],[-96.043411,41.089686],[-96.043411,41.089686],[-96.043411,41.089686],[-96.043411,41.089686],[-96.043411,41.089686],[-96.043411,41.089686],[-96.043411,41.089686],[-96.043411,41.089686],[-96.043411,41.089686],[-96.043411,41.089686],[-96.043411,41.089686],[-96.043411,41.089686],[-96.043411,41.089686],[-96.043411,41.089686],[-96.043411,41.089686],[-96.043411,41.089686],[-96.043411,41.089686],[-96.043411,41.089686],[-96.043411,41.089686],[-96.043411,41.089686],[-96.043411,41.089686],[-96.043411,41.089686],[-96.043411,41.089686],[-96.043411,41.089686],[-96.043411,41.089686]],[[-96.043411,41.089686],[-96.043411,41.089686],[-96.043411,41.089686],[-96.043411,41.089686],[-96.043411,41.089686],[-96.043411,41.089686],[-96.043411,41.089686],[-96.043411,41.089686],[-96.043411,41.089686],[-96.043411,41.089686],[-96.043411,41.089686],[-96.043411,41.089686],[-96.043411,41.089686],[-96.043411,41.089686],[-96.043411,41.089686],[-96.043411,41.089686],[-96.043411,41.089686],[-96.043411,41.089686],[-96.043411,41.089686],[-96.043411,41.089686],[-96.043411,41.089686],[-96.043411,41.089686],[-96.043411,41.089686],[-96.043411,41.089686],[-96.043411,41.089686],[-96.043411,41.089686],[-96.043411,41.089686],[-96.043411,41.089686],[-96.043411,41.089686],[-96.043411,41.089686],[-96.043411,41.089686],[-96.043411,41.089686],[-96.043411,41.089686],[-96.043411,41.089686],[-96.043411,41.089686],[-96.043411,41.089686],[-96.043411,41.089686],[-96.043411,41.089686],[-96.043411,41.089686],[-96.043411,41.089686]],[[-96.043411,41.089686],[-96.043411,41.089686],[-96.043411,41.089686],[-96.043411,41.089686],[-96.043411,41.089686],[-96.043411,41.089686],[-96.043411,41.089686],[-96.043411,41.089686],[-96.043411,41.089686],[-96.043411,41.089686],[-96.043411,41.089686],[-96.043411,41.089686],[-96.043411,41.089686],[-96.043411,41.089686],[-96.043411,41.089686],[-96.043411,41.089686],[-96.043411,41.089686],[-96.043411,41.089686],[-96.043411,41.089686],[-96.043411,41.089686],[-96.043411,41.089686],[-96.043411,41.089686],[-96.043411,41.089686],[-96.043411,41.089686],[-96.043411,41.089686],[-96.043411,41.089686],[-96.043411,41.089686],[-96.043411,41.089686],[-96.043411,41.089686],[-96.043411,41.089686],[-96.043411,41.089686],[-96.043411,41.089686]],[[-96.043415,41.089686],[-96.043415,41.089686],[-96.043415,41.089686],[-96.043415,41.089686],[-96.043415,41.089686],[-96.043415,41.089686],[-96.043415,41.089686],[-96.043415,41.089686],[-96.043415,41.089686],[-96.043415,41.089686],[-96.043415,41.089686],[-96.043415,41.089686],[-96.043415,41.089686],[-96.043415,41.089686],[-96.043415,41.089686],[-96.043415,41.089686],[-96.043415,41.089686],[-96.043415,41.089686],[-96.043415,41.089686],[-96.043415,41.089686],[-96.043415,41.089686],[-96.043415,41.089686],[-96.043415,41.089686],[-96.043415,41.089686],[-96.043415,41.089686],[-96.043415,41.089686],[-96.043415,41.089686],[-96.043415,41.089686],[-96.043415,41.089686],[-96.043415,41.089686],[-96.043415,41.089686],[-96.043415,41.089686],[-96.043415,41.089686],[-96.043415,41.089686],[-96.043415,41.089686],[-96.043415,41.089686],[-96.043415,41.089686],[-96.043415,41.089686],[-96.043415,41.089686],[-96.043415,41.089686]],[[-96.043411,41.089686],[-96.043411,41.089686],[-96.043411,41.089686],[-96.043411,41.089686],[-96.043411,41.089686],[-96.043411,41.089686],[-96.043411,41.089686],[-96.043411,41.089686],[-96.043411,41.089686],[-96.043411,41.089686],[-96.043411,41.089686],[-96.043411,41.089686],[-96.043411,41.089686],[-96.043411,41.089686],[-96.043411,41.089686],[-96.043411,41.089686],[-96.043411,41.089686],[-96.043411,41.089686],[-96.043411,41.089686],[-96.043411,41.089686],[-96.043411,41.089686],[-96.043411,41.089686],[-96.043411,41.089686],[-96.043411,41.089686],[-96.043411,41.089686],[-96.043411,41.089686],[-96.043411,41.089686],[-96.043411,41.089686],[-96.043411,41.089686],[-96.043411,41.089686],[-96.043411,41.089686],[-96.043411,41.089686],[-96.043411,41.089686],[-96.043411,41.089686],[-96.043411,41.089686],[-96.043411,41.089686],[-96.043411,41.089686],[-96.043411,41.089686],[-96.043411,41.089686],[-96.043411,41.089686]],[[-96.043415,41.089686],[-96.043415,41.089686]],[[-96.043411,41.089686],[-96.043411,41.089686]],[[-96.043415,41.089686],[-96.043415,41.089686]],[[-96.043411,41.089686],[-96.043411,41.089686]],[[-96.043415,41.089686],[-96.043415,41.089686],[-96.043415,41.089686],[-96.043415,41.089686],[-96.043415,41.089686],[-96.043415,41.089686],[-96.043415,41.089686],[-96.043415,41.089686],[-96.043415,41.089686],[-96.043415,41.089686],[-96.043415,41.089686],[-96.043415,41.089686],[-96.043415,41.089686],[-96.043415,41.089686],[-96.043415,41.089686],[-96.043415,41.089686],[-96.043415,41.089686],[-96.043415,41.089686],[-96.043415,41.089686],[-96.043415,41.089686],[-96.043415,41.089686],[-96.043415,41.089686],[-96.043415,41.089686],[-96.043415,41.089686],[-96.043415,41.089686],[-96.043415,41.089686],[-96.043415,41.089686],[-96.043415,41.089686],[-96.043415,41.089686],[-96.043415,41.089686],[-96.043415,41.089686],[-96.043415,41.089686],[-96.043415,41.089686],[-96.043415,41.089686],[-96.043415,41.089686],[-96.043415,41.089686],[-96.043415,41.089686],[-96.043415,41.089686],[-96.043415,41.089686],[-96.043415,41.089686],[-96.043415,41.089686],[-96.043415,41.089686],[-96.043415,41.089686],[-96.043415,41.089686],[-96.043415,41.089686],[-96.043415,41.089686],[-96.043415,41.089686],[-96.043416,41.089686],[-96.043416,41.089686],[-96.043416,41.089686],[-96.043416,41.089686],[-96.043416,41.089686],[-96.043416,41.089686],[-96.043416,41.089686],[-96.043416,41.089686],[-96.043416,41.089686],[-96.043416,41.089686],[-96.043416,41.089686],[-96.043416,41.089686],[-96.043416,41.089686],[-96.043416,41.089686],[-96.043416,41.089686],[-96.043416,41.089686],[-96.043416,41.089686],[-96.043416,41.089686],[-96.043416,41.089686],[-96.043416,41.089686],[-96.043416,41.089686],[-96.043416,41.089686],[-96.043416,41.089686],[-96.043416,41.089686],[-96.043416,41.089686]],[[-96.043411,41.089686],[-96.043411,41.089686],[-96.043411,41.089686],[-96.043411,41.089686],[-96.043411,41.089686],[-96.043411,41.089686],[-96.043411,41.089686],[-96.043411,41.089686],[-96.043411,41.089686],[-96.043411,41.089686],[-96.043411,41.089686],[-96.043411,41.089686],[-96.043411,41.089686],[-96.043411,41.089686],[-96.043411,41.089686],[-96.043411,41.089686],[-96.043411,41.089686],[-96.043411,41.089686],[-96.043411,41.089686],[-96.043411,41.089686],[-96.043411,41.089686],[-96.043411,41.089686],[-96.043411,41.089686],[-96.043411,41.089686],[-96.043411,41.089686],[-96.043411,41.089686],[-96.043411,41.089686],[-96.043411,41.089686],[-96.043411,41.089686],[-96.043411,41.089686],[-96.043411,41.089686],[-96.043411,41.089686],[-96.043411,41.089686],[-96.043411,41.089686],[-96.043411,41.089686],[-96.043411,41.089686],[-96.043411,41.089686],[-96.043411,41.089686],[-96.043411,41.089686],[-96.043411,41.089686],[-96.043411,41.089686],[-96.043411,41.089686],[-96.043411,41.089686],[-96.043411,41.089686],[-96.043411,41.089686],[-96.043411,41.089686],[-96.043411,41.089686],[-96.043411,41.089686],[-96.043411,41.089686],[-96.043411,41.089686],[-96.043411,41.089686],[-96.043411,41.089686],[-96.043411,41.089686],[-96.043411,41.089686],[-96.043411,41.089686],[-96.043411,41.089686],[-96.043411,41.089686],[-96.043411,41.089686],[-96.043411,41.089686],[-96.043411,41.089686],[-96.043411,41.089686],[-96.043411,41.089686],[-96.043411,41.089686],[-96.043411,41.089686],[-96.043411,41.089686],[-96.043411,41.089686],[-96.043411,41.089686],[-96.043411,41.089686],[-96.043411,41.089686],[-96.043411,41.089686],[-96.043411,41.089686],[-96.043411,41.089686]],[[-96.043411,41.089686],[-96.043411,41.089686],[-96.043411,41.089686],[-96.043411,41.089686],[-96.043411,41.089686],[-96.043411,41.089686],[-96.043411,41.089686],[-96.043411,41.089686],[-96.043411,41.089686],[-96.043411,41.089686],[-96.043411,41.089686],[-96.043411,41.089686],[-96.043411,41.089686],[-96.043411,41.089686],[-96.043411,41.089686],[-96.043411,41.089686],[-96.043411,41.089686],[-96.043411,41.089686],[-96.043411,41.089686],[-96.043411,41.089686],[-96.043411,41.089686],[-96.043411,41.089686],[-96.043411,41.089686],[-96.043411,41.089686],[-96.043411,41.089686],[-96.043411,41.089686],[-96.043411,41.089686],[-96.043411,41.089686],[-96.043411,41.089686],[-96.043411,41.089686],[-96.043411,41.089686],[-96.043411,41.089686],[-96.043411,41.089686],[-96.043411,41.089686],[-96.043411,41.089686],[-96.043411,41.089686],[-96.043411,41.089686],[-96.043411,41.089686],[-96.043411,41.089686],[-96.043411,41.089686]],[[-96.043415,41.089686],[-96.043416,41.089686]],[[-96.043411,41.089686],[-96.043411,41.089686]],[[-96.043416,41.089686],[-96.043416,41.089686],[-96.043416,41.089686],[-96.043416,41.089686],[-96.043416,41.089686],[-96.043416,41.089686],[-96.043416,41.089686],[-96.043416,41.089686],[-96.043416,41.089686],[-96.043416,41.089686],[-96.043416,41.089686],[-96.043416,41.089686],[-96.043416,41.089686],[-96.043416,41.089686],[-96.043416,41.089686],[-96.043416,41.089686],[-96.043416,41.089686],[-96.043416,41.089686],[-96.043416,41.089686],[-96.043416,41.089686],[-96.043416,41.089686],[-96.043416,41.089686],[-96.043416,41.089686],[-96.043416,41.089686],[-96.043416,41.089686],[-96.043416,41.089686],[-96.043416,41.089686],[-96.043416,41.089686],[-96.043416,41.089686],[-96.043416,41.089686],[-96.043416,41.089686],[-96.043416,41.089686],[-96.043416,41.089686],[-96.043416,41.089686],[-96.043416,41.089686],[-96.043416,41.089686],[-96.043415,41.089686],[-96.043415,41.089686],[-96.043415,41.089686],[-96.043415,41.089686]],[[-96.043415,41.089686],[-96.043415,41.089686],[-96.043415,41.089686],[-96.043415,41.089686],[-96.043415,41.089686],[-96.043415,41.089686],[-96.043415,41.089686],[-96.043415,41.089686],[-96.043415,41.089686],[-96.043415,41.089686],[-96.043415,41.089686],[-96.043415,41.089686],[-96.043415,41.089686],[-96.043415,41.089686],[-96.043415,41.089686],[-96.043415,41.089686],[-96.043415,41.089686],[-96.043415,41.089686],[-96.043415,41.089686],[-96.043415,41.089686],[-96.043415,41.089686],[-96.043415,41.089686],[-96.043415,41.089686],[-96.043415,41.089686],[-96.043415,41.089686],[-96.043415,41.089686],[-96.043415,41.089686],[-96.043415,41.089686],[-96.043415,41.089686],[-96.043415,41.089686],[-96.043415,41.089686],[-96.043415,41.089686],[-96.043415,41.089686],[-96.043415,41.089686],[-96.043415,41.089686],[-96.043415,41.089686],[-96.043415,41.089686],[-96.043415,41.089686],[-96.043416,41.089686],[-96.043416,41.089687],[-96.043416,41.089687],[-96.043416,41.089687],[-96.043416,41.089687],[-96.043416,41.089687],[-96.043416,41.089687],[-96.043416,41.089687],[-96.043416,41.089687],[-96.043416,41.089687],[-96.043416,41.089687],[-96.043416,41.089687],[-96.043416,41.089687],[-96.043416,41.089687],[-96.043416,41.089687],[-96.043416,41.089687],[-96.043416,41.089687],[-96.043416,41.089687]],[[-96.043411,41.089687],[-96.043411,41.089687],[-96.043411,41.089687],[-96.043411,41.089687],[-96.043411,41.089687],[-96.043411,41.089687],[-96.043411,41.089687],[-96.043411,41.089687],[-96.043411,41.089687],[-96.043411,41.089687],[-96.043411,41.089687],[-96.043411,41.089687],[-96.043411,41.089687],[-96.043411,41.089687],[-96.043411,41.089687],[-96.043411,41.089687],[-96.043411,41.089687],[-96.043411,41.089686],[-96.043411,41.089686],[-96.043411,41.089686],[-96.043411,41.089686],[-96.043411,41.089686],[-96.043411,41.089686],[-96.043411,41.089686],[-96.043411,41.089686],[-96.043411,41.089686],[-96.043411,41.089686],[-96.043411,41.089686],[-96.043411,41.089686],[-96.043411,41.089686],[-96.043411,41.089686],[-96.043411,41.089686],[-96.043411,41.089686],[-96.043411,41.089686],[-96.043411,41.089686],[-96.043411,41.089686],[-96.043411,41.089686],[-96.043411,41.089686],[-96.043411,41.089686],[-96.043411,41.089686],[-96.043411,41.089686],[-96.043411,41.089686],[-96.043411,41.089686],[-96.043411,41.089686],[-96.043411,41.089686],[-96.043411,41.089686],[-96.043411,41.089686],[-96.043411,41.089686],[-96.043411,41.089686],[-96.043411,41.089686],[-96.043411,41.089686],[-96.043411,41.089686],[-96.043411,41.089686],[-96.043411,41.089686],[-96.043411,41.089686],[-96.043411,41.089686]],[[-96.043416,41.089687],[-96.043416,41.089687],[-96.043416,41.089687],[-96.043416,41.089687],[-96.043416,41.089687],[-96.043416,41.089687],[-96.043416,41.089687],[-96.043416,41.089687],[-96.043416,41.089687],[-96.043416,41.089687],[-96.043416,41.089687],[-96.043416,41.089687],[-96.043416,41.089687],[-96.043416,41.089687],[-96.043416,41.089687],[-96.043416,41.089687],[-96.043416,41.089687],[-96.043416,41.089687],[-96.043416,41.089687],[-96.043416,41.089687],[-96.043416,41.089687],[-96.043416,41.089687],[-96.043416,41.089687],[-96.043416,41.089687],[-96.043416,41.089687],[-96.043416,41.089687],[-96.043416,41.089687],[-96.043416,41.089687],[-96.043416,41.089687],[-96.043416,41.089687],[-96.043416,41.089687],[-96.043416,41.089687],[-96.043416,41.089687],[-96.043416,41.089687],[-96.043416,41.089687],[-96.043416,41.089687],[-96.043416,41.089687],[-96.043416,41.089687],[-96.043416,41.089687],[-96.043416,41.089687],[-96.043416,41.089687],[-96.043416,41.089687],[-96.043416,41.089687],[-96.043416,41.089687],[-96.043416,41.089687],[-96.043416,41.089687],[-96.043416,41.089687],[-96.043416,41.089687]],[[-96.043411,41.089687],[-96.043411,41.089687],[-96.043411,41.089687],[-96.043411,41.089687],[-96.043411,41.089687],[-96.043411,41.089687],[-96.043411,41.089687],[-96.043411,41.089687],[-96.043411,41.089687],[-96.043411,41.089687],[-96.043411,41.089687],[-96.043411,41.089687],[-96.043411,41.089687],[-96.043411,41.089687],[-96.043411,41.089687],[-96.043411,41.089687],[-96.043411,41.089687],[-96.043411,41.089687],[-96.043411,41.089687],[-96.043411,41.089687],[-96.043411,41.089687],[-96.043411,41.089687],[-96.043411,41.089687],[-96.043411,41.089687],[-96.043411,41.089687],[-96.043411,41.089687],[-96.043411,41.089687],[-96.043411,41.089687],[-96.043411,41.089687],[-96.043411,41.089687],[-96.043411,41.089687],[-96.043411,41.089687],[-96.043411,41.089687],[-96.043411,41.089687],[-96.043411,41.089687],[-96.043411,41.089687],[-96.043411,41.089687],[-96.043411,41.089687],[-96.043411,41.089687],[-96.043411,41.089687],[-96.043411,41.089687],[-96.043411,41.089687],[-96.043411,41.089687],[-96.043411,41.089687],[-96.043411,41.089687],[-96.043411,41.089687],[-96.043411,41.089687],[-96.043411,41.089687]],[[-96.043416,41.089687],[-96.043416,41.089687],[-96.043416,41.089687],[-96.043416,41.089687],[-96.043416,41.089687],[-96.043416,41.089687],[-96.043416,41.089687],[-96.043416,41.089687],[-96.043416,41.089687],[-96.043416,41.089687],[-96.043416,41.089687],[-96.043416,41.089687],[-96.043416,41.089687],[-96.043416,41.089687],[-96.043416,41.089687],[-96.043416,41.089687],[-96.043416,41.089687],[-96.043416,41.089687],[-96.043416,41.089687],[-96.043416,41.089687],[-96.043416,41.089687],[-96.043416,41.089687],[-96.043416,41.089687],[-96.043416,41.089687],[-96.043416,41.089687],[-96.043416,41.089687],[-96.043416,41.089687],[-96.043416,41.089687],[-96.043416,41.089687],[-96.043416,41.089687],[-96.043416,41.089687],[-96.043416,41.089687],[-96.043416,41.089687],[-96.043416,41.089687],[-96.043416,41.089687],[-96.043416,41.089687],[-96.043416,41.089687],[-96.043416,41.089687],[-96.043416,41.089687],[-96.043416,41.089687]],[[-96.043416,41.089687],[-96.043416,41.089687],[-96.043416,41.089687],[-96.043416,41.089687],[-96.043416,41.089687],[-96.043416,41.089687],[-96.043416,41.089687],[-96.043416,41.089687],[-96.043416,41.089687],[-96.043416,41.089687],[-96.043416,41.089687],[-96.043416,41.089687],[-96.043416,41.089687],[-96.043416,41.089687],[-96.043416,41.089687],[-96.043416,41.089687],[-96.043416,41.089687],[-96.043416,41.089687],[-96.043416,41.089687],[-96.043416,41.089687],[-96.043416,41.089687],[-96.043416,41.089687],[-96.043416,41.089687],[-96.043416,41.089687],[-96.043416,41.089687],[-96.043416,41.089687],[-96.043416,41.089687],[-96.043416,41.089687],[-96.043416,41.089687],[-96.043416,41.089687],[-96.043416,41.089687],[-96.043416,41.089687]],[[-96.043411,41.089687],[-96.043411,41.089687],[-96.043411,41.089687],[-96.043411,41.089687],[-96.043411,41.089687],[-96.043411,41.089687],[-96.043411,41.089687],[-96.043411,41.089687],[-96.043411,41.089687],[-96.043411,41.089687],[-96.043411,41.089687],[-96.043411,41.089687],[-96.043411,41.089687],[-96.043411,41.089687],[-96.043411,41.089687],[-96.043411,41.089687],[-96.043411,41.089687],[-96.043411,41.089687],[-96.043411,41.089687],[-96.043411,41.089687],[-96.043411,41.089687],[-96.043411,41.089687],[-96.043411,41.089687],[-96.043411,41.089687],[-96.043411,41.089687],[-96.043411,41.089687],[-96.043411,41.089687],[-96.043411,41.089687],[-96.043411,41.089687],[-96.043411,41.089687],[-96.043411,41.089687],[-96.043411,41.089687]],[[-96.043411,41.089687],[-96.043411,41.089687],[-96.043411,41.089687],[-96.043411,41.089687],[-96.043411,41.089687],[-96.043411,41.089687],[-96.043411,41.089687],[-96.043411,41.089687],[-96.043411,41.089687],[-96.043411,41.089687],[-96.043411,41.089687],[-96.043411,41.089687],[-96.043411,41.089687],[-96.043411,41.089687],[-96.043411,41.089687],[-96.043411,41.089687],[-96.043411,41.089687],[-96.043411,41.089687],[-96.043411,41.089687],[-96.043411,41.089687],[-96.043411,41.089687],[-96.043411,41.089687],[-96.043411,41.089687],[-96.043411,41.089687],[-96.043411,41.089687],[-96.043411,41.089687],[-96.043411,41.089687],[-96.043411,41.089687],[-96.043411,41.089687],[-96.043411,41.089687],[-96.043411,41.089687],[-96.043411,41.089687],[-96.043411,41.089687],[-96.043411,41.089687],[-96.043411,41.089687],[-96.043411,41.089687],[-96.043411,41.089687],[-96.043411,41.089687],[-96.043411,41.089687],[-96.043411,41.089687]],[[-96.043416,41.089687],[-96.043416,41.089687],[-96.043416,41.089687],[-96.043416,41.089687],[-96.043416,41.089687],[-96.043416,41.089687],[-96.043416,41.089687],[-96.043416,41.089687],[-96.043416,41.089687],[-96.043416,41.089687],[-96.043416,41.089687],[-96.043416,41.089687],[-96.043416,41.089687],[-96.043416,41.089687],[-96.043416,41.089687],[-96.043416,41.089687],[-96.043416,41.089687],[-96.043416,41.089687],[-96.043416,41.089687],[-96.043416,41.089687],[-96.043416,41.089687],[-96.043416,41.089687],[-96.043416,41.089687],[-96.043416,41.089687],[-96.043416,41.089687],[-96.043416,41.089687],[-96.043416,41.089687],[-96.043416,41.089687],[-96.043416,41.089687],[-96.043416,41.089687],[-96.043416,41.089687],[-96.043416,41.089687]],[[-96.043416,41.089687],[-96.043416,41.089687],[-96.043416,41.089687],[-96.043416,41.089687],[-96.043416,41.089687],[-96.043416,41.089687],[-96.043416,41.089687],[-96.043416,41.089687],[-96.043416,41.089687],[-96.043416,41.089687],[-96.043416,41.089687],[-96.043416,41.089687],[-96.043416,41.089687],[-96.043416,41.089687],[-96.043416,41.089687],[-96.043416,41.089687],[-96.043416,41.089687],[-96.043416,41.089687],[-96.043416,41.089687],[-96.043416,41.089687],[-96.043416,41.089687],[-96.043416,41.089687],[-96.043416,41.089687],[-96.043416,41.089687],[-96.043416,41.089687],[-96.043416,41.089687],[-96.043416,41.089687],[-96.043416,41.089687],[-96.043416,41.089687],[-96.043416,41.089687],[-96.043416,41.089687],[-96.043416,41.089687],[-96.043416,41.089687],[-96.043416,41.089687],[-96.043416,41.089687],[-96.043416,41.089687],[-96.043416,41.089687],[-96.043416,41.089687],[-96.043416,41.089687],[-96.043416,41.089687]],[[-96.043411,41.089687],[-96.043411,41.089687],[-96.043411,41.089687],[-96.043411,41.089687],[-96.043411,41.089687],[-96.043411,41.089687],[-96.043411,41.089687],[-96.043411,41.089687],[-96.043411,41.089687],[-96.043411,41.089687],[-96.043411,41.089687],[-96.043411,41.089687],[-96.043411,41.089687],[-96.043411,41.089687],[-96.043411,41.089687],[-96.043411,41.089687],[-96.043411,41.089687],[-96.043411,41.089687],[-96.043411,41.089687],[-96.043411,41.089687],[-96.043411,41.089687],[-96.043411,41.089687],[-96.043411,41.089687],[-96.043411,41.089687],[-96.043411,41.089687],[-96.043411,41.089687],[-96.043411,41.089687],[-96.043411,41.089687],[-96.043411,41.089687],[-96.043411,41.089687],[-96.043411,41.089687],[-96.043411,41.089687],[-96.043411,41.089687],[-96.043411,41.089687],[-96.043411,41.089687],[-96.043411,41.089687],[-96.043411,41.089687],[-96.043411,41.089687],[-96.043411,41.089687],[-96.043411,41.089687]],[[-96.043411,41.089687],[-96.043411,41.089687],[-96.043411,41.089687],[-96.043411,41.089687],[-96.043411,41.089687],[-96.043411,41.089687],[-96.043411,41.089687],[-96.043411,41.089687],[-96.043411,41.089687],[-96.043411,41.089687],[-96.043411,41.089687],[-96.043411,41.089687],[-96.043411,41.089687],[-96.043411,41.089687],[-96.043411,41.089687],[-96.043411,41.089687],[-96.043411,41.089687],[-96.043411,41.089687],[-96.043411,41.089687],[-96.043411,41.089687],[-96.043411,41.089687],[-96.043411,41.089687],[-96.043411,41.089687],[-96.043411,41.089687],[-96.043411,41.089687],[-96.043411,41.089687],[-96.043411,41.089687],[-96.043411,41.089687],[-96.043411,41.089687],[-96.043411,41.089687],[-96.043411,41.089687],[-96.043411,41.089687]],[[-96.043416,41.089687],[-96.043416,41.089687],[-96.043416,41.089687],[-96.043416,41.089687],[-96.043416,41.089687],[-96.043416,41.089687],[-96.043416,41.089687],[-96.043416,41.089687],[-96.043416,41.089687],[-96.043416,41.089687],[-96.043416,41.089687],[-96.043416,41.089687],[-96.043416,41.089687],[-96.043416,41.089687],[-96.043416,41.089687],[-96.043416,41.089687],[-96.043416,41.089687],[-96.043416,41.089687],[-96.043416,41.089687],[-96.043416,41.089687],[-96.043416,41.089687],[-96.043416,41.089687],[-96.043416,41.089687],[-96.043416,41.089687],[-96.043416,41.089687],[-96.043416,41.089687],[-96.043416,41.089687],[-96.043416,41.089687],[-96.043416,41.089687],[-96.043416,41.089687],[-96.043416,41.089687],[-96.043416,41.089687],[-96.043416,41.089687],[-96.043416,41.089687],[-96.043416,41.089687],[-96.043416,41.089687],[-96.043416,41.089687],[-96.043416,41.089687],[-96.043416,41.089687],[-96.043416,41.089687]],[[-96.043411,41.089687],[-96.043411,41.089687],[-96.043411,41.089687],[-96.043411,41.089687],[-96.043411,41.089687],[-96.043411,41.089687],[-96.043411,41.089687],[-96.043411,41.089687],[-96.043411,41.089687],[-96.043411,41.089687],[-96.043411,41.089687],[-96.043411,41.089687],[-96.043411,41.089687],[-96.043411,41.089687],[-96.043411,41.089687],[-96.043411,41.089687],[-96.043411,41.089687],[-96.043411,41.089687],[-96.043411,41.089687],[-96.043411,41.089687],[-96.043411,41.089687],[-96.043411,41.089687],[-96.043411,41.089687],[-96.043411,41.089687],[-96.043411,41.089687],[-96.043411,41.089687],[-96.043411,41.089687],[-96.043411,41.089687],[-96.043411,41.089687],[-96.043411,41.089687],[-96.043411,41.089687],[-96.043411,41.089687],[-96.043411,41.089687],[-96.043411,41.089687],[-96.043411,41.089687],[-96.043411,41.089687],[-96.043411,41.089687],[-96.043411,41.089687],[-96.043411,41.089687],[-96.043411,41.089687]],[[-96.043416,41.089687],[-96.043416,41.089687],[-96.043416,41.089687],[-96.043416,41.089687],[-96.043416,41.089687],[-96.043416,41.089687],[-96.043416,41.089687],[-96.043416,41.089687],[-96.043416,41.089687],[-96.043416,41.089687],[-96.043416,41.089687],[-96.043416,41.089687],[-96.043416,41.089687],[-96.043416,41.089687],[-96.043416,41.089687],[-96.043416,41.089687],[-96.043416,41.089687],[-96.043416,41.089687],[-96.043415,41.089687],[-96.043415,41.089687],[-96.043415,41.089687],[-96.043415,41.089687],[-96.043415,41.089687],[-96.043415,41.089687],[-96.043415,41.089687],[-96.043415,41.089687],[-96.043415,41.089687],[-96.043415,41.089686],[-96.043415,41.089686],[-96.043415,41.089686],[-96.043415,41.089686],[-96.043415,41.089686],[-96.043415,41.089686],[-96.043415,41.089686],[-96.043415,41.089686],[-96.043415,41.089686],[-96.043415,41.089686],[-96.043415,41.089686],[-96.043415,41.089686],[-96.043415,41.089686]],[[-96.043411,41.089686],[-96.043411,41.089686],[-96.043411,41.089686],[-96.043411,41.089686],[-96.043411,41.089686],[-96.043411,41.089686],[-96.043411,41.089686],[-96.043411,41.089686],[-96.043411,41.089686],[-96.043411,41.089686],[-96.043411,41.089686],[-96.043411,41.089686],[-96.043411,41.089686],[-96.043411,41.089687],[-96.043411,41.089687],[-96.043411,41.089687],[-96.043411,41.089687],[-96.043411,41.089687],[-96.043411,41.089687],[-96.043411,41.089687],[-96.043411,41.089687],[-96.043411,41.089687],[-96.043411,41.089687],[-96.043411,41.089687],[-96.043411,41.089687],[-96.043411,41.089687],[-96.043411,41.089687],[-96.043411,41.089687],[-96.043411,41.089687],[-96.043411,41.089687],[-96.043411,41.089687],[-96.043411,41.089687],[-96.043411,41.089687],[-96.043411,41.089687],[-96.043411,41.089687],[-96.043411,41.089687],[-96.043411,41.089687],[-96.043411,41.089687],[-96.043411,41.089687],[-96.043411,41.089687]],[[-96.043415,41.089686],[-96.043415,41.089686],[-96.043415,41.089686],[-96.043415,41.089686],[-96.043415,41.089686],[-96.043415,41.089686],[-96.043415,41.089686],[-96.043415,41.089686],[-96.043415,41.089686],[-96.043415,41.089686],[-96.043415,41.089686],[-96.043415,41.089686],[-96.043415,41.089686],[-96.043415,41.089686],[-96.043415,41.089686],[-96.043415,41.089686],[-96.043415,41.089686],[-96.043415,41.089686],[-96.043415,41.089686],[-96.043415,41.089686],[-96.043415,41.089686],[-96.043415,41.089686],[-96.043415,41.089686],[-96.043415,41.089686],[-96.043415,41.089686],[-96.043415,41.089686],[-96.043415,41.089686],[-96.043415,41.089686],[-96.043415,41.089686],[-96.043415,41.089686],[-96.043415,41.089686],[-96.043415,41.089686],[-96.043415,41.089686],[-96.043415,41.089686],[-96.043415,41.089686],[-96.043415,41.089686],[-96.043415,41.089686],[-96.043415,41.089686],[-96.043415,41.089686],[-96.043415,41.089686]],[[-96.043411,41.089686],[-96.043411,41.089686],[-96.043411,41.089686],[-96.043411,41.089686],[-96.043411,41.089686],[-96.043411,41.089686],[-96.043411,41.089686],[-96.043411,41.089686],[-96.043411,41.089686],[-96.043411,41.089686],[-96.043411,41.089686],[-96.043411,41.089686],[-96.043411,41.089686],[-96.043411,41.089686],[-96.043411,41.089686],[-96.043411,41.089686],[-96.043411,41.089686],[-96.043411,41.089686],[-96.043411,41.089686],[-96.043411,41.089686],[-96.043411,41.089686],[-96.043411,41.089686],[-96.043411,41.089686],[-96.043411,41.089686],[-96.043411,41.089686],[-96.043411,41.089686],[-96.043411,41.089686],[-96.043411,41.089686],[-96.043411,41.089686],[-96.043411,41.089686],[-96.043411,41.089686],[-96.043411,41.089686],[-96.043411,41.089686],[-96.043411,41.089686],[-96.043411,41.089686],[-96.043411,41.089686],[-96.043411,41.089686],[-96.043411,41.089686],[-96.043411,41.089686],[-96.043411,41.089686]],[[-96.043411,41.089686],[-96.043411,41.089686],[-96.043411,41.089686],[-96.043411,41.089686],[-96.043411,41.089686],[-96.043411,41.089686],[-96.043411,41.089686],[-96.043411,41.089686],[-96.043411,41.089686],[-96.043411,41.089686],[-96.043411,41.089686],[-96.043411,41.089686],[-96.043411,41.089686],[-96.043411,41.089686],[-96.043411,41.089686],[-96.043411,41.089686],[-96.043411,41.089686],[-96.043411,41.089686],[-96.043411,41.089686],[-96.043411,41.089686],[-96.043411,41.089686],[-96.043411,41.089686],[-96.043411,41.089686],[-96.043411,41.089686],[-96.043411,41.089686],[-96.043411,41.089686],[-96.043411,41.089686],[-96.043411,41.089686],[-96.043411,41.089686],[-96.043411,41.089686],[-96.043411,41.089686],[-96.043411,41.089686],[-96.043411,41.089686],[-96.043411,41.089686],[-96.043411,41.089686],[-96.043411,41.089686],[-96.043411,41.089686],[-96.043411,41.089686],[-96.043411,41.089686],[-96.043411,41.089686],[-96.043411,41.089686],[-96.043411,41.089686],[-96.043411,41.089686],[-96.043411,41.089686],[-96.043411,41.089686],[-96.043411,41.089686],[-96.043411,41.089686],[-96.043411,41.089686],[-96.043411,41.089686],[-96.043411,41.089686],[-96.043411,41.089686],[-96.043411,41.089686],[-96.043411,41.089686],[-96.043411,41.089686],[-96.043411,41.089686],[-96.043411,41.089686],[-96.043411,41.089686],[-96.043411,41.089686],[-96.043411,41.089686],[-96.043411,41.089686],[-96.043411,41.089686],[-96.043411,41.089686],[-96.043411,41.089686],[-96.043411,41.089686]],[[-96.043411,41.089686],[-96.043411,41.089686],[-96.043411,41.089686],[-96.043411,41.089686],[-96.043411,41.089686],[-96.043411,41.089686],[-96.043411,41.089686],[-96.043411,41.089686],[-96.043411,41.089686],[-96.043411,41.089686],[-96.043411,41.089686],[-96.043411,41.089686],[-96.043411,41.089686],[-96.043411,41.089686],[-96.043411,41.089686],[-96.043411,41.089686],[-96.043411,41.089686],[-96.043411,41.089686],[-96.043411,41.089686],[-96.043411,41.089686],[-96.043411,41.089686],[-96.043411,41.089686],[-96.043411,41.089686],[-96.043411,41.089686],[-96.043411,41.089686],[-96.043411,41.089686],[-96.043411,41.089686],[-96.043411,41.089686],[-96.043411,41.089686],[-96.043411,41.089686],[-96.043411,41.089686],[-96.043411,41.089686]],[[-96.043415,41.089686],[-96.043415,41.089686],[-96.043415,41.089686],[-96.043415,41.089686],[-96.043415,41.089686],[-96.043415,41.089686],[-96.043415,41.089686],[-96.043415,41.089686],[-96.043415,41.089686],[-96.043415,41.089686],[-96.043415,41.089686],[-96.043415,41.089686],[-96.043415,41.089686],[-96.043415,41.089686],[-96.043415,41.089686],[-96.043415,41.089686],[-96.043415,41.089686],[-96.043415,41.089686],[-96.043415,41.089686],[-96.043415,41.089686],[-96.043415,41.089686],[-96.043415,41.089686],[-96.043415,41.089686],[-96.043415,41.089686],[-96.043415,41.089686],[-96.043415,41.089686],[-96.043415,41.089686],[-96.043415,41.089686],[-96.043415,41.089686],[-96.043415,41.089686],[-96.043415,41.089686],[-96.043415,41.089686]],[[-96.043415,41.089686],[-96.043415,41.089686],[-96.043415,41.089686],[-96.043415,41.089686],[-96.043415,41.089686],[-96.043415,41.089686],[-96.043415,41.089686],[-96.043415,41.089686],[-96.043415,41.089686],[-96.043415,41.089686],[-96.043415,41.089686],[-96.043415,41.089686],[-96.043415,41.089686],[-96.043415,41.089686],[-96.043415,41.089686],[-96.043415,41.089686],[-96.043415,41.089686],[-96.043415,41.089686],[-96.043415,41.089686],[-96.043415,41.089686],[-96.043415,41.089686],[-96.043415,41.089686],[-96.043415,41.089686],[-96.043415,41.089686],[-96.043415,41.089686],[-96.043415,41.089686],[-96.043415,41.089686],[-96.043415,41.089686],[-96.043415,41.089686],[-96.043415,41.089686],[-96.043415,41.089686],[-96.043415,41.089686],[-96.043415,41.089686],[-96.043415,41.089686],[-96.043415,41.089686],[-96.043415,41.089686],[-96.043415,41.089686],[-96.043415,41.089686],[-96.043415,41.089686],[-96.043415,41.089686],[-96.043415,41.089686],[-96.043415,41.089686],[-96.043415,41.089686],[-96.043415,41.089686],[-96.043415,41.089686],[-96.043415,41.089686],[-96.043415,41.089686],[-96.043415,41.089686],[-96.043415,41.089686],[-96.043415,41.089686],[-96.043415,41.089686],[-96.043415,41.089686],[-96.043415,41.089686],[-96.043415,41.089686],[-96.043415,41.089686],[-96.043415,41.089686],[-96.043415,41.089686],[-96.043415,41.089686],[-96.043415,41.089686],[-96.043415,41.089686],[-96.043415,41.089686],[-96.043415,41.089686],[-96.043415,41.089686],[-96.043415,41.089686]],[[-96.043411,41.089686],[-96.043411,41.089686],[-96.043411,41.089686],[-96.043411,41.089686],[-96.043411,41.089686],[-96.043411,41.089686],[-96.043411,41.089686],[-96.043411,41.089686],[-96.043411,41.089686],[-96.043411,41.089686],[-96.043411,41.089686],[-96.043411,41.089686],[-96.043411,41.089686],[-96.043411,41.089686],[-96.043411,41.089686],[-96.043411,41.089686],[-96.043411,41.089686],[-96.043411,41.089686],[-96.043411,41.089686],[-96.043411,41.089686],[-96.043411,41.089686],[-96.043411,41.089686],[-96.043411,41.089686],[-96.043411,41.089686],[-96.043411,41.089686],[-96.043411,41.089686],[-96.043411,41.089686],[-96.043411,41.089686],[-96.043411,41.089686],[-96.043411,41.089686],[-96.043411,41.089686],[-96.043411,41.089686],[-96.043411,41.089686],[-96.043411,41.089686],[-96.043411,41.089686],[-96.043411,41.089686],[-96.043411,41.089686],[-96.043411,41.089686],[-96.043411,41.089686],[-96.043411,41.089686],[-96.043411,41.089686],[-96.043411,41.089686],[-96.043411,41.089686],[-96.043411,41.089686],[-96.043411,41.089686],[-96.043411,41.089686],[-96.043411,41.089686],[-96.043411,41.089686],[-96.043411,41.089686],[-96.043411,41.089686],[-96.043411,41.089686],[-96.043411,41.089686],[-96.043411,41.089686],[-96.043411,41.089686],[-96.043411,41.089686],[-96.043411,41.089686]],[[-96.043415,41.089686],[-96.043415,41.089686],[-96.043415,41.089686],[-96.043415,41.089686],[-96.043415,41.089686],[-96.043415,41.089686],[-96.043415,41.089686],[-96.043415,41.089686],[-96.043415,41.089686],[-96.043415,41.089686],[-96.043415,41.089686],[-96.043415,41.089686],[-96.043415,41.089686],[-96.043415,41.089686],[-96.043415,41.089686],[-96.043415,41.089686],[-96.043415,41.089686],[-96.043415,41.089686],[-96.043415,41.089686],[-96.043415,41.089686],[-96.043415,41.089686],[-96.043415,41.089686],[-96.043415,41.089686],[-96.043415,41.089686],[-96.043415,41.089686],[-96.043415,41.089686],[-96.043415,41.089686],[-96.043415,41.089686],[-96.043415,41.089686],[-96.043415,41.089686],[-96.043415,41.089686],[-96.043415,41.089686],[-96.043415,41.089686],[-96.043415,41.089686],[-96.043415,41.089686],[-96.043415,41.089686],[-96.043415,41.089686],[-96.043415,41.089686],[-96.043415,41.089686],[-96.043415,41.089686],[-96.043415,41.089686],[-96.043415,41.089686],[-96.043415,41.089686],[-96.043415,41.089686],[-96.043415,41.089686],[-96.043415,41.089686],[-96.043415,41.089686],[-96.043415,41.089686],[-96.043415,41.089686],[-96.043415,41.089686],[-96.043415,41.089686],[-96.043415,41.089686],[-96.043415,41.089686],[-96.043415,41.089686],[-96.043415,41.089686],[-96.043415,41.089686]],[[-96.043411,41.089686],[-96.043411,41.089686],[-96.043411,41.089686],[-96.043411,41.089686],[-96.043411,41.089686],[-96.043411,41.089686],[-96.043411,41.089686],[-96.043411,41.089686],[-96.043411,41.089686],[-96.043411,41.089686],[-96.043411,41.089686],[-96.043411,41.089686],[-96.043411,41.089686],[-96.043411,41.089686],[-96.043411,41.089686],[-96.043411,41.089686],[-96.043411,41.089686],[-96.043411,41.089686],[-96.043411,41.089686],[-96.043411,41.089686],[-96.043411,41.089686],[-96.043411,41.089686],[-96.043411,41.089686],[-96.043411,41.089686],[-96.043411,41.089686],[-96.043411,41.089686],[-96.043411,41.089686],[-96.043411,41.089686],[-96.043411,41.089686],[-96.043411,41.089686],[-96.043411,41.089686],[-96.043411,41.089686],[-96.043411,41.089686],[-96.043411,41.089686],[-96.043411,41.089686],[-96.043411,41.089686],[-96.043411,41.089686],[-96.043411,41.089686],[-96.043411,41.089686],[-96.043411,41.089686],[-96.043411,41.089686],[-96.043411,41.089686],[-96.043411,41.089686],[-96.043411,41.089686],[-96.043411,41.089686],[-96.043411,41.089686],[-96.043411,41.089686],[-96.043411,41.089686],[-96.043411,41.089686],[-96.043411,41.089686],[-96.043411,41.089686],[-96.043411,41.089686],[-96.043411,41.089686],[-96.043411,41.089686],[-96.043411,41.089686],[-96.043411,41.089686],[-96.043411,41.089686],[-96.043411,41.089686],[-96.043411,41.089686],[-96.043411,41.089686],[-96.043411,41.089686],[-96.043411,41.089686],[-96.043411,41.089686],[-96.043411,41.089686],[-96.043411,41.089686],[-96.043411,41.089686],[-96.043411,41.089686],[-96.043411,41.089686],[-96.043411,41.089686],[-96.043411,41.089686],[-96.043411,41.089686],[-96.043411,41.089686],[-96.043411,41.089686],[-96.043411,41.089686],[-96.043411,41.089686],[-96.043411,41.089686],[-96.043411,41.089686],[-96.043411,41.089686],[-96.043411,41.089686],[-96.043411,41.089686],[-96.043411,41.089686],[-96.043411,41.089686],[-96.043411,41.089686],[-96.043411,41.089686],[-96.043411,41.089686],[-96.043411,41.089686],[-96.043411,41.089686],[-96.043411,41.089686]],[[-96.043415,41.089686],[-96.043415,41.089686],[-96.043415,41.089686],[-96.043415,41.089686],[-96.043415,41.089686],[-96.043415,41.089686],[-96.043415,41.089686],[-96.043415,41.089686],[-96.043415,41.089686],[-96.043415,41.089686],[-96.043415,41.089686],[-96.043415,41.089686],[-96.043415,41.089686],[-96.043415,41.089686],[-96.043415,41.089686],[-96.043415,41.089686],[-96.043415,41.089686],[-96.043415,41.089686],[-96.043415,41.089686],[-96.043415,41.089686],[-96.043415,41.089686],[-96.043415,41.089686],[-96.043415,41.089686],[-96.043415,41.089686],[-96.043415,41.089686],[-96.043415,41.089686],[-96.043415,41.089686],[-96.043415,41.089686],[-96.043415,41.089686],[-96.043415,41.089686],[-96.043415,41.089686],[-96.043415,41.089686],[-96.043415,41.089686],[-96.043415,41.089686],[-96.043415,41.089686],[-96.043415,41.089686],[-96.043415,41.089686],[-96.043415,41.089686],[-96.043415,41.089686],[-96.043415,41.089686],[-96.043415,41.089686],[-96.043415,41.089686],[-96.043415,41.089686],[-96.043415,41.089686],[-96.043415,41.089686],[-96.043415,41.089686],[-96.043415,41.089686],[-96.043415,41.089686],[-96.043415,41.089686],[-96.043415,41.089686],[-96.043415,41.089686],[-96.043415,41.089686],[-96.043415,41.089686],[-96.043415,41.089686],[-96.043415,41.089686],[-96.043415,41.089686],[-96.043415,41.089686],[-96.043415,41.089686],[-96.043415,41.089686],[-96.043415,41.089686],[-96.043415,41.089686],[-96.043415,41.089686],[-96.043415,41.089686],[-96.043415,41.089686],[-96.043415,41.089686],[-96.043415,41.089686],[-96.043415,41.089686],[-96.043415,41.089686],[-96.043415,41.089686],[-96.043415,41.089686],[-96.043415,41.089686],[-96.043415,41.089686],[-96.043415,41.089686],[-96.043415,41.089686],[-96.043415,41.089686],[-96.043415,41.089686],[-96.043415,41.089686],[-96.043415,41.089686],[-96.043415,41.089686],[-96.043415,41.089686],[-96.043415,41.089686],[-96.043415,41.089686],[-96.043415,41.089686],[-96.043415,41.089686],[-96.043415,41.089686],[-96.043415,41.089686],[-96.043415,41.089686],[-96.043415,41.089686]],[[-96.043411,41.089687],[-96.043411,41.089687]],[[-96.043416,41.089687],[-96.043416,41.089687]],[[-96.043415,41.089686],[-96.043415,41.089686],[-96.043415,41.089686],[-96.043415,41.089686],[-96.043415,41.089686],[-96.043415,41.089686],[-96.043415,41.089686],[-96.043415,41.089686],[-96.043415,41.089686],[-96.043415,41.089686],[-96.043415,41.089686],[-96.043415,41.089686],[-96.043415,41.089686],[-96.043415,41.089686],[-96.043415,41.089686],[-96.043415,41.089686],[-96.043415,41.089686],[-96.043415,41.089686],[-96.043415,41.089686],[-96.043415,41.089686],[-96.043415,41.089686],[-96.043415,41.089686],[-96.043415,41.089686],[-96.043415,41.089686],[-96.043415,41.089686],[-96.043415,41.089686],[-96.043415,41.089686],[-96.043415,41.089686],[-96.043415,41.089686],[-96.043415,41.089686],[-96.043415,41.089686],[-96.043415,41.089686]],[[-96.043416,41.089687],[-96.043416,41.089687],[-96.043416,41.089687],[-96.043416,41.089687],[-96.043416,41.089686]],[[-96.043415,41.089686],[-96.043415,41.089686],[-96.043415,41.089686],[-96.043415,41.089686],[-96.043415,41.089686],[-96.043415,41.089686],[-96.043415,41.089686],[-96.043415,41.089686],[-96.043415,41.089686],[-96.043415,41.089686],[-96.043415,41.089686],[-96.043415,41.089686],[-96.043415,41.089686],[-96.043415,41.089686],[-96.043415,41.089686],[-96.043415,41.089686],[-96.043415,41.089686],[-96.043415,41.089686],[-96.043415,41.089686],[-96.043415,41.089686],[-96.043415,41.089686],[-96.043415,41.089686],[-96.043415,41.089686],[-96.043415,41.089686],[-96.043415,41.089686],[-96.043415,41.089686],[-96.043415,41.089686],[-96.043415,41.089686],[-96.043415,41.089686],[-96.043415,41.089686],[-96.043415,41.089686],[-96.043415,41.089686],[-96.043415,41.089686],[-96.043415,41.089686],[-96.043415,41.089686],[-96.043415,41.089686],[-96.043415,41.089686],[-96.043415,41.089686],[-96.043415,41.089686],[-96.043415,41.089686],[-96.043415,41.089686],[-96.043415,41.089686],[-96.043415,41.089686],[-96.043415,41.089686],[-96.043415,41.089686],[-96.043415,41.089686],[-96.043415,41.089686],[-96.043415,41.089686],[-96.043415,41.089686],[-96.043415,41.089686],[-96.043415,41.089686],[-96.043415,41.089686],[-96.043415,41.089686],[-96.043415,41.089686],[-96.043415,41.089686],[-96.043415,41.089686],[-96.043415,41.089686],[-96.043415,41.089686],[-96.043415,41.089686],[-96.043415,41.089686],[-96.043415,41.089686],[-96.043415,41.089686],[-96.043415,41.089686],[-96.043415,41.089686],[-96.043415,41.089686],[-96.043415,41.089686],[-96.043415,41.089686],[-96.043415,41.089686],[-96.043415,41.089686],[-96.043415,41.089686],[-96.043415,41.089686],[-96.043415,41.089686]],[[-96.043411,41.089687],[-96.043411,41.089687],[-96.043411,41.089687],[-96.043411,41.089687],[-96.043411,41.089687],[-96.043411,41.089687],[-96.043411,41.089687],[-96.043411,41.089687],[-96.043411,41.089687],[-96.043411,41.089687],[-96.043411,41.089687],[-96.043411,41.089687],[-96.043411,41.089687],[-96.043411,41.089687],[-96.043411,41.089687],[-96.043411,41.089687],[-96.043411,41.089687],[-96.043411,41.089687],[-96.043411,41.089687],[-96.043411,41.089687],[-96.043411,41.089687],[-96.043411,41.089687],[-96.043411,41.089687],[-96.043411,41.089687],[-96.043411,41.089686],[-96.043411,41.089686],[-96.043411,41.089686],[-96.043411,41.089686],[-96.043411,41.089686],[-96.043411,41.089686],[-96.043411,41.089686],[-96.043411,41.089686],[-96.043411,41.089686],[-96.043411,41.089686],[-96.043411,41.089686],[-96.043411,41.089686],[-96.043411,41.089686],[-96.043411,41.089686],[-96.043411,41.089686],[-96.043411,41.089686],[-96.043411,41.089686],[-96.043411,41.089686],[-96.043411,41.089686],[-96.043411,41.089686],[-96.043411,41.089686],[-96.043411,41.089686],[-96.043411,41.089686],[-96.043411,41.089686]],[[-96.043411,41.089686],[-96.043411,41.089686],[-96.043411,41.089686],[-96.043411,41.089686],[-96.043411,41.089686],[-96.043411,41.089686],[-96.043411,41.089686],[-96.043411,41.089686],[-96.043411,41.089686],[-96.043411,41.089686],[-96.043411,41.089686],[-96.043411,41.089686],[-96.043411,41.089686],[-96.043411,41.089686],[-96.043411,41.089686],[-96.043411,41.089686],[-96.043411,41.089686],[-96.043411,41.089686],[-96.043411,41.089686],[-96.043411,41.089686],[-96.043411,41.089686],[-96.043411,41.089686],[-96.043411,41.089686],[-96.043411,41.089686],[-96.043411,41.089686],[-96.043411,41.089686],[-96.043411,41.089686],[-96.043411,41.089686],[-96.043411,41.089686],[-96.043411,41.089686],[-96.043411,41.089686],[-96.043411,41.089686]],[[-96.043415,41.089686],[-96.043415,41.089686],[-96.043415,41.089686],[-96.043415,41.089686],[-96.043415,41.089686],[-96.043415,41.089686],[-96.043415,41.089686],[-96.043415,41.089686],[-96.043415,41.089686],[-96.043415,41.089686],[-96.043415,41.089686],[-96.043415,41.089686],[-96.043415,41.089686],[-96.043415,41.089686],[-96.043415,41.089686],[-96.043415,41.089686],[-96.043415,41.089686],[-96.043415,41.089686],[-96.043415,41.089686],[-96.043415,41.089686],[-96.043415,41.089686],[-96.043415,41.089686],[-96.043415,41.089686],[-96.043415,41.089686],[-96.043415,41.089686],[-96.043415,41.089686],[-96.043415,41.089686],[-96.043415,41.089686],[-96.043415,41.089686],[-96.043415,41.089686],[-96.043415,41.089686],[-96.043415,41.089686]],[[-96.043415,41.089686],[-96.043416,41.089686],[-96.043416,41.089686],[-96.043416,41.089686],[-96.043416,41.089686],[-96.043416,41.089686],[-96.043416,41.089686],[-96.043416,41.089686],[-96.043416,41.089686],[-96.043416,41.089686],[-96.043416,41.089686],[-96.043416,41.089686],[-96.043416,41.089686],[-96.043416,41.089686],[-96.043416,41.089686],[-96.043416,41.089686],[-96.043416,41.089686],[-96.043416,41.089686],[-96.043416,41.089686],[-96.043416,41.089686],[-96.043416,41.089686],[-96.043416,41.089686],[-96.043416,41.089686],[-96.043416,41.089687],[-96.043416,41.089687],[-96.043416,41.089687],[-96.043416,41.089687],[-96.043416,41.089687],[-96.043416,41.089687],[-96.043416,41.089687],[-96.043416,41.089687],[-96.043416,41.089687],[-96.043416,41.089687],[-96.043416,41.089687],[-96.043416,41.089687],[-96.043416,41.089687],[-96.043416,41.089687],[-96.043416,41.089687],[-96.043416,41.089687],[-96.043416,41.089687],[-96.043416,41.089687],[-96.043416,41.089687],[-96.043416,41.089687],[-96.043416,41.089687],[-96.043416,41.089687],[-96.043416,41.089687],[-96.043416,41.089687],[-96.043416,41.089687]],[[-96.043416,41.089691],[-96.043415,41.089691],[-96.043415,41.089691],[-96.043414,41.089691],[-96.043414,41.089691],[-96.043413,41.089691],[-96.043413,41.089691],[-96.043413,41.089691],[-96.043412,41.089691],[-96.043412,41.089691],[-96.043411,41.089691],[-96.043411,41.089691],[-96.043411,41.089691]],[[-96.043411,41.089687],[-96.043411,41.089687],[-96.043411,41.089687],[-96.043411,41.089687],[-96.043411,41.089687],[-96.043411,41.089687],[-96.043411,41.089687],[-96.043411,41.089687],[-96.043411,41.089687],[-96.043411,41.089687],[-96.043411,41.089687],[-96.043411,41.089687],[-96.043411,41.089687],[-96.043411,41.089687],[-96.043411,41.089687],[-96.043411,41.089687],[-96.04341,41.089687],[-96.04341,41.089687],[-96.04341,41.089687],[-96.04341,41.089687],[-96.04341,41.089687],[-96.04341,41.089687],[-96.04341,41.089687],[-96.04341,41.089687],[-96.04341,41.089687],[-96.04341,41.089687],[-96.04341,41.089687],[-96.04341,41.089687],[-96.04341,41.089687],[-96.04341,41.089687],[-96.04341,41.089687],[-96.04341,41.089687],[-96.04341,41.089687],[-96.04341,41.089687],[-96.04341,41.089687],[-96.04341,41.089687],[-96.04341,41.089687],[-96.04341,41.089687],[-96.04341,41.089687],[-96.04341,41.089687],[-96.04341,41.089687],[-96.04341,41.089687],[-96.04341,41.089687],[-96.04341,41.089687],[-96.04341,41.089687],[-96.04341,41.089687],[-96.04341,41.089687],[-96.04341,41.089687],[-96.04341,41.089687],[-96.04341,41.089687],[-96.04341,41.089687],[-96.04341,41.089687],[-96.04341,41.089687],[-96.04341,41.089687],[-96.04341,41.089687],[-96.04341,41.089687]],[[-96.043416,41.089687],[-96.043416,41.089687],[-96.043416,41.089687],[-96.043416,41.089687],[-96.043416,41.089687],[-96.043416,41.089687],[-96.043416,41.089687],[-96.043416,41.089687],[-96.043416,41.089687],[-96.043416,41.089687],[-96.043416,41.089687],[-96.043416,41.089687],[-96.043416,41.089687],[-96.043416,41.089687],[-96.043416,41.089687],[-96.043416,41.089687],[-96.043416,41.089687],[-96.043416,41.089687],[-96.043416,41.089687],[-96.043416,41.089687],[-96.043416,41.089687],[-96.043416,41.089687],[-96.043416,41.089687],[-96.043416,41.089687],[-96.043416,41.089687],[-96.043416,41.089687],[-96.043416,41.089687],[-96.043416,41.089687],[-96.043416,41.089687],[-96.043416,41.089687],[-96.043416,41.089687],[-96.043416,41.089687]],[[-96.043416,41.089687],[-96.043416,41.089687],[-96.043416,41.089687],[-96.043416,41.089687],[-96.043416,41.089687],[-96.043416,41.089687],[-96.043416,41.089687],[-96.043416,41.089687],[-96.043416,41.089687],[-96.043416,41.089687],[-96.043416,41.089687],[-96.043416,41.089687],[-96.043416,41.089687],[-96.043416,41.089687],[-96.043416,41.089687],[-96.043416,41.089687],[-96.043416,41.089687],[-96.043416,41.089687],[-96.043416,41.089687],[-96.043416,41.089687],[-96.043416,41.089687],[-96.043416,41.089687],[-96.043416,41.089687],[-96.043416,41.089687],[-96.043416,41.089687],[-96.043416,41.089687],[-96.043416,41.089687],[-96.043416,41.089687],[-96.043416,41.089687],[-96.043416,41.089687],[-96.043416,41.089687],[-96.043416,41.089687]],[[-96.04341,41.089687],[-96.04341,41.089687],[-96.04341,41.089687],[-96.04341,41.089687],[-96.04341,41.089687],[-96.04341,41.089687],[-96.04341,41.089687],[-96.04341,41.089687],[-96.04341,41.089687],[-96.04341,41.089687],[-96.04341,41.089687],[-96.04341,41.089687],[-96.04341,41.089687],[-96.04341,41.089687],[-96.04341,41.089687],[-96.04341,41.089687],[-96.04341,41.089687],[-96.04341,41.089687],[-96.04341,41.089687],[-96.04341,41.089687],[-96.04341,41.089687],[-96.04341,41.089687],[-96.04341,41.089687],[-96.04341,41.089687],[-96.04341,41.089687],[-96.04341,41.089687],[-96.04341,41.089687],[-96.04341,41.089687],[-96.04341,41.089687],[-96.04341,41.089687],[-96.04341,41.089687],[-96.04341,41.089687]],[[-96.04341,41.089687],[-96.04341,41.089687],[-96.04341,41.089687],[-96.04341,41.089687],[-96.04341,41.089687],[-96.04341,41.089687],[-96.04341,41.089687],[-96.04341,41.089687],[-96.04341,41.089687],[-96.04341,41.089687],[-96.04341,41.089687],[-96.04341,41.089687],[-96.04341,41.089687],[-96.043411,41.089687],[-96.043411,41.089687],[-96.043411,41.089687],[-96.043411,41.089687],[-96.043411,41.089687],[-96.043411,41.089687],[-96.043411,41.089687],[-96.043411,41.089687],[-96.043411,41.089687],[-96.043411,41.089687],[-96.043411,41.089687],[-96.043411,41.089687],[-96.043411,41.089687],[-96.043411,41.089687],[-96.043411,41.089687],[-96.043411,41.089687],[-96.043411,41.089687],[-96.043411,41.089687],[-96.043411,41.089687]],[[-96.043416,41.089691],[-96.043415,41.089691],[-96.043415,41.089691],[-96.043415,41.089691],[-96.043414,41.089691],[-96.043414,41.089691],[-96.043413,41.089691],[-96.043413,41.089691],[-96.043413,41.089691],[-96.043412,41.089691],[-96.043412,41.089691],[-96.043411,41.089691],[-96.043411,41.089691],[-96.043411,41.089691]],[[-96.04341,41.089687],[-96.04341,41.089687],[-96.04341,41.089687],[-96.04341,41.089687],[-96.04341,41.089687],[-96.04341,41.089687],[-96.04341,41.089687],[-96.04341,41.089687],[-96.043411,41.089687],[-96.043411,41.089687],[-96.043411,41.089687],[-96.043411,41.089687],[-96.043411,41.089687],[-96.043411,41.089687],[-96.043411,41.089687],[-96.043411,41.089687],[-96.043411,41.089687],[-96.043411,41.089687],[-96.043411,41.089687],[-96.043411,41.089687],[-96.043411,41.089687],[-96.043411,41.089687],[-96.043411,41.089687],[-96.043411,41.089687],[-96.043411,41.089687],[-96.043411,41.089687],[-96.043411,41.089687],[-96.043411,41.089687],[-96.043411,41.089687],[-96.043411,41.089687],[-96.043411,41.089687],[-96.043411,41.089687]],[[-96.043416,41.08969],[-96.043416,41.08969],[-96.043416,41.08969],[-96.043416,41.08969],[-96.043416,41.08969],[-96.043416,41.08969],[-96.043416,41.08969],[-96.043416,41.08969],[-96.043416,41.08969],[-96.043416,41.08969],[-96.043416,41.08969],[-96.043416,41.08969],[-96.043416,41.08969],[-96.043416,41.08969],[-96.043416,41.08969],[-96.043416,41.08969],[-96.043416,41.08969],[-96.043416,41.08969],[-96.043416,41.08969],[-96.043416,41.08969],[-96.043416,41.08969],[-96.043416,41.08969],[-96.043416,41.08969],[-96.043416,41.08969],[-96.043416,41.08969],[-96.043416,41.08969],[-96.043416,41.08969],[-96.043416,41.08969],[-96.043416,41.08969],[-96.043416,41.08969],[-96.043416,41.08969],[-96.043416,41.08969]],[[-96.04341,41.08969],[-96.04341,41.08969],[-96.04341,41.08969],[-96.04341,41.08969],[-96.04341,41.08969],[-96.04341,41.08969],[-96.04341,41.08969],[-96.04341,41.08969],[-96.04341,41.08969],[-96.04341,41.08969],[-96.04341,41.08969],[-96.04341,41.08969],[-96.04341,41.08969],[-96.04341,41.08969],[-96.04341,41.08969],[-96.04341,41.08969],[-96.04341,41.08969],[-96.04341,41.08969],[-96.04341,41.08969],[-96.04341,41.08969],[-96.04341,41.08969],[-96.04341,41.08969],[-96.04341,41.08969],[-96.04341,41.08969],[-96.04341,41.08969],[-96.04341,41.08969],[-96.04341,41.08969],[-96.04341,41.08969],[-96.04341,41.08969],[-96.04341,41.08969],[-96.04341,41.08969],[-96.04341,41.08969]],[[-96.043416,41.089687],[-96.043416,41.089687],[-96.043416,41.089687],[-96.043416,41.089687],[-96.043416,41.089687],[-96.043416,41.089687],[-96.043416,41.089687],[-96.043416,41.089687],[-96.043416,41.089687],[-96.043416,41.089687],[-96.043416,41.089687],[-96.043416,41.089687],[-96.043416,41.089687],[-96.043416,41.089687],[-96.043416,41.089687],[-96.043416,41.089687],[-96.043416,41.089687],[-96.043416,41.089687],[-96.043416,41.089687],[-96.043416,41.089687],[-96.043416,41.089687],[-96.043416,41.089687],[-96.043416,41.089687],[-96.043416,41.089687],[-96.043416,41.089687],[-96.043416,41.089687],[-96.043416,41.089687],[-96.043416,41.089687],[-96.043416,41.089687],[-96.043416,41.089687],[-96.043416,41.089687],[-96.043416,41.089687],[-96.043416,41.089687],[-96.043416,41.089687],[-96.043416,41.089687],[-96.043416,41.089687],[-96.043416,41.089687],[-96.043416,41.089687],[-96.043416,41.089687],[-96.043416,41.089687]],[[-96.043416,41.089687],[-96.043416,41.089687],[-96.043416,41.089687],[-96.043416,41.089687],[-96.043416,41.089687],[-96.043416,41.089687],[-96.043416,41.089687],[-96.043416,41.089687],[-96.043416,41.089687],[-96.043416,41.089687],[-96.043416,41.089687],[-96.043416,41.089687],[-96.043416,41.089687],[-96.043416,41.089687],[-96.043416,41.089687],[-96.043416,41.089687],[-96.043416,41.089687],[-96.043416,41.089687],[-96.043416,41.089687],[-96.043416,41.089687],[-96.043416,41.089687],[-96.043416,41.089687],[-96.043416,41.089687],[-96.043416,41.089687],[-96.043416,41.089687],[-96.043416,41.089687],[-96.043416,41.089687],[-96.043416,41.089687],[-96.043416,41.089687],[-96.043416,41.089687],[-96.043416,41.089687],[-96.043416,41.089687]],[[-96.043411,41.089687],[-96.043411,41.089687],[-96.043411,41.089687],[-96.043411,41.089687],[-96.043411,41.089687],[-96.043411,41.089687],[-96.043411,41.089687],[-96.043411,41.089687],[-96.043411,41.089687],[-96.043411,41.089687],[-96.043411,41.089687],[-96.043411,41.089687],[-96.043411,41.089687],[-96.043411,41.089687],[-96.04341,41.089687],[-96.04341,41.089687],[-96.04341,41.089687],[-96.04341,41.089687],[-96.04341,41.089687],[-96.04341,41.089687],[-96.04341,41.089687],[-96.04341,41.089687],[-96.04341,41.089687],[-96.04341,41.089687],[-96.04341,41.089687],[-96.04341,41.089687],[-96.04341,41.089687],[-96.04341,41.089687],[-96.04341,41.089687],[-96.04341,41.089687],[-96.04341,41.089687],[-96.04341,41.089687],[-96.04341,41.089687],[-96.04341,41.089687],[-96.04341,41.089687],[-96.04341,41.089687],[-96.04341,41.089687],[-96.04341,41.089687],[-96.04341,41.089687],[-96.04341,41.089687]],[[-96.04341,41.08969],[-96.04341,41.08969],[-96.04341,41.08969],[-96.04341,41.08969],[-96.04341,41.08969],[-96.04341,41.08969],[-96.04341,41.08969],[-96.04341,41.08969],[-96.04341,41.08969],[-96.04341,41.08969],[-96.04341,41.08969],[-96.04341,41.08969],[-96.04341,41.08969],[-96.04341,41.08969],[-96.04341,41.08969],[-96.04341,41.08969],[-96.04341,41.08969],[-96.04341,41.08969],[-96.04341,41.08969],[-96.04341,41.08969],[-96.04341,41.08969],[-96.04341,41.08969],[-96.04341,41.08969],[-96.04341,41.08969],[-96.04341,41.08969],[-96.04341,41.08969],[-96.04341,41.08969],[-96.04341,41.08969],[-96.04341,41.08969],[-96.04341,41.08969],[-96.04341,41.08969],[-96.04341,41.08969],[-96.04341,41.08969],[-96.04341,41.08969],[-96.04341,41.08969],[-96.04341,41.08969],[-96.04341,41.08969],[-96.04341,41.08969],[-96.04341,41.08969],[-96.04341,41.08969]],[[-96.043416,41.08969],[-96.043416,41.08969],[-96.043416,41.08969],[-96.043416,41.08969],[-96.043416,41.08969],[-96.043416,41.08969],[-96.043416,41.08969],[-96.043416,41.08969],[-96.043416,41.08969],[-96.043416,41.08969],[-96.043416,41.08969],[-96.043416,41.08969],[-96.043416,41.08969],[-96.043416,41.08969],[-96.043416,41.08969],[-96.043416,41.08969],[-96.043416,41.08969],[-96.043416,41.08969],[-96.043416,41.08969],[-96.043416,41.08969],[-96.043416,41.08969],[-96.043416,41.08969],[-96.043416,41.08969],[-96.043416,41.08969],[-96.043416,41.08969],[-96.043416,41.08969],[-96.043416,41.08969],[-96.043416,41.08969],[-96.043416,41.08969],[-96.043416,41.08969],[-96.043416,41.08969],[-96.043416,41.08969],[-96.043416,41.08969],[-96.043416,41.08969],[-96.043416,41.08969],[-96.043416,41.08969],[-96.043416,41.08969],[-96.043416,41.08969],[-96.043416,41.08969],[-96.043416,41.08969]],[[-96.04341,41.08969],[-96.04341,41.08969],[-96.04341,41.08969],[-96.04341,41.08969],[-96.04341,41.08969],[-96.04341,41.08969],[-96.04341,41.08969],[-96.04341,41.08969],[-96.04341,41.08969],[-96.04341,41.08969],[-96.04341,41.08969],[-96.04341,41.08969],[-96.04341,41.08969],[-96.04341,41.08969],[-96.04341,41.08969],[-96.04341,41.08969],[-96.04341,41.08969],[-96.04341,41.08969],[-96.04341,41.08969],[-96.04341,41.08969],[-96.04341,41.08969],[-96.04341,41.08969],[-96.04341,41.08969],[-96.04341,41.08969],[-96.04341,41.08969],[-96.04341,41.08969],[-96.04341,41.08969],[-96.04341,41.08969],[-96.04341,41.089691],[-96.04341,41.089691],[-96.04341,41.089691],[-96.04341,41.089691],[-96.04341,41.089691],[-96.04341,41.089691],[-96.04341,41.089691],[-96.04341,41.089691],[-96.04341,41.089691],[-96.04341,41.089691],[-96.04341,41.089691],[-96.04341,41.089691],[-96.04341,41.089691],[-96.04341,41.089691],[-96.04341,41.089691],[-96.04341,41.089691],[-96.04341,41.089691],[-96.04341,41.089691],[-96.04341,41.089691],[-96.04341,41.089691],[-96.04341,41.089691],[-96.04341,41.089691],[-96.04341,41.089691],[-96.04341,41.089691],[-96.04341,41.089691],[-96.04341,41.089691],[-96.04341,41.089691],[-96.04341,41.089691],[-96.04341,41.089691],[-96.04341,41.089691],[-96.04341,41.089691],[-96.04341,41.089691],[-96.04341,41.089691],[-96.04341,41.089691],[-96.04341,41.089691],[-96.04341,41.089691],[-96.04341,41.089691],[-96.04341,41.089691],[-96.04341,41.089691],[-96.04341,41.089691],[-96.04341,41.089691],[-96.04341,41.089691],[-96.04341,41.089691],[-96.04341,41.089691],[-96.04341,41.089691],[-96.04341,41.089691],[-96.04341,41.089691],[-96.04341,41.089691],[-96.04341,41.089691],[-96.04341,41.089691],[-96.04341,41.089691],[-96.04341,41.089691],[-96.04341,41.089691],[-96.04341,41.089691],[-96.04341,41.089691],[-96.04341,41.089691],[-96.04341,41.089691],[-96.04341,41.089691],[-96.04341,41.089691],[-96.04341,41.089691]],[[-96.04341,41.089691],[-96.04341,41.089691],[-96.04341,41.089691],[-96.04341,41.089691],[-96.04341,41.089691],[-96.04341,41.089691],[-96.04341,41.089691],[-96.04341,41.089691],[-96.04341,41.089691],[-96.043411,41.089691],[-96.043411,41.089691],[-96.043411,41.089691],[-96.043411,41.089691],[-96.043411,41.089691],[-96.043411,41.089691],[-96.043411,41.089691],[-96.043411,41.089691],[-96.043411,41.089691],[-96.043411,41.089691],[-96.043411,41.089691],[-96.043411,41.089691],[-96.043411,41.089691],[-96.043411,41.089691],[-96.043411,41.089691],[-96.043411,41.089691],[-96.043411,41.089691],[-96.043411,41.089691],[-96.043411,41.089691],[-96.043411,41.089691],[-96.043411,41.089691],[-96.043411,41.089691],[-96.043411,41.089691]],[[-96.043416,41.089691],[-96.043416,41.089691],[-96.043416,41.089691],[-96.043416,41.089691],[-96.043416,41.089691],[-96.043416,41.089691],[-96.043416,41.089691],[-96.043416,41.089691],[-96.043416,41.089691],[-96.043416,41.089691],[-96.043416,41.089691],[-96.043416,41.089691],[-96.043416,41.089691],[-96.043416,41.089691],[-96.043416,41.089691],[-96.043416,41.089691],[-96.043416,41.089691],[-96.043416,41.089691],[-96.043416,41.089691],[-96.043416,41.089691],[-96.043416,41.089691],[-96.043416,41.089691],[-96.043416,41.089691],[-96.043416,41.089691],[-96.043416,41.089691],[-96.043416,41.089691],[-96.043416,41.089691],[-96.043416,41.089691],[-96.043416,41.089691],[-96.043416,41.089691],[-96.043416,41.089691],[-96.043416,41.089691]],[[-96.043416,41.089691],[-96.043416,41.089691],[-96.043416,41.089691],[-96.043416,41.089691],[-96.043416,41.089691],[-96.043416,41.089691],[-96.043416,41.089691],[-96.043416,41.089691],[-96.043416,41.089691],[-96.043416,41.089691],[-96.043416,41.089691],[-96.043416,41.089691],[-96.043416,41.089691],[-96.043416,41.089691],[-96.043416,41.089691],[-96.043416,41.089691],[-96.043416,41.089691],[-96.043416,41.089691],[-96.043416,41.089691],[-96.043416,41.089691],[-96.043416,41.089691],[-96.043416,41.089691],[-96.043416,41.089691],[-96.043416,41.089691],[-96.043416,41.089691],[-96.043416,41.089691],[-96.043416,41.089691],[-96.043416,41.089691],[-96.043416,41.089691],[-96.043416,41.089691],[-96.043416,41.089691],[-96.043416,41.089691],[-96.043416,41.089691],[-96.043416,41.089691],[-96.043416,41.089691],[-96.043416,41.089691],[-96.043416,41.089691],[-96.043416,41.089691],[-96.043416,41.089691],[-96.043416,41.089691],[-96.043416,41.089691],[-96.043416,41.089691],[-96.043416,41.089691],[-96.043416,41.089691],[-96.043416,41.089691],[-96.043416,41.089691],[-96.043416,41.089691],[-96.043416,41.089691],[-96.043416,41.089691],[-96.043416,41.089691],[-96.043416,41.089691],[-96.043416,41.089691],[-96.043416,41.089691],[-96.043416,41.089691],[-96.043416,41.089691],[-96.043416,41.089691],[-96.043416,41.089691],[-96.043416,41.089691],[-96.043416,41.089691],[-96.043416,41.089691],[-96.043416,41.089691],[-96.043416,41.08969],[-96.043416,41.08969],[-96.043416,41.08969],[-96.043416,41.08969],[-96.043416,41.08969],[-96.043416,41.08969],[-96.043416,41.08969],[-96.043416,41.08969],[-96.043416,41.08969],[-96.043416,41.08969],[-96.043416,41.08969],[-96.043416,41.08969],[-96.043416,41.08969],[-96.043416,41.08969],[-96.043416,41.08969],[-96.043416,41.08969],[-96.043416,41.08969],[-96.043416,41.08969],[-96.043416,41.08969],[-96.043416,41.08969],[-96.043416,41.08969],[-96.043416,41.08969],[-96.043416,41.08969],[-96.043416,41.08969],[-96.043416,41.08969],[-96.043416,41.08969],[-96.043416,41.08969]],[[-96.043412,41.089687],[-96.043412,41.089687],[-96.043412,41.089687]],[[-96.04341,41.089687],[-96.04341,41.089687]],[[-96.043411,41.089687],[-96.043411,41.089687]],[[-96.04341,41.089687],[-96.04341,41.089687],[-96.04341,41.089687],[-96.04341,41.089687],[-96.04341,41.089687],[-96.04341,41.089687],[-96.04341,41.089687],[-96.04341,41.089687],[-96.04341,41.089687],[-96.04341,41.089687],[-96.04341,41.089687],[-96.04341,41.089687],[-96.04341,41.089687],[-96.04341,41.089687],[-96.04341,41.089687],[-96.04341,41.089687],[-96.04341,41.089687],[-96.04341,41.089687],[-96.04341,41.089687],[-96.04341,41.089687],[-96.04341,41.089687],[-96.04341,41.089687],[-96.04341,41.089687],[-96.04341,41.089687],[-96.04341,41.089687],[-96.04341,41.089687],[-96.04341,41.089687],[-96.04341,41.089687],[-96.04341,41.089687],[-96.04341,41.089687],[-96.04341,41.089687],[-96.04341,41.089687],[-96.04341,41.089687],[-96.04341,41.089687],[-96.04341,41.089687],[-96.04341,41.089687],[-96.04341,41.089687],[-96.04341,41.089687],[-96.043411,41.089687],[-96.043411,41.089687],[-96.043411,41.089687],[-96.043411,41.089687],[-96.043411,41.089687],[-96.043411,41.089687],[-96.043411,41.089687],[-96.043411,41.089687],[-96.043411,41.089687],[-96.043411,41.089687],[-96.043411,41.089687],[-96.043411,41.089687],[-96.043411,41.089687],[-96.043411,41.089687],[-96.043411,41.089687],[-96.043411,41.089687],[-96.043411,41.089687],[-96.043411,41.089687],[-96.043411,41.089687],[-96.043411,41.089687],[-96.043411,41.089687],[-96.043411,41.089687],[-96.043411,41.089687],[-96.043411,41.089687],[-96.043411,41.089687],[-96.043411,41.089687]],[[-96.043411,41.089687],[-96.043411,41.089687],[-96.043411,41.089687],[-96.043411,41.089687],[-96.043411,41.089687],[-96.043411,41.089687],[-96.043411,41.089687],[-96.043411,41.089687],[-96.043411,41.089687],[-96.043411,41.089687],[-96.043411,41.089687],[-96.043411,41.089687],[-96.043411,41.089687],[-96.043411,41.089687],[-96.043411,41.089687],[-96.043411,41.089687],[-96.043411,41.089687],[-96.043411,41.089687],[-96.043411,41.089687],[-96.043411,41.089687],[-96.043411,41.089687],[-96.043411,41.089687],[-96.043411,41.089687],[-96.043411,41.089687],[-96.043411,41.089687],[-96.043411,41.089687],[-96.043411,41.089687],[-96.04341,41.089687],[-96.04341,41.089687],[-96.04341,41.089687],[-96.04341,41.089687],[-96.04341,41.089687],[-96.04341,41.089687],[-96.04341,41.089687],[-96.04341,41.089687],[-96.04341,41.089687],[-96.04341,41.089687],[-96.04341,41.089687],[-96.04341,41.089687],[-96.04341,41.089687],[-96.04341,41.089687],[-96.04341,41.089687],[-96.04341,41.089687],[-96.04341,41.089687],[-96.04341,41.089687],[-96.04341,41.089687],[-96.04341,41.089687],[-96.04341,41.089687],[-96.04341,41.089687],[-96.04341,41.089687],[-96.04341,41.089687],[-96.04341,41.089687],[-96.04341,41.089687],[-96.04341,41.089687],[-96.04341,41.089687],[-96.04341,41.089687],[-96.04341,41.089687],[-96.04341,41.089687],[-96.04341,41.089687],[-96.04341,41.089687],[-96.04341,41.089687],[-96.04341,41.089687],[-96.04341,41.089687],[-96.04341,41.089687]],[[-96.04341,41.089687],[-96.04341,41.089687],[-96.04341,41.089687]],[[-96.04341,41.089687],[-96.04341,41.089687],[-96.04341,41.089687],[-96.04341,41.089687]],[[-96.043411,41.089687],[-96.043411,41.089687],[-96.043411,41.089687],[-96.043411,41.089687],[-96.043411,41.089687],[-96.043411,41.089687],[-96.043411,41.089687],[-96.043411,41.089687],[-96.043411,41.089687],[-96.043411,41.089687],[-96.043411,41.089687],[-96.043411,41.089687],[-96.043411,41.089687],[-96.043411,41.089687],[-96.043411,41.089687],[-96.043411,41.089687],[-96.043411,41.089687],[-96.043411,41.089687],[-96.043411,41.089687],[-96.043411,41.089687],[-96.043411,41.089687],[-96.043411,41.089687],[-96.043411,41.089687],[-96.043411,41.089687],[-96.043411,41.089687],[-96.043411,41.089687],[-96.043411,41.089687],[-96.043411,41.089687],[-96.043411,41.089687],[-96.043411,41.089687],[-96.043411,41.089687],[-96.043411,41.089687],[-96.043411,41.089687],[-96.043411,41.089687],[-96.043411,41.089687],[-96.043411,41.089687],[-96.043411,41.089687],[-96.043411,41.089687],[-96.043411,41.089687],[-96.043411,41.089687],[-96.043411,41.089687],[-96.043411,41.089687],[-96.043411,41.089687],[-96.043411,41.089687],[-96.04341,41.089687],[-96.04341,41.089687],[-96.04341,41.089687],[-96.04341,41.089687],[-96.04341,41.089687],[-96.04341,41.089687],[-96.04341,41.089687],[-96.04341,41.089687],[-96.04341,41.089687],[-96.04341,41.089687],[-96.04341,41.089687],[-96.04341,41.089687],[-96.04341,41.089687],[-96.04341,41.089687],[-96.04341,41.089687],[-96.04341,41.089687],[-96.04341,41.089687],[-96.04341,41.089687],[-96.04341,41.089687],[-96.04341,41.089687],[-96.04341,41.089687],[-96.04341,41.089687],[-96.04341,41.089687],[-96.04341,41.089687],[-96.04341,41.089687],[-96.04341,41.089687],[-96.04341,41.089687],[-96.04341,41.089687]],[[-96.04341,41.089687],[-96.04341,41.089687],[-96.04341,41.089687]],[[-96.04341,41.089687],[-96.04341,41.089687],[-96.04341,41.089687]],[[-96.043414,41.089687],[-96.043414,41.089687],[-96.043414,41.089687]],[[-96.043416,41.089687],[-96.043416,41.089687]],[[-96.043416,41.089687],[-96.043416,41.089687]],[[-96.043416,41.089687],[-96.043416,41.089687],[-96.043416,41.089687],[-96.043416,41.089687],[-96.043416,41.089687],[-96.043416,41.089687],[-96.043416,41.089687],[-96.043416,41.089687],[-96.043416,41.089687],[-96.043416,41.089687],[-96.043416,41.089687],[-96.043416,41.089687],[-96.043416,41.089687],[-96.043416,41.089687],[-96.043416,41.089687],[-96.043416,41.089687],[-96.043416,41.089687],[-96.043416,41.089687],[-96.043416,41.089687],[-96.043416,41.089687],[-96.043416,41.089687],[-96.043416,41.089687],[-96.043416,41.089687],[-96.043416,41.089687],[-96.043416,41.089687],[-96.043416,41.089687],[-96.043416,41.089687],[-96.043416,41.089687],[-96.043416,41.089687],[-96.043416,41.089687],[-96.043416,41.089687],[-96.043416,41.089687],[-96.043416,41.089687],[-96.043416,41.089687],[-96.043416,41.089687],[-96.043416,41.089687],[-96.043416,41.089687],[-96.043416,41.089687],[-96.043416,41.089687],[-96.043416,41.089687],[-96.043416,41.089687],[-96.043416,41.089687],[-96.043416,41.089687],[-96.043416,41.089687],[-96.043416,41.089687],[-96.043416,41.089687],[-96.043416,41.089687],[-96.043416,41.089687],[-96.043416,41.089687],[-96.043416,41.089687],[-96.043416,41.089687],[-96.043416,41.089687],[-96.043416,41.089687],[-96.043416,41.089687],[-96.043416,41.089687],[-96.043416,41.089687],[-96.043416,41.089687],[-96.043416,41.089687],[-96.043416,41.089687],[-96.043416,41.089687],[-96.043416,41.089687],[-96.043416,41.089687],[-96.043416,41.089687],[-96.043416,41.089687]],[[-96.043416,41.089687],[-96.043416,41.089687],[-96.043416,41.089687],[-96.043416,41.089687],[-96.043416,41.089687],[-96.043416,41.089687],[-96.043416,41.089687],[-96.043416,41.089687],[-96.043416,41.089687],[-96.043416,41.089687],[-96.043416,41.089687],[-96.043416,41.089687],[-96.043416,41.089687],[-96.043416,41.089687],[-96.043416,41.089687],[-96.043416,41.089687],[-96.043416,41.089687],[-96.043416,41.089687],[-96.043416,41.089687],[-96.043416,41.089687],[-96.043416,41.089687],[-96.043416,41.089687],[-96.043416,41.089687],[-96.043416,41.089687],[-96.043416,41.089687],[-96.043416,41.089687],[-96.043416,41.089687],[-96.043416,41.089687],[-96.043416,41.089687],[-96.043416,41.089687],[-96.043416,41.089687],[-96.043416,41.089687],[-96.043416,41.089687],[-96.043416,41.089687],[-96.043416,41.089687],[-96.043416,41.089687],[-96.043416,41.089687],[-96.043416,41.089687],[-96.043416,41.089687],[-96.043416,41.089687],[-96.043416,41.089687],[-96.043416,41.089687],[-96.043416,41.089687],[-96.043416,41.089687],[-96.043416,41.089687],[-96.043416,41.089687],[-96.043416,41.089687],[-96.043416,41.089687],[-96.043416,41.089687],[-96.043416,41.089687],[-96.043416,41.089687],[-96.043416,41.089687],[-96.043416,41.089687],[-96.043416,41.089687],[-96.043416,41.089687],[-96.043416,41.089687],[-96.043416,41.089687],[-96.043416,41.089687],[-96.043416,41.089687],[-96.043416,41.089687],[-96.043416,41.089687],[-96.043416,41.089687],[-96.043416,41.089687],[-96.043416,41.089687],[-96.043416,41.089687],[-96.043416,41.089687],[-96.043416,41.089687],[-96.043416,41.089687],[-96.043416,41.089687],[-96.043416,41.089687],[-96.043416,41.089687],[-96.043416,41.089687]],[[-96.043416,41.089687],[-96.043416,41.089687],[-96.043416,41.089687],[-96.043416,41.089687]],[[-96.043416,41.089687],[-96.043417,41.089687],[-96.043417,41.089687]],[[-96.043416,41.089687],[-96.043416,41.089687],[-96.043416,41.089687],[-96.043416,41.089687],[-96.043416,41.089687],[-96.043416,41.089687],[-96.043416,41.089687],[-96.043416,41.089687],[-96.043416,41.089687],[-96.043416,41.089687],[-96.043416,41.089687],[-96.043416,41.089687],[-96.043416,41.089687],[-96.043416,41.089687],[-96.043416,41.089687],[-96.043416,41.089687],[-96.043416,41.089687],[-96.043416,41.089687],[-96.043416,41.089687],[-96.043416,41.089687],[-96.043416,41.089687],[-96.043416,41.089687],[-96.043416,41.089687],[-96.043416,41.089687],[-96.043416,41.089687],[-96.043416,41.089687],[-96.043416,41.089687],[-96.043416,41.089687],[-96.043416,41.089687],[-96.043416,41.089687],[-96.043416,41.089687],[-96.043416,41.089687],[-96.043416,41.089687],[-96.043416,41.089687],[-96.043416,41.089687],[-96.043416,41.089687],[-96.043416,41.089687],[-96.043416,41.089687],[-96.043416,41.089687],[-96.043416,41.089687],[-96.043416,41.089687],[-96.043416,41.089687],[-96.043416,41.089687],[-96.043416,41.089687],[-96.043416,41.089687],[-96.043416,41.089687],[-96.043416,41.089687],[-96.043416,41.089687],[-96.043416,41.089687],[-96.043416,41.089687],[-96.043416,41.089687],[-96.043416,41.089687],[-96.043416,41.089687],[-96.043416,41.089687],[-96.043416,41.089687],[-96.043416,41.089687],[-96.043416,41.089687],[-96.043416,41.089687],[-96.043416,41.089687],[-96.043416,41.089687],[-96.043416,41.089687],[-96.043416,41.089687],[-96.043416,41.089687],[-96.043416,41.089687],[-96.043416,41.089687],[-96.043416,41.089687],[-96.043416,41.089687],[-96.043416,41.089687],[-96.043416,41.089687],[-96.043416,41.089687],[-96.043416,41.089687],[-96.043416,41.089687]],[[-96.043417,41.089687],[-96.043417,41.089687],[-96.043416,41.089687]],[[-96.043416,41.089687],[-96.043416,41.089687],[-96.043416,41.089687]],[[-96.04341,41.089687],[-96.04341,41.089687]],[[-96.043416,41.089687],[-96.043416,41.089687]],[[-96.043411,41.08969],[-96.043411,41.08969]],[[-96.04341,41.089688],[-96.04341,41.089689]],[[-96.04341,41.089688],[-96.04341,41.089688],[-96.04341,41.089688],[-96.04341,41.089688],[-96.04341,41.089688],[-96.04341,41.089688],[-96.04341,41.089688],[-96.04341,41.089688],[-96.04341,41.089688],[-96.04341,41.089688],[-96.04341,41.089688],[-96.04341,41.089688],[-96.04341,41.089688],[-96.04341,41.089688],[-96.04341,41.089688],[-96.04341,41.089688],[-96.04341,41.089688],[-96.04341,41.089688],[-96.04341,41.089688],[-96.04341,41.089688]],[[-96.04341,41.089687],[-96.04341,41.089687]],[[-96.04341,41.089688],[-96.04341,41.089688]],[[-96.04341,41.089687],[-96.04341,41.089687],[-96.04341,41.089687],[-96.04341,41.089687],[-96.04341,41.089687],[-96.04341,41.089687],[-96.043411,41.089687],[-96.043411,41.089687],[-96.043411,41.089687],[-96.043411,41.089687],[-96.043411,41.089687],[-96.043411,41.089687],[-96.043411,41.089688],[-96.043411,41.089688],[-96.043411,41.089688],[-96.043411,41.089688],[-96.043411,41.089688],[-96.043411,41.089688],[-96.043411,41.089688],[-96.043411,41.089688],[-96.043411,41.089688],[-96.043411,41.089688],[-96.043411,41.089688],[-96.043411,41.089688],[-96.043411,41.089688],[-96.043411,41.089688],[-96.043411,41.089688],[-96.043411,41.089688]],[[-96.043411,41.08969],[-96.043411,41.089688]],[[-96.043411,41.08969],[-96.043411,41.08969],[-96.043411,41.08969],[-96.043411,41.08969],[-96.043411,41.08969],[-96.043411,41.08969],[-96.043411,41.08969],[-96.043411,41.08969],[-96.043411,41.08969],[-96.043411,41.08969],[-96.043411,41.08969],[-96.043411,41.08969],[-96.043411,41.08969],[-96.043411,41.08969],[-96.043411,41.08969],[-96.043411,41.08969],[-96.043411,41.08969],[-96.043411,41.08969],[-96.043411,41.08969],[-96.043411,41.08969],[-96.043411,41.08969],[-96.043411,41.08969],[-96.04341,41.08969],[-96.04341,41.08969],[-96.04341,41.08969],[-96.04341,41.08969],[-96.04341,41.08969],[-96.04341,41.08969],[-96.04341,41.08969]],[[-96.04341,41.08969],[-96.04341,41.08969]],[[-96.04341,41.08969],[-96.04341,41.08969],[-96.04341,41.08969],[-96.04341,41.08969],[-96.04341,41.08969],[-96.04341,41.08969],[-96.04341,41.08969],[-96.04341,41.08969],[-96.04341,41.08969],[-96.04341,41.08969],[-96.04341,41.08969],[-96.04341,41.08969],[-96.04341,41.089689],[-96.04341,41.089689],[-96.04341,41.089689],[-96.04341,41.089689],[-96.04341,41.089689],[-96.04341,41.089689],[-96.04341,41.089689]],[[-96.04341,41.089687],[-96.04341,41.089687]],[[-96.04341,41.089687],[-96.04341,41.089687]],[[-96.04341,41.089687],[-96.04341,41.089687],[-96.04341,41.089687],[-96.04341,41.089687],[-96.04341,41.089687],[-96.04341,41.089687],[-96.04341,41.089687]],[[-96.04341,41.089687],[-96.04341,41.089687],[-96.04341,41.089687],[-96.04341,41.089687]],[[-96.04341,41.089687],[-96.04341,41.089687],[-96.04341,41.089687],[-96.04341,41.089687],[-96.04341,41.089687],[-96.04341,41.089687],[-96.04341,41.089687],[-96.04341,41.089687]],[[-96.04341,41.089687],[-96.04341,41.089687],[-96.04341,41.089687],[-96.04341,41.089687]],[[-96.04341,41.089687],[-96.04341,41.089687],[-96.04341,41.089687],[-96.04341,41.089687],[-96.04341,41.089687],[-96.04341,41.089687],[-96.04341,41.089687]],[[-96.04341,41.089687],[-96.04341,41.089687]],[[-96.043416,41.08969],[-96.043416,41.08969]],[[-96.043417,41.089689],[-96.043417,41.089688]],[[-96.043417,41.089688],[-96.043417,41.089688],[-96.043417,41.089688],[-96.043417,41.089688],[-96.043417,41.089688],[-96.043417,41.089688],[-96.043417,41.089688],[-96.043417,41.089688],[-96.043417,41.089688],[-96.043417,41.089688],[-96.043417,41.089688],[-96.043417,41.089688],[-96.043417,41.089688],[-96.043417,41.089688],[-96.043417,41.089688],[-96.043417,41.089688],[-96.043417,41.089688],[-96.043417,41.089688],[-96.043417,41.089688],[-96.043417,41.089688]],[[-96.043417,41.089688],[-96.043416,41.089688]],[[-96.043416,41.089687],[-96.043416,41.089687]],[[-96.043416,41.089688],[-96.043416,41.089688],[-96.043416,41.089688],[-96.043416,41.089688],[-96.043416,41.089688],[-96.043416,41.089688],[-96.043416,41.089688],[-96.043416,41.089688],[-96.043416,41.089688],[-96.043416,41.089688],[-96.043416,41.089688],[-96.043416,41.089688],[-96.043416,41.089688],[-96.043416,41.089688],[-96.043416,41.089688],[-96.043416,41.089688],[-96.043416,41.089687],[-96.043416,41.089687],[-96.043416,41.089687],[-96.043416,41.089687],[-96.043416,41.089687],[-96.043416,41.089687],[-96.043416,41.089687],[-96.043416,41.089687],[-96.043416,41.089687],[-96.043416,41.089687],[-96.043416,41.089687],[-96.043416,41.089687]],[[-96.043416,41.089688],[-96.043416,41.08969]],[[-96.043416,41.08969],[-96.043416,41.08969],[-96.043416,41.08969],[-96.043416,41.08969],[-96.043416,41.08969],[-96.043416,41.08969],[-96.043416,41.08969],[-96.043416,41.08969],[-96.043416,41.08969],[-96.043416,41.08969],[-96.043416,41.08969],[-96.043416,41.08969],[-96.043416,41.08969],[-96.043416,41.08969],[-96.043416,41.08969],[-96.043416,41.08969],[-96.043416,41.08969],[-96.043416,41.08969],[-96.043416,41.08969],[-96.043416,41.08969],[-96.043416,41.08969],[-96.043416,41.08969],[-96.043416,41.08969],[-96.043416,41.08969],[-96.043416,41.08969],[-96.043416,41.08969],[-96.043416,41.08969],[-96.043416,41.08969],[-96.043416,41.08969]],[[-96.043416,41.08969],[-96.043417,41.08969]],[[-96.043417,41.089689],[-96.043417,41.089689],[-96.043417,41.089689],[-96.043417,41.089689],[-96.043417,41.089689],[-96.043417,41.089689],[-96.043417,41.089689],[-96.043417,41.08969],[-96.043417,41.08969],[-96.043417,41.08969],[-96.043417,41.08969],[-96.043417,41.08969],[-96.043417,41.08969],[-96.043417,41.08969],[-96.043417,41.08969],[-96.043417,41.08969],[-96.043417,41.08969],[-96.043417,41.08969],[-96.043417,41.08969]],[[-96.043416,41.089687],[-96.043416,41.089687]],[[-96.043416,41.089687],[-96.043416,41.089687]],[[-96.043416,41.089687],[-96.043416,41.089687],[-96.043416,41.089687],[-96.043416,41.089687],[-96.043416,41.089687],[-96.043416,41.089687],[-96.043416,41.089687]],[[-96.043417,41.089687],[-96.043417,41.089687],[-96.043417,41.089687],[-96.043417,41.089687],[-96.043417,41.089687],[-96.043416,41.089687],[-96.043416,41.089687],[-96.043416,41.089687]],[[-96.043416,41.089687],[-96.043416,41.089687],[-96.043416,41.089687]],[[-96.043416,41.089687],[-96.043416,41.089687],[-96.043416,41.089687],[-96.043416,41.089687],[-96.043416,41.089687],[-96.043416,41.089687],[-96.043416,41.089687]],[[-96.043417,41.089687],[-96.043417,41.089687],[-96.043417,41.089687],[-96.043417,41.089687]],[[-96.043409,41.089689],[-96.043409,41.089689],[-96.043409,41.089689],[-96.043409,41.089689],[-96.043409,41.089689],[-96.043409,41.089689],[-96.043409,41.089689],[-96.043409,41.089689],[-96.043409,41.089689],[-96.043409,41.089689],[-96.043409,41.089689],[-96.043409,41.089689],[-96.043409,41.089689],[-96.043409,41.089689],[-96.043409,41.089689],[-96.043409,41.089689],[-96.043409,41.089689],[-96.043409,41.089689],[-96.043409,41.089689],[-96.043409,41.089689],[-96.043409,41.089689],[-96.043409,41.089689],[-96.043409,41.089689],[-96.043409,41.089689],[-96.043409,41.089689],[-96.043409,41.089689],[-96.043409,41.089689],[-96.043409,41.089689],[-96.043409,41.089689],[-96.043409,41.089689],[-96.043409,41.089689],[-96.043409,41.089689],[-96.043409,41.089689],[-96.043409,41.089689],[-96.043409,41.089689],[-96.043409,41.089689],[-96.043409,41.089689],[-96.043409,41.089689],[-96.043409,41.089689],[-96.043409,41.089689],[-96.043409,41.089689],[-96.043409,41.089689],[-96.043409,41.089689],[-96.043409,41.089689],[-96.043409,41.089689],[-96.043409,41.089689],[-96.043409,41.089689],[-96.043409,41.089689],[-96.043409,41.089689],[-96.043409,41.089689],[-96.043409,41.089689],[-96.043409,41.089689],[-96.043409,41.089689],[-96.043409,41.089689],[-96.043409,41.089689],[-96.043409,41.089689],[-96.043409,41.089689],[-96.043409,41.089689],[-96.043409,41.089689],[-96.043409,41.089689],[-96.043409,41.089689],[-96.043409,41.089689],[-96.043409,41.089689],[-96.043409,41.089689],[-96.043409,41.089689],[-96.043409,41.089689],[-96.043409,41.089689],[-96.043409,41.089689],[-96.043409,41.089689],[-96.043409,41.089689],[-96.043409,41.089689],[-96.043409,41.089689],[-96.043409,41.089689],[-96.043409,41.089689],[-96.043409,41.089689],[-96.043409,41.089689],[-96.043409,41.089689],[-96.043409,41.089689],[-96.043409,41.089689],[-96.043409,41.089689]],[[-96.043409,41.089689],[-96.043409,41.089689]],[[-96.043409,41.089689],[-96.043409,41.089689]],[[-96.043409,41.089689],[-96.043409,41.089689]],[[-96.043409,41.089689],[-96.043409,41.089689]],[[-96.043409,41.089689],[-96.043409,41.089689]],[[-96.043409,41.089689],[-96.043409,41.089689]],[[-96.043409,41.089689],[-96.043409,41.089689],[-96.043409,41.089689],[-96.043409,41.089689],[-96.043409,41.089689],[-96.043409,41.089689],[-96.043409,41.089689],[-96.043409,41.089689],[-96.043409,41.089689],[-96.043409,41.089689],[-96.043409,41.089689],[-96.043409,41.089689],[-96.043409,41.089689],[-96.043409,41.089689],[-96.043409,41.089689],[-96.043409,41.089689]],[[-96.043409,41.089689],[-96.043409,41.089689],[-96.043409,41.089689],[-96.043409,41.089689],[-96.043409,41.089689],[-96.043409,41.089689],[-96.043409,41.089689],[-96.043409,41.089689],[-96.043409,41.089689],[-96.043409,41.089689],[-96.043409,41.089689],[-96.043409,41.089689],[-96.043409,41.089689],[-96.043409,41.089689],[-96.043409,41.089689],[-96.043409,41.089689],[-96.043409,41.089689],[-96.043409,41.089689],[-96.043409,41.089689],[-96.043409,41.089689],[-96.043409,41.089689],[-96.043409,41.089689],[-96.043409,41.089689],[-96.043409,41.089689],[-96.043409,41.089689],[-96.043409,41.089689],[-96.043409,41.089689],[-96.043409,41.089689]]]}},{"type":"Feature","properties":{"type":"drawing","level":"LEVEL 1","Layer":"I-WALL","source":"LEVEL_1.dxf","SubClasses":"AcDbEntity:AcDbLine","EntityHandle":"8A5","interactive":false},"geometry":{"type":"MultiLineString","coordinates":[[[-96.043367,41.08968],[-96.043342,41.08968]]]}},{"type":"Feature","properties":{"type":"drawing","level":"LEVEL 1","Layer":"I-WALL","source":"LEVEL_1.dxf","SubClasses":"AcDbEntity:AcDbLine","EntityHandle":"8A6","interactive":false},"geometry":{"type":"MultiLineString","coordinates":[[[-96.043342,41.08968],[-96.043342,41.089681]]]}},{"type":"Feature","properties":{"type":"drawing","level":"LEVEL 1","Layer":"I-WALL","source":"LEVEL_1.dxf","SubClasses":"AcDbEntity:AcDbLine","EntityHandle":"8A7","interactive":false},"geometry":{"type":"MultiLineString","coordinates":[[[-96.043342,41.089681],[-96.043368,41.089681]]]}},{"type":"Feature","properties":{"type":"drawing","level":"LEVEL 1","Layer":"Q-CASE","source":"LEVEL_1.dxf","SubClasses":"AcDbEntity:AcDbBlockReference","EntityHandle":"8BC","interactive":false},"geometry":{"type":"MultiLineString","coordinates":[[[-96.043488,41.089625],[-96.043488,41.089634]],[[-96.043518,41.089625],[-96.043488,41.089625]],[[-96.043518,41.089634],[-96.043518,41.089625]],[[-96.043488,41.089634],[-96.043518,41.089634]],[[-96.043518,41.089634],[-96.043518,41.089634]],[[-96.043518,41.089625],[-96.043518,41.089625]],[[-96.043518,41.089625],[-96.043518,41.089634]],[[-96.043518,41.089634],[-96.043518,41.089625]],[[-96.043488,41.089634],[-96.043488,41.089634]],[[-96.043488,41.089625],[-96.043488,41.089625]],[[-96.043488,41.089625],[-96.043488,41.089634]],[[-96.043488,41.089634],[-96.043488,41.089625]],[[-96.043488,41.089634],[-96.043488,41.089634]],[[-96.043518,41.089634],[-96.043518,41.089634]],[[-96.043518,41.089634],[-96.043488,41.089634]],[[-96.043488,41.089634],[-96.043518,41.089634]],[[-96.043518,41.089625],[-96.043488,41.089625]]]}},{"type":"Feature","properties":{"type":"drawing","level":"LEVEL 1","Layer":"Q-CASE","source":"LEVEL_1.dxf","SubClasses":"AcDbEntity:AcDbBlockReference","EntityHandle":"8D1","interactive":false},"geometry":{"type":"MultiLineString","coordinates":[[[-96.043488,41.089617],[-96.043488,41.089625]],[[-96.043518,41.089617],[-96.043488,41.089617]],[[-96.043518,41.089625],[-96.043518,41.089617]],[[-96.043488,41.089625],[-96.043518,41.089625]],[[-96.043518,41.089625],[-96.043518,41.089625]],[[-96.043518,41.089617],[-96.043518,41.089617]],[[-96.043518,41.089617],[-96.043518,41.089625]],[[-96.043518,41.089625],[-96.043518,41.089617]],[[-96.043488,41.089625],[-96.043488,41.089625]],[[-96.043488,41.089617],[-96.043488,41.089617]],[[-96.043488,41.089617],[-96.043488,41.089625]],[[-96.043488,41.089625],[-96.043488,41.089617]],[[-96.043488,41.089625],[-96.043488,41.089625]],[[-96.043518,41.089625],[-96.043518,41.089625]],[[-96.043518,41.089625],[-96.043488,41.089625]],[[-96.043488,41.089625],[-96.043518,41.089625]],[[-96.043518,41.089617],[-96.043488,41.089617]]]}},{"type":"Feature","properties":{"type":"drawing","level":"LEVEL 1","Layer":"Q-CASE","source":"LEVEL_1.dxf","SubClasses":"AcDbEntity:AcDbBlockReference","EntityHandle":"8E1","interactive":false},"geometry":{"type":"MultiLineString","coordinates":[[[-96.043516,41.089659],[-96.043455,41.089659]],[[-96.043516,41.089664],[-96.043516,41.089659]],[[-96.043516,41.089664],[-96.043516,41.089664]],[[-96.043516,41.089659],[-96.043516,41.089659]],[[-96.043516,41.089659],[-96.043516,41.089664]],[[-96.043516,41.089664],[-96.043516,41.089659]],[[-96.043455,41.089664],[-96.043455,41.089664]],[[-96.043455,41.089659],[-96.043455,41.089659]],[[-96.043455,41.089664],[-96.043455,41.089659]],[[-96.043516,41.089664],[-96.043516,41.089664]],[[-96.043516,41.089664],[-96.043455,41.089664]],[[-96.043516,41.089659],[-96.043455,41.089659]]]}},{"type":"Feature","properties":{"type":"drawing","level":"LEVEL 1","Layer":"Q-CASE","source":"LEVEL_1.dxf","SubClasses":"AcDbEntity:AcDbBlockReference","EntityHandle":"8EC","interactive":false},"geometry":{"type":"MultiLineString","coordinates":[[[-96.043438,41.089614],[-96.043453,41.089614]],[[-96.043453,41.089613],[-96.043453,41.089613]],[[-96.043453,41.089608],[-96.043453,41.089613]],[[-96.043438,41.089613],[-96.043438,41.089613]],[[-96.043438,41.089613],[-96.043438,41.089608]],[[-96.043453,41.089613],[-96.043438,41.089613]],[[-96.043438,41.089614],[-96.043453,41.089614]]]}},{"type":"Feature","properties":{"type":"drawing","level":"LEVEL 1","Layer":"Q-CASE","source":"LEVEL_1.dxf","SubClasses":"AcDbEntity:AcDbBlockReference","EntityHandle":"8FA","interactive":false},"geometry":{"type":"MultiLineString","coordinates":[[[-96.04339,41.089452],[-96.04339,41.089458]],[[-96.04339,41.089458],[-96.043409,41.089458]],[[-96.043409,41.089458],[-96.043409,41.089458]],[[-96.043409,41.089452],[-96.043409,41.089458]],[[-96.04339,41.089458],[-96.04339,41.089458]],[[-96.04339,41.089452],[-96.04339,41.089458]],[[-96.04339,41.089458],[-96.04339,41.089452]],[[-96.04339,41.089458],[-96.04339,41.089458]],[[-96.043409,41.089458],[-96.04339,41.089458]],[[-96.04339,41.089458],[-96.043409,41.089458]]]}},{"type":"Feature","properties":{"type":"drawing","level":"LEVEL 1","Layer":"Q-CASE","source":"LEVEL_1.dxf","SubClasses":"AcDbEntity:AcDbBlockReference","EntityHandle":"90A","interactive":false},"geometry":{"type":"MultiLineString","coordinates":[[[-96.04337,41.08947],[-96.043351,41.08947]],[[-96.04337,41.089476],[-96.04337,41.08947]],[[-96.04337,41.089476],[-96.04337,41.089476]],[[-96.04337,41.08947],[-96.04337,41.08947]],[[-96.04337,41.08947],[-96.04337,41.089476]],[[-96.04337,41.089476],[-96.04337,41.08947]],[[-96.043351,41.089476],[-96.043351,41.089476]],[[-96.043351,41.08947],[-96.043351,41.08947]],[[-96.043351,41.089476],[-96.043351,41.08947]],[[-96.04337,41.089476],[-96.04337,41.089476]],[[-96.04337,41.089476],[-96.043351,41.089476]],[[-96.04337,41.08947],[-96.043351,41.08947]]]}},{"type":"Feature","properties":{"type":"drawing","level":"LEVEL 1","Layer":"I-FURN","source":"LEVEL_1.dxf","SubClasses":"AcDbEntity:AcDbBlockReference","EntityHandle":"9C9","interactive":false},"geometry":{"type":"MultiLineString","coordinates":[[[-96.043361,41.089467],[-96.043361,41.089467],[-96.043361,41.089467],[-96.043361,41.089467],[-96.043361,41.089467],[-96.043361,41.089467],[-96.043361,41.089468],[-96.043361,41.089468],[-96.043361,41.089468],[-96.043361,41.089468],[-96.043361,41.089468],[-96.043361,41.089468],[-96.043361,41.089468],[-96.043361,41.089468],[-96.043361,41.089468],[-96.043361,41.089468],[-96.043361,41.089468],[-96.043361,41.089468],[-96.043361,41.089468],[-96.043361,41.089468]],[[-96.043361,41.089467],[-96.043361,41.089467],[-96.043361,41.089467],[-96.043361,41.089467],[-96.043361,41.089467],[-96.043361,41.089467]],[[-96.043361,41.089468],[-96.043361,41.089468],[-96.043361,41.089468],[-96.043361,41.089468],[-96.043361,41.089468],[-96.043361,41.089468],[-96.043361,41.089468],[-96.043361,41.089468],[-96.043361,41.089468],[-96.043361,41.089468],[-96.043361,41.089468],[-96.043361,41.089468],[-96.043361,41.089468],[-96.043361,41.089468],[-96.043361,41.089468],[-96.043361,41.089468],[-96.043361,41.089468],[-96.043361,41.089468]],[[-96.043361,41.089468],[-96.043361,41.089468],[-96.043361,41.089468],[-96.043361,41.089468],[-96.043361,41.089468],[-96.043361,41.089468],[-96.043361,41.089468],[-96.043361,41.089468],[-96.043361,41.089468]],[[-96.043361,41.089468],[-96.043361,41.089468]],[[-96.043361,41.089468],[-96.043361,41.089468]],[[-96.043361,41.089471],[-96.043361,41.089471],[-96.043361,41.089471],[-96.043361,41.089471],[-96.043361,41.089471],[-96.043361,41.089471],[-96.043361,41.089471],[-96.043361,41.089471],[-96.043361,41.089471],[-96.043361,41.089471],[-96.043361,41.089471],[-96.043361,41.089471],[-96.043361,41.089471],[-96.043361,41.089471],[-96.043361,41.089471],[-96.043361,41.089471],[-96.043361,41.089471],[-96.043361,41.089471],[-96.043361,41.089471],[-96.043361,41.089471],[-96.043361,41.089471],[-96.043361,41.08947],[-96.043361,41.08947],[-96.043361,41.08947],[-96.043361,41.08947],[-96.043361,41.08947],[-96.043361,41.08947],[-96.043361,41.08947],[-96.043361,41.08947]],[[-96.043362,41.08947],[-96.043362,41.08947],[-96.043362,41.08947],[-96.043362,41.08947],[-96.043362,41.08947],[-96.043362,41.08947],[-96.043362,41.08947],[-96.043362,41.08947],[-96.043362,41.08947],[-96.043362,41.08947],[-96.043362,41.08947],[-96.043362,41.08947],[-96.043362,41.08947],[-96.043362,41.08947],[-96.043362,41.08947],[-96.043362,41.08947],[-96.043362,41.08947],[-96.043362,41.08947],[-96.043362,41.08947]],[[-96.043361,41.089468],[-96.043361,41.089468],[-96.043361,41.089468],[-96.043362,41.089468],[-96.043362,41.089468],[-96.043362,41.089468],[-96.043362,41.089468],[-96.043362,41.089468],[-96.043362,41.089468],[-96.043362,41.089469],[-96.043362,41.089469],[-96.043362,41.089469],[-96.043362,41.089469],[-96.043362,41.089469],[-96.043362,41.089469],[-96.043362,41.089469],[-96.043362,41.089469],[-96.043362,41.089469],[-96.043362,41.089469],[-96.043362,41.089469]],[[-96.043361,41.089468],[-96.043361,41.089468],[-96.043361,41.089468],[-96.043361,41.089468],[-96.043361,41.089468],[-96.043361,41.089468],[-96.043361,41.089468],[-96.043361,41.089468],[-96.043361,41.089468],[-96.043361,41.089468],[-96.043361,41.089468],[-96.043361,41.089468],[-96.043361,41.089468],[-96.043361,41.089468],[-96.043361,41.089468],[-96.043361,41.089468],[-96.043361,41.089468],[-96.043361,41.089468],[-96.043361,41.089468],[-96.043361,41.089468],[-96.043361,41.089468],[-96.043361,41.089468],[-96.043361,41.089468],[-96.043361,41.089468],[-96.043361,41.089468],[-96.043361,41.089468],[-96.043361,41.089468],[-96.043361,41.089468]],[[-96.043362,41.08947],[-96.043361,41.089471]],[[-96.043361,41.089468],[-96.043361,41.089468]],[[-96.043361,41.08947],[-96.043361,41.089468]],[[-96.043362,41.089469],[-96.043362,41.08947]],[[-96.043355,41.089468],[-96.043355,41.089468],[-96.043355,41.089468],[-96.043355,41.089468],[-96.043355,41.089468],[-96.043355,41.089468],[-96.043355,41.089468],[-96.043355,41.089468],[-96.043355,41.089468],[-96.043355,41.089468],[-96.043355,41.089468],[-96.043355,41.089468],[-96.043355,41.089468],[-96.043355,41.089468],[-96.043355,41.089467],[-96.043355,41.089467],[-96.043355,41.089467],[-96.043355,41.089467],[-96.043355,41.089467],[-96.043355,41.089467]],[[-96.043355,41.089467],[-96.043355,41.089467],[-96.043355,41.089467],[-96.043355,41.089467],[-96.043356,41.089467],[-96.043356,41.089467]],[[-96.043355,41.089468],[-96.043355,41.089468],[-96.043355,41.089468],[-96.043355,41.089468],[-96.043355,41.089468],[-96.043355,41.089468],[-96.043355,41.089468],[-96.043355,41.089468],[-96.043355,41.089468],[-96.043355,41.089468],[-96.043355,41.089468],[-96.043355,41.089468],[-96.043356,41.089468],[-96.043356,41.089468],[-96.043356,41.089468],[-96.043356,41.089468],[-96.043356,41.089468],[-96.043356,41.089468]],[[-96.043355,41.089468],[-96.043355,41.089468],[-96.043355,41.089468],[-96.043355,41.089468],[-96.043355,41.089468],[-96.043355,41.089468],[-96.043355,41.089468],[-96.043355,41.089468],[-96.043355,41.089468]],[[-96.043355,41.089468],[-96.043355,41.089468]],[[-96.043355,41.089468],[-96.043355,41.089468]],[[-96.043356,41.08947],[-96.043356,41.08947],[-96.043356,41.08947],[-96.043356,41.08947],[-96.043356,41.08947],[-96.043356,41.08947],[-96.043356,41.08947],[-96.043356,41.08947],[-96.043356,41.089471],[-96.043356,41.089471],[-96.043356,41.089471],[-96.043356,41.089471],[-96.043356,41.089471],[-96.043356,41.089471],[-96.043356,41.089471],[-96.043356,41.089471],[-96.043356,41.089471],[-96.043356,41.089471],[-96.043356,41.089471],[-96.043355,41.089471],[-96.043355,41.089471],[-96.043355,41.089471],[-96.043355,41.089471],[-96.043355,41.089471],[-96.043355,41.089471],[-96.043355,41.089471],[-96.043355,41.089471],[-96.043355,41.089471],[-96.043355,41.089471]],[[-96.043355,41.08947],[-96.043355,41.08947],[-96.043355,41.08947],[-96.043355,41.08947],[-96.043355,41.08947],[-96.043355,41.08947],[-96.043355,41.08947],[-96.043355,41.08947],[-96.043355,41.08947],[-96.043355,41.08947],[-96.043355,41.08947],[-96.043355,41.08947],[-96.043355,41.08947],[-96.043355,41.08947],[-96.043355,41.08947],[-96.043355,41.08947],[-96.043355,41.08947],[-96.043355,41.08947],[-96.043355,41.08947]],[[-96.043355,41.089469],[-96.043355,41.089469],[-96.043355,41.089469],[-96.043355,41.089469],[-96.043355,41.089469],[-96.043355,41.089469],[-96.043355,41.089469],[-96.043355,41.089469],[-96.043355,41.089469],[-96.043355,41.089469],[-96.043355,41.089469],[-96.043355,41.089468],[-96.043355,41.089468],[-96.043355,41.089468],[-96.043355,41.089468],[-96.043355,41.089468],[-96.043355,41.089468],[-96.043355,41.089468],[-96.043355,41.089468],[-96.043355,41.089468]],[[-96.043355,41.089468],[-96.043355,41.089468],[-96.043355,41.089468],[-96.043355,41.089468],[-96.043355,41.089468],[-96.043355,41.089468],[-96.043355,41.089468],[-96.043355,41.089468],[-96.043355,41.089468],[-96.043356,41.089468],[-96.043356,41.089468],[-96.043356,41.089468],[-96.043356,41.089468],[-96.043356,41.089468],[-96.043356,41.089468],[-96.043356,41.089468],[-96.043356,41.089468],[-96.043356,41.089468],[-96.043356,41.089468],[-96.043356,41.089468],[-96.043356,41.089468],[-96.043356,41.089468],[-96.043356,41.089468],[-96.043356,41.089468],[-96.043356,41.089468],[-96.043356,41.089468],[-96.043356,41.089468],[-96.043356,41.089468]],[[-96.043355,41.08947],[-96.043355,41.089471]],[[-96.043355,41.089468],[-96.043355,41.089468]],[[-96.043356,41.08947],[-96.043356,41.089468]],[[-96.043355,41.089469],[-96.043355,41.08947]],[[-96.043355,41.089472],[-96.043355,41.089472],[-96.043355,41.089472],[-96.043355,41.089472],[-96.043355,41.089472],[-96.043355,41.089472],[-96.043355,41.089472],[-96.043355,41.089472],[-96.043355,41.089472],[-96.043355,41.089472],[-96.043355,41.089472],[-96.043355,41.089472],[-96.043355,41.089472],[-96.043355,41.089472],[-96.043355,41.089472],[-96.043355,41.089472],[-96.043355,41.089472],[-96.043355,41.089472],[-96.043355,41.089472]],[[-96.043355,41.089472],[-96.043355,41.089471],[-96.043355,41.089471],[-96.043355,41.08947],[-96.043355,41.08947],[-96.043355,41.08947],[-96.043355,41.089469],[-96.043355,41.089469]],[[-96.043355,41.089469],[-96.043355,41.089469],[-96.043355,41.089469],[-96.043355,41.089468],[-96.043355,41.089468],[-96.043355,41.089468],[-96.043355,41.089468],[-96.043355,41.089468],[-96.043355,41.089468],[-96.043355,41.089468],[-96.043356,41.089468]],[[-96.043361,41.089472],[-96.043361,41.089472],[-96.043361,41.089472],[-96.043361,41.089472],[-96.043361,41.089472],[-96.043361,41.089472],[-96.043361,41.089472],[-96.043361,41.089472],[-96.043361,41.089472],[-96.043361,41.089472],[-96.043361,41.089472],[-96.043361,41.089472],[-96.043361,41.089472],[-96.043361,41.089472],[-96.043361,41.089472],[-96.043361,41.089472],[-96.043361,41.089472],[-96.043361,41.089472],[-96.043361,41.089472]],[[-96.043361,41.089472],[-96.043358,41.089472],[-96.043355,41.089472]],[[-96.043361,41.089469],[-96.043361,41.089469],[-96.043361,41.08947],[-96.043361,41.08947],[-96.043361,41.08947],[-96.043361,41.089471],[-96.043361,41.089471],[-96.043361,41.089472]],[[-96.043361,41.089468],[-96.043361,41.089468],[-96.043361,41.089468],[-96.043361,41.089468],[-96.043361,41.089468],[-96.043361,41.089468],[-96.043361,41.089468],[-96.043361,41.089468],[-96.043361,41.089469],[-96.043361,41.089469],[-96.043361,41.089469]],[[-96.043356,41.089468],[-96.043356,41.089468],[-96.043356,41.089468],[-96.043356,41.089468],[-96.043356,41.089468],[-96.043356,41.089468],[-96.043356,41.089468],[-96.043356,41.089468],[-96.043356,41.089468],[-96.043356,41.089468],[-96.043356,41.089468],[-96.043356,41.089468],[-96.043356,41.089468],[-96.043356,41.089468],[-96.043356,41.089468],[-96.043356,41.089468],[-96.043356,41.089468],[-96.043356,41.089468],[-96.043356,41.089468],[-96.043356,41.089468],[-96.043356,41.089468],[-96.043356,41.089468],[-96.043356,41.089468],[-96.043356,41.089468],[-96.043356,41.089468]],[[-96.043356,41.089467],[-96.043356,41.089467],[-96.043356,41.089467],[-96.043356,41.089467],[-96.043356,41.089467],[-96.043356,41.089467],[-96.043356,41.089467],[-96.043356,41.089467],[-96.043356,41.089467],[-96.043356,41.089467],[-96.043356,41.089467],[-96.043356,41.089467],[-96.043356,41.089467],[-96.043356,41.089467],[-96.043356,41.089467]],[[-96.043356,41.089468],[-96.043356,41.089468],[-96.043356,41.089468],[-96.043356,41.089468],[-96.043356,41.089467],[-96.043356,41.089467],[-96.043356,41.089467],[-96.043356,41.089467],[-96.043356,41.089467]],[[-96.043361,41.089468],[-96.043361,41.089468],[-96.043361,41.089468],[-96.043361,41.089468],[-96.043361,41.089468],[-96.043361,41.089468],[-96.043361,41.089468],[-96.043361,41.089468],[-96.043361,41.089468],[-96.043361,41.089468],[-96.043361,41.089468],[-96.043361,41.089468],[-96.043361,41.089468],[-96.043361,41.089468],[-96.043361,41.089468],[-96.043361,41.089468],[-96.043361,41.089468],[-96.043361,41.089468],[-96.043361,41.089468],[-96.043361,41.089468],[-96.04336,41.089468],[-96.04336,41.089468],[-96.04336,41.089468],[-96.04336,41.089468],[-96.04336,41.089468]],[[-96.04336,41.089467],[-96.04336,41.089467],[-96.04336,41.089467],[-96.04336,41.089467],[-96.04336,41.089467],[-96.04336,41.089467],[-96.04336,41.089467],[-96.04336,41.089467],[-96.04336,41.089467],[-96.04336,41.089467],[-96.04336,41.089467],[-96.04336,41.089467],[-96.04336,41.089467],[-96.04336,41.089467],[-96.04336,41.089467]],[[-96.04336,41.089467],[-96.04336,41.089467],[-96.04336,41.089467],[-96.043361,41.089467],[-96.043361,41.089467],[-96.043361,41.089467],[-96.043361,41.089468],[-96.043361,41.089468],[-96.043361,41.089468]],[[-96.043356,41.089468],[-96.043357,41.089468],[-96.043358,41.089468],[-96.043359,41.089468],[-96.04336,41.089468],[-96.04336,41.089468]],[[-96.043356,41.089467],[-96.043357,41.089467],[-96.043358,41.089467],[-96.043359,41.089466],[-96.043359,41.089467],[-96.04336,41.089467]],[[-96.043361,41.089468],[-96.043361,41.089468]],[[-96.043356,41.089468],[-96.043356,41.089468]],[[-96.043361,41.089468],[-96.043361,41.089468]],[[-96.043356,41.089468],[-96.043356,41.089468]],[[-96.043361,41.089467],[-96.043361,41.089467],[-96.043361,41.089467],[-96.043361,41.089468],[-96.043361,41.089468],[-96.043361,41.089468],[-96.043361,41.089468],[-96.043361,41.089468],[-96.043361,41.089468],[-96.043361,41.089468],[-96.043361,41.089468],[-96.043361,41.089468],[-96.043361,41.089468],[-96.043361,41.089468],[-96.043361,41.089468],[-96.043361,41.089468],[-96.043361,41.089468],[-96.043361,41.089468],[-96.043361,41.089468],[-96.043361,41.089468],[-96.043361,41.089468],[-96.043361,41.089468],[-96.043361,41.089468],[-96.043361,41.089468],[-96.043361,41.089468],[-96.043361,41.089468],[-96.043361,41.089468],[-96.043361,41.089468],[-96.043361,41.089468],[-96.043361,41.089468],[-96.043361,41.089468],[-96.043361,41.089468],[-96.043361,41.089468],[-96.043361,41.089468],[-96.043361,41.089468],[-96.043361,41.089468],[-96.043361,41.089468],[-96.043361,41.089468],[-96.043361,41.089468],[-96.043361,41.089468],[-96.043361,41.089468],[-96.043361,41.089468],[-96.043361,41.089468],[-96.043361,41.089468],[-96.043361,41.089468],[-96.043361,41.089468],[-96.043361,41.089468],[-96.043361,41.089468]],[[-96.043356,41.089468],[-96.043356,41.089468],[-96.043356,41.089468],[-96.043356,41.089468],[-96.043356,41.089468],[-96.043356,41.089468],[-96.043356,41.089468],[-96.043356,41.089468],[-96.043356,41.089468],[-96.043356,41.089468],[-96.043356,41.089468],[-96.043356,41.089468],[-96.043356,41.089468],[-96.043356,41.089468],[-96.043356,41.089468],[-96.043356,41.089468],[-96.043356,41.089468],[-96.043356,41.089468],[-96.043356,41.089468],[-96.043356,41.089468],[-96.043356,41.089468],[-96.043356,41.089468],[-96.043356,41.089468],[-96.043356,41.089468],[-96.043356,41.089468],[-96.043356,41.089468],[-96.043356,41.089468],[-96.043356,41.089468],[-96.043356,41.089468],[-96.043356,41.089468],[-96.043356,41.089468],[-96.043356,41.089468],[-96.043356,41.089468],[-96.043356,41.089468],[-96.043356,41.089468],[-96.043356,41.089468],[-96.043356,41.089468],[-96.043356,41.089468],[-96.043356,41.089468],[-96.043356,41.089468],[-96.043356,41.089468],[-96.043356,41.089468],[-96.043356,41.089468],[-96.043356,41.089467],[-96.043356,41.089467],[-96.043356,41.089467],[-96.043356,41.089467],[-96.043356,41.089467]],[[-96.043361,41.089468],[-96.043361,41.089468],[-96.043361,41.089468],[-96.043361,41.089468],[-96.043361,41.089468],[-96.043361,41.089468],[-96.043361,41.089468],[-96.043361,41.089468],[-96.043361,41.089468],[-96.043361,41.089468],[-96.043361,41.089468],[-96.043361,41.089468],[-96.043361,41.089468],[-96.043361,41.089468],[-96.043361,41.089468],[-96.043361,41.089468],[-96.043361,41.089468],[-96.043361,41.089468],[-96.043361,41.089468],[-96.043361,41.089468],[-96.043361,41.089468],[-96.043361,41.089468],[-96.043361,41.089468],[-96.043361,41.089468],[-96.043361,41.089468],[-96.043361,41.089468],[-96.043361,41.089468],[-96.043361,41.089468],[-96.043361,41.089468],[-96.043361,41.089468],[-96.043361,41.089468],[-96.043361,41.089468],[-96.043361,41.089468],[-96.043361,41.089468],[-96.043361,41.089468],[-96.043361,41.089468],[-96.043361,41.089468],[-96.043361,41.089468],[-96.043361,41.089468],[-96.043361,41.089468]],[[-96.043361,41.089468],[-96.043361,41.089468],[-96.043361,41.089468],[-96.043361,41.089468],[-96.043361,41.089468],[-96.043361,41.089468],[-96.043361,41.089468],[-96.043361,41.089468],[-96.043361,41.089468],[-96.043361,41.089468],[-96.043361,41.089468],[-96.043361,41.089468],[-96.043361,41.089468],[-96.043361,41.089468],[-96.043361,41.089468],[-96.043361,41.089468],[-96.043361,41.089468],[-96.043361,41.089468],[-96.043361,41.089468],[-96.043361,41.089468],[-96.043361,41.089468],[-96.043361,41.089468],[-96.043361,41.089468],[-96.043361,41.089468],[-96.043361,41.089468],[-96.043361,41.089468],[-96.043361,41.089468],[-96.043361,41.089468],[-96.043361,41.089468],[-96.043361,41.089468],[-96.043361,41.089468],[-96.043361,41.089468]],[[-96.043356,41.089468],[-96.043356,41.089468],[-96.043356,41.089468],[-96.043356,41.089468],[-96.043356,41.089468],[-96.043356,41.089468],[-96.043356,41.089468],[-96.043356,41.089468],[-96.043356,41.089468],[-96.043356,41.089468],[-96.043356,41.089468],[-96.043356,41.089468],[-96.043356,41.089468],[-96.043356,41.089468],[-96.043356,41.089468],[-96.043356,41.089468],[-96.043356,41.089468],[-96.043356,41.089468],[-96.043356,41.089468],[-96.043356,41.089468],[-96.043356,41.089468],[-96.043356,41.089468],[-96.043356,41.089468],[-96.043356,41.089468],[-96.043356,41.089468],[-96.043356,41.089468],[-96.043356,41.089468],[-96.043356,41.089468],[-96.043356,41.089468],[-96.043356,41.089468],[-96.043356,41.089468],[-96.043356,41.089468]],[[-96.043356,41.089468],[-96.043356,41.089468],[-96.043356,41.089468],[-96.043356,41.089468],[-96.043356,41.089468],[-96.043356,41.089468],[-96.043356,41.089468],[-96.043356,41.089468],[-96.043356,41.089468],[-96.043356,41.089468],[-96.043356,41.089468],[-96.043356,41.089468],[-96.043356,41.089468],[-96.043356,41.089468],[-96.043356,41.089468],[-96.043356,41.089468],[-96.043356,41.089468],[-96.043356,41.089468],[-96.043356,41.089468],[-96.043356,41.089468],[-96.043356,41.089468],[-96.043356,41.089468],[-96.043356,41.089468],[-96.043356,41.089468],[-96.043356,41.089468],[-96.043356,41.089468],[-96.043356,41.089468],[-96.043356,41.089468],[-96.043356,41.089468],[-96.043356,41.089468],[-96.043356,41.089468],[-96.043356,41.089468],[-96.043356,41.089468],[-96.043356,41.089468],[-96.043356,41.089468],[-96.043356,41.089468],[-96.043356,41.089468],[-96.043356,41.089468],[-96.043356,41.089468],[-96.043356,41.089468]],[[-96.043361,41.089468],[-96.043361,41.089468],[-96.043361,41.089468],[-96.043361,41.089468],[-96.043361,41.089468],[-96.043361,41.089468],[-96.043361,41.089468],[-96.043361,41.089468],[-96.043361,41.089468],[-96.043361,41.089468],[-96.043361,41.089468],[-96.043361,41.089468],[-96.043361,41.089468],[-96.043361,41.089468],[-96.043361,41.089468],[-96.043361,41.089468],[-96.043361,41.089468],[-96.043361,41.089468],[-96.043361,41.089468],[-96.043361,41.089468],[-96.043361,41.089468],[-96.043361,41.089468],[-96.043361,41.089468],[-96.043361,41.089468],[-96.043361,41.089468],[-96.043361,41.089468],[-96.043361,41.089468],[-96.043361,41.089468],[-96.043361,41.089468],[-96.043361,41.089468],[-96.043361,41.089468],[-96.043361,41.089468]],[[-96.043361,41.089468],[-96.043361,41.089468],[-96.043361,41.089468],[-96.043361,41.089468],[-96.043361,41.089468],[-96.043361,41.089468],[-96.043361,41.089468],[-96.043361,41.089468],[-96.043361,41.089468],[-96.043361,41.089468],[-96.043361,41.089468],[-96.043361,41.089468],[-96.043361,41.089468],[-96.043361,41.089468],[-96.043361,41.089468],[-96.043361,41.089468],[-96.043361,41.089468],[-96.043361,41.089468],[-96.043361,41.089468],[-96.043361,41.089468],[-96.043361,41.089468],[-96.043361,41.089468],[-96.043361,41.089468],[-96.043361,41.089468],[-96.043361,41.089468],[-96.043361,41.089468],[-96.043361,41.089468],[-96.043361,41.089468],[-96.043361,41.089468],[-96.043361,41.089468],[-96.043361,41.089468],[-96.043361,41.089468],[-96.043361,41.089468],[-96.043361,41.089468],[-96.043361,41.089468],[-96.043361,41.089468],[-96.043361,41.089468],[-96.043361,41.089468],[-96.043361,41.089468],[-96.043361,41.089468]],[[-96.043356,41.089468],[-96.043356,41.089468],[-96.043356,41.089468],[-96.043356,41.089468],[-96.043356,41.089468],[-96.043356,41.089468],[-96.043356,41.089468],[-96.043356,41.089468],[-96.043356,41.089468],[-96.043356,41.089468],[-96.043356,41.089468],[-96.043356,41.089468],[-96.043356,41.089468],[-96.043356,41.089468],[-96.043356,41.089468],[-96.043356,41.089468],[-96.043356,41.089468],[-96.043356,41.089468],[-96.043356,41.089468],[-96.043356,41.089468],[-96.043356,41.089468],[-96.043356,41.089468],[-96.043356,41.089468],[-96.043356,41.089468],[-96.043356,41.089468],[-96.043356,41.089468],[-96.043356,41.089468],[-96.043356,41.089468],[-96.043356,41.089468],[-96.043356,41.089468],[-96.043356,41.089468],[-96.043356,41.089468],[-96.043356,41.089468],[-96.043356,41.089468],[-96.043356,41.089468],[-96.043356,41.089468],[-96.043356,41.089468],[-96.043356,41.089468],[-96.043356,41.089468],[-96.043356,41.089468]],[[-96.043356,41.089468],[-96.043356,41.089468],[-96.043356,41.089468],[-96.043356,41.089468],[-96.043356,41.089468],[-96.043356,41.089468],[-96.043356,41.089468],[-96.043356,41.089468],[-96.043356,41.089468],[-96.043356,41.089468],[-96.043356,41.089468],[-96.043356,41.089468],[-96.043356,41.089468],[-96.043356,41.089468],[-96.043356,41.089468],[-96.043356,41.089468],[-96.043356,41.089468],[-96.043356,41.089468],[-96.043356,41.089468],[-96.043356,41.089468],[-96.043356,41.089468],[-96.043356,41.089468],[-96.043356,41.089468],[-96.043356,41.089468],[-96.043356,41.089468],[-96.043356,41.089468],[-96.043356,41.089468],[-96.043356,41.089468],[-96.043356,41.089468],[-96.043356,41.089468],[-96.043356,41.089468],[-96.043356,41.089468]],[[-96.043361,41.089468],[-96.043361,41.089468],[-96.043361,41.089468],[-96.043361,41.089468],[-96.043361,41.089468],[-96.043361,41.089468],[-96.043361,41.089468],[-96.043361,41.089468],[-96.043361,41.089468],[-96.043361,41.089468],[-96.043361,41.089468],[-96.043361,41.089468],[-96.043361,41.089468],[-96.043361,41.089468],[-96.043361,41.089468],[-96.043361,41.089468],[-96.043361,41.089468],[-96.043361,41.089468],[-96.043361,41.089468],[-96.043361,41.089468],[-96.043361,41.089468],[-96.043361,41.089468],[-96.043361,41.089468],[-96.043361,41.089468],[-96.043361,41.089468],[-96.043361,41.089468],[-96.043361,41.089468],[-96.043361,41.089468],[-96.043361,41.089468],[-96.043361,41.089468],[-96.043361,41.089468],[-96.043361,41.089468],[-96.043361,41.089468],[-96.043361,41.089468],[-96.043361,41.089468],[-96.043361,41.089468],[-96.043361,41.089468],[-96.043361,41.089468],[-96.043361,41.089468],[-96.043361,41.089468],[-96.043361,41.089468],[-96.043361,41.089468],[-96.043361,41.089468],[-96.043361,41.089468],[-96.043361,41.089468],[-96.043361,41.089468],[-96.043361,41.089468],[-96.043361,41.089468]],[[-96.043356,41.089468],[-96.043356,41.089468],[-96.043356,41.089468],[-96.043356,41.089468],[-96.043356,41.089468],[-96.043356,41.089468],[-96.043356,41.089468],[-96.043356,41.089468],[-96.043356,41.089468],[-96.043356,41.089468],[-96.043356,41.089468],[-96.043356,41.089468],[-96.043356,41.089468],[-96.043356,41.089468],[-96.043356,41.089468],[-96.043356,41.089468],[-96.043356,41.089468],[-96.043356,41.089468],[-96.043356,41.089468],[-96.043356,41.089468],[-96.043356,41.089468],[-96.043356,41.089468],[-96.043356,41.089468],[-96.043356,41.089468],[-96.043356,41.089468],[-96.043356,41.089468],[-96.043356,41.089468],[-96.043356,41.089468],[-96.043356,41.089468],[-96.043356,41.089468],[-96.043356,41.089468],[-96.043356,41.089468],[-96.043356,41.089468],[-96.043356,41.089468],[-96.043356,41.089468],[-96.043356,41.089468],[-96.043356,41.089468],[-96.043356,41.089468],[-96.043356,41.089468],[-96.043356,41.089468],[-96.043356,41.089468],[-96.043356,41.089468],[-96.043356,41.089468],[-96.043356,41.089468],[-96.043356,41.089468],[-96.043356,41.089468],[-96.043356,41.089468],[-96.043356,41.089468]],[[-96.043361,41.089468],[-96.043361,41.089468],[-96.043361,41.089468],[-96.043361,41.089467],[-96.043361,41.089467],[-96.043361,41.089467],[-96.043361,41.089467],[-96.043361,41.089467],[-96.04336,41.089467],[-96.04336,41.089467],[-96.04336,41.089467],[-96.04336,41.089467],[-96.04336,41.089467],[-96.04336,41.089467],[-96.04336,41.089467],[-96.04336,41.089467],[-96.04336,41.089467],[-96.04336,41.089467],[-96.04336,41.089467],[-96.04336,41.089467],[-96.04336,41.089467],[-96.04336,41.089467],[-96.04336,41.089467],[-96.04336,41.089467],[-96.04336,41.089467],[-96.04336,41.089467],[-96.04336,41.089467],[-96.04336,41.089467],[-96.04336,41.089467],[-96.04336,41.089467],[-96.04336,41.089467],[-96.04336,41.089467],[-96.04336,41.089467],[-96.04336,41.089467],[-96.04336,41.089467],[-96.04336,41.089467],[-96.04336,41.089467],[-96.04336,41.089467],[-96.04336,41.089467],[-96.04336,41.089467],[-96.04336,41.089467],[-96.04336,41.089467],[-96.04336,41.089467],[-96.04336,41.089467],[-96.04336,41.089467],[-96.04336,41.089467],[-96.04336,41.089467],[-96.04336,41.089467],[-96.04336,41.089467],[-96.04336,41.089467],[-96.04336,41.089467],[-96.04336,41.089467],[-96.04336,41.089467],[-96.04336,41.089467],[-96.04336,41.089467],[-96.04336,41.089467]],[[-96.04336,41.089467],[-96.04336,41.089467],[-96.04336,41.089467],[-96.04336,41.089467],[-96.04336,41.089467],[-96.04336,41.089467],[-96.04336,41.089467],[-96.04336,41.089467],[-96.04336,41.089467],[-96.04336,41.089467],[-96.04336,41.089467],[-96.04336,41.089467],[-96.04336,41.089467],[-96.04336,41.089467],[-96.04336,41.089467],[-96.04336,41.089467],[-96.04336,41.089467],[-96.04336,41.089467],[-96.04336,41.089467],[-96.04336,41.089467],[-96.04336,41.089467],[-96.04336,41.089467],[-96.04336,41.089467],[-96.04336,41.089467],[-96.04336,41.089467],[-96.04336,41.089467],[-96.04336,41.089467],[-96.04336,41.089467],[-96.04336,41.089467],[-96.04336,41.089467],[-96.04336,41.089467],[-96.04336,41.089467]],[[-96.043356,41.089467],[-96.043356,41.089467],[-96.043356,41.089467],[-96.043356,41.089467],[-96.043356,41.089467],[-96.043356,41.089467],[-96.043356,41.089467],[-96.043356,41.089467],[-96.043356,41.089467],[-96.043356,41.089467],[-96.043356,41.089467],[-96.043356,41.089467],[-96.043356,41.089467],[-96.043356,41.089467],[-96.043356,41.089467],[-96.043356,41.089467],[-96.043356,41.089467],[-96.043356,41.089467],[-96.043356,41.089467],[-96.043356,41.089467],[-96.043356,41.089467],[-96.043356,41.089467],[-96.043356,41.089467],[-96.043356,41.089467],[-96.043356,41.089467],[-96.043356,41.089467],[-96.043356,41.089467],[-96.043356,41.089467],[-96.043356,41.089467],[-96.043356,41.089467],[-96.043356,41.089467],[-96.043356,41.089467],[-96.043356,41.089467],[-96.043356,41.089467],[-96.043356,41.089467],[-96.043356,41.089467],[-96.043356,41.089467],[-96.043356,41.089467],[-96.043356,41.089467],[-96.043356,41.089467]],[[-96.043356,41.089467],[-96.043356,41.089467],[-96.043356,41.089467],[-96.043356,41.089467],[-96.043356,41.089467],[-96.043356,41.089467],[-96.043356,41.089467],[-96.043356,41.089467],[-96.043356,41.089467],[-96.043356,41.089467],[-96.043356,41.089467],[-96.043356,41.089467],[-96.043356,41.089467],[-96.043356,41.089467],[-96.043356,41.089467],[-96.043356,41.089467],[-96.043356,41.089467],[-96.043356,41.089467],[-96.043356,41.089467],[-96.043356,41.089467],[-96.043356,41.089467],[-96.043356,41.089467],[-96.043356,41.089467],[-96.043356,41.089467],[-96.043356,41.089467],[-96.043356,41.089467],[-96.043356,41.089467],[-96.043356,41.089467],[-96.043356,41.089467],[-96.043356,41.089467],[-96.043356,41.089467],[-96.043356,41.089467],[-96.043356,41.089467],[-96.043356,41.089467],[-96.043356,41.089467],[-96.043356,41.089467],[-96.043356,41.089467],[-96.043356,41.089467],[-96.043356,41.089467],[-96.043356,41.089467],[-96.043356,41.089467],[-96.043356,41.089467],[-96.043356,41.089467],[-96.043356,41.089467],[-96.043356,41.089467],[-96.043356,41.089467],[-96.043356,41.089467],[-96.043356,41.089467],[-96.043356,41.089467],[-96.043356,41.089467],[-96.043356,41.089467],[-96.043356,41.089467],[-96.043356,41.089467],[-96.043356,41.089467],[-96.043356,41.089468],[-96.043356,41.089468]],[[-96.043356,41.089467],[-96.043356,41.089467],[-96.043356,41.089467],[-96.043356,41.089467],[-96.043356,41.089467],[-96.043356,41.089467],[-96.043356,41.089467],[-96.043356,41.089467],[-96.043356,41.089467],[-96.043356,41.089467],[-96.043356,41.089467],[-96.043356,41.089467],[-96.043356,41.089467],[-96.043356,41.089467],[-96.043356,41.089467],[-96.043356,41.089467],[-96.043356,41.089467],[-96.043356,41.089467],[-96.043356,41.089467],[-96.043356,41.089467],[-96.043356,41.089467],[-96.043356,41.089467],[-96.043356,41.089467],[-96.043356,41.089467],[-96.043356,41.089467],[-96.043356,41.089467],[-96.043356,41.089467],[-96.043356,41.089467],[-96.043356,41.089467],[-96.043356,41.089467],[-96.043356,41.089467],[-96.043356,41.089467],[-96.043356,41.089467],[-96.043356,41.089467],[-96.043356,41.089467],[-96.043356,41.089467],[-96.043356,41.089467],[-96.043356,41.089467],[-96.043356,41.089467],[-96.043356,41.089467]],[[-96.043356,41.089467],[-96.043356,41.089467],[-96.043356,41.089467],[-96.043356,41.089467],[-96.043356,41.089467],[-96.043356,41.089467],[-96.043356,41.089467],[-96.043356,41.089467],[-96.043356,41.089467],[-96.043356,41.089467],[-96.043356,41.089467],[-96.043356,41.089467],[-96.043356,41.089467],[-96.043356,41.089467],[-96.043356,41.089467],[-96.043356,41.089467],[-96.043356,41.089467],[-96.043356,41.089467],[-96.043356,41.089467],[-96.043356,41.089467],[-96.043356,41.089467],[-96.043356,41.089467],[-96.043356,41.089467],[-96.043356,41.089467],[-96.043356,41.089467],[-96.043356,41.089467],[-96.043356,41.089467],[-96.043356,41.089467],[-96.043356,41.089467],[-96.043356,41.089467],[-96.043356,41.089467],[-96.043356,41.089467],[-96.043356,41.089467],[-96.043356,41.089467],[-96.043356,41.089467],[-96.043356,41.089467],[-96.043356,41.089467],[-96.043356,41.089467],[-96.043356,41.089467],[-96.043356,41.089467]],[[-96.043356,41.089467],[-96.043356,41.089467],[-96.043356,41.089467],[-96.043356,41.089467],[-96.043356,41.089467],[-96.043356,41.089467],[-96.043356,41.089467],[-96.043356,41.089467],[-96.043356,41.089467],[-96.043356,41.089467],[-96.043356,41.089467],[-96.043356,41.089467],[-96.043356,41.089467],[-96.043356,41.089467],[-96.043356,41.089467],[-96.043356,41.089467],[-96.043356,41.089467],[-96.043356,41.089467],[-96.043356,41.089467],[-96.043356,41.089467],[-96.043356,41.089467],[-96.043356,41.089467],[-96.043356,41.089467],[-96.043356,41.089467],[-96.043356,41.089467],[-96.043356,41.089467],[-96.043356,41.089467],[-96.043356,41.089467],[-96.043356,41.089467],[-96.043356,41.089467],[-96.043356,41.089467],[-96.043356,41.089467]],[[-96.043356,41.089467],[-96.043356,41.089467],[-96.043356,41.089467],[-96.043356,41.089467],[-96.043356,41.089467],[-96.043356,41.089467],[-96.043356,41.089467],[-96.043356,41.089467],[-96.043356,41.089467],[-96.043356,41.089467],[-96.043356,41.089467],[-96.043356,41.089467],[-96.043356,41.089467],[-96.043356,41.089467],[-96.043356,41.089467],[-96.043356,41.089467],[-96.043356,41.089467],[-96.043356,41.089467],[-96.043356,41.089467],[-96.043356,41.089467],[-96.043356,41.089467],[-96.043356,41.089467],[-96.043356,41.089467],[-96.043356,41.089467],[-96.043356,41.089467],[-96.043356,41.089467],[-96.043356,41.089467],[-96.043356,41.089467],[-96.043356,41.089467],[-96.043356,41.089467],[-96.043356,41.089467],[-96.043356,41.089467]],[[-96.043356,41.089467],[-96.043356,41.089467],[-96.043356,41.089467],[-96.043356,41.089467],[-96.043356,41.089467],[-96.043356,41.089467],[-96.043356,41.089467],[-96.043356,41.089467],[-96.043356,41.089467],[-96.043356,41.089467],[-96.043356,41.089467],[-96.043356,41.089467],[-96.043356,41.089467],[-96.043356,41.089467],[-96.043356,41.089467],[-96.043356,41.089467],[-96.043356,41.089467],[-96.043356,41.089467],[-96.043356,41.089467],[-96.043356,41.089467],[-96.043356,41.089467],[-96.043356,41.089467],[-96.043356,41.089467],[-96.043356,41.089467],[-96.043356,41.089467],[-96.043356,41.089467],[-96.043356,41.089467],[-96.043356,41.089467],[-96.043356,41.089467],[-96.043356,41.089467],[-96.043356,41.089467],[-96.043356,41.089467],[-96.043356,41.089467],[-96.043356,41.089467],[-96.043356,41.089467],[-96.043356,41.089467],[-96.043356,41.089467],[-96.043356,41.089467],[-96.043356,41.089467],[-96.043356,41.089467]],[[-96.04336,41.089467],[-96.04336,41.089467],[-96.04336,41.089467],[-96.04336,41.089467],[-96.04336,41.089467],[-96.04336,41.089467],[-96.04336,41.089467],[-96.04336,41.089467],[-96.04336,41.089467],[-96.04336,41.089467],[-96.04336,41.089467],[-96.04336,41.089467],[-96.04336,41.089467],[-96.04336,41.089467],[-96.04336,41.089467],[-96.04336,41.089467],[-96.04336,41.089467],[-96.04336,41.089467],[-96.04336,41.089467],[-96.04336,41.089467],[-96.04336,41.089467],[-96.04336,41.089467],[-96.04336,41.089467],[-96.04336,41.089467],[-96.04336,41.089467],[-96.04336,41.089467],[-96.04336,41.089467],[-96.04336,41.089467],[-96.04336,41.089467],[-96.04336,41.089467],[-96.04336,41.089467],[-96.04336,41.089467],[-96.04336,41.089467],[-96.04336,41.089467],[-96.04336,41.089467],[-96.04336,41.089467],[-96.04336,41.089467],[-96.04336,41.089467],[-96.04336,41.089467],[-96.04336,41.089467]],[[-96.04336,41.089467],[-96.04336,41.089467],[-96.04336,41.089467],[-96.04336,41.089467],[-96.04336,41.089467],[-96.04336,41.089467],[-96.04336,41.089467],[-96.04336,41.089467],[-96.04336,41.089467],[-96.04336,41.089467],[-96.04336,41.089467],[-96.04336,41.089467],[-96.04336,41.089467],[-96.04336,41.089467],[-96.04336,41.089467],[-96.04336,41.089467],[-96.04336,41.089467],[-96.04336,41.089467],[-96.04336,41.089467],[-96.04336,41.089467],[-96.04336,41.089467],[-96.04336,41.089467],[-96.04336,41.089467],[-96.04336,41.089467],[-96.04336,41.089467],[-96.04336,41.089467],[-96.04336,41.089467],[-96.04336,41.089467],[-96.04336,41.089467],[-96.04336,41.089467],[-96.04336,41.089467],[-96.04336,41.089467],[-96.04336,41.089467],[-96.04336,41.089467],[-96.04336,41.089467],[-96.04336,41.089467],[-96.04336,41.089467],[-96.04336,41.089467],[-96.04336,41.089467],[-96.04336,41.089467],[-96.04336,41.089467],[-96.04336,41.089467],[-96.04336,41.089467],[-96.04336,41.089467],[-96.04336,41.089467],[-96.04336,41.089467],[-96.04336,41.089467],[-96.04336,41.089467],[-96.043361,41.089467],[-96.043361,41.089467],[-96.043361,41.089467],[-96.043361,41.089467],[-96.043361,41.089467],[-96.043361,41.089467],[-96.043361,41.089467],[-96.043361,41.089467]],[[-96.043356,41.089468],[-96.043356,41.089468],[-96.043357,41.089468],[-96.043358,41.089468],[-96.043358,41.089468],[-96.043359,41.089468],[-96.04336,41.089468],[-96.04336,41.089468],[-96.043361,41.089468]],[[-96.04336,41.089467],[-96.043359,41.089467],[-96.043359,41.089467],[-96.043358,41.089467],[-96.043357,41.089467],[-96.043356,41.089467],[-96.043356,41.089467]],[[-96.04336,41.089467],[-96.043359,41.089467],[-96.043359,41.089467],[-96.043358,41.089467],[-96.043357,41.089467],[-96.043356,41.089467],[-96.043356,41.089467]],[[-96.043361,41.089468],[-96.043361,41.089468]],[[-96.043356,41.089468],[-96.043356,41.089468]],[[-96.04336,41.089467],[-96.04336,41.089467],[-96.04336,41.089467],[-96.04336,41.089467],[-96.04336,41.089467],[-96.04336,41.089467],[-96.04336,41.089467],[-96.04336,41.089467],[-96.04336,41.089467],[-96.04336,41.089467],[-96.04336,41.089467],[-96.04336,41.089467],[-96.04336,41.089467],[-96.04336,41.089467],[-96.04336,41.089467],[-96.04336,41.089467],[-96.04336,41.089467],[-96.04336,41.089467],[-96.04336,41.089467],[-96.04336,41.089467],[-96.04336,41.089467],[-96.04336,41.089467],[-96.04336,41.089467],[-96.04336,41.089467],[-96.04336,41.089467],[-96.04336,41.089467],[-96.04336,41.089467],[-96.04336,41.089467],[-96.04336,41.089467],[-96.04336,41.089467],[-96.04336,41.089467],[-96.04336,41.089467],[-96.04336,41.089467],[-96.04336,41.089467],[-96.04336,41.089467],[-96.04336,41.089467],[-96.04336,41.089467],[-96.04336,41.089467],[-96.04336,41.089467],[-96.04336,41.089467],[-96.04336,41.089467],[-96.04336,41.089467],[-96.04336,41.089467],[-96.04336,41.089467],[-96.04336,41.089467],[-96.04336,41.089467],[-96.04336,41.089467],[-96.04336,41.089467]],[[-96.043356,41.089467],[-96.043356,41.089467],[-96.043356,41.089467],[-96.043356,41.089467],[-96.043356,41.089467],[-96.043356,41.089467],[-96.043356,41.089467],[-96.043356,41.089467],[-96.043356,41.089467],[-96.043356,41.089467],[-96.043356,41.089467],[-96.043356,41.089467],[-96.043356,41.089467],[-96.043356,41.089467],[-96.043356,41.089467],[-96.043356,41.089467],[-96.043356,41.089467],[-96.043356,41.089467],[-96.043356,41.089467],[-96.043356,41.089467],[-96.043356,41.089467],[-96.043356,41.089467],[-96.043356,41.089467],[-96.043356,41.089467],[-96.043356,41.089467],[-96.043356,41.089467],[-96.043356,41.089467],[-96.043356,41.089467],[-96.043356,41.089467],[-96.043356,41.089467],[-96.043356,41.089467],[-96.043356,41.089467],[-96.043356,41.089467],[-96.043356,41.089467],[-96.043356,41.089467],[-96.043356,41.089467],[-96.043356,41.089467],[-96.043356,41.089467],[-96.043356,41.089467],[-96.043356,41.089467]],[[-96.043356,41.089467],[-96.043356,41.089467],[-96.043356,41.089467],[-96.043356,41.089467],[-96.043356,41.089467],[-96.043356,41.089467],[-96.043356,41.089467],[-96.043356,41.089467],[-96.043356,41.089467],[-96.043356,41.089467],[-96.043356,41.089467],[-96.043356,41.089467],[-96.043356,41.089467],[-96.043356,41.089467],[-96.043356,41.089467],[-96.043356,41.089467],[-96.043356,41.089467],[-96.043356,41.089467],[-96.043356,41.089467],[-96.043356,41.089467],[-96.043356,41.089467],[-96.043356,41.089467],[-96.043356,41.089467],[-96.043356,41.089467],[-96.043356,41.089467],[-96.043356,41.089467],[-96.043356,41.089467],[-96.043356,41.089467],[-96.043356,41.089467],[-96.043356,41.089467],[-96.043356,41.089467],[-96.043356,41.089467],[-96.043356,41.089467],[-96.043356,41.089467],[-96.043356,41.089467],[-96.043356,41.089467],[-96.043356,41.089467],[-96.043356,41.089467],[-96.043356,41.089467],[-96.043356,41.089467]],[[-96.043356,41.089467],[-96.043356,41.089467],[-96.043356,41.089467],[-96.043356,41.089467],[-96.043356,41.089467],[-96.043356,41.089467],[-96.043356,41.089467],[-96.043356,41.089467],[-96.043356,41.089467],[-96.043356,41.089467],[-96.043356,41.089467],[-96.043356,41.089467],[-96.043356,41.089467],[-96.043356,41.089467],[-96.043356,41.089467],[-96.043356,41.089467],[-96.043356,41.089467],[-96.043356,41.089467],[-96.043356,41.089467],[-96.043356,41.089467],[-96.043356,41.089467],[-96.043356,41.089467],[-96.043356,41.089467],[-96.043356,41.089467],[-96.043356,41.089467],[-96.043356,41.089467],[-96.043356,41.089467],[-96.043356,41.089467],[-96.043356,41.089467],[-96.043356,41.089467],[-96.043356,41.089467],[-96.043356,41.089467]],[[-96.04336,41.089467],[-96.04336,41.089467],[-96.04336,41.089467],[-96.04336,41.089467],[-96.04336,41.089467],[-96.04336,41.089467],[-96.04336,41.089467],[-96.04336,41.089467],[-96.04336,41.089467],[-96.04336,41.089467],[-96.04336,41.089467],[-96.04336,41.089467],[-96.04336,41.089467],[-96.04336,41.089467],[-96.04336,41.089467],[-96.04336,41.089467],[-96.04336,41.089467],[-96.04336,41.089467],[-96.04336,41.089467],[-96.04336,41.089467],[-96.04336,41.089467],[-96.04336,41.089467],[-96.04336,41.089467],[-96.04336,41.089467],[-96.04336,41.089467],[-96.04336,41.089467],[-96.04336,41.089467],[-96.04336,41.089467],[-96.04336,41.089467],[-96.04336,41.089467],[-96.04336,41.089467],[-96.04336,41.089467],[-96.04336,41.089467],[-96.04336,41.089467],[-96.04336,41.089467],[-96.04336,41.089467],[-96.04336,41.089467],[-96.04336,41.089467],[-96.04336,41.089467],[-96.04336,41.089467]],[[-96.043356,41.089467],[-96.043356,41.089467],[-96.043356,41.089467],[-96.043356,41.089467],[-96.043356,41.089467],[-96.043356,41.089467],[-96.043356,41.089467],[-96.043356,41.089467],[-96.043356,41.089467],[-96.043356,41.089467],[-96.043356,41.089467],[-96.043356,41.089467],[-96.043356,41.089467],[-96.043356,41.089467],[-96.043356,41.089467],[-96.043356,41.089467],[-96.043356,41.089467],[-96.043356,41.089467],[-96.043356,41.089467],[-96.043356,41.089467],[-96.043356,41.089467],[-96.043356,41.089467],[-96.043356,41.089467],[-96.043356,41.089467],[-96.043356,41.089467],[-96.043356,41.089467],[-96.043356,41.089467],[-96.043356,41.089467],[-96.043356,41.089467],[-96.043356,41.089467],[-96.043356,41.089467],[-96.043356,41.089467],[-96.043356,41.089467],[-96.043356,41.089467],[-96.043356,41.089467],[-96.043356,41.089467],[-96.043356,41.089467],[-96.043356,41.089467],[-96.043356,41.089467],[-96.043356,41.089467]],[[-96.04336,41.089467],[-96.04336,41.089467]],[[-96.043356,41.089467],[-96.043356,41.089467]],[[-96.04336,41.089467],[-96.04336,41.089467]],[[-96.043356,41.089467],[-96.043356,41.089467]],[[-96.04336,41.089467],[-96.04336,41.089467],[-96.04336,41.089467],[-96.04336,41.089467],[-96.04336,41.089467],[-96.04336,41.089467],[-96.04336,41.089467],[-96.04336,41.089467],[-96.04336,41.089467],[-96.04336,41.089467],[-96.04336,41.089467],[-96.04336,41.089467],[-96.04336,41.089467],[-96.04336,41.089467],[-96.04336,41.089467],[-96.04336,41.089467],[-96.04336,41.089467],[-96.04336,41.089467],[-96.04336,41.089467],[-96.04336,41.089467],[-96.04336,41.089467],[-96.04336,41.089467],[-96.04336,41.089467],[-96.04336,41.089467],[-96.04336,41.089467],[-96.04336,41.089467],[-96.04336,41.089467],[-96.04336,41.089467],[-96.04336,41.089467],[-96.04336,41.089467],[-96.04336,41.089467],[-96.04336,41.089467],[-96.04336,41.089467],[-96.04336,41.089467],[-96.04336,41.089467],[-96.04336,41.089467],[-96.04336,41.089467],[-96.04336,41.089467],[-96.04336,41.089467],[-96.04336,41.089467],[-96.04336,41.089467],[-96.04336,41.089467],[-96.04336,41.089467],[-96.04336,41.089467],[-96.04336,41.089467],[-96.04336,41.089467],[-96.04336,41.089467],[-96.04336,41.089467],[-96.04336,41.089467],[-96.04336,41.089467],[-96.04336,41.089467],[-96.04336,41.089467],[-96.04336,41.089467],[-96.04336,41.089467],[-96.04336,41.089467],[-96.04336,41.089467],[-96.04336,41.089467],[-96.04336,41.089467],[-96.04336,41.089467],[-96.04336,41.089467],[-96.04336,41.089467],[-96.04336,41.089467],[-96.04336,41.089467],[-96.04336,41.089467],[-96.04336,41.089467],[-96.04336,41.089467],[-96.04336,41.089467],[-96.04336,41.089467],[-96.04336,41.089467],[-96.04336,41.089467],[-96.04336,41.089467],[-96.04336,41.089467]],[[-96.043356,41.089467],[-96.043356,41.089467],[-96.043356,41.089467],[-96.043356,41.089467],[-96.043356,41.089467],[-96.043356,41.089467],[-96.043356,41.089467],[-96.043356,41.089467],[-96.043356,41.089467],[-96.043356,41.089467],[-96.043356,41.089467],[-96.043356,41.089467],[-96.043356,41.089467],[-96.043356,41.089467],[-96.043356,41.089467],[-96.043356,41.089467],[-96.043356,41.089467],[-96.043356,41.089467],[-96.043356,41.089467],[-96.043356,41.089467],[-96.043356,41.089467],[-96.043356,41.089467],[-96.043356,41.089467],[-96.043356,41.089467],[-96.043356,41.089467],[-96.043356,41.089467],[-96.043356,41.089467],[-96.043356,41.089467],[-96.043356,41.089467],[-96.043356,41.089467],[-96.043356,41.089467],[-96.043356,41.089467],[-96.043356,41.089467],[-96.043356,41.089467],[-96.043356,41.089467],[-96.043356,41.089467],[-96.043356,41.089467],[-96.043356,41.089467],[-96.043356,41.089467],[-96.043356,41.089467],[-96.043356,41.089467],[-96.043356,41.089467],[-96.043356,41.089467],[-96.043356,41.089467],[-96.043356,41.089467],[-96.043356,41.089467],[-96.043356,41.089467],[-96.043356,41.089467],[-96.043356,41.089467],[-96.043356,41.089467],[-96.043356,41.089467],[-96.043356,41.089467],[-96.043356,41.089467],[-96.043356,41.089467],[-96.043356,41.089467],[-96.043356,41.089467],[-96.043356,41.089467],[-96.043356,41.089467],[-96.043356,41.089467],[-96.043356,41.089467],[-96.043356,41.089467],[-96.043356,41.089467],[-96.043356,41.089467],[-96.043356,41.089467],[-96.043356,41.089467],[-96.043356,41.089467],[-96.043356,41.089467],[-96.043356,41.089467],[-96.043356,41.089467],[-96.043356,41.089467],[-96.043356,41.089467],[-96.043356,41.089467]],[[-96.043356,41.089467],[-96.043356,41.089467],[-96.043356,41.089467],[-96.043356,41.089467],[-96.043356,41.089467],[-96.043356,41.089467],[-96.043356,41.089467],[-96.043356,41.089467],[-96.043356,41.089467],[-96.043356,41.089467],[-96.043356,41.089467],[-96.043356,41.089467],[-96.043356,41.089467],[-96.043356,41.089467],[-96.043356,41.089467],[-96.043356,41.089467],[-96.043356,41.089467],[-96.043356,41.089467],[-96.043356,41.089467],[-96.043356,41.089467],[-96.043356,41.089467],[-96.043356,41.089467],[-96.043356,41.089467],[-96.043356,41.089467],[-96.043356,41.089467],[-96.043356,41.089467],[-96.043356,41.089467],[-96.043356,41.089467],[-96.043356,41.089467],[-96.043356,41.089467],[-96.043356,41.089467],[-96.043356,41.089467],[-96.043356,41.089467],[-96.043356,41.089467],[-96.043356,41.089467],[-96.043356,41.089467],[-96.043356,41.089467],[-96.043356,41.089467],[-96.043356,41.089467],[-96.043356,41.089467]],[[-96.04336,41.089467],[-96.04336,41.089467]],[[-96.043356,41.089467],[-96.043356,41.089467]],[[-96.04336,41.089467],[-96.04336,41.089467],[-96.04336,41.089467],[-96.04336,41.089467],[-96.04336,41.089467],[-96.04336,41.089467],[-96.04336,41.089467],[-96.04336,41.089467],[-96.04336,41.089467],[-96.04336,41.089467],[-96.04336,41.089467],[-96.04336,41.089467],[-96.04336,41.089467],[-96.04336,41.089467],[-96.04336,41.089467],[-96.04336,41.089467],[-96.04336,41.089467],[-96.04336,41.089467],[-96.04336,41.089467],[-96.04336,41.089467],[-96.04336,41.089467],[-96.04336,41.089467],[-96.04336,41.089467],[-96.04336,41.089467],[-96.04336,41.089467],[-96.04336,41.089467],[-96.04336,41.089467],[-96.04336,41.089467],[-96.04336,41.089467],[-96.04336,41.089467],[-96.04336,41.089467],[-96.04336,41.089467],[-96.04336,41.089467],[-96.04336,41.089467],[-96.04336,41.089467],[-96.04336,41.089467],[-96.04336,41.089467],[-96.04336,41.089467],[-96.04336,41.089467],[-96.04336,41.089467]],[[-96.04336,41.089467],[-96.04336,41.089467],[-96.04336,41.089467],[-96.04336,41.089467],[-96.04336,41.089467],[-96.04336,41.089467],[-96.04336,41.089467],[-96.04336,41.089467],[-96.04336,41.089467],[-96.04336,41.089467],[-96.04336,41.089467],[-96.04336,41.089467],[-96.04336,41.089467],[-96.04336,41.089467],[-96.04336,41.089467],[-96.04336,41.089467],[-96.04336,41.089467],[-96.04336,41.089467],[-96.04336,41.089467],[-96.04336,41.089467],[-96.04336,41.089467],[-96.04336,41.089467],[-96.04336,41.089467],[-96.04336,41.089467],[-96.04336,41.089467],[-96.04336,41.089467],[-96.04336,41.089467],[-96.04336,41.089467],[-96.04336,41.089467],[-96.04336,41.089467],[-96.04336,41.089467],[-96.04336,41.089467],[-96.04336,41.089467],[-96.04336,41.089467],[-96.04336,41.089467],[-96.04336,41.089467],[-96.04336,41.089467],[-96.04336,41.089467],[-96.04336,41.089467],[-96.04336,41.089467],[-96.04336,41.089467],[-96.04336,41.089467],[-96.04336,41.089467],[-96.04336,41.089467],[-96.04336,41.089467],[-96.04336,41.089467],[-96.04336,41.089467],[-96.04336,41.089467],[-96.04336,41.089467],[-96.043361,41.089467],[-96.043361,41.089467],[-96.043361,41.089468],[-96.043361,41.089468],[-96.043361,41.089468],[-96.043361,41.089468],[-96.043361,41.089468]],[[-96.043356,41.089468],[-96.043356,41.089468],[-96.043356,41.089468],[-96.043356,41.089468],[-96.043356,41.089468],[-96.043356,41.089467],[-96.043356,41.089467],[-96.043356,41.089467],[-96.043356,41.089467],[-96.043356,41.089467],[-96.043356,41.089467],[-96.043356,41.089467],[-96.043356,41.089467],[-96.043356,41.089467],[-96.043356,41.089467],[-96.043356,41.089467],[-96.043356,41.089467],[-96.043356,41.089467],[-96.043356,41.089467],[-96.043356,41.089467],[-96.043356,41.089467],[-96.043356,41.089467],[-96.043356,41.089467],[-96.043356,41.089467],[-96.043356,41.089467],[-96.043356,41.089467],[-96.043356,41.089467],[-96.043356,41.089467],[-96.043356,41.089467],[-96.043356,41.089467],[-96.043356,41.089467],[-96.043356,41.089467],[-96.043356,41.089467],[-96.043356,41.089467],[-96.043356,41.089467],[-96.043356,41.089467],[-96.043356,41.089467],[-96.043356,41.089467],[-96.043356,41.089467],[-96.043356,41.089467],[-96.043356,41.089467],[-96.043356,41.089467],[-96.043356,41.089467],[-96.043356,41.089467],[-96.043356,41.089467],[-96.043356,41.089467],[-96.043356,41.089467],[-96.043356,41.089467],[-96.043356,41.089467],[-96.043356,41.089467],[-96.043356,41.089467],[-96.043356,41.089467],[-96.043356,41.089467],[-96.043356,41.089467],[-96.043356,41.089467],[-96.043356,41.089467]],[[-96.043361,41.089468],[-96.043361,41.089468],[-96.043361,41.089468],[-96.043361,41.089468],[-96.043361,41.089468],[-96.043361,41.089468],[-96.043361,41.089468],[-96.043361,41.089468],[-96.043361,41.089468],[-96.043361,41.089468],[-96.043361,41.089468],[-96.043361,41.089468],[-96.043361,41.089468],[-96.043361,41.089468],[-96.043361,41.089468],[-96.043361,41.089468],[-96.043361,41.089468],[-96.043361,41.089468],[-96.043361,41.089468],[-96.043361,41.089468],[-96.043361,41.089468],[-96.043361,41.089468],[-96.043361,41.089468],[-96.043361,41.089468],[-96.043361,41.089468],[-96.043361,41.089468],[-96.043361,41.089468],[-96.043361,41.089468],[-96.043361,41.089468],[-96.043361,41.089468],[-96.043361,41.089468],[-96.043361,41.089468],[-96.043361,41.089468],[-96.043361,41.089468],[-96.043361,41.089468],[-96.043361,41.089468],[-96.043361,41.089468],[-96.043361,41.089468],[-96.043361,41.089468],[-96.043361,41.089468],[-96.043361,41.089468],[-96.043361,41.089468],[-96.043361,41.089468],[-96.043361,41.089468],[-96.043361,41.089468],[-96.043361,41.089468],[-96.043361,41.089468],[-96.043361,41.089468]],[[-96.043356,41.089468],[-96.043356,41.089468],[-96.043356,41.089468],[-96.043356,41.089468],[-96.043356,41.089468],[-96.043356,41.089468],[-96.043356,41.089468],[-96.043356,41.089468],[-96.043356,41.089468],[-96.043356,41.089468],[-96.043356,41.089468],[-96.043356,41.089468],[-96.043356,41.089468],[-96.043356,41.089468],[-96.043356,41.089468],[-96.043356,41.089468],[-96.043356,41.089468],[-96.043356,41.089468],[-96.043356,41.089468],[-96.043356,41.089468],[-96.043356,41.089468],[-96.043356,41.089468],[-96.043356,41.089468],[-96.043356,41.089468],[-96.043356,41.089468],[-96.043356,41.089468],[-96.043356,41.089468],[-96.043356,41.089468],[-96.043356,41.089468],[-96.043356,41.089468],[-96.043356,41.089468],[-96.043356,41.089468],[-96.043356,41.089468],[-96.043356,41.089468],[-96.043356,41.089468],[-96.043356,41.089468],[-96.043356,41.089468],[-96.043356,41.089468],[-96.043356,41.089468],[-96.043356,41.089468],[-96.043356,41.089468],[-96.043356,41.089468],[-96.043356,41.089468],[-96.043356,41.089468],[-96.043356,41.089468],[-96.043356,41.089468],[-96.043356,41.089468],[-96.043356,41.089468]],[[-96.043361,41.089468],[-96.043361,41.089468],[-96.043361,41.089468],[-96.043361,41.089468],[-96.043361,41.089468],[-96.043361,41.089468],[-96.043361,41.089468],[-96.043361,41.089468],[-96.043361,41.089468],[-96.043361,41.089468],[-96.043361,41.089468],[-96.043361,41.089468],[-96.043361,41.089468],[-96.043361,41.089468],[-96.043361,41.089468],[-96.043361,41.089468],[-96.043361,41.089468],[-96.043361,41.089468],[-96.043361,41.089468],[-96.043361,41.089468],[-96.043361,41.089468],[-96.043361,41.089468],[-96.043361,41.089468],[-96.043361,41.089468],[-96.043361,41.089468],[-96.043361,41.089468],[-96.043361,41.089468],[-96.043361,41.089468],[-96.043361,41.089468],[-96.043361,41.089468],[-96.043361,41.089468],[-96.043361,41.089468],[-96.043361,41.089468],[-96.043361,41.089468],[-96.043361,41.089468],[-96.043361,41.089468],[-96.043361,41.089468],[-96.043361,41.089468],[-96.043361,41.089468],[-96.043361,41.089468]],[[-96.043361,41.089468],[-96.043361,41.089468],[-96.043361,41.089468],[-96.043361,41.089468],[-96.043361,41.089468],[-96.043361,41.089468],[-96.043361,41.089468],[-96.043361,41.089468],[-96.043361,41.089468],[-96.043361,41.089468],[-96.043361,41.089468],[-96.043361,41.089468],[-96.043361,41.089468],[-96.043361,41.089468],[-96.043361,41.089468],[-96.043361,41.089468],[-96.043361,41.089468],[-96.043361,41.089468],[-96.043361,41.089468],[-96.043361,41.089468],[-96.043361,41.089468],[-96.043361,41.089468],[-96.043361,41.089468],[-96.043361,41.089468],[-96.043361,41.089468],[-96.043361,41.089468],[-96.043361,41.089468],[-96.043361,41.089468],[-96.043361,41.089468],[-96.043361,41.089468],[-96.043361,41.089468],[-96.043361,41.089468]],[[-96.043356,41.089468],[-96.043356,41.089468],[-96.043356,41.089468],[-96.043356,41.089468],[-96.043356,41.089468],[-96.043356,41.089468],[-96.043356,41.089468],[-96.043356,41.089468],[-96.043356,41.089468],[-96.043356,41.089468],[-96.043356,41.089468],[-96.043356,41.089468],[-96.043356,41.089468],[-96.043356,41.089468],[-96.043356,41.089468],[-96.043356,41.089468],[-96.043356,41.089468],[-96.043356,41.089468],[-96.043356,41.089468],[-96.043356,41.089468],[-96.043356,41.089468],[-96.043356,41.089468],[-96.043356,41.089468],[-96.043356,41.089468],[-96.043356,41.089468],[-96.043356,41.089468],[-96.043356,41.089468],[-96.043356,41.089468],[-96.043356,41.089468],[-96.043356,41.089468],[-96.043356,41.089468],[-96.043356,41.089468]],[[-96.043356,41.089468],[-96.043356,41.089468],[-96.043356,41.089468],[-96.043356,41.089468],[-96.043356,41.089468],[-96.043356,41.089468],[-96.043356,41.089468],[-96.043356,41.089468],[-96.043356,41.089468],[-96.043356,41.089468],[-96.043356,41.089468],[-96.043356,41.089468],[-96.043356,41.089468],[-96.043356,41.089468],[-96.043356,41.089468],[-96.043356,41.089468],[-96.043356,41.089468],[-96.043356,41.089468],[-96.043356,41.089468],[-96.043356,41.089468],[-96.043356,41.089468],[-96.043356,41.089468],[-96.043356,41.089468],[-96.043356,41.089468],[-96.043356,41.089468],[-96.043356,41.089468],[-96.043356,41.089468],[-96.043356,41.089468],[-96.043356,41.089468],[-96.043356,41.089468],[-96.043356,41.089468],[-96.043356,41.089468],[-96.043356,41.089468],[-96.043356,41.089468],[-96.043356,41.089468],[-96.043356,41.089468],[-96.043356,41.089468],[-96.043356,41.089468],[-96.043356,41.089468],[-96.043356,41.089468]],[[-96.043361,41.089468],[-96.043361,41.089468],[-96.043361,41.089468],[-96.043361,41.089468],[-96.043361,41.089468],[-96.043361,41.089468],[-96.043361,41.089468],[-96.043361,41.089468],[-96.043361,41.089468],[-96.043361,41.089468],[-96.043361,41.089468],[-96.043361,41.089468],[-96.043361,41.089468],[-96.043361,41.089468],[-96.043361,41.089468],[-96.043361,41.089468],[-96.043361,41.089468],[-96.043361,41.089468],[-96.043361,41.089468],[-96.043361,41.089468],[-96.043361,41.089468],[-96.043361,41.089468],[-96.043361,41.089468],[-96.043361,41.089468],[-96.043361,41.089468],[-96.043361,41.089468],[-96.043361,41.089468],[-96.043361,41.089468],[-96.043361,41.089468],[-96.043361,41.089468],[-96.043361,41.089468],[-96.043361,41.089468]],[[-96.043361,41.089468],[-96.043361,41.089468],[-96.043361,41.089468],[-96.043361,41.089468],[-96.043361,41.089468],[-96.043361,41.089468],[-96.043361,41.089468],[-96.043361,41.089468],[-96.043361,41.089468],[-96.043361,41.089468],[-96.043361,41.089468],[-96.043361,41.089468],[-96.043361,41.089468],[-96.043361,41.089468],[-96.043361,41.089468],[-96.043361,41.089468],[-96.043361,41.089468],[-96.043361,41.089468],[-96.043361,41.089468],[-96.043361,41.089468],[-96.043361,41.089468],[-96.043361,41.089468],[-96.043361,41.089468],[-96.043361,41.089468],[-96.043361,41.089468],[-96.043361,41.089468],[-96.043361,41.089468],[-96.043361,41.089468],[-96.043361,41.089468],[-96.043361,41.089468],[-96.043361,41.089468],[-96.043361,41.089468],[-96.043361,41.089468],[-96.043361,41.089468],[-96.043361,41.089468],[-96.043361,41.089468],[-96.043361,41.089468],[-96.043361,41.089468],[-96.043361,41.089468],[-96.043361,41.089468]],[[-96.043356,41.089468],[-96.043356,41.089468],[-96.043356,41.089468],[-96.043356,41.089468],[-96.043356,41.089468],[-96.043356,41.089468],[-96.043356,41.089468],[-96.043356,41.089468],[-96.043356,41.089468],[-96.043356,41.089468],[-96.043356,41.089468],[-96.043356,41.089468],[-96.043356,41.089468],[-96.043356,41.089468],[-96.043356,41.089468],[-96.043356,41.089468],[-96.043356,41.089468],[-96.043356,41.089468],[-96.043356,41.089468],[-96.043356,41.089468],[-96.043356,41.089468],[-96.043356,41.089468],[-96.043356,41.089468],[-96.043356,41.089468],[-96.043356,41.089468],[-96.043356,41.089468],[-96.043356,41.089468],[-96.043356,41.089468],[-96.043356,41.089468],[-96.043356,41.089468],[-96.043356,41.089468],[-96.043356,41.089468],[-96.043356,41.089468],[-96.043356,41.089468],[-96.043356,41.089468],[-96.043356,41.089468],[-96.043356,41.089468],[-96.043356,41.089468],[-96.043356,41.089468],[-96.043356,41.089468]],[[-96.043356,41.089468],[-96.043356,41.089468],[-96.043356,41.089468],[-96.043356,41.089468],[-96.043356,41.089468],[-96.043356,41.089468],[-96.043356,41.089468],[-96.043356,41.089468],[-96.043356,41.089468],[-96.043356,41.089468],[-96.043356,41.089468],[-96.043356,41.089468],[-96.043356,41.089468],[-96.043356,41.089468],[-96.043356,41.089468],[-96.043356,41.089468],[-96.043356,41.089468],[-96.043356,41.089468],[-96.043356,41.089468],[-96.043356,41.089468],[-96.043356,41.089468],[-96.043356,41.089468],[-96.043356,41.089468],[-96.043356,41.089468],[-96.043356,41.089468],[-96.043356,41.089468],[-96.043356,41.089468],[-96.043356,41.089468],[-96.043356,41.089468],[-96.043356,41.089468],[-96.043356,41.089468],[-96.043356,41.089468]],[[-96.043361,41.089468],[-96.043361,41.089468],[-96.043361,41.089468],[-96.043361,41.089468],[-96.043361,41.089468],[-96.043361,41.089468],[-96.043361,41.089468],[-96.043361,41.089468],[-96.043361,41.089468],[-96.043361,41.089468],[-96.043361,41.089468],[-96.043361,41.089468],[-96.043361,41.089468],[-96.043361,41.089468],[-96.043361,41.089468],[-96.043361,41.089468],[-96.043361,41.089468],[-96.043361,41.089468],[-96.043361,41.089468],[-96.043361,41.089468],[-96.043361,41.089468],[-96.043361,41.089468],[-96.043361,41.089468],[-96.043361,41.089468],[-96.043361,41.089468],[-96.043361,41.089468],[-96.043361,41.089468],[-96.043361,41.089468],[-96.043361,41.089468],[-96.043361,41.089468],[-96.043361,41.089468],[-96.043361,41.089468],[-96.043361,41.089468],[-96.043361,41.089468],[-96.043361,41.089468],[-96.043361,41.089468],[-96.043361,41.089468],[-96.043361,41.089468],[-96.043361,41.089468],[-96.043361,41.089468]],[[-96.043356,41.089468],[-96.043356,41.089468],[-96.043356,41.089468],[-96.043356,41.089468],[-96.043356,41.089468],[-96.043356,41.089468],[-96.043356,41.089468],[-96.043356,41.089468],[-96.043356,41.089468],[-96.043356,41.089468],[-96.043356,41.089468],[-96.043356,41.089468],[-96.043356,41.089468],[-96.043356,41.089468],[-96.043356,41.089468],[-96.043356,41.089468],[-96.043356,41.089468],[-96.043356,41.089468],[-96.043356,41.089468],[-96.043356,41.089468],[-96.043356,41.089468],[-96.043356,41.089468],[-96.043356,41.089468],[-96.043356,41.089468],[-96.043356,41.089468],[-96.043356,41.089468],[-96.043356,41.089468],[-96.043356,41.089468],[-96.043356,41.089468],[-96.043356,41.089468],[-96.043356,41.089468],[-96.043356,41.089468],[-96.043356,41.089468],[-96.043356,41.089468],[-96.043356,41.089468],[-96.043356,41.089468],[-96.043356,41.089468],[-96.043356,41.089468],[-96.043356,41.089468],[-96.043356,41.089468]],[[-96.043361,41.089468],[-96.043361,41.089468],[-96.043361,41.089468],[-96.043361,41.089468],[-96.043361,41.089468],[-96.043361,41.089468],[-96.043361,41.089468],[-96.043361,41.089468],[-96.043361,41.089468],[-96.043361,41.089468],[-96.043361,41.089468],[-96.04336,41.089468],[-96.04336,41.089468],[-96.04336,41.089468],[-96.04336,41.089468],[-96.04336,41.089468],[-96.04336,41.089468],[-96.04336,41.089468],[-96.04336,41.089468],[-96.04336,41.089468],[-96.04336,41.089467],[-96.04336,41.089467],[-96.04336,41.089467],[-96.04336,41.089467],[-96.04336,41.089467],[-96.04336,41.089467],[-96.04336,41.089467],[-96.04336,41.089467],[-96.04336,41.089467],[-96.04336,41.089467],[-96.04336,41.089467],[-96.04336,41.089467],[-96.04336,41.089467],[-96.04336,41.089467],[-96.04336,41.089467],[-96.04336,41.089467],[-96.04336,41.089467],[-96.04336,41.089467],[-96.04336,41.089467],[-96.04336,41.089467]],[[-96.043356,41.089467],[-96.043356,41.089467],[-96.043356,41.089467],[-96.043356,41.089467],[-96.043356,41.089467],[-96.043356,41.089467],[-96.043356,41.089467],[-96.043356,41.089467],[-96.043356,41.089467],[-96.043356,41.089467],[-96.043356,41.089467],[-96.043356,41.089467],[-96.043356,41.089467],[-96.043356,41.089467],[-96.043356,41.089467],[-96.043356,41.089467],[-96.043356,41.089467],[-96.043356,41.089467],[-96.043356,41.089467],[-96.043356,41.089467],[-96.043356,41.089468],[-96.043356,41.089468],[-96.043356,41.089468],[-96.043356,41.089468],[-96.043356,41.089468],[-96.043356,41.089468],[-96.043356,41.089468],[-96.043356,41.089468],[-96.043356,41.089468],[-96.043356,41.089468],[-96.043356,41.089468],[-96.043356,41.089468],[-96.043356,41.089468],[-96.043356,41.089468],[-96.043356,41.089468],[-96.043356,41.089468],[-96.043356,41.089468],[-96.043356,41.089468],[-96.043356,41.089468],[-96.043356,41.089468]],[[-96.04336,41.089467],[-96.04336,41.089467],[-96.04336,41.089467],[-96.04336,41.089467],[-96.04336,41.089467],[-96.04336,41.089467],[-96.04336,41.089467],[-96.04336,41.089467],[-96.04336,41.089467],[-96.04336,41.089467],[-96.04336,41.089467],[-96.04336,41.089467],[-96.04336,41.089467],[-96.04336,41.089467],[-96.04336,41.089467],[-96.04336,41.089467],[-96.04336,41.089467],[-96.04336,41.089467],[-96.04336,41.089467],[-96.04336,41.089467],[-96.04336,41.089467],[-96.04336,41.089467],[-96.04336,41.089467],[-96.04336,41.089467],[-96.04336,41.089467],[-96.04336,41.089467],[-96.04336,41.089467],[-96.04336,41.089467],[-96.04336,41.089467],[-96.04336,41.089467],[-96.04336,41.089467],[-96.04336,41.089467],[-96.04336,41.089467],[-96.04336,41.089467],[-96.04336,41.089467],[-96.04336,41.089467],[-96.04336,41.089467],[-96.04336,41.089467],[-96.04336,41.089467],[-96.04336,41.089467]],[[-96.043356,41.089467],[-96.043356,41.089467],[-96.043356,41.089467],[-96.043356,41.089467],[-96.043356,41.089467],[-96.043356,41.089467],[-96.043356,41.089467],[-96.043356,41.089467],[-96.043356,41.089467],[-96.043356,41.089467],[-96.043356,41.089467],[-96.043356,41.089467],[-96.043356,41.089467],[-96.043356,41.089467],[-96.043356,41.089467],[-96.043356,41.089467],[-96.043356,41.089467],[-96.043356,41.089467],[-96.043356,41.089467],[-96.043356,41.089467],[-96.043356,41.089467],[-96.043356,41.089467],[-96.043356,41.089467],[-96.043356,41.089467],[-96.043356,41.089467],[-96.043356,41.089467],[-96.043356,41.089467],[-96.043356,41.089467],[-96.043356,41.089467],[-96.043356,41.089467],[-96.043356,41.089467],[-96.043356,41.089467],[-96.043356,41.089467],[-96.043356,41.089467],[-96.043356,41.089467],[-96.043356,41.089467],[-96.043356,41.089467],[-96.043356,41.089467],[-96.043356,41.089467],[-96.043356,41.089467]],[[-96.043356,41.089467],[-96.043356,41.089467],[-96.043356,41.089467],[-96.043356,41.089467],[-96.043356,41.089467],[-96.043356,41.089467],[-96.043356,41.089467],[-96.043356,41.089467],[-96.043356,41.089467],[-96.043356,41.089467],[-96.043356,41.089467],[-96.043356,41.089467],[-96.043356,41.089467],[-96.043356,41.089467],[-96.043356,41.089467],[-96.043356,41.089467],[-96.043356,41.089467],[-96.043356,41.089467],[-96.043356,41.089467],[-96.043356,41.089467],[-96.043356,41.089467],[-96.043356,41.089467],[-96.043356,41.089467],[-96.043356,41.089467],[-96.043356,41.089467],[-96.043356,41.089467],[-96.043356,41.089467],[-96.043356,41.089467],[-96.043356,41.089467],[-96.043356,41.089467],[-96.043356,41.089467],[-96.043356,41.089467],[-96.043356,41.089467],[-96.043356,41.089467],[-96.043356,41.089467],[-96.043356,41.089467],[-96.043356,41.089467],[-96.043356,41.089467],[-96.043356,41.089467],[-96.043356,41.089467],[-96.043356,41.089467],[-96.043356,41.089467],[-96.043356,41.089467],[-96.043356,41.089467],[-96.043356,41.089467],[-96.043356,41.089467],[-96.043356,41.089467],[-96.043356,41.089467],[-96.043356,41.089467],[-96.043356,41.089467],[-96.043356,41.089467],[-96.043356,41.089467],[-96.043356,41.089467],[-96.043356,41.089467],[-96.043356,41.089467],[-96.043356,41.089467],[-96.043356,41.089467],[-96.043356,41.089467],[-96.043356,41.089467],[-96.043356,41.089467],[-96.043356,41.089467],[-96.043356,41.089467],[-96.043356,41.089467],[-96.043356,41.089467]],[[-96.043356,41.089467],[-96.043356,41.089467],[-96.043356,41.089467],[-96.043356,41.089467],[-96.043356,41.089467],[-96.043356,41.089467],[-96.043356,41.089467],[-96.043356,41.089467],[-96.043356,41.089467],[-96.043356,41.089467],[-96.043356,41.089467],[-96.043356,41.089467],[-96.043356,41.089467],[-96.043356,41.089467],[-96.043356,41.089467],[-96.043356,41.089467],[-96.043356,41.089467],[-96.043356,41.089467],[-96.043356,41.089467],[-96.043356,41.089467],[-96.043356,41.089467],[-96.043356,41.089467],[-96.043356,41.089467],[-96.043356,41.089467],[-96.043356,41.089467],[-96.043356,41.089467],[-96.043356,41.089467],[-96.043356,41.089467],[-96.043356,41.089467],[-96.043356,41.089467],[-96.043356,41.089467],[-96.043356,41.089467]],[[-96.04336,41.089467],[-96.04336,41.089467],[-96.04336,41.089467],[-96.04336,41.089467],[-96.04336,41.089467],[-96.04336,41.089467],[-96.04336,41.089467],[-96.04336,41.089467],[-96.04336,41.089467],[-96.04336,41.089467],[-96.04336,41.089467],[-96.04336,41.089467],[-96.04336,41.089467],[-96.04336,41.089467],[-96.04336,41.089467],[-96.04336,41.089467],[-96.04336,41.089467],[-96.04336,41.089467],[-96.04336,41.089467],[-96.04336,41.089467],[-96.04336,41.089467],[-96.04336,41.089467],[-96.04336,41.089467],[-96.04336,41.089467],[-96.04336,41.089467],[-96.04336,41.089467],[-96.04336,41.089467],[-96.04336,41.089467],[-96.04336,41.089467],[-96.04336,41.089467],[-96.04336,41.089467],[-96.04336,41.089467]],[[-96.04336,41.089467],[-96.04336,41.089467],[-96.04336,41.089467],[-96.04336,41.089467],[-96.04336,41.089467],[-96.04336,41.089467],[-96.04336,41.089467],[-96.04336,41.089467],[-96.04336,41.089467],[-96.04336,41.089467],[-96.04336,41.089467],[-96.04336,41.089467],[-96.04336,41.089467],[-96.04336,41.089467],[-96.04336,41.089467],[-96.04336,41.089467],[-96.04336,41.089467],[-96.04336,41.089467],[-96.04336,41.089467],[-96.04336,41.089467],[-96.04336,41.089467],[-96.04336,41.089467],[-96.04336,41.089467],[-96.04336,41.089467],[-96.04336,41.089467],[-96.04336,41.089467],[-96.04336,41.089467],[-96.04336,41.089467],[-96.04336,41.089467],[-96.04336,41.089467],[-96.04336,41.089467],[-96.04336,41.089467],[-96.04336,41.089467],[-96.04336,41.089467],[-96.04336,41.089467],[-96.04336,41.089467],[-96.04336,41.089467],[-96.04336,41.089467],[-96.04336,41.089467],[-96.04336,41.089467],[-96.04336,41.089467],[-96.04336,41.089467],[-96.04336,41.089467],[-96.04336,41.089467],[-96.04336,41.089467],[-96.04336,41.089467],[-96.04336,41.089467],[-96.04336,41.089467],[-96.04336,41.089467],[-96.04336,41.089467],[-96.04336,41.089467],[-96.04336,41.089467],[-96.04336,41.089467],[-96.04336,41.089467],[-96.04336,41.089467],[-96.04336,41.089467],[-96.04336,41.089467],[-96.04336,41.089467],[-96.04336,41.089467],[-96.04336,41.089467],[-96.04336,41.089467],[-96.04336,41.089467],[-96.04336,41.089467],[-96.04336,41.089467]],[[-96.043356,41.089467],[-96.043356,41.089467],[-96.043356,41.089467],[-96.043356,41.089467],[-96.043356,41.089467],[-96.043356,41.089467],[-96.043356,41.089467],[-96.043356,41.089467],[-96.043356,41.089467],[-96.043356,41.089467],[-96.043356,41.089467],[-96.043356,41.089467],[-96.043356,41.089467],[-96.043356,41.089467],[-96.043356,41.089467],[-96.043356,41.089467],[-96.043356,41.089467],[-96.043356,41.089467],[-96.043356,41.089467],[-96.043356,41.089467],[-96.043356,41.089467],[-96.043356,41.089467],[-96.043356,41.089467],[-96.043356,41.089467],[-96.043356,41.089467],[-96.043356,41.089467],[-96.043356,41.089467],[-96.043356,41.089467],[-96.043356,41.089467],[-96.043356,41.089467],[-96.043356,41.089467],[-96.043356,41.089467],[-96.043356,41.089467],[-96.043356,41.089467],[-96.043356,41.089467],[-96.043356,41.089467],[-96.043356,41.089467],[-96.043356,41.089467],[-96.043356,41.089467],[-96.043356,41.089467],[-96.043356,41.089467],[-96.043356,41.089467],[-96.043356,41.089467],[-96.043356,41.089467],[-96.043356,41.089467],[-96.043356,41.089467],[-96.043356,41.089467],[-96.043356,41.089467],[-96.043356,41.089467],[-96.043356,41.089467],[-96.043356,41.089467],[-96.043356,41.089467],[-96.043356,41.089467],[-96.043356,41.089467],[-96.043356,41.089467],[-96.043356,41.089467]],[[-96.04336,41.089467],[-96.04336,41.089467],[-96.04336,41.089467],[-96.04336,41.089467],[-96.04336,41.089467],[-96.04336,41.089467],[-96.04336,41.089467],[-96.04336,41.089467],[-96.04336,41.089467],[-96.04336,41.089467],[-96.04336,41.089467],[-96.04336,41.089467],[-96.04336,41.089467],[-96.04336,41.089467],[-96.04336,41.089467],[-96.04336,41.089467],[-96.04336,41.089467],[-96.04336,41.089467],[-96.04336,41.089467],[-96.04336,41.089467],[-96.04336,41.089467],[-96.04336,41.089467],[-96.04336,41.089467],[-96.04336,41.089467],[-96.04336,41.089467],[-96.04336,41.089467],[-96.04336,41.089467],[-96.04336,41.089467],[-96.04336,41.089467],[-96.04336,41.089467],[-96.04336,41.089467],[-96.04336,41.089467],[-96.04336,41.089467],[-96.04336,41.089467],[-96.04336,41.089467],[-96.04336,41.089467],[-96.04336,41.089467],[-96.04336,41.089467],[-96.04336,41.089467],[-96.04336,41.089467],[-96.04336,41.089467],[-96.04336,41.089467],[-96.04336,41.089467],[-96.04336,41.089467],[-96.04336,41.089467],[-96.04336,41.089467],[-96.04336,41.089467],[-96.04336,41.089467],[-96.04336,41.089467],[-96.04336,41.089467],[-96.04336,41.089467],[-96.04336,41.089467],[-96.04336,41.089467],[-96.04336,41.089467],[-96.04336,41.089467],[-96.04336,41.089467]],[[-96.043356,41.089467],[-96.043356,41.089467],[-96.043356,41.089467],[-96.043356,41.089467],[-96.043356,41.089467],[-96.043356,41.089467],[-96.043356,41.089467],[-96.043356,41.089467],[-96.043356,41.089467],[-96.043356,41.089467],[-96.043356,41.089467],[-96.043356,41.089467],[-96.043356,41.089467],[-96.043356,41.089467],[-96.043356,41.089467],[-96.043356,41.089467],[-96.043356,41.089467],[-96.043356,41.089467],[-96.043356,41.089467],[-96.043356,41.089467],[-96.043356,41.089467],[-96.043356,41.089467],[-96.043356,41.089467],[-96.043356,41.089467],[-96.043356,41.089467],[-96.043356,41.089467],[-96.043356,41.089467],[-96.043356,41.089467],[-96.043356,41.089467],[-96.043356,41.089467],[-96.043356,41.089467],[-96.043356,41.089467],[-96.043356,41.089467],[-96.043356,41.089467],[-96.043356,41.089467],[-96.043356,41.089467],[-96.043356,41.089467],[-96.043356,41.089467],[-96.043356,41.089467],[-96.043356,41.089467],[-96.043356,41.089467],[-96.043356,41.089467],[-96.043356,41.089467],[-96.043356,41.089467],[-96.043356,41.089467],[-96.043356,41.089467],[-96.043356,41.089467],[-96.043356,41.089467],[-96.043356,41.089467],[-96.043356,41.089467],[-96.043356,41.089467],[-96.043356,41.089467],[-96.043356,41.089467],[-96.043356,41.089467],[-96.043356,41.089467],[-96.043356,41.089467],[-96.043356,41.089467],[-96.043356,41.089467],[-96.043356,41.089467],[-96.043356,41.089467],[-96.043356,41.089467],[-96.043356,41.089467],[-96.043356,41.089467],[-96.043356,41.089467],[-96.043356,41.089467],[-96.043356,41.089467],[-96.043356,41.089467],[-96.043356,41.089467],[-96.043356,41.089467],[-96.043356,41.089467],[-96.043356,41.089467],[-96.043356,41.089467],[-96.043356,41.089467],[-96.043356,41.089467],[-96.043356,41.089467],[-96.043356,41.089467],[-96.043356,41.089467],[-96.043356,41.089467],[-96.043356,41.089467],[-96.043356,41.089467],[-96.043356,41.089467],[-96.043356,41.089467],[-96.043356,41.089467],[-96.043356,41.089467],[-96.043356,41.089467],[-96.043356,41.089467],[-96.043356,41.089467],[-96.043356,41.089467]],[[-96.04336,41.089467],[-96.04336,41.089467],[-96.04336,41.089467],[-96.04336,41.089467],[-96.04336,41.089467],[-96.04336,41.089467],[-96.04336,41.089467],[-96.04336,41.089467],[-96.04336,41.089467],[-96.04336,41.089467],[-96.04336,41.089467],[-96.04336,41.089467],[-96.04336,41.089467],[-96.04336,41.089467],[-96.04336,41.089467],[-96.04336,41.089467],[-96.04336,41.089467],[-96.04336,41.089467],[-96.04336,41.089467],[-96.04336,41.089467],[-96.04336,41.089467],[-96.04336,41.089467],[-96.04336,41.089467],[-96.04336,41.089467],[-96.04336,41.089467],[-96.04336,41.089467],[-96.04336,41.089467],[-96.04336,41.089467],[-96.04336,41.089467],[-96.04336,41.089467],[-96.04336,41.089467],[-96.04336,41.089467],[-96.04336,41.089467],[-96.04336,41.089467],[-96.04336,41.089467],[-96.04336,41.089467],[-96.04336,41.089467],[-96.04336,41.089467],[-96.04336,41.089467],[-96.04336,41.089467],[-96.04336,41.089467],[-96.04336,41.089467],[-96.04336,41.089467],[-96.04336,41.089467],[-96.04336,41.089467],[-96.04336,41.089467],[-96.04336,41.089467],[-96.04336,41.089467],[-96.04336,41.089467],[-96.04336,41.089467],[-96.04336,41.089467],[-96.04336,41.089467],[-96.04336,41.089467],[-96.04336,41.089467],[-96.04336,41.089467],[-96.04336,41.089467],[-96.04336,41.089467],[-96.04336,41.089467],[-96.04336,41.089467],[-96.04336,41.089467],[-96.04336,41.089467],[-96.04336,41.089467],[-96.04336,41.089467],[-96.04336,41.089467],[-96.04336,41.089467],[-96.04336,41.089467],[-96.04336,41.089467],[-96.04336,41.089467],[-96.04336,41.089467],[-96.04336,41.089467],[-96.04336,41.089467],[-96.04336,41.089467],[-96.04336,41.089467],[-96.04336,41.089467],[-96.04336,41.089467],[-96.04336,41.089467],[-96.04336,41.089467],[-96.04336,41.089467],[-96.04336,41.089467],[-96.04336,41.089467],[-96.04336,41.089467],[-96.04336,41.089467],[-96.04336,41.089467],[-96.04336,41.089467],[-96.04336,41.089467],[-96.04336,41.089467],[-96.04336,41.089467],[-96.04336,41.089467]],[[-96.043356,41.089467],[-96.043356,41.089468]],[[-96.043361,41.089468],[-96.043361,41.089467]],[[-96.04336,41.089467],[-96.04336,41.089467],[-96.04336,41.089467],[-96.04336,41.089467],[-96.04336,41.089467],[-96.04336,41.089467],[-96.04336,41.089467],[-96.04336,41.089467],[-96.04336,41.089467],[-96.04336,41.089467],[-96.04336,41.089467],[-96.04336,41.089467],[-96.04336,41.089467],[-96.04336,41.089467],[-96.04336,41.089467],[-96.04336,41.089467],[-96.04336,41.089467],[-96.04336,41.089467],[-96.04336,41.089467],[-96.04336,41.089467],[-96.04336,41.089467],[-96.04336,41.089467],[-96.04336,41.089467],[-96.04336,41.089467],[-96.04336,41.089467],[-96.04336,41.089467],[-96.04336,41.089467],[-96.04336,41.089467],[-96.04336,41.089467],[-96.04336,41.089467],[-96.04336,41.089467],[-96.04336,41.089467]],[[-96.043361,41.089468],[-96.043361,41.089468],[-96.043361,41.089467],[-96.043361,41.089467],[-96.04336,41.089467]],[[-96.04336,41.089467],[-96.04336,41.089467],[-96.04336,41.089467],[-96.04336,41.089467],[-96.04336,41.089467],[-96.04336,41.089467],[-96.04336,41.089467],[-96.04336,41.089467],[-96.04336,41.089467],[-96.04336,41.089467],[-96.04336,41.089467],[-96.04336,41.089467],[-96.04336,41.089467],[-96.04336,41.089467],[-96.04336,41.089467],[-96.04336,41.089467],[-96.04336,41.089467],[-96.04336,41.089467],[-96.04336,41.089467],[-96.04336,41.089467],[-96.04336,41.089467],[-96.04336,41.089467],[-96.04336,41.089467],[-96.04336,41.089467],[-96.04336,41.089467],[-96.04336,41.089467],[-96.04336,41.089467],[-96.04336,41.089467],[-96.04336,41.089467],[-96.04336,41.089467],[-96.04336,41.089467],[-96.04336,41.089467],[-96.04336,41.089467],[-96.04336,41.089467],[-96.04336,41.089467],[-96.04336,41.089467],[-96.04336,41.089467],[-96.04336,41.089467],[-96.04336,41.089467],[-96.04336,41.089467],[-96.04336,41.089467],[-96.04336,41.089467],[-96.04336,41.089467],[-96.04336,41.089467],[-96.04336,41.089467],[-96.04336,41.089467],[-96.04336,41.089467],[-96.04336,41.089467],[-96.04336,41.089467],[-96.04336,41.089467],[-96.04336,41.089467],[-96.04336,41.089467],[-96.04336,41.089467],[-96.04336,41.089467],[-96.04336,41.089467],[-96.04336,41.089467],[-96.04336,41.089467],[-96.04336,41.089467],[-96.04336,41.089467],[-96.04336,41.089467],[-96.04336,41.089467],[-96.04336,41.089467],[-96.04336,41.089467],[-96.04336,41.089467],[-96.04336,41.089467],[-96.04336,41.089467],[-96.04336,41.089467],[-96.04336,41.089467],[-96.04336,41.089467],[-96.04336,41.089467],[-96.04336,41.089467],[-96.04336,41.089467]],[[-96.043356,41.089467],[-96.043356,41.089467],[-96.043356,41.089467],[-96.043356,41.089467],[-96.043356,41.089467],[-96.043356,41.089467],[-96.043356,41.089467],[-96.043356,41.089467],[-96.043356,41.089467],[-96.043356,41.089467],[-96.043356,41.089467],[-96.043356,41.089467],[-96.043356,41.089467],[-96.043356,41.089467],[-96.043356,41.089467],[-96.043356,41.089467],[-96.043356,41.089467],[-96.043356,41.089467],[-96.043356,41.089467],[-96.043356,41.089467],[-96.043356,41.089467],[-96.043356,41.089467],[-96.043356,41.089467],[-96.043356,41.089467],[-96.043356,41.089467],[-96.043356,41.089467],[-96.043356,41.089467],[-96.043356,41.089467],[-96.043356,41.089467],[-96.043356,41.089467],[-96.043356,41.089467],[-96.043356,41.089467]],[[-96.043356,41.089467],[-96.043356,41.089467],[-96.043356,41.089467],[-96.043356,41.089467],[-96.043356,41.089467],[-96.043356,41.089467],[-96.043356,41.089467],[-96.043356,41.089467],[-96.043356,41.089467],[-96.043356,41.089467],[-96.043356,41.089467],[-96.043356,41.089467],[-96.043356,41.089467],[-96.043356,41.089467],[-96.043356,41.089467],[-96.043356,41.089467],[-96.043356,41.089467],[-96.043356,41.089467],[-96.043356,41.089467],[-96.043356,41.089467],[-96.043356,41.089467],[-96.043356,41.089467],[-96.043356,41.089467],[-96.043356,41.089467],[-96.043356,41.089467],[-96.043356,41.089467],[-96.043356,41.089467],[-96.043356,41.089467],[-96.043356,41.089467],[-96.043356,41.089467],[-96.043356,41.089467],[-96.043356,41.089467],[-96.043356,41.089467],[-96.043356,41.089467],[-96.043356,41.089467],[-96.043356,41.089467],[-96.043356,41.089467],[-96.043356,41.089467],[-96.043356,41.089467],[-96.043356,41.089467],[-96.043356,41.089467],[-96.043356,41.089467],[-96.043356,41.089467],[-96.043356,41.089467],[-96.043356,41.089467],[-96.043356,41.089467],[-96.043356,41.089467],[-96.043356,41.089467]],[[-96.043356,41.089467],[-96.043356,41.089467],[-96.043356,41.089467],[-96.043356,41.089467],[-96.043356,41.089467],[-96.043356,41.089467],[-96.043356,41.089467],[-96.043356,41.089467],[-96.043356,41.089467],[-96.043356,41.089467],[-96.043356,41.089467],[-96.043356,41.089467],[-96.043356,41.089467],[-96.043356,41.089467],[-96.043356,41.089467],[-96.043356,41.089467],[-96.043356,41.089467],[-96.043356,41.089467],[-96.043356,41.089467],[-96.043356,41.089467],[-96.043356,41.089467],[-96.043356,41.089467],[-96.043356,41.089467],[-96.043356,41.089467],[-96.043356,41.089467],[-96.043356,41.089467],[-96.043356,41.089467],[-96.043356,41.089467],[-96.043356,41.089467],[-96.043356,41.089467],[-96.043356,41.089467],[-96.043356,41.089467]],[[-96.04336,41.089467],[-96.04336,41.089467],[-96.04336,41.089467],[-96.04336,41.089467],[-96.04336,41.089467],[-96.04336,41.089467],[-96.04336,41.089467],[-96.04336,41.089467],[-96.04336,41.089467],[-96.04336,41.089467],[-96.04336,41.089467],[-96.04336,41.089467],[-96.04336,41.089467],[-96.04336,41.089467],[-96.04336,41.089467],[-96.04336,41.089467],[-96.04336,41.089467],[-96.04336,41.089467],[-96.04336,41.089467],[-96.04336,41.089467],[-96.04336,41.089467],[-96.04336,41.089467],[-96.04336,41.089467],[-96.04336,41.089467],[-96.04336,41.089467],[-96.04336,41.089467],[-96.04336,41.089467],[-96.04336,41.089467],[-96.04336,41.089467],[-96.04336,41.089467],[-96.04336,41.089467],[-96.04336,41.089467]],[[-96.04336,41.089467],[-96.04336,41.089467],[-96.04336,41.089467],[-96.04336,41.089467],[-96.04336,41.089467],[-96.04336,41.089467],[-96.04336,41.089467],[-96.04336,41.089467],[-96.04336,41.089467],[-96.04336,41.089467],[-96.04336,41.089467],[-96.04336,41.089467],[-96.04336,41.089467],[-96.04336,41.089467],[-96.04336,41.089467],[-96.043361,41.089467],[-96.043361,41.089467],[-96.043361,41.089467],[-96.043361,41.089467],[-96.043361,41.089467],[-96.043361,41.089467],[-96.043361,41.089467],[-96.043361,41.089467],[-96.043361,41.089467],[-96.043361,41.089467],[-96.043361,41.089467],[-96.043361,41.089467],[-96.043361,41.089467],[-96.043361,41.089467],[-96.043361,41.089467],[-96.043361,41.089467],[-96.043361,41.089467],[-96.043361,41.089467],[-96.043361,41.089467],[-96.043361,41.089467],[-96.043361,41.089467],[-96.043361,41.089467],[-96.043361,41.089467],[-96.043361,41.089467],[-96.043361,41.089467],[-96.043361,41.089467],[-96.043361,41.089467],[-96.043361,41.089467],[-96.043361,41.089467],[-96.043361,41.089467],[-96.043361,41.089467],[-96.043361,41.089467],[-96.043361,41.089467]],[[-96.043361,41.089467],[-96.043361,41.089467],[-96.043361,41.089467],[-96.043361,41.089467],[-96.043361,41.089467],[-96.043361,41.089467],[-96.043361,41.089467],[-96.043361,41.089467],[-96.043361,41.089467],[-96.043361,41.089467],[-96.043361,41.089467],[-96.043361,41.089467],[-96.043361,41.089467],[-96.043361,41.089467],[-96.043361,41.089467],[-96.043361,41.089467],[-96.043361,41.089467],[-96.043361,41.089467],[-96.043361,41.089467],[-96.043361,41.089467],[-96.043361,41.089467],[-96.043361,41.089467],[-96.043361,41.089468],[-96.043361,41.089468],[-96.043361,41.089468],[-96.043361,41.089468],[-96.043361,41.089468],[-96.043361,41.089468],[-96.043361,41.089468],[-96.043361,41.089468],[-96.043361,41.089468],[-96.043361,41.089468]],[[-96.043356,41.089468],[-96.043356,41.089468],[-96.043356,41.089468],[-96.043356,41.089468],[-96.043356,41.089468],[-96.043355,41.089468],[-96.043355,41.089468],[-96.043355,41.089468],[-96.043355,41.089468],[-96.043355,41.089468],[-96.043355,41.089468],[-96.043355,41.089468],[-96.043355,41.089468],[-96.043355,41.089468],[-96.043355,41.089468],[-96.043355,41.089468],[-96.043355,41.089468],[-96.043355,41.089468],[-96.043355,41.089468],[-96.043355,41.089468],[-96.043355,41.089468],[-96.043355,41.089468],[-96.043355,41.089468],[-96.043355,41.089468],[-96.043355,41.089468],[-96.043355,41.089468],[-96.043355,41.089468],[-96.043355,41.089468],[-96.043355,41.089468],[-96.043355,41.089468],[-96.043355,41.089468],[-96.043355,41.089468],[-96.043355,41.089468],[-96.043355,41.089468],[-96.043355,41.089468],[-96.043355,41.089468],[-96.043355,41.089468],[-96.043355,41.089468],[-96.043355,41.089468],[-96.043355,41.089468],[-96.043355,41.089468],[-96.043355,41.089468],[-96.043355,41.089468],[-96.043355,41.089468],[-96.043355,41.089468],[-96.043355,41.089468],[-96.043355,41.089468],[-96.043355,41.089468],[-96.043355,41.089468],[-96.043355,41.089468],[-96.043355,41.089468],[-96.043355,41.089468],[-96.043355,41.089468],[-96.043355,41.089468],[-96.043355,41.089468],[-96.043355,41.089468]],[[-96.043361,41.089468],[-96.043361,41.089468],[-96.043361,41.089468],[-96.043361,41.089468],[-96.043361,41.089468],[-96.043361,41.089468],[-96.043361,41.089468],[-96.043361,41.089468],[-96.043361,41.089468],[-96.043361,41.089468],[-96.043361,41.089468],[-96.043361,41.089468],[-96.043361,41.089468],[-96.043361,41.089468],[-96.043361,41.089468],[-96.043361,41.089468],[-96.043361,41.089468],[-96.043361,41.089468],[-96.043361,41.089468],[-96.043361,41.089468],[-96.043361,41.089468],[-96.043361,41.089468],[-96.043361,41.089468],[-96.043361,41.089468],[-96.043361,41.089468],[-96.043361,41.089468],[-96.043361,41.089468],[-96.043361,41.089468],[-96.043361,41.089468],[-96.043361,41.089468],[-96.043361,41.089468],[-96.043361,41.089468]],[[-96.043361,41.089468],[-96.043361,41.089468],[-96.043361,41.089468],[-96.043361,41.089468],[-96.043361,41.089468],[-96.043361,41.089468],[-96.043361,41.089468],[-96.043361,41.089468],[-96.043361,41.089468],[-96.043361,41.089468],[-96.043361,41.089468],[-96.043361,41.089468],[-96.043361,41.089468],[-96.043361,41.089468],[-96.043361,41.089468],[-96.043361,41.089468],[-96.043361,41.089468],[-96.043361,41.089468],[-96.043361,41.089468],[-96.043361,41.089468],[-96.043361,41.089468],[-96.043361,41.089468],[-96.043361,41.089468],[-96.043361,41.089468],[-96.043361,41.089468],[-96.043361,41.089468],[-96.043361,41.089468],[-96.043361,41.089468],[-96.043361,41.089468],[-96.043361,41.089468],[-96.043361,41.089468],[-96.043361,41.089468]],[[-96.043355,41.089468],[-96.043355,41.089468],[-96.043355,41.089468],[-96.043355,41.089468],[-96.043355,41.089468],[-96.043355,41.089468],[-96.043355,41.089468],[-96.043355,41.089468],[-96.043355,41.089468],[-96.043355,41.089468],[-96.043355,41.089468],[-96.043355,41.089468],[-96.043355,41.089468],[-96.043355,41.089468],[-96.043355,41.089468],[-96.043355,41.089468],[-96.043355,41.089468],[-96.043355,41.089468],[-96.043355,41.089468],[-96.043355,41.089468],[-96.043355,41.089468],[-96.043355,41.089468],[-96.043355,41.089468],[-96.043355,41.089468],[-96.043355,41.089468],[-96.043355,41.089468],[-96.043355,41.089468],[-96.043355,41.089468],[-96.043355,41.089468],[-96.043355,41.089468],[-96.043355,41.089468],[-96.043355,41.089468]],[[-96.043355,41.089468],[-96.043355,41.089468],[-96.043355,41.089468],[-96.043355,41.089468],[-96.043355,41.089468],[-96.043355,41.089468],[-96.043355,41.089468],[-96.043355,41.089468],[-96.043355,41.089468],[-96.043355,41.089468],[-96.043355,41.089468],[-96.043355,41.089468],[-96.043355,41.089468],[-96.043355,41.089468],[-96.043355,41.089468],[-96.043355,41.089468],[-96.043355,41.089468],[-96.043355,41.089468],[-96.043355,41.089468],[-96.043355,41.089468],[-96.043355,41.089468],[-96.043355,41.089468],[-96.043355,41.089468],[-96.043355,41.089468],[-96.043355,41.089468],[-96.043355,41.089468],[-96.043356,41.089468],[-96.043356,41.089468],[-96.043356,41.089468],[-96.043356,41.089468],[-96.043356,41.089468],[-96.043356,41.089468]],[[-96.043355,41.089468],[-96.043355,41.089468],[-96.043355,41.089468],[-96.043355,41.089468],[-96.043355,41.089468],[-96.043355,41.089468],[-96.043355,41.089468],[-96.043355,41.089468],[-96.043355,41.089468],[-96.043355,41.089468],[-96.043355,41.089468],[-96.043355,41.089468],[-96.043355,41.089468],[-96.043355,41.089468],[-96.043355,41.089468],[-96.043355,41.089468],[-96.043355,41.089468],[-96.043355,41.089468],[-96.043355,41.089468],[-96.043355,41.089468],[-96.043356,41.089468],[-96.043356,41.089468],[-96.043356,41.089468],[-96.043356,41.089468],[-96.043356,41.089468],[-96.043356,41.089468],[-96.043356,41.089468],[-96.043356,41.089468],[-96.043356,41.089468],[-96.043356,41.089468],[-96.043356,41.089468],[-96.043356,41.089468]],[[-96.043361,41.089468],[-96.043361,41.089468],[-96.043361,41.089468],[-96.043361,41.089468],[-96.043361,41.089468],[-96.043361,41.089468],[-96.043361,41.089468],[-96.043361,41.089468],[-96.043361,41.089468],[-96.043361,41.089468],[-96.043361,41.089468],[-96.043361,41.089468],[-96.043361,41.089468],[-96.043361,41.089468],[-96.043361,41.089468],[-96.043361,41.089468],[-96.043361,41.089468],[-96.043361,41.089468],[-96.043361,41.089468],[-96.043361,41.089468],[-96.043361,41.089468],[-96.043361,41.089468],[-96.043361,41.089468],[-96.043361,41.089468],[-96.043361,41.089468],[-96.043361,41.089468],[-96.043361,41.089468],[-96.043361,41.089468],[-96.043361,41.089468],[-96.043361,41.089468],[-96.043361,41.089468],[-96.043361,41.089468],[-96.043361,41.089468],[-96.043361,41.089468],[-96.043361,41.089468],[-96.043361,41.089468],[-96.043361,41.089468],[-96.043361,41.089468],[-96.043361,41.089468],[-96.043361,41.089468]],[[-96.043361,41.089468],[-96.043361,41.089468],[-96.043361,41.089468],[-96.043361,41.089468],[-96.043361,41.089468],[-96.043361,41.089468],[-96.043361,41.089468],[-96.043361,41.089468],[-96.043361,41.089468],[-96.043361,41.089468],[-96.043361,41.089468],[-96.043361,41.089468],[-96.043361,41.089468],[-96.043361,41.089468],[-96.043361,41.089468],[-96.043361,41.089468],[-96.043361,41.089468],[-96.043361,41.089468],[-96.043361,41.089468],[-96.043361,41.089468],[-96.043361,41.089468],[-96.043361,41.089468],[-96.043361,41.089468],[-96.043361,41.089468],[-96.043361,41.089468],[-96.043361,41.089468],[-96.043361,41.089468],[-96.043361,41.089468],[-96.043361,41.089468],[-96.043361,41.089468],[-96.043361,41.089468],[-96.043361,41.089468]],[[-96.043356,41.089468],[-96.043356,41.089468],[-96.043356,41.089468],[-96.043356,41.089468],[-96.043356,41.089468],[-96.043356,41.089468],[-96.043356,41.089468],[-96.043355,41.089468],[-96.043355,41.089468],[-96.043355,41.089468],[-96.043355,41.089468],[-96.043355,41.089468],[-96.043355,41.089468],[-96.043355,41.089468],[-96.043355,41.089468],[-96.043355,41.089468],[-96.043355,41.089468],[-96.043355,41.089468],[-96.043355,41.089468],[-96.043355,41.089468],[-96.043355,41.089468],[-96.043355,41.089468],[-96.043355,41.089468],[-96.043355,41.089468],[-96.043355,41.089468],[-96.043355,41.089468],[-96.043355,41.089468],[-96.043355,41.089468],[-96.043355,41.089468],[-96.043355,41.089468],[-96.043355,41.089468],[-96.043355,41.089468],[-96.043355,41.089468],[-96.043355,41.089468],[-96.043355,41.089468],[-96.043355,41.089468],[-96.043355,41.089468],[-96.043355,41.089468],[-96.043355,41.089468],[-96.043355,41.089468]],[[-96.043357,41.089468],[-96.043357,41.089468],[-96.043357,41.089468]],[[-96.043355,41.089468],[-96.043355,41.089468]],[[-96.043356,41.089467],[-96.043356,41.089467]],[[-96.043355,41.089468],[-96.043355,41.089468],[-96.043355,41.089468],[-96.043355,41.089468],[-96.043355,41.089468],[-96.043355,41.089468],[-96.043355,41.089468],[-96.043355,41.089468],[-96.043355,41.089468],[-96.043355,41.089468],[-96.043355,41.089468],[-96.043355,41.089468],[-96.043355,41.089468],[-96.043355,41.089468],[-96.043355,41.089468],[-96.043355,41.089468],[-96.043355,41.089468],[-96.043355,41.089468],[-96.043355,41.089468],[-96.043355,41.089468],[-96.043355,41.089468],[-96.043355,41.089468],[-96.043355,41.089468],[-96.043355,41.089468],[-96.043355,41.089468],[-96.043355,41.089468],[-96.043355,41.089468],[-96.043355,41.089468],[-96.043355,41.089468],[-96.043355,41.089468],[-96.043355,41.089468],[-96.043355,41.089468],[-96.043355,41.089468],[-96.043355,41.089468],[-96.043355,41.089468],[-96.043355,41.089468],[-96.043355,41.089468],[-96.043355,41.089468],[-96.043355,41.089468],[-96.043355,41.089468]],[[-96.043355,41.089468],[-96.043355,41.089468],[-96.043355,41.089468],[-96.043355,41.089468],[-96.043355,41.089468],[-96.043355,41.089468],[-96.043355,41.089468],[-96.043355,41.089468],[-96.043355,41.089468],[-96.043355,41.089468],[-96.043355,41.089468],[-96.043355,41.089468],[-96.043355,41.089468],[-96.043355,41.089468],[-96.043355,41.089468],[-96.043355,41.089468],[-96.043355,41.089468],[-96.043355,41.089468],[-96.043355,41.089468],[-96.043355,41.089468],[-96.043355,41.089468],[-96.043355,41.089468],[-96.043355,41.089468],[-96.043355,41.089468],[-96.043355,41.089468],[-96.043355,41.089468],[-96.043355,41.089468],[-96.043355,41.089468],[-96.043355,41.089468],[-96.043355,41.089468],[-96.043356,41.089468],[-96.043356,41.089468],[-96.043356,41.089468],[-96.043356,41.089468],[-96.043356,41.089468],[-96.043356,41.089468],[-96.043356,41.089468],[-96.043356,41.089468],[-96.043356,41.089468],[-96.043356,41.089468],[-96.043356,41.089468],[-96.043356,41.089468],[-96.043356,41.089468],[-96.043356,41.089468],[-96.043356,41.089468],[-96.043356,41.089468],[-96.043356,41.089468],[-96.043356,41.089468]],[[-96.043356,41.089468],[-96.043356,41.089468],[-96.043356,41.089468],[-96.043356,41.089468],[-96.043356,41.089468],[-96.043356,41.089468],[-96.043356,41.089468],[-96.043356,41.089468],[-96.043356,41.089468],[-96.043356,41.089468],[-96.043356,41.089468],[-96.043356,41.089468],[-96.043355,41.089468],[-96.043355,41.089468],[-96.043355,41.089468],[-96.043355,41.089468],[-96.043355,41.089468],[-96.043355,41.089468],[-96.043355,41.089468],[-96.043355,41.089468],[-96.043355,41.089468],[-96.043355,41.089468],[-96.043355,41.089468],[-96.043355,41.089468],[-96.043355,41.089468],[-96.043355,41.089468],[-96.043355,41.089468],[-96.043355,41.089468],[-96.043355,41.089468],[-96.043355,41.089468],[-96.043355,41.089468],[-96.043355,41.089468],[-96.043355,41.089468],[-96.043355,41.089468],[-96.043355,41.089468],[-96.043355,41.089468],[-96.043355,41.089468],[-96.043355,41.089468],[-96.043355,41.089468],[-96.043355,41.089468],[-96.043355,41.089468],[-96.043355,41.089468],[-96.043355,41.089468],[-96.043355,41.089468],[-96.043355,41.089468],[-96.043355,41.089468],[-96.043355,41.089468],[-96.043355,41.089468],[-96.043355,41.089468],[-96.043355,41.089468],[-96.043355,41.089468],[-96.043355,41.089468],[-96.043355,41.089468],[-96.043355,41.089468],[-96.043355,41.089468],[-96.043355,41.089468],[-96.043355,41.089468],[-96.043355,41.089468],[-96.043355,41.089468],[-96.043355,41.089468],[-96.043355,41.089468],[-96.043355,41.089468],[-96.043355,41.089468],[-96.043355,41.089468]],[[-96.043355,41.089468],[-96.043355,41.089468],[-96.043355,41.089468]],[[-96.043355,41.089468],[-96.043355,41.089468],[-96.043355,41.089468],[-96.043355,41.089468]],[[-96.043356,41.089468],[-96.043356,41.089468],[-96.043356,41.089468],[-96.043356,41.089468],[-96.043356,41.089468],[-96.043356,41.089468],[-96.043356,41.089468],[-96.043356,41.089468],[-96.043356,41.089468],[-96.043356,41.089468],[-96.043356,41.089468],[-96.043356,41.089468],[-96.043356,41.089468],[-96.043356,41.089468],[-96.043356,41.089468],[-96.043356,41.089468],[-96.043356,41.089468],[-96.043356,41.089468],[-96.043356,41.089468],[-96.043356,41.089468],[-96.043356,41.089468],[-96.043356,41.089468],[-96.043356,41.089468],[-96.043356,41.089468],[-96.043356,41.089468],[-96.043356,41.089468],[-96.043356,41.089468],[-96.043356,41.089468],[-96.043356,41.089468],[-96.043356,41.089468],[-96.043356,41.089468],[-96.043355,41.089468],[-96.043355,41.089468],[-96.043355,41.089468],[-96.043355,41.089468],[-96.043355,41.089468],[-96.043355,41.089468],[-96.043355,41.089468],[-96.043355,41.089468],[-96.043355,41.089468],[-96.043355,41.089468],[-96.043355,41.089468],[-96.043355,41.089468],[-96.043355,41.089468],[-96.043355,41.089468],[-96.043355,41.089468],[-96.043355,41.089468],[-96.043355,41.089468],[-96.043355,41.089468],[-96.043355,41.089468],[-96.043355,41.089468],[-96.043355,41.089468],[-96.043355,41.089468],[-96.043355,41.089468],[-96.043355,41.089468],[-96.043355,41.089468],[-96.043355,41.089468],[-96.043355,41.089468],[-96.043355,41.089468],[-96.043355,41.089468],[-96.043355,41.089468],[-96.043355,41.089468],[-96.043355,41.089468],[-96.043355,41.089468],[-96.043355,41.089468],[-96.043355,41.089468],[-96.043355,41.089468],[-96.043355,41.089468],[-96.043355,41.089468],[-96.043355,41.089468],[-96.043355,41.089468],[-96.043355,41.089468]],[[-96.043355,41.089467],[-96.043355,41.089467],[-96.043355,41.089468]],[[-96.043355,41.089468],[-96.043355,41.089468],[-96.043355,41.089468]],[[-96.043359,41.089468],[-96.043359,41.089468],[-96.043359,41.089468]],[[-96.043361,41.089468],[-96.043361,41.089468]],[[-96.043361,41.089467],[-96.043361,41.089467]],[[-96.043361,41.089468],[-96.043361,41.089468],[-96.043361,41.089468],[-96.043361,41.089468],[-96.043361,41.089468],[-96.043361,41.089468],[-96.043361,41.089468],[-96.043361,41.089468],[-96.043361,41.089468],[-96.043361,41.089468],[-96.043361,41.089468],[-96.043361,41.089468],[-96.043361,41.089468],[-96.043361,41.089468],[-96.043361,41.089468],[-96.043361,41.089468],[-96.043361,41.089468],[-96.043361,41.089468],[-96.043361,41.089468],[-96.043361,41.089468],[-96.043361,41.089468],[-96.043361,41.089468],[-96.043361,41.089468],[-96.043361,41.089468],[-96.043361,41.089468],[-96.043361,41.089468],[-96.043361,41.089468],[-96.043361,41.089468],[-96.043361,41.089468],[-96.043361,41.089468],[-96.043361,41.089468],[-96.043361,41.089468],[-96.043361,41.089468],[-96.043361,41.089468],[-96.043361,41.089468],[-96.043361,41.089468],[-96.043361,41.089468],[-96.043361,41.089468],[-96.043361,41.089468],[-96.043361,41.089468],[-96.043361,41.089468],[-96.043361,41.089468],[-96.043361,41.089468],[-96.043361,41.089468],[-96.043361,41.089468],[-96.043361,41.089468],[-96.043361,41.089468],[-96.043361,41.089468],[-96.043361,41.089468],[-96.043361,41.089468],[-96.043361,41.089468],[-96.043361,41.089468],[-96.043361,41.089468],[-96.043361,41.089468],[-96.043361,41.089468],[-96.043361,41.089468],[-96.043361,41.089468],[-96.043361,41.089468],[-96.043361,41.089468],[-96.043361,41.089468],[-96.043361,41.089468],[-96.043361,41.089468],[-96.043361,41.089468],[-96.043361,41.089468]],[[-96.043361,41.089468],[-96.043361,41.089468],[-96.043361,41.089468],[-96.043361,41.089468],[-96.043361,41.089468],[-96.043361,41.089468],[-96.043361,41.089468],[-96.043361,41.089468],[-96.043361,41.089468],[-96.043361,41.089468],[-96.043361,41.089468],[-96.043361,41.089468],[-96.043361,41.089468],[-96.043361,41.089468],[-96.043361,41.089468],[-96.043361,41.089468],[-96.043361,41.089468],[-96.043361,41.089468],[-96.043361,41.089468],[-96.043361,41.089468],[-96.043361,41.089468],[-96.043361,41.089468],[-96.043361,41.089468],[-96.043361,41.089468],[-96.043361,41.089468],[-96.043361,41.089468],[-96.043361,41.089468],[-96.043361,41.089468],[-96.043361,41.089468],[-96.043361,41.089468],[-96.043361,41.089468],[-96.043361,41.089468],[-96.043361,41.089468],[-96.043361,41.089468],[-96.043361,41.089468],[-96.043361,41.089468],[-96.043361,41.089468],[-96.043361,41.089468],[-96.043361,41.089468],[-96.043361,41.089468],[-96.043361,41.089468],[-96.043361,41.089468],[-96.043361,41.089468],[-96.043361,41.089468],[-96.043361,41.089468],[-96.043361,41.089468],[-96.043361,41.089468],[-96.043361,41.089468],[-96.043361,41.089468],[-96.043361,41.089468],[-96.043361,41.089468],[-96.043361,41.089468],[-96.043361,41.089468],[-96.043361,41.089468],[-96.043361,41.089468],[-96.043361,41.089468],[-96.043361,41.089468],[-96.043361,41.089468],[-96.043361,41.089468],[-96.043361,41.089468],[-96.043361,41.089468],[-96.043361,41.089468],[-96.043361,41.089468],[-96.043361,41.089468],[-96.043361,41.089468],[-96.043361,41.089468],[-96.043361,41.089468],[-96.043361,41.089468],[-96.043361,41.089468],[-96.043361,41.089468],[-96.043361,41.089468],[-96.043361,41.089468]],[[-96.043361,41.089468],[-96.043361,41.089468],[-96.043361,41.089468],[-96.043361,41.089468]],[[-96.043361,41.089468],[-96.043361,41.089468],[-96.043361,41.089468]],[[-96.043361,41.089468],[-96.043361,41.089468],[-96.043361,41.089468],[-96.043361,41.089468],[-96.043361,41.089468],[-96.043361,41.089468],[-96.043361,41.089468],[-96.043361,41.089468],[-96.043361,41.089468],[-96.043361,41.089468],[-96.043361,41.089468],[-96.043361,41.089468],[-96.043361,41.089468],[-96.043361,41.089468],[-96.043361,41.089468],[-96.043361,41.089468],[-96.043361,41.089468],[-96.043361,41.089468],[-96.043361,41.089468],[-96.043361,41.089468],[-96.043361,41.089468],[-96.043361,41.089468],[-96.043361,41.089468],[-96.043361,41.089468],[-96.043361,41.089468],[-96.043361,41.089468],[-96.043361,41.089468],[-96.043361,41.089468],[-96.043361,41.089468],[-96.043361,41.089468],[-96.043361,41.089468],[-96.043361,41.089468],[-96.043361,41.089468],[-96.043361,41.089468],[-96.043361,41.089468],[-96.043361,41.089468],[-96.043361,41.089468],[-96.043361,41.089468],[-96.043361,41.089468],[-96.043361,41.089468],[-96.043361,41.089468],[-96.043361,41.089468],[-96.043361,41.089468],[-96.043361,41.089468],[-96.043361,41.089468],[-96.043361,41.089468],[-96.043361,41.089468],[-96.043361,41.089468],[-96.043361,41.089468],[-96.043361,41.089468],[-96.043361,41.089468],[-96.043361,41.089468],[-96.043361,41.089468],[-96.043361,41.089468],[-96.043361,41.089468],[-96.043361,41.089468],[-96.043361,41.089468],[-96.043361,41.089468],[-96.043361,41.089468],[-96.043361,41.089468],[-96.043361,41.089468],[-96.043361,41.089468],[-96.043361,41.089468],[-96.043361,41.089468],[-96.043361,41.089468],[-96.043361,41.089468],[-96.043361,41.089468],[-96.043361,41.089468],[-96.043361,41.089468],[-96.043361,41.089468],[-96.043361,41.089468],[-96.043361,41.089468]],[[-96.043361,41.089468],[-96.043361,41.089468],[-96.043361,41.089468]],[[-96.043361,41.089468],[-96.043361,41.089467],[-96.043361,41.089467]],[[-96.043355,41.089468],[-96.043355,41.089468]],[[-96.043361,41.089468],[-96.043361,41.089468]],[[-96.043355,41.089469],[-96.043355,41.08947]],[[-96.043355,41.089469],[-96.043355,41.089469],[-96.043355,41.089469],[-96.043355,41.089469],[-96.043355,41.089469],[-96.043355,41.089469],[-96.043355,41.089469],[-96.043355,41.089469],[-96.043355,41.089469],[-96.043355,41.089469],[-96.043355,41.089469],[-96.043355,41.089468],[-96.043355,41.089468],[-96.043355,41.089468],[-96.043355,41.089468],[-96.043355,41.089468],[-96.043355,41.089468],[-96.043355,41.089468],[-96.043355,41.089468],[-96.043355,41.089468]],[[-96.043355,41.089468],[-96.043355,41.089468]],[[-96.043355,41.089468],[-96.043355,41.089468]],[[-96.043355,41.089468],[-96.043355,41.089468],[-96.043355,41.089468],[-96.043355,41.089468],[-96.043355,41.089468],[-96.043355,41.089468],[-96.043355,41.089468],[-96.043355,41.089468],[-96.043355,41.089468],[-96.043356,41.089468],[-96.043356,41.089468],[-96.043356,41.089468],[-96.043356,41.089468],[-96.043356,41.089468],[-96.043356,41.089468],[-96.043356,41.089468],[-96.043356,41.089468],[-96.043356,41.089468],[-96.043356,41.089468],[-96.043356,41.089468],[-96.043356,41.089468],[-96.043356,41.089468],[-96.043356,41.089468],[-96.043356,41.089468],[-96.043356,41.089468],[-96.043356,41.089468],[-96.043356,41.089468],[-96.043356,41.089468]],[[-96.043356,41.08947],[-96.043356,41.089468]],[[-96.043355,41.089468],[-96.043355,41.089468]],[[-96.043355,41.089468],[-96.043355,41.089468]],[[-96.043355,41.089468],[-96.043355,41.089468],[-96.043355,41.089468],[-96.043355,41.089468],[-96.043355,41.089468],[-96.043355,41.089468],[-96.043355,41.089468]],[[-96.043355,41.089468],[-96.043355,41.089468],[-96.043355,41.089468],[-96.043355,41.089468]],[[-96.043355,41.089468],[-96.043355,41.089468],[-96.043355,41.089468],[-96.043355,41.089468],[-96.043355,41.089468],[-96.043355,41.089468],[-96.043355,41.089468],[-96.043355,41.089468]],[[-96.043355,41.089468],[-96.043355,41.089468],[-96.043355,41.089468],[-96.043355,41.089468]],[[-96.043355,41.089468],[-96.043355,41.089468],[-96.043355,41.089468],[-96.043355,41.089468],[-96.043355,41.089468],[-96.043355,41.089468],[-96.043355,41.089468]],[[-96.043355,41.089468],[-96.043355,41.089468]],[[-96.043362,41.08947],[-96.043362,41.089469]],[[-96.043361,41.089468],[-96.043361,41.089468],[-96.043361,41.089468],[-96.043362,41.089468],[-96.043362,41.089468],[-96.043362,41.089468],[-96.043362,41.089468],[-96.043362,41.089468],[-96.043362,41.089468],[-96.043362,41.089469],[-96.043362,41.089469],[-96.043362,41.089469],[-96.043362,41.089469],[-96.043362,41.089469],[-96.043362,41.089469],[-96.043362,41.089469],[-96.043362,41.089469],[-96.043362,41.089469],[-96.043362,41.089469],[-96.043362,41.089469]],[[-96.043361,41.089468],[-96.043361,41.089468]],[[-96.043361,41.089468],[-96.043361,41.089468]],[[-96.043361,41.089468],[-96.043361,41.089468],[-96.043361,41.089468],[-96.043361,41.089468],[-96.043361,41.089468],[-96.043361,41.089468],[-96.043361,41.089468],[-96.043361,41.089468],[-96.043361,41.089468],[-96.043361,41.089468],[-96.043361,41.089468],[-96.043361,41.089468],[-96.043361,41.089468],[-96.043361,41.089468],[-96.043361,41.089468],[-96.043361,41.089468],[-96.043361,41.089468],[-96.043361,41.089468],[-96.043361,41.089468],[-96.043361,41.089468],[-96.043361,41.089468],[-96.043361,41.089468],[-96.043361,41.089468],[-96.043361,41.089468],[-96.043361,41.089468],[-96.043361,41.089468],[-96.043361,41.089468],[-96.043361,41.089468]],[[-96.043361,41.089468],[-96.043361,41.08947]],[[-96.043361,41.089468],[-96.043361,41.089468]],[[-96.043361,41.089468],[-96.043361,41.089468]],[[-96.043361,41.089468],[-96.043361,41.089468],[-96.043361,41.089468],[-96.043361,41.089468],[-96.043361,41.089468],[-96.043361,41.089468],[-96.043361,41.089468]],[[-96.043361,41.089468],[-96.043361,41.089468],[-96.043361,41.089468],[-96.043361,41.089468],[-96.043361,41.089468],[-96.043361,41.089468],[-96.043361,41.089468],[-96.043361,41.089468]],[[-96.043361,41.089468],[-96.043361,41.089468],[-96.043361,41.089468]],[[-96.043361,41.089468],[-96.043361,41.089468],[-96.043361,41.089468],[-96.043361,41.089468],[-96.043361,41.089468],[-96.043361,41.089468],[-96.043361,41.089468]],[[-96.043361,41.089468],[-96.043361,41.089468],[-96.043361,41.089468],[-96.043361,41.089468]]]}},{"type":"Feature","properties":{"type":"drawing","level":"LEVEL 1","Layer":"I-FURN","source":"LEVEL_1.dxf","SubClasses":"AcDbEntity:AcDbBlockReference","EntityHandle":"A8B","interactive":false},"geometry":{"type":"MultiLineString","coordinates":[[[-96.043397,41.08946],[-96.043397,41.08946],[-96.043397,41.08946],[-96.043397,41.08946],[-96.043397,41.08946],[-96.043397,41.08946],[-96.043397,41.08946],[-96.043397,41.08946],[-96.043397,41.08946],[-96.043397,41.08946],[-96.043397,41.08946],[-96.043397,41.08946],[-96.043397,41.08946],[-96.043397,41.08946],[-96.043397,41.08946],[-96.043397,41.08946],[-96.043397,41.08946],[-96.043397,41.08946],[-96.043397,41.08946],[-96.043397,41.08946]],[[-96.043398,41.089461],[-96.043398,41.089461],[-96.043398,41.089461],[-96.043398,41.089461],[-96.043398,41.08946],[-96.043397,41.08946]],[[-96.043398,41.08946],[-96.043398,41.08946],[-96.043398,41.08946],[-96.043398,41.08946],[-96.043398,41.08946],[-96.043398,41.08946],[-96.043398,41.08946],[-96.043398,41.08946],[-96.043398,41.08946],[-96.043398,41.08946],[-96.043398,41.08946],[-96.043398,41.08946],[-96.043398,41.08946],[-96.043398,41.08946],[-96.043398,41.08946],[-96.043398,41.08946],[-96.043398,41.08946],[-96.043398,41.08946]],[[-96.043398,41.08946],[-96.043398,41.08946],[-96.043398,41.08946],[-96.043398,41.08946],[-96.043398,41.08946],[-96.043398,41.08946],[-96.043398,41.08946],[-96.043398,41.08946],[-96.043398,41.08946]],[[-96.043398,41.08946],[-96.043398,41.08946]],[[-96.043397,41.08946],[-96.043397,41.08946]],[[-96.043398,41.089457],[-96.043398,41.089457],[-96.043398,41.089457],[-96.043398,41.089457],[-96.043398,41.089457],[-96.043398,41.089457],[-96.043398,41.089457],[-96.043398,41.089457],[-96.043398,41.089457],[-96.043398,41.089457],[-96.043398,41.089457],[-96.043398,41.089457],[-96.043398,41.089457],[-96.043398,41.089457],[-96.043398,41.089457],[-96.043398,41.089457],[-96.043398,41.089457],[-96.043398,41.089457],[-96.043398,41.089457],[-96.043398,41.089457],[-96.043398,41.089457],[-96.043398,41.089457],[-96.043398,41.089457],[-96.043398,41.089457],[-96.043398,41.089457],[-96.043398,41.089457],[-96.043398,41.089457],[-96.043398,41.089458],[-96.043398,41.089458]],[[-96.043397,41.089458],[-96.043397,41.089458],[-96.043397,41.089458],[-96.043397,41.089458],[-96.043397,41.089458],[-96.043397,41.089458],[-96.043397,41.089458],[-96.043397,41.089458],[-96.043397,41.089458],[-96.043397,41.089458],[-96.043397,41.089458],[-96.043397,41.089458],[-96.043397,41.089458],[-96.043397,41.089458],[-96.043397,41.089458],[-96.043397,41.089458],[-96.043397,41.089458],[-96.043397,41.089458],[-96.043397,41.089458]],[[-96.043397,41.08946],[-96.043397,41.089459],[-96.043397,41.089459],[-96.043397,41.089459],[-96.043397,41.089459],[-96.043397,41.089459],[-96.043397,41.089459],[-96.043397,41.089459],[-96.043397,41.089459],[-96.043397,41.089459],[-96.043397,41.089459],[-96.043397,41.089459],[-96.043397,41.089459],[-96.043397,41.089459],[-96.043397,41.089459],[-96.043397,41.089459],[-96.043397,41.089459],[-96.043397,41.089459],[-96.043397,41.089459],[-96.043397,41.089459]],[[-96.043398,41.089459],[-96.043398,41.089459],[-96.043398,41.089459],[-96.043398,41.089459],[-96.043398,41.08946],[-96.043398,41.08946],[-96.043398,41.08946],[-96.043398,41.08946],[-96.043398,41.08946],[-96.043398,41.08946],[-96.043398,41.08946],[-96.043398,41.08946],[-96.043398,41.08946],[-96.043398,41.08946],[-96.043398,41.08946],[-96.043398,41.08946],[-96.043398,41.08946],[-96.043398,41.08946],[-96.043398,41.08946],[-96.043398,41.08946],[-96.043398,41.08946],[-96.043398,41.08946],[-96.043398,41.08946],[-96.043398,41.08946],[-96.043398,41.08946],[-96.043398,41.08946],[-96.043398,41.08946],[-96.043398,41.08946]],[[-96.043397,41.089458],[-96.043398,41.089457]],[[-96.043398,41.08946],[-96.043397,41.08946]],[[-96.043398,41.089458],[-96.043398,41.089458]],[[-96.043398,41.089458],[-96.043398,41.089459]],[[-96.043397,41.089459],[-96.043397,41.089458]],[[-96.043397,41.089458],[-96.043397,41.089458]],[[-96.043404,41.08946],[-96.043404,41.08946],[-96.043404,41.08946],[-96.043404,41.08946],[-96.043404,41.08946],[-96.043404,41.08946],[-96.043404,41.08946],[-96.043404,41.08946],[-96.043404,41.08946],[-96.043404,41.08946],[-96.043404,41.08946],[-96.043404,41.08946],[-96.043404,41.08946],[-96.043404,41.08946],[-96.043404,41.08946],[-96.043404,41.08946],[-96.043404,41.08946],[-96.043404,41.08946],[-96.043404,41.08946],[-96.043404,41.08946]],[[-96.043404,41.08946],[-96.043403,41.08946],[-96.043403,41.089461],[-96.043403,41.089461],[-96.043403,41.089461],[-96.043403,41.089461]],[[-96.043403,41.08946],[-96.043403,41.08946],[-96.043403,41.08946],[-96.043403,41.08946],[-96.043403,41.08946],[-96.043403,41.08946],[-96.043403,41.08946],[-96.043403,41.08946],[-96.043403,41.08946],[-96.043403,41.08946],[-96.043403,41.08946],[-96.043403,41.08946],[-96.043403,41.08946],[-96.043403,41.08946],[-96.043403,41.08946],[-96.043403,41.08946],[-96.043403,41.08946],[-96.043403,41.08946]],[[-96.043403,41.08946],[-96.043403,41.08946],[-96.043403,41.08946],[-96.043403,41.08946],[-96.043403,41.08946],[-96.043403,41.08946],[-96.043403,41.08946],[-96.043403,41.08946],[-96.043403,41.08946]],[[-96.043403,41.08946],[-96.043403,41.08946]],[[-96.043404,41.08946],[-96.043404,41.08946]],[[-96.043403,41.089458],[-96.043403,41.089458],[-96.043403,41.089457],[-96.043403,41.089457],[-96.043403,41.089457],[-96.043403,41.089457],[-96.043403,41.089457],[-96.043403,41.089457],[-96.043403,41.089457],[-96.043403,41.089457],[-96.043403,41.089457],[-96.043403,41.089457],[-96.043403,41.089457],[-96.043403,41.089457],[-96.043403,41.089457],[-96.043403,41.089457],[-96.043403,41.089457],[-96.043403,41.089457],[-96.043403,41.089457],[-96.043403,41.089457],[-96.043403,41.089457],[-96.043403,41.089457],[-96.043403,41.089457],[-96.043403,41.089457],[-96.043403,41.089457],[-96.043403,41.089457],[-96.043403,41.089457],[-96.043403,41.089457],[-96.043403,41.089457]],[[-96.043404,41.089458],[-96.043404,41.089458],[-96.043404,41.089458],[-96.043404,41.089458],[-96.043404,41.089458],[-96.043404,41.089458],[-96.043404,41.089458],[-96.043404,41.089458],[-96.043404,41.089458],[-96.043404,41.089458],[-96.043404,41.089458],[-96.043404,41.089458],[-96.043404,41.089458],[-96.043404,41.089458],[-96.043404,41.089458],[-96.043404,41.089458],[-96.043404,41.089458],[-96.043404,41.089458],[-96.043404,41.089458]],[[-96.043404,41.089459],[-96.043404,41.089459],[-96.043404,41.089459],[-96.043404,41.089459],[-96.043404,41.089459],[-96.043404,41.089459],[-96.043404,41.089459],[-96.043404,41.089459],[-96.043404,41.089459],[-96.043404,41.089459],[-96.043404,41.089459],[-96.043404,41.089459],[-96.043404,41.089459],[-96.043404,41.089459],[-96.043404,41.089459],[-96.043404,41.089459],[-96.043404,41.089459],[-96.043404,41.089459],[-96.043404,41.089459],[-96.043404,41.08946]],[[-96.043403,41.08946],[-96.043403,41.08946],[-96.043403,41.08946],[-96.043403,41.08946],[-96.043403,41.08946],[-96.043403,41.08946],[-96.043403,41.08946],[-96.043403,41.08946],[-96.043403,41.08946],[-96.043403,41.08946],[-96.043403,41.08946],[-96.043403,41.08946],[-96.043403,41.08946],[-96.043403,41.08946],[-96.043403,41.08946],[-96.043403,41.08946],[-96.043403,41.08946],[-96.043403,41.08946],[-96.043403,41.08946],[-96.043403,41.08946],[-96.043403,41.08946],[-96.043403,41.08946],[-96.043403,41.08946],[-96.043403,41.08946],[-96.043403,41.089459],[-96.043403,41.089459],[-96.043403,41.089459],[-96.043403,41.089459]],[[-96.043404,41.089458],[-96.043403,41.089457]],[[-96.043403,41.08946],[-96.043404,41.08946]],[[-96.043403,41.089458],[-96.043403,41.089458]],[[-96.043403,41.089458],[-96.043403,41.089459]],[[-96.043404,41.089459],[-96.043404,41.089458]],[[-96.043404,41.089458],[-96.043404,41.089458]],[[-96.043403,41.089456],[-96.043403,41.089456],[-96.043403,41.089456],[-96.043403,41.089456],[-96.043403,41.089456],[-96.043403,41.089456],[-96.043403,41.089456],[-96.043403,41.089456],[-96.043403,41.089456],[-96.043403,41.089456],[-96.043403,41.089456],[-96.043403,41.089456],[-96.043403,41.089456],[-96.043403,41.089456],[-96.043403,41.089456],[-96.043403,41.089456],[-96.043403,41.089456],[-96.043403,41.089456],[-96.043403,41.089456]],[[-96.043404,41.089458],[-96.043404,41.089459],[-96.043404,41.089459]],[[-96.043403,41.089456],[-96.043403,41.089457],[-96.043403,41.089457],[-96.043404,41.089457],[-96.043404,41.089458],[-96.043404,41.089458]],[[-96.043404,41.089459],[-96.043404,41.089459],[-96.043404,41.089459],[-96.043404,41.08946],[-96.043403,41.08946],[-96.043403,41.08946],[-96.043403,41.08946],[-96.043403,41.08946],[-96.043403,41.08946],[-96.043403,41.08946],[-96.043403,41.08946]],[[-96.043398,41.089456],[-96.043398,41.089456],[-96.043398,41.089456],[-96.043398,41.089456],[-96.043398,41.089456],[-96.043398,41.089456],[-96.043398,41.089456],[-96.043398,41.089456],[-96.043398,41.089456],[-96.043398,41.089456],[-96.043398,41.089456],[-96.043398,41.089456],[-96.043398,41.089456],[-96.043398,41.089456],[-96.043398,41.089456],[-96.043398,41.089456],[-96.043398,41.089456],[-96.043398,41.089456],[-96.043398,41.089456]],[[-96.043398,41.089456],[-96.043401,41.089456],[-96.043403,41.089456]],[[-96.043397,41.089459],[-96.043397,41.089459],[-96.043397,41.089458]],[[-96.043397,41.089458],[-96.043397,41.089458],[-96.043397,41.089457],[-96.043398,41.089457],[-96.043398,41.089457],[-96.043398,41.089456]],[[-96.043398,41.08946],[-96.043398,41.08946],[-96.043398,41.08946],[-96.043398,41.08946],[-96.043398,41.08946],[-96.043398,41.08946],[-96.043398,41.08946],[-96.043397,41.08946],[-96.043397,41.089459],[-96.043397,41.089459],[-96.043397,41.089459]],[[-96.043403,41.08946],[-96.043403,41.08946],[-96.043403,41.08946],[-96.043403,41.08946],[-96.043403,41.08946],[-96.043403,41.08946],[-96.043403,41.08946],[-96.043403,41.08946],[-96.043403,41.08946],[-96.043403,41.08946],[-96.043403,41.08946],[-96.043403,41.08946],[-96.043403,41.08946],[-96.043403,41.08946],[-96.043403,41.08946],[-96.043403,41.08946],[-96.043403,41.08946],[-96.043403,41.08946],[-96.043403,41.08946],[-96.043403,41.08946],[-96.043403,41.08946],[-96.043403,41.08946],[-96.043403,41.08946],[-96.043403,41.08946],[-96.043403,41.08946]],[[-96.043403,41.089461],[-96.043403,41.089461],[-96.043403,41.089461],[-96.043403,41.089461],[-96.043403,41.089461],[-96.043403,41.089461],[-96.043403,41.089461],[-96.043403,41.089461],[-96.043403,41.089461],[-96.043403,41.089461],[-96.043403,41.089461],[-96.043403,41.089461],[-96.043403,41.089461],[-96.043403,41.089461],[-96.043403,41.089461]],[[-96.043403,41.08946],[-96.043403,41.08946],[-96.043403,41.08946],[-96.043403,41.08946],[-96.043403,41.089461],[-96.043403,41.089461],[-96.043403,41.089461],[-96.043403,41.089461],[-96.043403,41.089461]],[[-96.043398,41.08946],[-96.043398,41.08946],[-96.043398,41.08946],[-96.043398,41.08946],[-96.043398,41.08946],[-96.043398,41.08946],[-96.043398,41.08946],[-96.043398,41.08946],[-96.043398,41.08946],[-96.043398,41.08946],[-96.043398,41.08946],[-96.043398,41.08946],[-96.043398,41.08946],[-96.043398,41.08946],[-96.043398,41.08946],[-96.043398,41.08946],[-96.043398,41.08946],[-96.043398,41.08946],[-96.043398,41.08946],[-96.043398,41.08946],[-96.043398,41.08946],[-96.043398,41.08946],[-96.043398,41.08946],[-96.043398,41.08946],[-96.043398,41.08946]],[[-96.043398,41.089461],[-96.043398,41.089461],[-96.043398,41.089461],[-96.043398,41.089461],[-96.043398,41.089461],[-96.043398,41.089461],[-96.043398,41.089461],[-96.043398,41.089461],[-96.043398,41.089461],[-96.043398,41.089461],[-96.043398,41.089461],[-96.043398,41.089461],[-96.043398,41.089461],[-96.043398,41.089461],[-96.043398,41.089461]],[[-96.043398,41.089461],[-96.043398,41.089461],[-96.043398,41.089461],[-96.043398,41.089461],[-96.043398,41.089461],[-96.043398,41.08946],[-96.043398,41.08946],[-96.043398,41.08946],[-96.043398,41.08946]],[[-96.043403,41.08946],[-96.043402,41.08946],[-96.043401,41.08946],[-96.0434,41.08946],[-96.043399,41.08946],[-96.043398,41.08946]],[[-96.043403,41.089461],[-96.043402,41.089461],[-96.043401,41.089461],[-96.0434,41.089461],[-96.043399,41.089461],[-96.043398,41.089461]],[[-96.043398,41.08946],[-96.043398,41.08946]],[[-96.043403,41.08946],[-96.043403,41.08946]],[[-96.043398,41.08946],[-96.043398,41.08946]],[[-96.043403,41.08946],[-96.043403,41.08946]],[[-96.043398,41.08946],[-96.043398,41.08946],[-96.043398,41.08946],[-96.043398,41.08946],[-96.043398,41.08946],[-96.043398,41.08946],[-96.043398,41.08946],[-96.043398,41.08946],[-96.043398,41.08946],[-96.043398,41.08946],[-96.043398,41.08946],[-96.043398,41.08946],[-96.043398,41.08946],[-96.043398,41.08946],[-96.043398,41.08946],[-96.043398,41.08946],[-96.043398,41.08946],[-96.043398,41.08946],[-96.043398,41.08946],[-96.043398,41.08946],[-96.043398,41.08946],[-96.043398,41.08946],[-96.043398,41.08946],[-96.043398,41.08946],[-96.043398,41.08946],[-96.043398,41.08946],[-96.043398,41.08946],[-96.043398,41.08946],[-96.043398,41.08946],[-96.043398,41.08946],[-96.043398,41.08946],[-96.043398,41.08946],[-96.043398,41.08946],[-96.043398,41.08946],[-96.043398,41.08946],[-96.043398,41.08946],[-96.043398,41.08946],[-96.043398,41.08946],[-96.043398,41.08946],[-96.043398,41.08946],[-96.043398,41.08946],[-96.043398,41.08946],[-96.043398,41.08946],[-96.043398,41.08946],[-96.043398,41.08946],[-96.043398,41.08946],[-96.043398,41.08946],[-96.043398,41.08946]],[[-96.043403,41.08946],[-96.043403,41.08946],[-96.043403,41.08946],[-96.043403,41.08946],[-96.043403,41.08946],[-96.043403,41.08946],[-96.043403,41.08946],[-96.043403,41.08946],[-96.043403,41.08946],[-96.043403,41.08946],[-96.043403,41.08946],[-96.043403,41.08946],[-96.043403,41.08946],[-96.043403,41.08946],[-96.043403,41.08946],[-96.043403,41.08946],[-96.043403,41.08946],[-96.043403,41.08946],[-96.043403,41.08946],[-96.043403,41.08946],[-96.043403,41.08946],[-96.043403,41.08946],[-96.043403,41.08946],[-96.043403,41.08946],[-96.043403,41.08946],[-96.043403,41.08946],[-96.043403,41.08946],[-96.043403,41.08946],[-96.043403,41.08946],[-96.043403,41.08946],[-96.043403,41.08946],[-96.043403,41.08946],[-96.043403,41.08946],[-96.043403,41.08946],[-96.043403,41.08946],[-96.043403,41.08946],[-96.043403,41.08946],[-96.043403,41.08946],[-96.043403,41.08946],[-96.043403,41.08946],[-96.043403,41.08946],[-96.043403,41.08946],[-96.043403,41.08946],[-96.043403,41.08946],[-96.043403,41.08946],[-96.043403,41.08946],[-96.043403,41.08946],[-96.043403,41.08946]],[[-96.043398,41.08946],[-96.043398,41.08946],[-96.043398,41.08946],[-96.043398,41.08946],[-96.043398,41.08946],[-96.043398,41.08946],[-96.043398,41.08946],[-96.043398,41.08946],[-96.043398,41.08946],[-96.043398,41.08946],[-96.043398,41.08946],[-96.043398,41.08946],[-96.043398,41.08946],[-96.043398,41.08946],[-96.043398,41.08946],[-96.043398,41.08946],[-96.043398,41.08946],[-96.043398,41.08946],[-96.043398,41.08946],[-96.043398,41.08946],[-96.043398,41.08946],[-96.043398,41.08946],[-96.043398,41.08946],[-96.043398,41.08946],[-96.043398,41.08946],[-96.043398,41.08946],[-96.043398,41.08946],[-96.043398,41.08946],[-96.043398,41.08946],[-96.043398,41.08946],[-96.043398,41.08946],[-96.043398,41.08946],[-96.043398,41.08946],[-96.043398,41.08946],[-96.043398,41.08946],[-96.043398,41.08946],[-96.043398,41.08946],[-96.043398,41.08946],[-96.043398,41.08946],[-96.043398,41.08946]],[[-96.043398,41.08946],[-96.043398,41.08946],[-96.043398,41.08946],[-96.043398,41.08946],[-96.043398,41.08946],[-96.043398,41.08946],[-96.043398,41.08946],[-96.043398,41.08946],[-96.043398,41.08946],[-96.043398,41.08946],[-96.043398,41.08946],[-96.043398,41.08946],[-96.043398,41.08946],[-96.043398,41.08946],[-96.043398,41.08946],[-96.043398,41.08946],[-96.043398,41.08946],[-96.043398,41.08946],[-96.043398,41.08946],[-96.043398,41.08946],[-96.043398,41.08946],[-96.043398,41.08946],[-96.043398,41.08946],[-96.043398,41.08946],[-96.043398,41.08946],[-96.043398,41.08946],[-96.043398,41.08946],[-96.043398,41.08946],[-96.043398,41.08946],[-96.043398,41.08946],[-96.043398,41.08946],[-96.043398,41.08946]],[[-96.043403,41.08946],[-96.043403,41.08946],[-96.043403,41.08946],[-96.043403,41.08946],[-96.043403,41.08946],[-96.043403,41.08946],[-96.043403,41.08946],[-96.043403,41.08946],[-96.043403,41.08946],[-96.043403,41.08946],[-96.043403,41.08946],[-96.043403,41.08946],[-96.043403,41.08946],[-96.043403,41.08946],[-96.043403,41.08946],[-96.043403,41.08946],[-96.043403,41.08946],[-96.043403,41.08946],[-96.043403,41.08946],[-96.043403,41.08946],[-96.043403,41.08946],[-96.043403,41.08946],[-96.043403,41.08946],[-96.043403,41.08946],[-96.043403,41.08946],[-96.043403,41.08946],[-96.043403,41.08946],[-96.043403,41.08946],[-96.043403,41.08946],[-96.043403,41.08946],[-96.043403,41.08946],[-96.043403,41.08946]],[[-96.043403,41.08946],[-96.043403,41.08946],[-96.043403,41.08946],[-96.043403,41.08946],[-96.043403,41.08946],[-96.043403,41.08946],[-96.043403,41.08946],[-96.043403,41.08946],[-96.043403,41.08946],[-96.043403,41.08946],[-96.043403,41.08946],[-96.043403,41.08946],[-96.043403,41.08946],[-96.043403,41.08946],[-96.043403,41.08946],[-96.043403,41.08946],[-96.043403,41.08946],[-96.043403,41.08946],[-96.043403,41.08946],[-96.043403,41.08946],[-96.043403,41.08946],[-96.043403,41.08946],[-96.043403,41.08946],[-96.043403,41.08946],[-96.043403,41.08946],[-96.043403,41.08946],[-96.043403,41.08946],[-96.043403,41.08946],[-96.043403,41.08946],[-96.043403,41.08946],[-96.043403,41.08946],[-96.043403,41.08946],[-96.043403,41.08946],[-96.043403,41.08946],[-96.043403,41.08946],[-96.043403,41.08946],[-96.043403,41.08946],[-96.043403,41.08946],[-96.043403,41.08946],[-96.043403,41.08946]],[[-96.043398,41.08946],[-96.043398,41.08946],[-96.043398,41.08946],[-96.043398,41.08946],[-96.043398,41.08946],[-96.043398,41.08946],[-96.043398,41.08946],[-96.043398,41.08946],[-96.043398,41.08946],[-96.043398,41.08946],[-96.043398,41.08946],[-96.043398,41.08946],[-96.043398,41.08946],[-96.043398,41.08946],[-96.043398,41.08946],[-96.043398,41.08946],[-96.043398,41.08946],[-96.043398,41.08946],[-96.043398,41.08946],[-96.043398,41.08946],[-96.043398,41.08946],[-96.043398,41.08946],[-96.043398,41.08946],[-96.043398,41.08946],[-96.043398,41.08946],[-96.043398,41.08946],[-96.043398,41.08946],[-96.043398,41.08946],[-96.043398,41.08946],[-96.043398,41.08946],[-96.043398,41.08946],[-96.043398,41.08946]],[[-96.043398,41.08946],[-96.043398,41.08946],[-96.043398,41.08946],[-96.043398,41.08946],[-96.043398,41.08946],[-96.043398,41.08946],[-96.043398,41.08946],[-96.043398,41.08946],[-96.043398,41.08946],[-96.043398,41.08946],[-96.043398,41.08946],[-96.043398,41.08946],[-96.043398,41.08946],[-96.043398,41.08946],[-96.043398,41.08946],[-96.043398,41.08946],[-96.043398,41.08946],[-96.043398,41.08946],[-96.043398,41.08946],[-96.043398,41.08946],[-96.043398,41.08946],[-96.043398,41.08946],[-96.043398,41.08946],[-96.043398,41.08946],[-96.043398,41.08946],[-96.043398,41.08946],[-96.043398,41.08946],[-96.043398,41.08946],[-96.043398,41.08946],[-96.043398,41.08946],[-96.043398,41.08946],[-96.043398,41.08946],[-96.043398,41.08946],[-96.043398,41.08946],[-96.043398,41.08946],[-96.043398,41.08946],[-96.043398,41.08946],[-96.043398,41.08946],[-96.043398,41.08946],[-96.043398,41.08946]],[[-96.043403,41.08946],[-96.043403,41.08946],[-96.043403,41.08946],[-96.043403,41.08946],[-96.043403,41.08946],[-96.043403,41.08946],[-96.043403,41.08946],[-96.043403,41.08946],[-96.043403,41.08946],[-96.043403,41.08946],[-96.043403,41.08946],[-96.043403,41.08946],[-96.043403,41.08946],[-96.043403,41.08946],[-96.043403,41.08946],[-96.043403,41.08946],[-96.043403,41.08946],[-96.043403,41.08946],[-96.043403,41.08946],[-96.043403,41.08946],[-96.043403,41.08946],[-96.043403,41.08946],[-96.043403,41.08946],[-96.043403,41.08946],[-96.043403,41.08946],[-96.043403,41.08946],[-96.043403,41.08946],[-96.043403,41.08946],[-96.043403,41.08946],[-96.043403,41.08946],[-96.043403,41.08946],[-96.043403,41.08946],[-96.043403,41.08946],[-96.043403,41.08946],[-96.043403,41.08946],[-96.043403,41.08946],[-96.043403,41.08946],[-96.043403,41.08946],[-96.043403,41.08946],[-96.043403,41.08946]],[[-96.043403,41.08946],[-96.043403,41.08946],[-96.043403,41.08946],[-96.043403,41.08946],[-96.043403,41.08946],[-96.043403,41.08946],[-96.043403,41.08946],[-96.043403,41.08946],[-96.043403,41.08946],[-96.043403,41.08946],[-96.043403,41.08946],[-96.043403,41.08946],[-96.043403,41.08946],[-96.043403,41.08946],[-96.043403,41.08946],[-96.043403,41.08946],[-96.043403,41.08946],[-96.043403,41.08946],[-96.043403,41.08946],[-96.043403,41.08946],[-96.043403,41.08946],[-96.043403,41.08946],[-96.043403,41.08946],[-96.043403,41.08946],[-96.043403,41.08946],[-96.043403,41.08946],[-96.043403,41.08946],[-96.043403,41.08946],[-96.043403,41.08946],[-96.043403,41.08946],[-96.043403,41.08946],[-96.043403,41.08946]],[[-96.043398,41.08946],[-96.043398,41.08946],[-96.043398,41.08946],[-96.043398,41.08946],[-96.043398,41.08946],[-96.043398,41.08946],[-96.043398,41.08946],[-96.043398,41.08946],[-96.043398,41.08946],[-96.043398,41.08946],[-96.043398,41.08946],[-96.043398,41.08946],[-96.043398,41.08946],[-96.043398,41.08946],[-96.043398,41.08946],[-96.043398,41.08946],[-96.043398,41.08946],[-96.043398,41.08946],[-96.043398,41.08946],[-96.043398,41.08946],[-96.043398,41.08946],[-96.043398,41.08946],[-96.043398,41.08946],[-96.043398,41.08946],[-96.043398,41.08946],[-96.043398,41.08946],[-96.043398,41.08946],[-96.043398,41.08946],[-96.043398,41.08946],[-96.043398,41.08946],[-96.043398,41.08946],[-96.043398,41.08946],[-96.043398,41.08946],[-96.043398,41.08946],[-96.043398,41.08946],[-96.043398,41.08946],[-96.043398,41.08946],[-96.043398,41.08946],[-96.043398,41.08946],[-96.043398,41.08946]],[[-96.043398,41.08946],[-96.043398,41.08946],[-96.043398,41.08946],[-96.043398,41.08946],[-96.043398,41.08946],[-96.043398,41.08946],[-96.043398,41.08946],[-96.043398,41.08946],[-96.043398,41.08946],[-96.043398,41.08946],[-96.043398,41.08946],[-96.043398,41.08946],[-96.043398,41.08946],[-96.043398,41.08946],[-96.043398,41.08946],[-96.043398,41.08946],[-96.043398,41.08946],[-96.043398,41.08946],[-96.043398,41.08946],[-96.043398,41.08946],[-96.043398,41.08946],[-96.043398,41.08946],[-96.043398,41.08946],[-96.043398,41.08946],[-96.043398,41.08946],[-96.043398,41.08946],[-96.043398,41.08946],[-96.043398,41.08946],[-96.043398,41.08946],[-96.043398,41.08946],[-96.043398,41.08946],[-96.043398,41.08946]],[[-96.043403,41.08946],[-96.043403,41.08946],[-96.043403,41.08946],[-96.043403,41.08946],[-96.043403,41.08946],[-96.043403,41.08946],[-96.043403,41.08946],[-96.043403,41.08946],[-96.043403,41.08946],[-96.043403,41.08946],[-96.043403,41.08946],[-96.043403,41.08946],[-96.043403,41.08946],[-96.043403,41.08946],[-96.043403,41.08946],[-96.043403,41.08946],[-96.043403,41.08946],[-96.043403,41.08946],[-96.043403,41.08946],[-96.043403,41.08946],[-96.043403,41.08946],[-96.043403,41.08946],[-96.043403,41.08946],[-96.043403,41.08946],[-96.043403,41.08946],[-96.043403,41.08946],[-96.043403,41.08946],[-96.043403,41.08946],[-96.043403,41.08946],[-96.043403,41.08946],[-96.043403,41.08946],[-96.043403,41.08946],[-96.043403,41.08946],[-96.043403,41.08946],[-96.043403,41.08946],[-96.043403,41.08946],[-96.043403,41.08946],[-96.043403,41.08946],[-96.043403,41.08946],[-96.043403,41.08946],[-96.043403,41.08946],[-96.043403,41.08946],[-96.043403,41.08946],[-96.043403,41.08946],[-96.043403,41.08946],[-96.043403,41.08946],[-96.043403,41.08946],[-96.043403,41.08946]],[[-96.043398,41.08946],[-96.043398,41.08946],[-96.043398,41.08946],[-96.043398,41.08946],[-96.043398,41.08946],[-96.043398,41.08946],[-96.043398,41.08946],[-96.043398,41.08946],[-96.043398,41.08946],[-96.043398,41.089461],[-96.043398,41.089461],[-96.043398,41.089461],[-96.043398,41.089461],[-96.043398,41.089461],[-96.043398,41.089461],[-96.043398,41.089461],[-96.043398,41.089461],[-96.043398,41.089461],[-96.043398,41.089461],[-96.043398,41.089461],[-96.043398,41.089461],[-96.043398,41.089461],[-96.043398,41.089461],[-96.043398,41.089461],[-96.043398,41.089461],[-96.043398,41.089461],[-96.043398,41.089461],[-96.043398,41.089461],[-96.043398,41.089461],[-96.043398,41.089461],[-96.043398,41.089461],[-96.043398,41.089461],[-96.043398,41.089461],[-96.043398,41.089461],[-96.043398,41.089461],[-96.043398,41.089461],[-96.043398,41.089461],[-96.043398,41.089461],[-96.043398,41.089461],[-96.043398,41.089461],[-96.043398,41.089461],[-96.043398,41.089461],[-96.043398,41.089461],[-96.043398,41.089461],[-96.043398,41.089461],[-96.043398,41.089461],[-96.043398,41.089461],[-96.043398,41.089461],[-96.043398,41.089461],[-96.043398,41.089461],[-96.043398,41.089461],[-96.043398,41.089461],[-96.043398,41.089461],[-96.043398,41.089461],[-96.043398,41.089461],[-96.043398,41.089461]],[[-96.043398,41.089461],[-96.043398,41.089461],[-96.043398,41.089461],[-96.043398,41.089461],[-96.043398,41.089461],[-96.043398,41.089461],[-96.043398,41.089461],[-96.043398,41.089461],[-96.043398,41.089461],[-96.043398,41.089461],[-96.043398,41.089461],[-96.043398,41.089461],[-96.043398,41.089461],[-96.043398,41.089461],[-96.043398,41.089461],[-96.043398,41.089461],[-96.043398,41.089461],[-96.043398,41.089461],[-96.043398,41.089461],[-96.043398,41.089461],[-96.043398,41.089461],[-96.043398,41.089461],[-96.043398,41.089461],[-96.043398,41.089461],[-96.043398,41.089461],[-96.043398,41.089461],[-96.043398,41.089461],[-96.043398,41.089461],[-96.043398,41.089461],[-96.043398,41.089461],[-96.043398,41.089461],[-96.043398,41.089461]],[[-96.043403,41.089461],[-96.043403,41.089461],[-96.043403,41.089461],[-96.043403,41.089461],[-96.043403,41.089461],[-96.043403,41.089461],[-96.043403,41.089461],[-96.043403,41.089461],[-96.043403,41.089461],[-96.043403,41.089461],[-96.043403,41.089461],[-96.043403,41.089461],[-96.043403,41.089461],[-96.043403,41.089461],[-96.043403,41.089461],[-96.043403,41.089461],[-96.043403,41.089461],[-96.043403,41.089461],[-96.043403,41.089461],[-96.043403,41.089461],[-96.043403,41.089461],[-96.043403,41.089461],[-96.043403,41.089461],[-96.043403,41.089461],[-96.043403,41.089461],[-96.043403,41.089461],[-96.043403,41.089461],[-96.043403,41.089461],[-96.043403,41.089461],[-96.043403,41.089461],[-96.043403,41.089461],[-96.043403,41.089461],[-96.043403,41.089461],[-96.043403,41.089461],[-96.043403,41.089461],[-96.043403,41.089461],[-96.043403,41.089461],[-96.043403,41.089461],[-96.043403,41.089461],[-96.043403,41.089461]],[[-96.043403,41.089461],[-96.043403,41.089461],[-96.043403,41.089461],[-96.043403,41.089461],[-96.043403,41.089461],[-96.043403,41.089461],[-96.043403,41.089461],[-96.043403,41.089461],[-96.043403,41.089461],[-96.043403,41.089461],[-96.043403,41.089461],[-96.043403,41.089461],[-96.043403,41.089461],[-96.043403,41.089461],[-96.043403,41.089461],[-96.043403,41.089461],[-96.043403,41.089461],[-96.043403,41.089461],[-96.043403,41.089461],[-96.043403,41.089461],[-96.043403,41.089461],[-96.043403,41.089461],[-96.043403,41.089461],[-96.043403,41.089461],[-96.043403,41.089461],[-96.043403,41.089461],[-96.043403,41.089461],[-96.043403,41.089461],[-96.043403,41.089461],[-96.043403,41.089461],[-96.043403,41.089461],[-96.043403,41.089461],[-96.043403,41.089461],[-96.043403,41.089461],[-96.043403,41.089461],[-96.043403,41.089461],[-96.043403,41.089461],[-96.043403,41.089461],[-96.043403,41.089461],[-96.043403,41.089461],[-96.043403,41.089461],[-96.043403,41.089461],[-96.043403,41.089461],[-96.043403,41.089461],[-96.043403,41.089461],[-96.043403,41.089461],[-96.043403,41.089461],[-96.043403,41.089461],[-96.043403,41.08946],[-96.043403,41.08946],[-96.043403,41.08946],[-96.043403,41.08946],[-96.043403,41.08946],[-96.043403,41.08946],[-96.043403,41.08946],[-96.043403,41.08946]],[[-96.043403,41.08946],[-96.043403,41.08946],[-96.043403,41.08946],[-96.043403,41.08946],[-96.043403,41.08946],[-96.043403,41.089461],[-96.043403,41.089461],[-96.043403,41.089461],[-96.043403,41.089461],[-96.043403,41.089461],[-96.043403,41.089461],[-96.043403,41.089461],[-96.043403,41.089461],[-96.043403,41.089461],[-96.043403,41.089461],[-96.043403,41.089461],[-96.043403,41.089461],[-96.043403,41.089461],[-96.043403,41.089461],[-96.043403,41.089461],[-96.043403,41.089461],[-96.043403,41.089461],[-96.043403,41.089461],[-96.043403,41.089461],[-96.043403,41.089461],[-96.043403,41.089461],[-96.043403,41.089461],[-96.043403,41.089461],[-96.043403,41.089461],[-96.043403,41.089461],[-96.043403,41.089461],[-96.043403,41.089461],[-96.043403,41.089461],[-96.043403,41.089461],[-96.043403,41.089461],[-96.043403,41.089461],[-96.043403,41.089461],[-96.043403,41.089461],[-96.043403,41.089461],[-96.043403,41.089461]],[[-96.043403,41.089461],[-96.043403,41.089461],[-96.043403,41.089461],[-96.043403,41.089461],[-96.043403,41.089461],[-96.043403,41.089461],[-96.043403,41.089461],[-96.043403,41.089461],[-96.043403,41.089461],[-96.043403,41.089461],[-96.043403,41.089461],[-96.043403,41.089461],[-96.043403,41.089461],[-96.043403,41.089461],[-96.043403,41.089461],[-96.043403,41.089461],[-96.043403,41.089461],[-96.043403,41.089461],[-96.043403,41.089461],[-96.043403,41.089461],[-96.043403,41.089461],[-96.043403,41.089461],[-96.043403,41.089461],[-96.043403,41.089461],[-96.043403,41.089461],[-96.043403,41.089461],[-96.043403,41.089461],[-96.043403,41.089461],[-96.043403,41.089461],[-96.043403,41.089461],[-96.043403,41.089461],[-96.043403,41.089461],[-96.043403,41.089461],[-96.043403,41.089461],[-96.043403,41.089461],[-96.043403,41.089461],[-96.043403,41.089461],[-96.043403,41.089461],[-96.043403,41.089461],[-96.043403,41.089461],[-96.043403,41.089461],[-96.043403,41.089461],[-96.043403,41.089461],[-96.043403,41.089461],[-96.043403,41.089461],[-96.043403,41.089461],[-96.043403,41.089461],[-96.043403,41.089461]],[[-96.043403,41.089461],[-96.043403,41.089461],[-96.043403,41.089461],[-96.043403,41.089461],[-96.043403,41.089461],[-96.043403,41.089461],[-96.043403,41.089461],[-96.043403,41.089461],[-96.043403,41.089461],[-96.043403,41.089461],[-96.043403,41.089461],[-96.043403,41.089461],[-96.043403,41.089461],[-96.043403,41.089461],[-96.043403,41.089461],[-96.043403,41.089461],[-96.043403,41.089461],[-96.043403,41.089461],[-96.043403,41.089461],[-96.043403,41.089461],[-96.043403,41.089461],[-96.043403,41.089461],[-96.043403,41.089461],[-96.043403,41.089461],[-96.043403,41.089461],[-96.043403,41.089461],[-96.043403,41.089461],[-96.043403,41.089461],[-96.043403,41.089461],[-96.043403,41.089461],[-96.043403,41.089461],[-96.043403,41.089461]],[[-96.043403,41.089461],[-96.043403,41.089461],[-96.043403,41.089461],[-96.043403,41.089461],[-96.043403,41.089461],[-96.043403,41.089461],[-96.043403,41.089461],[-96.043403,41.089461],[-96.043403,41.089461],[-96.043403,41.089461],[-96.043403,41.089461],[-96.043403,41.089461],[-96.043403,41.089461],[-96.043403,41.089461],[-96.043403,41.089461],[-96.043403,41.089461],[-96.043403,41.089461],[-96.043403,41.089461],[-96.043403,41.089461],[-96.043403,41.089461],[-96.043403,41.089461],[-96.043403,41.089461],[-96.043403,41.089461],[-96.043403,41.089461],[-96.043403,41.089461],[-96.043403,41.089461],[-96.043403,41.089461],[-96.043403,41.089461],[-96.043403,41.089461],[-96.043403,41.089461],[-96.043403,41.089461],[-96.043403,41.089461],[-96.043403,41.089461],[-96.043403,41.089461],[-96.043403,41.089461],[-96.043403,41.089461],[-96.043403,41.089461],[-96.043403,41.089461],[-96.043403,41.089461],[-96.043403,41.089461]],[[-96.043398,41.089461],[-96.043398,41.089461],[-96.043398,41.089461],[-96.043398,41.089461],[-96.043398,41.089461],[-96.043398,41.089461],[-96.043398,41.089461],[-96.043398,41.089461],[-96.043398,41.089461],[-96.043398,41.089461],[-96.043398,41.089461],[-96.043398,41.089461],[-96.043398,41.089461],[-96.043398,41.089461],[-96.043398,41.089461],[-96.043398,41.089461],[-96.043398,41.089461],[-96.043398,41.089461],[-96.043398,41.089461],[-96.043398,41.089461],[-96.043398,41.089461],[-96.043398,41.089461],[-96.043398,41.089461],[-96.043398,41.089461],[-96.043398,41.089461],[-96.043398,41.089461],[-96.043398,41.089461],[-96.043398,41.089461],[-96.043398,41.089461],[-96.043398,41.089461],[-96.043398,41.089461],[-96.043398,41.089461],[-96.043398,41.089461],[-96.043398,41.089461],[-96.043398,41.089461],[-96.043398,41.089461],[-96.043398,41.089461],[-96.043398,41.089461],[-96.043398,41.089461],[-96.043398,41.089461]],[[-96.043398,41.089461],[-96.043398,41.089461],[-96.043398,41.089461],[-96.043398,41.089461],[-96.043398,41.089461],[-96.043398,41.089461],[-96.043398,41.089461],[-96.043398,41.089461],[-96.043398,41.089461],[-96.043398,41.089461],[-96.043398,41.089461],[-96.043398,41.089461],[-96.043398,41.089461],[-96.043398,41.089461],[-96.043398,41.089461],[-96.043398,41.089461],[-96.043398,41.089461],[-96.043398,41.089461],[-96.043398,41.089461],[-96.043398,41.089461],[-96.043398,41.089461],[-96.043398,41.089461],[-96.043398,41.089461],[-96.043398,41.089461],[-96.043398,41.089461],[-96.043398,41.089461],[-96.043398,41.089461],[-96.043398,41.089461],[-96.043398,41.089461],[-96.043398,41.089461],[-96.043398,41.089461],[-96.043398,41.089461],[-96.043398,41.089461],[-96.043398,41.089461],[-96.043398,41.089461],[-96.043398,41.089461],[-96.043398,41.089461],[-96.043398,41.089461],[-96.043398,41.089461],[-96.043398,41.089461],[-96.043398,41.089461],[-96.043398,41.089461],[-96.043398,41.089461],[-96.043398,41.089461],[-96.043398,41.089461],[-96.043398,41.089461],[-96.043398,41.089461],[-96.043398,41.089461],[-96.043398,41.089461],[-96.043398,41.089461],[-96.043398,41.089461],[-96.043398,41.089461],[-96.043398,41.08946],[-96.043398,41.08946],[-96.043398,41.08946],[-96.043398,41.08946]],[[-96.043403,41.08946],[-96.043402,41.08946],[-96.043402,41.08946],[-96.043401,41.08946],[-96.0434,41.08946],[-96.0434,41.08946],[-96.043399,41.08946],[-96.043398,41.08946],[-96.043398,41.08946]],[[-96.043399,41.089461],[-96.043399,41.089461],[-96.0434,41.089461],[-96.043401,41.089461],[-96.043401,41.089461],[-96.043402,41.089461],[-96.043402,41.089461]],[[-96.043398,41.089461],[-96.043399,41.089461],[-96.0434,41.089461],[-96.043401,41.089461],[-96.043401,41.089461],[-96.043402,41.089461],[-96.043403,41.089461]],[[-96.043398,41.08946],[-96.043398,41.08946]],[[-96.043403,41.08946],[-96.043403,41.08946]],[[-96.043398,41.089461],[-96.043398,41.089461],[-96.043398,41.089461],[-96.043398,41.089461],[-96.043398,41.089461],[-96.043398,41.089461],[-96.043398,41.089461],[-96.043398,41.089461],[-96.043398,41.089461],[-96.043398,41.089461],[-96.043398,41.089461],[-96.043398,41.089461],[-96.043398,41.089461],[-96.043398,41.089461],[-96.043398,41.089461],[-96.043398,41.089461],[-96.043398,41.089461],[-96.043398,41.089461],[-96.043398,41.089461],[-96.043398,41.089461],[-96.043398,41.089461],[-96.043398,41.089461],[-96.043398,41.089461],[-96.043398,41.089461],[-96.043398,41.089461],[-96.043398,41.089461],[-96.043398,41.089461],[-96.043398,41.089461],[-96.043398,41.089461],[-96.043398,41.089461],[-96.043398,41.089461],[-96.043398,41.089461],[-96.043398,41.089461],[-96.043398,41.089461],[-96.043398,41.089461],[-96.043398,41.089461],[-96.043398,41.089461],[-96.043398,41.089461],[-96.043398,41.089461],[-96.043398,41.089461],[-96.043398,41.089461],[-96.043398,41.089461],[-96.043398,41.089461],[-96.043398,41.089461],[-96.043398,41.089461],[-96.043398,41.089461],[-96.043398,41.089461],[-96.043398,41.089461]],[[-96.043403,41.089461],[-96.043403,41.089461],[-96.043403,41.089461],[-96.043403,41.089461],[-96.043403,41.089461],[-96.043403,41.089461],[-96.043403,41.089461],[-96.043403,41.089461],[-96.043403,41.089461],[-96.043403,41.089461],[-96.043403,41.089461],[-96.043403,41.089461],[-96.043403,41.089461],[-96.043403,41.089461],[-96.043403,41.089461],[-96.043403,41.089461],[-96.043403,41.089461],[-96.043403,41.089461],[-96.043403,41.089461],[-96.043403,41.089461],[-96.043403,41.089461],[-96.043403,41.089461],[-96.043403,41.089461],[-96.043403,41.089461],[-96.043403,41.089461],[-96.043403,41.089461],[-96.043403,41.089461],[-96.043403,41.089461],[-96.043403,41.089461],[-96.043403,41.089461],[-96.043403,41.089461],[-96.043403,41.089461],[-96.043403,41.089461],[-96.043403,41.089461],[-96.043403,41.089461],[-96.043403,41.089461],[-96.043403,41.089461],[-96.043403,41.089461],[-96.043403,41.089461],[-96.043403,41.089461]],[[-96.043403,41.089461],[-96.043403,41.089461],[-96.043403,41.089461],[-96.043403,41.089461],[-96.043403,41.089461],[-96.043403,41.089461],[-96.043403,41.089461],[-96.043403,41.089461],[-96.043403,41.089461],[-96.043403,41.089461],[-96.043403,41.089461],[-96.043403,41.089461],[-96.043403,41.089461],[-96.043403,41.089461],[-96.043403,41.089461],[-96.043403,41.089461],[-96.043403,41.089461],[-96.043403,41.089461],[-96.043403,41.089461],[-96.043403,41.089461],[-96.043403,41.089461],[-96.043403,41.089461],[-96.043403,41.089461],[-96.043403,41.089461],[-96.043403,41.089461],[-96.043403,41.089461],[-96.043403,41.089461],[-96.043403,41.089461],[-96.043403,41.089461],[-96.043403,41.089461],[-96.043403,41.089461],[-96.043403,41.089461],[-96.043403,41.089461],[-96.043403,41.089461],[-96.043403,41.089461],[-96.043403,41.089461],[-96.043403,41.089461],[-96.043403,41.089461],[-96.043403,41.089461],[-96.043403,41.089461]],[[-96.043403,41.089461],[-96.043403,41.089461],[-96.043403,41.089461],[-96.043403,41.089461],[-96.043403,41.089461],[-96.043403,41.089461],[-96.043403,41.089461],[-96.043403,41.089461],[-96.043403,41.089461],[-96.043403,41.089461],[-96.043403,41.089461],[-96.043403,41.089461],[-96.043403,41.089461],[-96.043403,41.089461],[-96.043403,41.089461],[-96.043403,41.089461],[-96.043403,41.089461],[-96.043403,41.089461],[-96.043403,41.089461],[-96.043403,41.089461],[-96.043403,41.089461],[-96.043403,41.089461],[-96.043403,41.089461],[-96.043403,41.089461],[-96.043403,41.089461],[-96.043403,41.089461],[-96.043403,41.089461],[-96.043403,41.089461],[-96.043403,41.089461],[-96.043403,41.089461],[-96.043403,41.089461],[-96.043403,41.089461]],[[-96.043398,41.089461],[-96.043398,41.089461],[-96.043398,41.089461],[-96.043398,41.089461],[-96.043398,41.089461],[-96.043398,41.089461],[-96.043398,41.089461],[-96.043398,41.089461],[-96.043398,41.089461],[-96.043398,41.089461],[-96.043398,41.089461],[-96.043398,41.089461],[-96.043398,41.089461],[-96.043398,41.089461],[-96.043398,41.089461],[-96.043398,41.089461],[-96.043398,41.089461],[-96.043398,41.089461],[-96.043398,41.089461],[-96.043398,41.089461],[-96.043398,41.089461],[-96.043398,41.089461],[-96.043398,41.089461],[-96.043398,41.089461],[-96.043398,41.089461],[-96.043398,41.089461],[-96.043398,41.089461],[-96.043398,41.089461],[-96.043398,41.089461],[-96.043398,41.089461],[-96.043398,41.089461],[-96.043398,41.089461],[-96.043398,41.089461],[-96.043398,41.089461],[-96.043398,41.089461],[-96.043398,41.089461],[-96.043398,41.089461],[-96.043398,41.089461],[-96.043398,41.089461],[-96.043398,41.089461]],[[-96.043403,41.089461],[-96.043403,41.089461],[-96.043403,41.089461],[-96.043403,41.089461],[-96.043403,41.089461],[-96.043403,41.089461],[-96.043403,41.089461],[-96.043403,41.089461],[-96.043403,41.089461],[-96.043403,41.089461],[-96.043403,41.089461],[-96.043403,41.089461],[-96.043403,41.089461],[-96.043403,41.089461],[-96.043403,41.089461],[-96.043403,41.089461],[-96.043403,41.089461],[-96.043403,41.089461],[-96.043403,41.089461],[-96.043403,41.089461],[-96.043403,41.089461],[-96.043403,41.089461],[-96.043403,41.089461],[-96.043403,41.089461],[-96.043403,41.089461],[-96.043403,41.089461],[-96.043403,41.089461],[-96.043403,41.089461],[-96.043403,41.089461],[-96.043403,41.089461],[-96.043403,41.089461],[-96.043403,41.089461],[-96.043403,41.089461],[-96.043403,41.089461],[-96.043403,41.089461],[-96.043403,41.089461],[-96.043403,41.089461],[-96.043403,41.089461],[-96.043403,41.089461],[-96.043403,41.089461]],[[-96.043398,41.089461],[-96.043398,41.089461]],[[-96.043403,41.089461],[-96.043403,41.089461]],[[-96.043398,41.089461],[-96.043398,41.089461]],[[-96.043403,41.089461],[-96.043403,41.089461]],[[-96.043398,41.089461],[-96.043398,41.089461],[-96.043398,41.089461],[-96.043398,41.089461],[-96.043398,41.089461],[-96.043398,41.089461],[-96.043398,41.089461],[-96.043398,41.089461],[-96.043398,41.089461],[-96.043398,41.089461],[-96.043398,41.089461],[-96.043398,41.089461],[-96.043398,41.089461],[-96.043398,41.089461],[-96.043398,41.089461],[-96.043398,41.089461],[-96.043398,41.089461],[-96.043398,41.089461],[-96.043398,41.089461],[-96.043398,41.089461],[-96.043398,41.089461],[-96.043398,41.089461],[-96.043398,41.089461],[-96.043398,41.089461],[-96.043398,41.089461],[-96.043398,41.089461],[-96.043398,41.089461],[-96.043398,41.089461],[-96.043398,41.089461],[-96.043398,41.089461],[-96.043398,41.089461],[-96.043398,41.089461],[-96.043398,41.089461],[-96.043398,41.089461],[-96.043398,41.089461],[-96.043398,41.089461],[-96.043398,41.089461],[-96.043398,41.089461],[-96.043398,41.089461],[-96.043398,41.089461],[-96.043398,41.089461],[-96.043398,41.089461],[-96.043398,41.089461],[-96.043398,41.089461],[-96.043398,41.089461],[-96.043398,41.089461],[-96.043398,41.089461],[-96.043398,41.089461],[-96.043398,41.089461],[-96.043398,41.089461],[-96.043398,41.089461],[-96.043398,41.089461],[-96.043398,41.089461],[-96.043398,41.089461],[-96.043398,41.089461],[-96.043398,41.089461],[-96.043398,41.089461],[-96.043398,41.089461],[-96.043398,41.089461],[-96.043398,41.089461],[-96.043398,41.089461],[-96.043398,41.089461],[-96.043398,41.089461],[-96.043398,41.089461],[-96.043398,41.089461],[-96.043398,41.089461],[-96.043398,41.089461],[-96.043398,41.089461],[-96.043398,41.089461],[-96.043398,41.089461],[-96.043398,41.089461],[-96.043398,41.089461]],[[-96.043403,41.089461],[-96.043403,41.089461],[-96.043403,41.089461],[-96.043403,41.089461],[-96.043403,41.089461],[-96.043403,41.089461],[-96.043403,41.089461],[-96.043403,41.089461],[-96.043403,41.089461],[-96.043403,41.089461],[-96.043403,41.089461],[-96.043403,41.089461],[-96.043403,41.089461],[-96.043403,41.089461],[-96.043403,41.089461],[-96.043403,41.089461],[-96.043403,41.089461],[-96.043403,41.089461],[-96.043403,41.089461],[-96.043403,41.089461],[-96.043403,41.089461],[-96.043403,41.089461],[-96.043403,41.089461],[-96.043403,41.089461],[-96.043403,41.089461],[-96.043403,41.089461],[-96.043403,41.089461],[-96.043403,41.089461],[-96.043403,41.089461],[-96.043403,41.089461],[-96.043403,41.089461],[-96.043403,41.089461],[-96.043403,41.089461],[-96.043403,41.089461],[-96.043403,41.089461],[-96.043403,41.089461],[-96.043403,41.089461],[-96.043403,41.089461],[-96.043403,41.089461],[-96.043403,41.089461],[-96.043403,41.089461],[-96.043403,41.089461],[-96.043403,41.089461],[-96.043403,41.089461],[-96.043403,41.089461],[-96.043403,41.089461],[-96.043403,41.089461],[-96.043403,41.089461],[-96.043403,41.089461],[-96.043403,41.089461],[-96.043403,41.089461],[-96.043403,41.089461],[-96.043403,41.089461],[-96.043403,41.089461],[-96.043403,41.089461],[-96.043403,41.089461],[-96.043403,41.089461],[-96.043403,41.089461],[-96.043403,41.089461],[-96.043403,41.089461],[-96.043403,41.089461],[-96.043403,41.089461],[-96.043403,41.089461],[-96.043403,41.089461],[-96.043403,41.089461],[-96.043403,41.089461],[-96.043403,41.089461],[-96.043403,41.089461],[-96.043403,41.089461],[-96.043403,41.089461],[-96.043403,41.089461],[-96.043403,41.089461]],[[-96.043403,41.089461],[-96.043403,41.089461],[-96.043403,41.089461],[-96.043403,41.089461],[-96.043403,41.089461],[-96.043403,41.089461],[-96.043403,41.089461],[-96.043403,41.089461],[-96.043403,41.089461],[-96.043403,41.089461],[-96.043403,41.089461],[-96.043403,41.089461],[-96.043403,41.089461],[-96.043403,41.089461],[-96.043403,41.089461],[-96.043403,41.089461],[-96.043403,41.089461],[-96.043403,41.089461],[-96.043403,41.089461],[-96.043403,41.089461],[-96.043403,41.089461],[-96.043403,41.089461],[-96.043403,41.089461],[-96.043403,41.089461],[-96.043403,41.089461],[-96.043403,41.089461],[-96.043403,41.089461],[-96.043403,41.089461],[-96.043403,41.089461],[-96.043403,41.089461],[-96.043403,41.089461],[-96.043403,41.089461],[-96.043403,41.089461],[-96.043403,41.089461],[-96.043403,41.089461],[-96.043403,41.089461],[-96.043403,41.089461],[-96.043403,41.089461],[-96.043403,41.089461],[-96.043403,41.089461]],[[-96.043398,41.089461],[-96.043398,41.089461]],[[-96.043403,41.089461],[-96.043403,41.089461]],[[-96.043398,41.089461],[-96.043398,41.089461],[-96.043398,41.089461],[-96.043398,41.089461],[-96.043398,41.089461],[-96.043398,41.089461],[-96.043398,41.089461],[-96.043398,41.089461],[-96.043398,41.089461],[-96.043398,41.089461],[-96.043398,41.089461],[-96.043398,41.089461],[-96.043398,41.089461],[-96.043398,41.089461],[-96.043398,41.089461],[-96.043398,41.089461],[-96.043398,41.089461],[-96.043398,41.089461],[-96.043398,41.089461],[-96.043398,41.089461],[-96.043398,41.089461],[-96.043398,41.089461],[-96.043398,41.089461],[-96.043398,41.089461],[-96.043398,41.089461],[-96.043398,41.089461],[-96.043398,41.089461],[-96.043398,41.089461],[-96.043398,41.089461],[-96.043398,41.089461],[-96.043398,41.089461],[-96.043398,41.089461],[-96.043398,41.089461],[-96.043398,41.089461],[-96.043398,41.089461],[-96.043398,41.089461],[-96.043398,41.089461],[-96.043398,41.089461],[-96.043398,41.089461],[-96.043398,41.089461]],[[-96.043398,41.089461],[-96.043398,41.089461],[-96.043398,41.089461],[-96.043398,41.089461],[-96.043398,41.089461],[-96.043398,41.089461],[-96.043398,41.089461],[-96.043398,41.089461],[-96.043398,41.089461],[-96.043398,41.089461],[-96.043398,41.089461],[-96.043398,41.089461],[-96.043398,41.089461],[-96.043398,41.089461],[-96.043398,41.089461],[-96.043398,41.089461],[-96.043398,41.089461],[-96.043398,41.089461],[-96.043398,41.089461],[-96.043398,41.089461],[-96.043398,41.089461],[-96.043398,41.089461],[-96.043398,41.089461],[-96.043398,41.089461],[-96.043398,41.089461],[-96.043398,41.089461],[-96.043398,41.089461],[-96.043398,41.089461],[-96.043398,41.089461],[-96.043398,41.089461],[-96.043398,41.089461],[-96.043398,41.089461],[-96.043398,41.089461],[-96.043398,41.089461],[-96.043398,41.089461],[-96.043398,41.089461],[-96.043398,41.089461],[-96.043398,41.089461],[-96.043398,41.089461],[-96.043398,41.089461],[-96.043398,41.089461],[-96.043398,41.089461],[-96.043398,41.089461],[-96.043398,41.089461],[-96.043398,41.089461],[-96.043398,41.089461],[-96.043398,41.08946],[-96.043398,41.08946],[-96.043398,41.08946],[-96.043398,41.08946],[-96.043398,41.08946],[-96.043398,41.08946],[-96.043398,41.08946],[-96.043398,41.08946],[-96.043398,41.08946],[-96.043398,41.08946]],[[-96.043403,41.08946],[-96.043403,41.08946],[-96.043403,41.08946],[-96.043403,41.08946],[-96.043403,41.08946],[-96.043403,41.08946],[-96.043403,41.08946],[-96.043403,41.08946],[-96.043403,41.08946],[-96.043403,41.08946],[-96.043403,41.089461],[-96.043403,41.089461],[-96.043403,41.089461],[-96.043403,41.089461],[-96.043403,41.089461],[-96.043403,41.089461],[-96.043403,41.089461],[-96.043403,41.089461],[-96.043403,41.089461],[-96.043403,41.089461],[-96.043403,41.089461],[-96.043403,41.089461],[-96.043403,41.089461],[-96.043403,41.089461],[-96.043403,41.089461],[-96.043403,41.089461],[-96.043403,41.089461],[-96.043403,41.089461],[-96.043403,41.089461],[-96.043403,41.089461],[-96.043403,41.089461],[-96.043403,41.089461],[-96.043403,41.089461],[-96.043403,41.089461],[-96.043403,41.089461],[-96.043403,41.089461],[-96.043403,41.089461],[-96.043403,41.089461],[-96.043403,41.089461],[-96.043403,41.089461],[-96.043403,41.089461],[-96.043403,41.089461],[-96.043403,41.089461],[-96.043403,41.089461],[-96.043403,41.089461],[-96.043403,41.089461],[-96.043403,41.089461],[-96.043403,41.089461],[-96.043403,41.089461],[-96.043403,41.089461],[-96.043403,41.089461],[-96.043403,41.089461],[-96.043403,41.089461],[-96.043403,41.089461],[-96.043403,41.089461],[-96.043403,41.089461]],[[-96.043398,41.08946],[-96.043398,41.08946],[-96.043398,41.08946],[-96.043398,41.08946],[-96.043398,41.08946],[-96.043398,41.08946],[-96.043398,41.08946],[-96.043398,41.08946],[-96.043398,41.08946],[-96.043398,41.08946],[-96.043398,41.08946],[-96.043398,41.08946],[-96.043398,41.08946],[-96.043398,41.08946],[-96.043398,41.08946],[-96.043398,41.08946],[-96.043398,41.08946],[-96.043398,41.08946],[-96.043398,41.08946],[-96.043398,41.08946],[-96.043398,41.08946],[-96.043398,41.08946],[-96.043398,41.08946],[-96.043398,41.08946],[-96.043398,41.08946],[-96.043398,41.08946],[-96.043398,41.08946],[-96.043398,41.08946],[-96.043398,41.08946],[-96.043398,41.08946],[-96.043398,41.08946],[-96.043398,41.08946],[-96.043398,41.08946],[-96.043398,41.08946],[-96.043398,41.08946],[-96.043398,41.08946],[-96.043398,41.08946],[-96.043398,41.08946],[-96.043398,41.08946],[-96.043398,41.08946],[-96.043398,41.08946],[-96.043398,41.08946],[-96.043398,41.08946],[-96.043398,41.08946],[-96.043398,41.08946],[-96.043398,41.08946],[-96.043398,41.08946],[-96.043398,41.08946]],[[-96.043403,41.08946],[-96.043403,41.08946],[-96.043403,41.08946],[-96.043403,41.08946],[-96.043403,41.08946],[-96.043403,41.08946],[-96.043403,41.08946],[-96.043403,41.08946],[-96.043403,41.08946],[-96.043403,41.08946],[-96.043403,41.08946],[-96.043403,41.08946],[-96.043403,41.08946],[-96.043403,41.08946],[-96.043403,41.08946],[-96.043403,41.08946],[-96.043403,41.08946],[-96.043403,41.08946],[-96.043403,41.08946],[-96.043403,41.08946],[-96.043403,41.08946],[-96.043403,41.08946],[-96.043403,41.08946],[-96.043403,41.08946],[-96.043403,41.08946],[-96.043403,41.08946],[-96.043403,41.08946],[-96.043403,41.08946],[-96.043403,41.08946],[-96.043403,41.08946],[-96.043403,41.08946],[-96.043403,41.08946],[-96.043403,41.08946],[-96.043403,41.08946],[-96.043403,41.08946],[-96.043403,41.08946],[-96.043403,41.08946],[-96.043403,41.08946],[-96.043403,41.08946],[-96.043403,41.08946],[-96.043403,41.08946],[-96.043403,41.08946],[-96.043403,41.08946],[-96.043403,41.08946],[-96.043403,41.08946],[-96.043403,41.08946],[-96.043403,41.08946],[-96.043403,41.08946]],[[-96.043398,41.08946],[-96.043398,41.08946],[-96.043398,41.08946],[-96.043398,41.08946],[-96.043398,41.08946],[-96.043398,41.08946],[-96.043398,41.08946],[-96.043398,41.08946],[-96.043398,41.08946],[-96.043398,41.08946],[-96.043398,41.08946],[-96.043398,41.08946],[-96.043398,41.08946],[-96.043398,41.08946],[-96.043398,41.08946],[-96.043398,41.08946],[-96.043398,41.08946],[-96.043398,41.08946],[-96.043398,41.08946],[-96.043398,41.08946],[-96.043398,41.08946],[-96.043398,41.08946],[-96.043398,41.08946],[-96.043398,41.08946],[-96.043398,41.08946],[-96.043398,41.08946],[-96.043398,41.08946],[-96.043398,41.08946],[-96.043398,41.08946],[-96.043398,41.08946],[-96.043398,41.08946],[-96.043398,41.08946],[-96.043398,41.08946],[-96.043398,41.08946],[-96.043398,41.08946],[-96.043398,41.08946],[-96.043398,41.08946],[-96.043398,41.08946],[-96.043398,41.08946],[-96.043398,41.08946]],[[-96.043398,41.08946],[-96.043398,41.08946],[-96.043398,41.08946],[-96.043398,41.08946],[-96.043398,41.08946],[-96.043398,41.08946],[-96.043398,41.08946],[-96.043398,41.08946],[-96.043398,41.08946],[-96.043398,41.08946],[-96.043398,41.08946],[-96.043398,41.08946],[-96.043398,41.08946],[-96.043398,41.08946],[-96.043398,41.08946],[-96.043398,41.08946],[-96.043398,41.08946],[-96.043398,41.08946],[-96.043398,41.08946],[-96.043398,41.08946],[-96.043398,41.08946],[-96.043398,41.08946],[-96.043398,41.08946],[-96.043398,41.08946],[-96.043398,41.08946],[-96.043398,41.08946],[-96.043398,41.08946],[-96.043398,41.08946],[-96.043398,41.08946],[-96.043398,41.08946],[-96.043398,41.08946],[-96.043398,41.08946]],[[-96.043403,41.08946],[-96.043403,41.08946],[-96.043403,41.08946],[-96.043403,41.08946],[-96.043403,41.08946],[-96.043403,41.08946],[-96.043403,41.08946],[-96.043403,41.08946],[-96.043403,41.08946],[-96.043403,41.08946],[-96.043403,41.08946],[-96.043403,41.08946],[-96.043403,41.08946],[-96.043403,41.08946],[-96.043403,41.08946],[-96.043403,41.08946],[-96.043403,41.08946],[-96.043403,41.08946],[-96.043403,41.08946],[-96.043403,41.08946],[-96.043403,41.08946],[-96.043403,41.08946],[-96.043403,41.08946],[-96.043403,41.08946],[-96.043403,41.08946],[-96.043403,41.08946],[-96.043403,41.08946],[-96.043403,41.08946],[-96.043403,41.08946],[-96.043403,41.08946],[-96.043403,41.08946],[-96.043403,41.08946]],[[-96.043403,41.08946],[-96.043403,41.08946],[-96.043403,41.08946],[-96.043403,41.08946],[-96.043403,41.08946],[-96.043403,41.08946],[-96.043403,41.08946],[-96.043403,41.08946],[-96.043403,41.08946],[-96.043403,41.08946],[-96.043403,41.08946],[-96.043403,41.08946],[-96.043403,41.08946],[-96.043403,41.08946],[-96.043403,41.08946],[-96.043403,41.08946],[-96.043403,41.08946],[-96.043403,41.08946],[-96.043403,41.08946],[-96.043403,41.08946],[-96.043403,41.08946],[-96.043403,41.08946],[-96.043403,41.08946],[-96.043403,41.08946],[-96.043403,41.08946],[-96.043403,41.08946],[-96.043403,41.08946],[-96.043403,41.08946],[-96.043403,41.08946],[-96.043403,41.08946],[-96.043403,41.08946],[-96.043403,41.08946],[-96.043403,41.08946],[-96.043403,41.08946],[-96.043403,41.08946],[-96.043403,41.08946],[-96.043403,41.08946],[-96.043403,41.08946],[-96.043403,41.08946],[-96.043403,41.08946]],[[-96.043398,41.08946],[-96.043398,41.08946],[-96.043398,41.08946],[-96.043398,41.08946],[-96.043398,41.08946],[-96.043398,41.08946],[-96.043398,41.08946],[-96.043398,41.08946],[-96.043398,41.08946],[-96.043398,41.08946],[-96.043398,41.08946],[-96.043398,41.08946],[-96.043398,41.08946],[-96.043398,41.08946],[-96.043398,41.08946],[-96.043398,41.08946],[-96.043398,41.08946],[-96.043398,41.08946],[-96.043398,41.08946],[-96.043398,41.08946],[-96.043398,41.08946],[-96.043398,41.08946],[-96.043398,41.08946],[-96.043398,41.08946],[-96.043398,41.08946],[-96.043398,41.08946],[-96.043398,41.08946],[-96.043398,41.08946],[-96.043398,41.08946],[-96.043398,41.08946],[-96.043398,41.08946],[-96.043398,41.08946]],[[-96.043398,41.08946],[-96.043398,41.08946],[-96.043398,41.08946],[-96.043398,41.08946],[-96.043398,41.08946],[-96.043398,41.08946],[-96.043398,41.08946],[-96.043398,41.08946],[-96.043398,41.08946],[-96.043398,41.08946],[-96.043398,41.08946],[-96.043398,41.08946],[-96.043398,41.08946],[-96.043398,41.08946],[-96.043398,41.08946],[-96.043398,41.08946],[-96.043398,41.08946],[-96.043398,41.08946],[-96.043398,41.08946],[-96.043398,41.08946],[-96.043398,41.08946],[-96.043398,41.08946],[-96.043398,41.08946],[-96.043398,41.08946],[-96.043398,41.08946],[-96.043398,41.08946],[-96.043398,41.08946],[-96.043398,41.08946],[-96.043398,41.08946],[-96.043398,41.08946],[-96.043398,41.08946],[-96.043398,41.08946],[-96.043398,41.08946],[-96.043398,41.08946],[-96.043398,41.08946],[-96.043398,41.08946],[-96.043398,41.08946],[-96.043398,41.08946],[-96.043398,41.08946],[-96.043398,41.08946]],[[-96.043403,41.08946],[-96.043403,41.08946],[-96.043403,41.08946],[-96.043403,41.08946],[-96.043403,41.08946],[-96.043403,41.08946],[-96.043403,41.08946],[-96.043403,41.08946],[-96.043403,41.08946],[-96.043403,41.08946],[-96.043403,41.08946],[-96.043403,41.08946],[-96.043403,41.08946],[-96.043403,41.08946],[-96.043403,41.08946],[-96.043403,41.08946],[-96.043403,41.08946],[-96.043403,41.08946],[-96.043403,41.08946],[-96.043403,41.08946],[-96.043403,41.08946],[-96.043403,41.08946],[-96.043403,41.08946],[-96.043403,41.08946],[-96.043403,41.08946],[-96.043403,41.08946],[-96.043403,41.08946],[-96.043403,41.08946],[-96.043403,41.08946],[-96.043403,41.08946],[-96.043403,41.08946],[-96.043403,41.08946],[-96.043403,41.08946],[-96.043403,41.08946],[-96.043403,41.08946],[-96.043403,41.08946],[-96.043403,41.08946],[-96.043403,41.08946],[-96.043403,41.08946],[-96.043403,41.08946]],[[-96.043403,41.08946],[-96.043403,41.08946],[-96.043403,41.08946],[-96.043403,41.08946],[-96.043403,41.08946],[-96.043403,41.08946],[-96.043403,41.08946],[-96.043403,41.08946],[-96.043403,41.08946],[-96.043403,41.08946],[-96.043403,41.08946],[-96.043403,41.08946],[-96.043403,41.08946],[-96.043403,41.08946],[-96.043403,41.08946],[-96.043403,41.08946],[-96.043403,41.08946],[-96.043403,41.08946],[-96.043403,41.08946],[-96.043403,41.08946],[-96.043403,41.08946],[-96.043403,41.08946],[-96.043403,41.08946],[-96.043403,41.08946],[-96.043403,41.08946],[-96.043403,41.08946],[-96.043403,41.08946],[-96.043403,41.08946],[-96.043403,41.08946],[-96.043403,41.08946],[-96.043403,41.08946],[-96.043403,41.08946]],[[-96.043398,41.08946],[-96.043398,41.08946],[-96.043398,41.08946],[-96.043398,41.08946],[-96.043398,41.08946],[-96.043398,41.08946],[-96.043398,41.08946],[-96.043398,41.08946],[-96.043398,41.08946],[-96.043398,41.08946],[-96.043398,41.08946],[-96.043398,41.08946],[-96.043398,41.08946],[-96.043398,41.08946],[-96.043398,41.08946],[-96.043398,41.08946],[-96.043398,41.08946],[-96.043398,41.08946],[-96.043398,41.08946],[-96.043398,41.08946],[-96.043398,41.08946],[-96.043398,41.08946],[-96.043398,41.08946],[-96.043398,41.08946],[-96.043398,41.08946],[-96.043398,41.08946],[-96.043398,41.08946],[-96.043398,41.08946],[-96.043398,41.08946],[-96.043398,41.08946],[-96.043398,41.08946],[-96.043398,41.08946],[-96.043398,41.08946],[-96.043398,41.08946],[-96.043398,41.08946],[-96.043398,41.08946],[-96.043398,41.08946],[-96.043398,41.08946],[-96.043398,41.08946],[-96.043398,41.08946]],[[-96.043403,41.08946],[-96.043403,41.08946],[-96.043403,41.08946],[-96.043403,41.08946],[-96.043403,41.08946],[-96.043403,41.08946],[-96.043403,41.08946],[-96.043403,41.08946],[-96.043403,41.08946],[-96.043403,41.08946],[-96.043403,41.08946],[-96.043403,41.08946],[-96.043403,41.08946],[-96.043403,41.08946],[-96.043403,41.08946],[-96.043403,41.08946],[-96.043403,41.08946],[-96.043403,41.08946],[-96.043403,41.08946],[-96.043403,41.08946],[-96.043403,41.08946],[-96.043403,41.08946],[-96.043403,41.08946],[-96.043403,41.08946],[-96.043403,41.08946],[-96.043403,41.08946],[-96.043403,41.08946],[-96.043403,41.08946],[-96.043403,41.08946],[-96.043403,41.08946],[-96.043403,41.08946],[-96.043403,41.08946],[-96.043403,41.08946],[-96.043403,41.08946],[-96.043403,41.08946],[-96.043403,41.08946],[-96.043403,41.08946],[-96.043403,41.08946],[-96.043403,41.08946],[-96.043403,41.08946]],[[-96.043398,41.08946],[-96.043398,41.08946],[-96.043398,41.08946],[-96.043398,41.08946],[-96.043398,41.08946],[-96.043398,41.08946],[-96.043398,41.08946],[-96.043398,41.08946],[-96.043398,41.08946],[-96.043398,41.08946],[-96.043398,41.08946],[-96.043398,41.08946],[-96.043398,41.08946],[-96.043398,41.08946],[-96.043398,41.08946],[-96.043398,41.08946],[-96.043398,41.08946],[-96.043398,41.08946],[-96.043398,41.08946],[-96.043398,41.08946],[-96.043398,41.08946],[-96.043398,41.08946],[-96.043398,41.089461],[-96.043398,41.089461],[-96.043398,41.089461],[-96.043398,41.089461],[-96.043398,41.089461],[-96.043398,41.089461],[-96.043398,41.089461],[-96.043398,41.089461],[-96.043398,41.089461],[-96.043398,41.089461],[-96.043398,41.089461],[-96.043398,41.089461],[-96.043398,41.089461],[-96.043398,41.089461],[-96.043398,41.089461],[-96.043398,41.089461],[-96.043398,41.089461],[-96.043398,41.089461]],[[-96.043403,41.089461],[-96.043403,41.089461],[-96.043403,41.089461],[-96.043403,41.089461],[-96.043403,41.089461],[-96.043403,41.089461],[-96.043403,41.089461],[-96.043403,41.089461],[-96.043403,41.089461],[-96.043403,41.089461],[-96.043403,41.089461],[-96.043403,41.089461],[-96.043403,41.089461],[-96.043403,41.089461],[-96.043403,41.089461],[-96.043403,41.089461],[-96.043403,41.089461],[-96.043403,41.08946],[-96.043403,41.08946],[-96.043403,41.08946],[-96.043403,41.08946],[-96.043403,41.08946],[-96.043403,41.08946],[-96.043403,41.08946],[-96.043403,41.08946],[-96.043403,41.08946],[-96.043403,41.08946],[-96.043403,41.08946],[-96.043403,41.08946],[-96.043403,41.08946],[-96.043403,41.08946],[-96.043403,41.08946],[-96.043403,41.08946],[-96.043403,41.08946],[-96.043403,41.08946],[-96.043403,41.08946],[-96.043403,41.08946],[-96.043403,41.08946],[-96.043403,41.08946],[-96.043403,41.08946]],[[-96.043398,41.089461],[-96.043398,41.089461],[-96.043398,41.089461],[-96.043398,41.089461],[-96.043398,41.089461],[-96.043398,41.089461],[-96.043398,41.089461],[-96.043398,41.089461],[-96.043398,41.089461],[-96.043398,41.089461],[-96.043398,41.089461],[-96.043398,41.089461],[-96.043398,41.089461],[-96.043398,41.089461],[-96.043398,41.089461],[-96.043398,41.089461],[-96.043398,41.089461],[-96.043398,41.089461],[-96.043398,41.089461],[-96.043398,41.089461],[-96.043398,41.089461],[-96.043398,41.089461],[-96.043398,41.089461],[-96.043398,41.089461],[-96.043398,41.089461],[-96.043398,41.089461],[-96.043398,41.089461],[-96.043398,41.089461],[-96.043398,41.089461],[-96.043398,41.089461],[-96.043398,41.089461],[-96.043398,41.089461],[-96.043398,41.089461],[-96.043398,41.089461],[-96.043398,41.089461],[-96.043398,41.089461],[-96.043398,41.089461],[-96.043398,41.089461],[-96.043398,41.089461],[-96.043398,41.089461]],[[-96.043403,41.089461],[-96.043403,41.089461],[-96.043403,41.089461],[-96.043403,41.089461],[-96.043403,41.089461],[-96.043403,41.089461],[-96.043403,41.089461],[-96.043403,41.089461],[-96.043403,41.089461],[-96.043403,41.089461],[-96.043403,41.089461],[-96.043403,41.089461],[-96.043403,41.089461],[-96.043403,41.089461],[-96.043403,41.089461],[-96.043403,41.089461],[-96.043403,41.089461],[-96.043403,41.089461],[-96.043403,41.089461],[-96.043403,41.089461],[-96.043403,41.089461],[-96.043403,41.089461],[-96.043403,41.089461],[-96.043403,41.089461],[-96.043403,41.089461],[-96.043403,41.089461],[-96.043403,41.089461],[-96.043403,41.089461],[-96.043403,41.089461],[-96.043403,41.089461],[-96.043403,41.089461],[-96.043403,41.089461],[-96.043403,41.089461],[-96.043403,41.089461],[-96.043403,41.089461],[-96.043403,41.089461],[-96.043403,41.089461],[-96.043403,41.089461],[-96.043403,41.089461],[-96.043403,41.089461]],[[-96.043403,41.089461],[-96.043403,41.089461],[-96.043403,41.089461],[-96.043403,41.089461],[-96.043403,41.089461],[-96.043403,41.089461],[-96.043403,41.089461],[-96.043403,41.089461],[-96.043403,41.089461],[-96.043403,41.089461],[-96.043403,41.089461],[-96.043403,41.089461],[-96.043403,41.089461],[-96.043403,41.089461],[-96.043403,41.089461],[-96.043403,41.089461],[-96.043403,41.089461],[-96.043403,41.089461],[-96.043403,41.089461],[-96.043403,41.089461],[-96.043403,41.089461],[-96.043403,41.089461],[-96.043403,41.089461],[-96.043403,41.089461],[-96.043403,41.089461],[-96.043403,41.089461],[-96.043403,41.089461],[-96.043403,41.089461],[-96.043403,41.089461],[-96.043403,41.089461],[-96.043403,41.089461],[-96.043403,41.089461],[-96.043403,41.089461],[-96.043403,41.089461],[-96.043403,41.089461],[-96.043403,41.089461],[-96.043403,41.089461],[-96.043403,41.089461],[-96.043403,41.089461],[-96.043403,41.089461],[-96.043403,41.089461],[-96.043403,41.089461],[-96.043403,41.089461],[-96.043403,41.089461],[-96.043403,41.089461],[-96.043403,41.089461],[-96.043403,41.089461],[-96.043403,41.089461],[-96.043403,41.089461],[-96.043403,41.089461],[-96.043403,41.089461],[-96.043403,41.089461],[-96.043403,41.089461],[-96.043403,41.089461],[-96.043403,41.089461],[-96.043403,41.089461],[-96.043403,41.089461],[-96.043403,41.089461],[-96.043403,41.089461],[-96.043403,41.089461],[-96.043403,41.089461],[-96.043403,41.089461],[-96.043403,41.089461],[-96.043403,41.089461]],[[-96.043403,41.089461],[-96.043403,41.089461],[-96.043403,41.089461],[-96.043403,41.089461],[-96.043403,41.089461],[-96.043403,41.089461],[-96.043403,41.089461],[-96.043403,41.089461],[-96.043403,41.089461],[-96.043403,41.089461],[-96.043403,41.089461],[-96.043403,41.089461],[-96.043403,41.089461],[-96.043403,41.089461],[-96.043403,41.089461],[-96.043403,41.089461],[-96.043403,41.089461],[-96.043403,41.089461],[-96.043403,41.089461],[-96.043403,41.089461],[-96.043403,41.089461],[-96.043403,41.089461],[-96.043403,41.089461],[-96.043403,41.089461],[-96.043403,41.089461],[-96.043403,41.089461],[-96.043403,41.089461],[-96.043403,41.089461],[-96.043403,41.089461],[-96.043403,41.089461],[-96.043403,41.089461],[-96.043403,41.089461]],[[-96.043398,41.089461],[-96.043398,41.089461],[-96.043398,41.089461],[-96.043398,41.089461],[-96.043398,41.089461],[-96.043398,41.089461],[-96.043398,41.089461],[-96.043398,41.089461],[-96.043398,41.089461],[-96.043398,41.089461],[-96.043398,41.089461],[-96.043398,41.089461],[-96.043398,41.089461],[-96.043398,41.089461],[-96.043398,41.089461],[-96.043398,41.089461],[-96.043398,41.089461],[-96.043398,41.089461],[-96.043398,41.089461],[-96.043398,41.089461],[-96.043398,41.089461],[-96.043398,41.089461],[-96.043398,41.089461],[-96.043398,41.089461],[-96.043398,41.089461],[-96.043398,41.089461],[-96.043398,41.089461],[-96.043398,41.089461],[-96.043398,41.089461],[-96.043398,41.089461],[-96.043398,41.089461],[-96.043398,41.089461]],[[-96.043398,41.089461],[-96.043398,41.089461],[-96.043398,41.089461],[-96.043398,41.089461],[-96.043398,41.089461],[-96.043398,41.089461],[-96.043398,41.089461],[-96.043398,41.089461],[-96.043398,41.089461],[-96.043398,41.089461],[-96.043398,41.089461],[-96.043398,41.089461],[-96.043398,41.089461],[-96.043398,41.089461],[-96.043398,41.089461],[-96.043398,41.089461],[-96.043398,41.089461],[-96.043398,41.089461],[-96.043398,41.089461],[-96.043398,41.089461],[-96.043398,41.089461],[-96.043398,41.089461],[-96.043398,41.089461],[-96.043398,41.089461],[-96.043398,41.089461],[-96.043398,41.089461],[-96.043398,41.089461],[-96.043398,41.089461],[-96.043398,41.089461],[-96.043398,41.089461],[-96.043398,41.089461],[-96.043398,41.089461],[-96.043398,41.089461],[-96.043398,41.089461],[-96.043398,41.089461],[-96.043398,41.089461],[-96.043398,41.089461],[-96.043398,41.089461],[-96.043398,41.089461],[-96.043398,41.089461],[-96.043398,41.089461],[-96.043398,41.089461],[-96.043398,41.089461],[-96.043398,41.089461],[-96.043398,41.089461],[-96.043398,41.089461],[-96.043398,41.089461],[-96.043398,41.089461],[-96.043398,41.089461],[-96.043398,41.089461],[-96.043398,41.089461],[-96.043398,41.089461],[-96.043398,41.089461],[-96.043398,41.089461],[-96.043398,41.089461],[-96.043398,41.089461],[-96.043398,41.089461],[-96.043398,41.089461],[-96.043398,41.089461],[-96.043398,41.089461],[-96.043398,41.089461],[-96.043398,41.089461],[-96.043398,41.089461],[-96.043398,41.089461]],[[-96.043403,41.089461],[-96.043403,41.089461],[-96.043403,41.089461],[-96.043403,41.089461],[-96.043403,41.089461],[-96.043403,41.089461],[-96.043403,41.089461],[-96.043403,41.089461],[-96.043403,41.089461],[-96.043403,41.089461],[-96.043403,41.089461],[-96.043403,41.089461],[-96.043403,41.089461],[-96.043403,41.089461],[-96.043403,41.089461],[-96.043403,41.089461],[-96.043403,41.089461],[-96.043403,41.089461],[-96.043403,41.089461],[-96.043403,41.089461],[-96.043403,41.089461],[-96.043403,41.089461],[-96.043403,41.089461],[-96.043403,41.089461],[-96.043403,41.089461],[-96.043403,41.089461],[-96.043403,41.089461],[-96.043403,41.089461],[-96.043403,41.089461],[-96.043403,41.089461],[-96.043403,41.089461],[-96.043403,41.089461],[-96.043403,41.089461],[-96.043403,41.089461],[-96.043403,41.089461],[-96.043403,41.089461],[-96.043403,41.089461],[-96.043403,41.089461],[-96.043403,41.089461],[-96.043403,41.089461],[-96.043403,41.089461],[-96.043403,41.089461],[-96.043403,41.089461],[-96.043403,41.089461],[-96.043403,41.089461],[-96.043403,41.089461],[-96.043403,41.089461],[-96.043403,41.089461],[-96.043403,41.089461],[-96.043403,41.089461],[-96.043403,41.089461],[-96.043403,41.089461],[-96.043403,41.089461],[-96.043403,41.089461],[-96.043403,41.089461],[-96.043403,41.089461]],[[-96.043398,41.089461],[-96.043398,41.089461],[-96.043398,41.089461],[-96.043398,41.089461],[-96.043398,41.089461],[-96.043398,41.089461],[-96.043398,41.089461],[-96.043398,41.089461],[-96.043398,41.089461],[-96.043398,41.089461],[-96.043398,41.089461],[-96.043398,41.089461],[-96.043398,41.089461],[-96.043398,41.089461],[-96.043398,41.089461],[-96.043398,41.089461],[-96.043398,41.089461],[-96.043398,41.089461],[-96.043398,41.089461],[-96.043398,41.089461],[-96.043398,41.089461],[-96.043398,41.089461],[-96.043398,41.089461],[-96.043398,41.089461],[-96.043398,41.089461],[-96.043398,41.089461],[-96.043398,41.089461],[-96.043398,41.089461],[-96.043398,41.089461],[-96.043398,41.089461],[-96.043398,41.089461],[-96.043398,41.089461],[-96.043398,41.089461],[-96.043398,41.089461],[-96.043398,41.089461],[-96.043398,41.089461],[-96.043398,41.089461],[-96.043398,41.089461],[-96.043398,41.089461],[-96.043398,41.089461],[-96.043398,41.089461],[-96.043398,41.089461],[-96.043398,41.089461],[-96.043398,41.089461],[-96.043398,41.089461],[-96.043398,41.089461],[-96.043398,41.089461],[-96.043398,41.089461],[-96.043398,41.089461],[-96.043398,41.089461],[-96.043398,41.089461],[-96.043398,41.089461],[-96.043398,41.089461],[-96.043398,41.089461],[-96.043398,41.089461],[-96.043398,41.089461]],[[-96.043403,41.089461],[-96.043403,41.089461],[-96.043403,41.089461],[-96.043403,41.089461],[-96.043403,41.089461],[-96.043403,41.089461],[-96.043403,41.089461],[-96.043403,41.089461],[-96.043403,41.089461],[-96.043403,41.089461],[-96.043403,41.089461],[-96.043403,41.089461],[-96.043403,41.089461],[-96.043403,41.089461],[-96.043403,41.089461],[-96.043403,41.089461],[-96.043403,41.089461],[-96.043403,41.089461],[-96.043403,41.089461],[-96.043403,41.089461],[-96.043403,41.089461],[-96.043403,41.089461],[-96.043403,41.089461],[-96.043403,41.089461],[-96.043403,41.089461],[-96.043403,41.089461],[-96.043403,41.089461],[-96.043403,41.089461],[-96.043403,41.089461],[-96.043403,41.089461],[-96.043403,41.089461],[-96.043403,41.089461],[-96.043403,41.089461],[-96.043403,41.089461],[-96.043403,41.089461],[-96.043403,41.089461],[-96.043403,41.089461],[-96.043403,41.089461],[-96.043403,41.089461],[-96.043403,41.089461],[-96.043403,41.089461],[-96.043403,41.089461],[-96.043403,41.089461],[-96.043403,41.089461],[-96.043403,41.089461],[-96.043403,41.089461],[-96.043403,41.089461],[-96.043403,41.089461],[-96.043403,41.089461],[-96.043403,41.089461],[-96.043403,41.089461],[-96.043403,41.089461],[-96.043403,41.089461],[-96.043403,41.089461],[-96.043403,41.089461],[-96.043403,41.089461],[-96.043403,41.089461],[-96.043403,41.089461],[-96.043403,41.089461],[-96.043403,41.089461],[-96.043403,41.089461],[-96.043403,41.089461],[-96.043403,41.089461],[-96.043403,41.089461],[-96.043403,41.089461],[-96.043403,41.089461],[-96.043403,41.089461],[-96.043403,41.089461],[-96.043403,41.089461],[-96.043403,41.089461],[-96.043403,41.089461],[-96.043403,41.089461],[-96.043403,41.089461],[-96.043403,41.089461],[-96.043403,41.089461],[-96.043403,41.089461],[-96.043403,41.089461],[-96.043403,41.089461],[-96.043403,41.089461],[-96.043403,41.089461],[-96.043403,41.089461],[-96.043403,41.089461],[-96.043403,41.089461],[-96.043403,41.089461],[-96.043403,41.089461],[-96.043403,41.089461],[-96.043403,41.089461],[-96.043403,41.089461]],[[-96.043398,41.089461],[-96.043398,41.089461],[-96.043398,41.089461],[-96.043398,41.089461],[-96.043398,41.089461],[-96.043398,41.089461],[-96.043398,41.089461],[-96.043398,41.089461],[-96.043398,41.089461],[-96.043398,41.089461],[-96.043398,41.089461],[-96.043398,41.089461],[-96.043398,41.089461],[-96.043398,41.089461],[-96.043398,41.089461],[-96.043398,41.089461],[-96.043398,41.089461],[-96.043398,41.089461],[-96.043398,41.089461],[-96.043398,41.089461],[-96.043398,41.089461],[-96.043398,41.089461],[-96.043398,41.089461],[-96.043398,41.089461],[-96.043398,41.089461],[-96.043398,41.089461],[-96.043398,41.089461],[-96.043398,41.089461],[-96.043398,41.089461],[-96.043398,41.089461],[-96.043398,41.089461],[-96.043398,41.089461],[-96.043398,41.089461],[-96.043398,41.089461],[-96.043398,41.089461],[-96.043398,41.089461],[-96.043398,41.089461],[-96.043398,41.089461],[-96.043398,41.089461],[-96.043398,41.089461],[-96.043398,41.089461],[-96.043398,41.089461],[-96.043398,41.089461],[-96.043398,41.089461],[-96.043398,41.089461],[-96.043398,41.089461],[-96.043398,41.089461],[-96.043398,41.089461],[-96.043398,41.089461],[-96.043398,41.089461],[-96.043398,41.089461],[-96.043398,41.089461],[-96.043398,41.089461],[-96.043398,41.089461],[-96.043398,41.089461],[-96.043398,41.089461],[-96.043398,41.089461],[-96.043398,41.089461],[-96.043398,41.089461],[-96.043398,41.089461],[-96.043398,41.089461],[-96.043398,41.089461],[-96.043398,41.089461],[-96.043398,41.089461],[-96.043398,41.089461],[-96.043398,41.089461],[-96.043398,41.089461],[-96.043398,41.089461],[-96.043398,41.089461],[-96.043398,41.089461],[-96.043398,41.089461],[-96.043398,41.089461],[-96.043398,41.089461],[-96.043398,41.089461],[-96.043398,41.089461],[-96.043398,41.089461],[-96.043398,41.089461],[-96.043398,41.089461],[-96.043398,41.089461],[-96.043398,41.089461],[-96.043398,41.089461],[-96.043398,41.089461],[-96.043398,41.089461],[-96.043398,41.089461],[-96.043398,41.089461],[-96.043398,41.089461],[-96.043398,41.089461],[-96.043398,41.089461]],[[-96.043403,41.08946],[-96.043403,41.08946]],[[-96.043398,41.08946],[-96.043398,41.08946]],[[-96.043398,41.089461],[-96.043398,41.089461],[-96.043398,41.089461],[-96.043398,41.089461],[-96.043398,41.089461],[-96.043398,41.089461],[-96.043398,41.089461],[-96.043398,41.089461],[-96.043398,41.089461],[-96.043398,41.089461],[-96.043398,41.089461],[-96.043398,41.089461],[-96.043398,41.089461],[-96.043398,41.089461],[-96.043398,41.089461],[-96.043398,41.089461],[-96.043398,41.089461],[-96.043398,41.089461],[-96.043398,41.089461],[-96.043398,41.089461],[-96.043398,41.089461],[-96.043398,41.089461],[-96.043398,41.089461],[-96.043398,41.089461],[-96.043398,41.089461],[-96.043398,41.089461],[-96.043398,41.089461],[-96.043398,41.089461],[-96.043398,41.089461],[-96.043398,41.089461],[-96.043398,41.089461],[-96.043398,41.089461]],[[-96.043398,41.08946],[-96.043398,41.08946],[-96.043398,41.08946],[-96.043398,41.089461],[-96.043398,41.089461]],[[-96.043398,41.089461],[-96.043398,41.089461],[-96.043398,41.089461],[-96.043398,41.089461],[-96.043398,41.089461],[-96.043398,41.089461],[-96.043398,41.089461],[-96.043398,41.089461],[-96.043398,41.089461],[-96.043398,41.089461],[-96.043398,41.089461],[-96.043398,41.089461],[-96.043398,41.089461],[-96.043398,41.089461],[-96.043398,41.089461],[-96.043398,41.089461],[-96.043398,41.089461],[-96.043398,41.089461],[-96.043398,41.089461],[-96.043398,41.089461],[-96.043398,41.089461],[-96.043398,41.089461],[-96.043398,41.089461],[-96.043398,41.089461],[-96.043398,41.089461],[-96.043398,41.089461],[-96.043398,41.089461],[-96.043398,41.089461],[-96.043398,41.089461],[-96.043398,41.089461],[-96.043398,41.089461],[-96.043398,41.089461],[-96.043398,41.089461],[-96.043398,41.089461],[-96.043398,41.089461],[-96.043398,41.089461],[-96.043398,41.089461],[-96.043398,41.089461],[-96.043398,41.089461],[-96.043398,41.089461],[-96.043398,41.089461],[-96.043398,41.089461],[-96.043398,41.089461],[-96.043398,41.089461],[-96.043398,41.089461],[-96.043398,41.089461],[-96.043398,41.089461],[-96.043398,41.089461],[-96.043398,41.089461],[-96.043398,41.089461],[-96.043398,41.089461],[-96.043398,41.089461],[-96.043398,41.089461],[-96.043398,41.089461],[-96.043398,41.089461],[-96.043398,41.089461],[-96.043398,41.089461],[-96.043398,41.089461],[-96.043398,41.089461],[-96.043398,41.089461],[-96.043398,41.089461],[-96.043398,41.089461],[-96.043398,41.089461],[-96.043398,41.089461],[-96.043398,41.089461],[-96.043398,41.089461],[-96.043398,41.089461],[-96.043398,41.089461],[-96.043398,41.089461],[-96.043398,41.089461],[-96.043398,41.089461],[-96.043398,41.089461]],[[-96.043403,41.08946],[-96.043403,41.08946],[-96.043403,41.08946],[-96.043403,41.08946],[-96.043403,41.08946],[-96.043403,41.08946],[-96.043403,41.08946],[-96.043403,41.08946],[-96.043403,41.08946],[-96.043403,41.089461],[-96.043403,41.089461],[-96.043403,41.089461],[-96.043403,41.089461],[-96.043403,41.089461],[-96.043403,41.089461],[-96.043403,41.089461],[-96.043403,41.089461],[-96.043403,41.089461],[-96.043403,41.089461],[-96.043403,41.089461],[-96.043403,41.089461],[-96.043403,41.089461],[-96.043403,41.089461],[-96.043403,41.089461],[-96.043403,41.089461],[-96.043403,41.089461],[-96.043403,41.089461],[-96.043403,41.089461],[-96.043403,41.089461],[-96.043403,41.089461],[-96.043403,41.089461],[-96.043403,41.089461],[-96.043403,41.089461],[-96.043403,41.089461],[-96.043403,41.089461],[-96.043403,41.089461],[-96.043403,41.089461],[-96.043403,41.089461],[-96.043403,41.089461],[-96.043403,41.089461],[-96.043403,41.089461],[-96.043403,41.089461],[-96.043403,41.089461],[-96.043403,41.089461],[-96.043403,41.089461],[-96.043403,41.089461],[-96.043403,41.089461],[-96.043403,41.089461]],[[-96.043403,41.089461],[-96.043403,41.089461],[-96.043403,41.089461],[-96.043403,41.089461],[-96.043403,41.089461],[-96.043403,41.089461],[-96.043403,41.089461],[-96.043403,41.089461],[-96.043403,41.089461],[-96.043403,41.089461],[-96.043403,41.089461],[-96.043403,41.089461],[-96.043403,41.089461],[-96.043403,41.089461],[-96.043403,41.089461],[-96.043403,41.089461],[-96.043403,41.089461],[-96.043403,41.089461],[-96.043403,41.089461],[-96.043403,41.089461],[-96.043403,41.089461],[-96.043403,41.089461],[-96.043403,41.089461],[-96.043403,41.089461],[-96.043403,41.089461],[-96.043403,41.089461],[-96.043403,41.089461],[-96.043403,41.089461],[-96.043403,41.089461],[-96.043403,41.089461],[-96.043403,41.089461],[-96.043403,41.089461]],[[-96.043398,41.089461],[-96.043398,41.089461],[-96.043398,41.089461],[-96.043398,41.089461],[-96.043398,41.089461],[-96.043398,41.089461],[-96.043398,41.089461],[-96.043398,41.089461],[-96.043398,41.089461],[-96.043398,41.089461],[-96.043398,41.089461],[-96.043398,41.089461],[-96.043398,41.089461],[-96.043398,41.089461],[-96.043398,41.089461],[-96.043398,41.089461],[-96.043398,41.089461],[-96.043398,41.089461],[-96.043398,41.089461],[-96.043398,41.089461],[-96.043398,41.089461],[-96.043398,41.089461],[-96.043398,41.089461],[-96.043398,41.089461],[-96.043398,41.089461],[-96.043398,41.089461],[-96.043398,41.089461],[-96.043398,41.089461],[-96.043398,41.089461],[-96.043398,41.089461],[-96.043398,41.089461],[-96.043398,41.089461]],[[-96.043398,41.089461],[-96.043398,41.089461],[-96.043398,41.089461],[-96.043398,41.089461],[-96.043398,41.089461],[-96.043398,41.089461],[-96.043398,41.089461],[-96.043398,41.089461],[-96.043398,41.089461],[-96.043398,41.089461],[-96.043398,41.089461],[-96.043398,41.089461],[-96.043398,41.089461],[-96.043398,41.089461],[-96.043398,41.089461],[-96.043398,41.089461],[-96.043398,41.089461],[-96.043398,41.089461],[-96.043398,41.089461],[-96.043398,41.089461],[-96.043398,41.089461],[-96.043398,41.089461],[-96.043398,41.089461],[-96.043398,41.089461],[-96.043398,41.089461],[-96.043398,41.089461],[-96.043398,41.089461],[-96.043398,41.089461],[-96.043398,41.089461],[-96.043398,41.089461],[-96.043398,41.089461],[-96.043398,41.089461],[-96.043398,41.089461],[-96.043398,41.089461],[-96.043398,41.089461],[-96.043398,41.08946],[-96.043398,41.08946],[-96.043398,41.08946],[-96.043398,41.08946],[-96.043398,41.08946],[-96.043398,41.08946],[-96.043398,41.08946],[-96.043398,41.08946],[-96.043398,41.08946],[-96.043398,41.08946],[-96.043398,41.08946],[-96.043398,41.08946],[-96.043398,41.08946]],[[-96.043403,41.08946],[-96.043403,41.08946],[-96.043403,41.08946],[-96.043403,41.08946],[-96.043403,41.08946],[-96.043403,41.08946],[-96.043403,41.08946],[-96.043403,41.08946],[-96.043403,41.08946],[-96.043403,41.08946],[-96.043403,41.08946],[-96.043403,41.08946],[-96.043403,41.08946],[-96.043403,41.08946],[-96.043403,41.08946],[-96.043403,41.08946],[-96.043403,41.08946],[-96.043403,41.08946],[-96.043403,41.08946],[-96.043403,41.08946],[-96.043403,41.08946],[-96.043403,41.08946],[-96.043403,41.08946],[-96.043403,41.08946],[-96.043403,41.08946],[-96.043403,41.08946],[-96.043403,41.08946],[-96.043403,41.08946],[-96.043403,41.08946],[-96.043403,41.08946],[-96.043403,41.08946],[-96.043403,41.08946],[-96.043403,41.08946],[-96.043403,41.08946],[-96.043403,41.08946],[-96.043403,41.08946],[-96.043403,41.08946],[-96.043403,41.08946],[-96.043403,41.08946],[-96.043403,41.08946],[-96.043403,41.08946],[-96.043403,41.08946],[-96.043403,41.08946],[-96.043403,41.08946],[-96.043403,41.08946],[-96.043403,41.08946],[-96.043403,41.08946],[-96.043403,41.08946],[-96.043403,41.08946],[-96.043403,41.08946],[-96.043403,41.08946],[-96.043403,41.08946],[-96.043403,41.08946],[-96.043403,41.08946],[-96.043403,41.08946],[-96.043403,41.08946]],[[-96.043398,41.08946],[-96.043398,41.08946],[-96.043398,41.08946],[-96.043398,41.08946],[-96.043398,41.08946],[-96.043398,41.08946],[-96.043398,41.08946],[-96.043398,41.08946],[-96.043398,41.08946],[-96.043398,41.08946],[-96.043398,41.08946],[-96.043398,41.08946],[-96.043398,41.08946],[-96.043398,41.08946],[-96.043398,41.08946],[-96.043398,41.08946],[-96.043398,41.08946],[-96.043398,41.08946],[-96.043398,41.08946],[-96.043398,41.08946],[-96.043398,41.08946],[-96.043398,41.08946],[-96.043398,41.08946],[-96.043398,41.08946],[-96.043398,41.08946],[-96.043398,41.08946],[-96.043398,41.08946],[-96.043398,41.08946],[-96.043398,41.08946],[-96.043398,41.08946],[-96.043398,41.08946],[-96.043398,41.08946]],[[-96.043398,41.08946],[-96.043398,41.08946],[-96.043398,41.08946],[-96.043398,41.08946],[-96.043398,41.08946],[-96.043398,41.08946],[-96.043398,41.08946],[-96.043398,41.08946],[-96.043398,41.08946],[-96.043398,41.08946],[-96.043398,41.08946],[-96.043398,41.08946],[-96.043398,41.08946],[-96.043398,41.08946],[-96.043398,41.08946],[-96.043398,41.08946],[-96.043398,41.08946],[-96.043398,41.08946],[-96.043398,41.08946],[-96.043398,41.08946],[-96.043398,41.08946],[-96.043398,41.08946],[-96.043398,41.08946],[-96.043398,41.08946],[-96.043398,41.08946],[-96.043398,41.08946],[-96.043398,41.08946],[-96.043398,41.08946],[-96.043398,41.08946],[-96.043398,41.08946],[-96.043398,41.08946],[-96.043398,41.08946]],[[-96.043403,41.08946],[-96.043403,41.08946],[-96.043403,41.08946],[-96.043403,41.08946],[-96.043403,41.08946],[-96.043403,41.08946],[-96.043403,41.08946],[-96.043403,41.08946],[-96.043403,41.08946],[-96.043403,41.08946],[-96.043403,41.08946],[-96.043403,41.08946],[-96.043403,41.08946],[-96.043403,41.08946],[-96.043403,41.08946],[-96.043403,41.08946],[-96.043403,41.08946],[-96.043403,41.08946],[-96.043403,41.08946],[-96.043403,41.08946],[-96.043403,41.08946],[-96.043403,41.08946],[-96.043403,41.08946],[-96.043403,41.08946],[-96.043403,41.08946],[-96.043403,41.08946],[-96.043403,41.08946],[-96.043403,41.08946],[-96.043403,41.08946],[-96.043403,41.08946],[-96.043403,41.08946],[-96.043403,41.08946]],[[-96.043403,41.08946],[-96.043403,41.08946],[-96.043403,41.08946],[-96.043403,41.08946],[-96.043403,41.08946],[-96.043403,41.08946],[-96.043403,41.08946],[-96.043403,41.08946],[-96.043403,41.08946],[-96.043403,41.08946],[-96.043403,41.08946],[-96.043403,41.08946],[-96.043403,41.08946],[-96.043403,41.08946],[-96.043403,41.08946],[-96.043403,41.08946],[-96.043403,41.08946],[-96.043403,41.08946],[-96.043403,41.08946],[-96.043403,41.08946],[-96.043403,41.08946],[-96.043403,41.08946],[-96.043403,41.08946],[-96.043403,41.08946],[-96.043403,41.08946],[-96.043403,41.08946],[-96.043403,41.08946],[-96.043403,41.08946],[-96.043403,41.08946],[-96.043403,41.08946],[-96.043403,41.08946],[-96.043403,41.08946]],[[-96.043403,41.08946],[-96.043403,41.08946],[-96.043403,41.08946],[-96.043403,41.08946],[-96.043403,41.08946],[-96.043403,41.08946],[-96.043403,41.08946],[-96.043403,41.08946],[-96.043403,41.08946],[-96.043403,41.08946],[-96.043403,41.08946],[-96.043403,41.08946],[-96.043403,41.08946],[-96.043403,41.08946],[-96.043403,41.08946],[-96.043403,41.08946],[-96.043403,41.08946],[-96.043403,41.08946],[-96.043403,41.08946],[-96.043403,41.08946],[-96.043403,41.08946],[-96.043403,41.08946],[-96.043403,41.08946],[-96.043403,41.08946],[-96.043403,41.08946],[-96.043403,41.08946],[-96.043403,41.08946],[-96.043403,41.08946],[-96.043403,41.08946],[-96.043403,41.08946],[-96.043403,41.08946],[-96.043403,41.08946]],[[-96.043398,41.08946],[-96.043398,41.08946],[-96.043398,41.08946],[-96.043398,41.08946],[-96.043398,41.08946],[-96.043398,41.08946],[-96.043398,41.08946],[-96.043398,41.08946],[-96.043398,41.08946],[-96.043398,41.08946],[-96.043398,41.08946],[-96.043398,41.08946],[-96.043398,41.08946],[-96.043398,41.08946],[-96.043398,41.08946],[-96.043398,41.08946],[-96.043398,41.08946],[-96.043398,41.08946],[-96.043398,41.08946],[-96.043398,41.08946],[-96.043398,41.08946],[-96.043398,41.08946],[-96.043398,41.08946],[-96.043398,41.08946],[-96.043398,41.08946],[-96.043398,41.08946],[-96.043398,41.08946],[-96.043398,41.08946],[-96.043398,41.08946],[-96.043398,41.08946],[-96.043398,41.08946],[-96.043398,41.08946],[-96.043398,41.08946],[-96.043398,41.08946],[-96.043398,41.08946],[-96.043398,41.08946],[-96.043398,41.08946],[-96.043398,41.08946],[-96.043398,41.08946],[-96.043398,41.08946]],[[-96.043398,41.08946],[-96.043398,41.08946],[-96.043398,41.08946],[-96.043398,41.08946],[-96.043398,41.08946],[-96.043398,41.08946],[-96.043398,41.08946],[-96.043398,41.08946],[-96.043398,41.08946],[-96.043398,41.08946],[-96.043398,41.08946],[-96.043398,41.08946],[-96.043398,41.08946],[-96.043398,41.08946],[-96.043398,41.08946],[-96.043398,41.08946],[-96.043398,41.08946],[-96.043398,41.08946],[-96.043398,41.08946],[-96.043398,41.08946],[-96.043398,41.08946],[-96.043398,41.08946],[-96.043398,41.08946],[-96.043398,41.08946],[-96.043398,41.08946],[-96.043398,41.08946],[-96.043398,41.08946],[-96.043398,41.08946],[-96.043398,41.08946],[-96.043398,41.08946],[-96.043398,41.08946],[-96.043398,41.08946]],[[-96.043403,41.08946],[-96.043403,41.08946],[-96.043403,41.08946],[-96.043403,41.08946],[-96.043403,41.08946],[-96.043403,41.08946],[-96.043403,41.08946],[-96.043403,41.08946],[-96.043403,41.08946],[-96.043403,41.08946],[-96.043403,41.08946],[-96.043403,41.08946],[-96.043403,41.08946],[-96.043403,41.08946],[-96.043403,41.08946],[-96.043403,41.08946],[-96.043403,41.08946],[-96.043403,41.08946],[-96.043403,41.08946],[-96.043403,41.08946],[-96.043403,41.08946],[-96.043403,41.08946],[-96.043403,41.08946],[-96.043403,41.08946],[-96.043403,41.08946],[-96.043403,41.08946],[-96.043403,41.08946],[-96.043403,41.08946],[-96.043403,41.08946],[-96.043403,41.08946],[-96.043403,41.08946],[-96.043403,41.08946],[-96.043403,41.08946],[-96.043403,41.08946],[-96.043403,41.08946],[-96.043403,41.08946],[-96.043403,41.08946],[-96.043403,41.08946],[-96.043403,41.08946],[-96.043403,41.08946]],[[-96.043401,41.08946],[-96.043401,41.08946],[-96.043401,41.08946]],[[-96.043403,41.08946],[-96.043403,41.08946]],[[-96.043403,41.089461],[-96.043403,41.089461]],[[-96.043403,41.08946],[-96.043403,41.08946],[-96.043403,41.08946],[-96.043403,41.08946],[-96.043403,41.08946],[-96.043403,41.08946],[-96.043403,41.08946],[-96.043403,41.08946],[-96.043403,41.08946],[-96.043403,41.08946],[-96.043403,41.08946],[-96.043403,41.08946],[-96.043403,41.08946],[-96.043403,41.08946],[-96.043403,41.08946],[-96.043403,41.08946],[-96.043403,41.08946],[-96.043403,41.08946],[-96.043403,41.08946],[-96.043403,41.08946],[-96.043403,41.08946],[-96.043403,41.08946],[-96.043403,41.08946],[-96.043403,41.08946],[-96.043403,41.08946],[-96.043403,41.08946],[-96.043403,41.08946],[-96.043403,41.08946],[-96.043403,41.08946],[-96.043403,41.08946],[-96.043403,41.08946],[-96.043403,41.08946],[-96.043403,41.08946],[-96.043403,41.08946],[-96.043403,41.08946],[-96.043403,41.08946],[-96.043403,41.08946],[-96.043403,41.08946],[-96.043403,41.08946],[-96.043403,41.08946],[-96.043403,41.08946],[-96.043403,41.08946],[-96.043403,41.08946],[-96.043403,41.08946],[-96.043403,41.08946],[-96.043403,41.08946],[-96.043403,41.08946],[-96.043403,41.08946],[-96.043403,41.08946],[-96.043403,41.08946],[-96.043403,41.08946],[-96.043403,41.08946],[-96.043403,41.08946],[-96.043403,41.08946],[-96.043403,41.08946],[-96.043403,41.08946],[-96.043403,41.08946],[-96.043403,41.08946],[-96.043403,41.08946],[-96.043403,41.08946],[-96.043403,41.08946],[-96.043403,41.08946],[-96.043403,41.08946],[-96.043403,41.08946]],[[-96.043403,41.08946],[-96.043403,41.08946],[-96.043403,41.08946],[-96.043403,41.08946],[-96.043403,41.08946],[-96.043403,41.08946],[-96.043403,41.08946],[-96.043403,41.08946],[-96.043403,41.08946],[-96.043403,41.08946],[-96.043403,41.08946],[-96.043403,41.08946],[-96.043403,41.08946],[-96.043403,41.08946],[-96.043403,41.08946],[-96.043403,41.08946],[-96.043403,41.08946],[-96.043403,41.08946],[-96.043403,41.08946],[-96.043403,41.08946],[-96.043403,41.08946],[-96.043403,41.08946],[-96.043403,41.08946],[-96.043403,41.08946],[-96.043403,41.08946],[-96.043403,41.08946],[-96.043403,41.08946],[-96.043403,41.08946],[-96.043403,41.08946],[-96.043403,41.08946],[-96.043403,41.08946],[-96.043403,41.08946],[-96.043403,41.08946],[-96.043403,41.08946],[-96.043403,41.08946],[-96.043403,41.08946],[-96.043403,41.08946],[-96.043403,41.08946],[-96.043403,41.08946],[-96.043403,41.08946],[-96.043403,41.08946],[-96.043403,41.08946],[-96.043403,41.08946],[-96.043403,41.08946],[-96.043403,41.08946],[-96.043403,41.08946],[-96.043403,41.08946],[-96.043403,41.08946],[-96.043403,41.08946],[-96.043403,41.08946],[-96.043403,41.08946],[-96.043403,41.08946],[-96.043403,41.08946],[-96.043403,41.08946],[-96.043403,41.08946],[-96.043403,41.08946],[-96.043403,41.08946],[-96.043403,41.08946],[-96.043403,41.08946],[-96.043403,41.08946],[-96.043403,41.08946],[-96.043403,41.08946],[-96.043403,41.08946],[-96.043403,41.08946]],[[-96.043404,41.08946],[-96.043404,41.08946],[-96.043404,41.08946]],[[-96.043403,41.08946],[-96.043403,41.08946],[-96.043403,41.08946],[-96.043403,41.08946]],[[-96.043403,41.08946],[-96.043403,41.08946],[-96.043403,41.08946],[-96.043403,41.08946],[-96.043403,41.08946],[-96.043403,41.08946],[-96.043403,41.08946],[-96.043403,41.08946],[-96.043403,41.08946],[-96.043403,41.08946],[-96.043403,41.08946],[-96.043403,41.08946],[-96.043403,41.08946],[-96.043403,41.08946],[-96.043403,41.08946],[-96.043403,41.08946],[-96.043403,41.08946],[-96.043403,41.08946],[-96.043403,41.08946],[-96.043403,41.08946],[-96.043403,41.08946],[-96.043403,41.08946],[-96.043403,41.08946],[-96.043403,41.08946],[-96.043403,41.08946],[-96.043403,41.08946],[-96.043403,41.08946],[-96.043403,41.08946],[-96.043403,41.08946],[-96.043403,41.08946],[-96.043403,41.08946],[-96.043403,41.08946],[-96.043403,41.08946],[-96.043403,41.08946],[-96.043403,41.08946],[-96.043403,41.08946],[-96.043403,41.08946],[-96.043403,41.08946],[-96.043403,41.08946],[-96.043403,41.08946],[-96.043403,41.08946],[-96.043403,41.08946],[-96.043403,41.08946],[-96.043403,41.08946],[-96.043403,41.08946],[-96.043403,41.08946],[-96.043403,41.08946],[-96.043403,41.08946],[-96.043403,41.08946],[-96.043403,41.08946],[-96.043403,41.08946],[-96.043403,41.08946],[-96.043403,41.08946],[-96.043403,41.08946],[-96.043403,41.08946],[-96.043403,41.08946],[-96.043403,41.08946],[-96.043403,41.08946],[-96.043403,41.08946],[-96.043403,41.08946],[-96.043403,41.08946],[-96.043403,41.08946],[-96.043403,41.08946],[-96.043403,41.08946],[-96.043403,41.08946],[-96.043403,41.08946],[-96.043403,41.08946],[-96.043403,41.08946],[-96.043403,41.08946],[-96.043403,41.08946],[-96.043403,41.08946],[-96.043403,41.08946]],[[-96.043404,41.08946],[-96.043404,41.08946],[-96.043404,41.08946]],[[-96.043404,41.08946],[-96.043404,41.08946],[-96.043404,41.08946]],[[-96.0434,41.08946],[-96.0434,41.08946],[-96.0434,41.08946]],[[-96.043398,41.08946],[-96.043398,41.08946]],[[-96.043398,41.089461],[-96.043398,41.089461]],[[-96.043398,41.08946],[-96.043398,41.08946],[-96.043398,41.08946],[-96.043398,41.08946],[-96.043398,41.08946],[-96.043398,41.08946],[-96.043398,41.08946],[-96.043398,41.08946],[-96.043398,41.08946],[-96.043398,41.08946],[-96.043398,41.08946],[-96.043398,41.08946],[-96.043398,41.08946],[-96.043398,41.08946],[-96.043398,41.08946],[-96.043398,41.08946],[-96.043398,41.08946],[-96.043398,41.08946],[-96.043398,41.08946],[-96.043398,41.08946],[-96.043398,41.08946],[-96.043398,41.08946],[-96.043398,41.08946],[-96.043398,41.08946],[-96.043398,41.08946],[-96.043398,41.08946],[-96.043398,41.08946],[-96.043398,41.08946],[-96.043398,41.08946],[-96.043398,41.08946],[-96.043398,41.08946],[-96.043398,41.08946],[-96.043398,41.08946],[-96.043398,41.08946],[-96.043398,41.08946],[-96.043398,41.08946],[-96.043398,41.08946],[-96.043398,41.08946],[-96.043398,41.08946],[-96.043398,41.08946],[-96.043398,41.08946],[-96.043398,41.08946],[-96.043398,41.08946],[-96.043398,41.08946],[-96.043398,41.08946],[-96.043398,41.08946],[-96.043398,41.08946],[-96.043398,41.08946],[-96.043398,41.08946],[-96.043398,41.08946],[-96.043398,41.08946],[-96.043398,41.08946],[-96.043398,41.08946],[-96.043398,41.08946],[-96.043398,41.08946],[-96.043398,41.08946],[-96.043398,41.08946],[-96.043398,41.08946],[-96.043398,41.08946],[-96.043398,41.08946],[-96.043398,41.08946],[-96.043398,41.08946],[-96.043398,41.08946],[-96.043398,41.08946]],[[-96.043398,41.08946],[-96.043398,41.08946],[-96.043398,41.08946],[-96.043398,41.08946],[-96.043398,41.08946],[-96.043398,41.08946],[-96.043398,41.08946],[-96.043398,41.08946],[-96.043398,41.08946],[-96.043398,41.08946],[-96.043398,41.08946],[-96.043398,41.08946],[-96.043398,41.08946],[-96.043398,41.08946],[-96.043398,41.08946],[-96.043398,41.08946],[-96.043398,41.08946],[-96.043398,41.08946],[-96.043398,41.08946],[-96.043398,41.08946],[-96.043398,41.08946],[-96.043398,41.08946],[-96.043398,41.08946],[-96.043398,41.08946],[-96.043398,41.08946],[-96.043398,41.08946],[-96.043398,41.08946],[-96.043398,41.08946],[-96.043398,41.08946],[-96.043398,41.08946],[-96.043398,41.08946],[-96.043398,41.08946],[-96.043398,41.08946],[-96.043398,41.08946],[-96.043398,41.08946],[-96.043398,41.08946],[-96.043398,41.08946],[-96.043398,41.08946],[-96.043398,41.08946],[-96.043398,41.08946],[-96.043398,41.08946],[-96.043398,41.08946],[-96.043398,41.08946],[-96.043398,41.08946],[-96.043398,41.08946],[-96.043398,41.08946],[-96.043398,41.08946],[-96.043398,41.08946],[-96.043398,41.08946],[-96.043398,41.08946],[-96.043398,41.08946],[-96.043398,41.08946],[-96.043398,41.08946],[-96.043398,41.08946],[-96.043398,41.08946],[-96.043398,41.08946],[-96.043398,41.08946],[-96.043398,41.08946],[-96.043398,41.08946],[-96.043398,41.08946],[-96.043398,41.08946],[-96.043398,41.08946],[-96.043398,41.08946],[-96.043398,41.08946],[-96.043398,41.08946],[-96.043398,41.08946],[-96.043398,41.08946],[-96.043398,41.08946],[-96.043398,41.08946],[-96.043398,41.08946],[-96.043398,41.08946],[-96.043398,41.08946]],[[-96.043398,41.08946],[-96.043398,41.08946],[-96.043398,41.08946],[-96.043398,41.08946]],[[-96.043397,41.08946],[-96.043397,41.08946],[-96.043397,41.08946]],[[-96.043398,41.08946],[-96.043398,41.08946],[-96.043398,41.08946],[-96.043398,41.08946],[-96.043398,41.08946],[-96.043398,41.08946],[-96.043398,41.08946],[-96.043398,41.08946],[-96.043398,41.08946],[-96.043398,41.08946],[-96.043398,41.08946],[-96.043398,41.08946],[-96.043398,41.08946],[-96.043398,41.08946],[-96.043398,41.08946],[-96.043398,41.08946],[-96.043398,41.08946],[-96.043398,41.08946],[-96.043398,41.08946],[-96.043398,41.08946],[-96.043398,41.08946],[-96.043398,41.08946],[-96.043398,41.08946],[-96.043398,41.08946],[-96.043398,41.08946],[-96.043398,41.08946],[-96.043398,41.08946],[-96.043398,41.08946],[-96.043398,41.08946],[-96.043398,41.08946],[-96.043398,41.08946],[-96.043398,41.08946],[-96.043398,41.08946],[-96.043398,41.08946],[-96.043398,41.08946],[-96.043398,41.08946],[-96.043398,41.08946],[-96.043398,41.08946],[-96.043398,41.08946],[-96.043398,41.08946],[-96.043398,41.08946],[-96.043398,41.08946],[-96.043398,41.08946],[-96.043398,41.08946],[-96.043398,41.08946],[-96.043398,41.08946],[-96.043398,41.08946],[-96.043398,41.08946],[-96.043398,41.08946],[-96.043398,41.08946],[-96.043398,41.08946],[-96.043398,41.08946],[-96.043398,41.08946],[-96.043398,41.08946],[-96.043398,41.08946],[-96.043398,41.08946],[-96.043398,41.08946],[-96.043398,41.08946],[-96.043398,41.08946],[-96.043398,41.08946],[-96.043398,41.08946],[-96.043398,41.08946],[-96.043398,41.08946],[-96.043398,41.08946],[-96.043398,41.08946],[-96.043398,41.08946],[-96.043398,41.08946],[-96.043398,41.08946],[-96.043398,41.08946],[-96.043398,41.08946],[-96.043398,41.08946],[-96.043398,41.08946]],[[-96.043397,41.08946],[-96.043397,41.08946],[-96.043397,41.08946]],[[-96.043397,41.08946],[-96.043397,41.08946],[-96.043397,41.08946]],[[-96.043403,41.08946],[-96.043403,41.08946]],[[-96.043398,41.08946],[-96.043398,41.08946]],[[-96.043404,41.089459],[-96.043404,41.089458]],[[-96.043404,41.089459],[-96.043404,41.089459],[-96.043404,41.089459],[-96.043404,41.089459],[-96.043404,41.089459],[-96.043404,41.089459],[-96.043404,41.089459],[-96.043404,41.089459],[-96.043404,41.089459],[-96.043404,41.089459],[-96.043404,41.089459],[-96.043404,41.089459],[-96.043404,41.089459],[-96.043404,41.089459],[-96.043404,41.089459],[-96.043404,41.089459],[-96.043404,41.089459],[-96.043404,41.089459],[-96.043404,41.089459],[-96.043404,41.08946]],[[-96.043403,41.08946],[-96.043403,41.08946]],[[-96.043404,41.08946],[-96.043404,41.08946]],[[-96.043403,41.08946],[-96.043403,41.08946],[-96.043403,41.08946],[-96.043403,41.08946],[-96.043403,41.08946],[-96.043403,41.08946],[-96.043403,41.08946],[-96.043403,41.08946],[-96.043403,41.08946],[-96.043403,41.08946],[-96.043403,41.08946],[-96.043403,41.08946],[-96.043403,41.08946],[-96.043403,41.08946],[-96.043403,41.08946],[-96.043403,41.08946],[-96.043403,41.08946],[-96.043403,41.08946],[-96.043403,41.08946],[-96.043403,41.08946],[-96.043403,41.08946],[-96.043403,41.08946],[-96.043403,41.08946],[-96.043403,41.08946],[-96.043403,41.089459],[-96.043403,41.089459],[-96.043403,41.089459],[-96.043403,41.089459]],[[-96.043403,41.089458],[-96.043403,41.089459]],[[-96.043404,41.08946],[-96.043404,41.08946]],[[-96.043403,41.08946],[-96.043403,41.08946]],[[-96.043403,41.08946],[-96.043403,41.08946],[-96.043403,41.08946],[-96.043403,41.08946],[-96.043403,41.08946],[-96.043403,41.08946],[-96.043403,41.08946]],[[-96.043403,41.08946],[-96.043403,41.08946],[-96.043403,41.08946],[-96.043403,41.08946]],[[-96.043404,41.08946],[-96.043404,41.08946],[-96.043404,41.08946],[-96.043404,41.08946],[-96.043404,41.08946],[-96.043404,41.08946],[-96.043404,41.08946],[-96.043404,41.08946]],[[-96.043404,41.08946],[-96.043404,41.08946]],[[-96.043404,41.08946],[-96.043404,41.08946],[-96.043404,41.08946],[-96.043404,41.08946],[-96.043404,41.08946],[-96.043404,41.08946],[-96.043404,41.08946]],[[-96.043403,41.08946],[-96.043403,41.08946]],[[-96.043397,41.089458],[-96.043397,41.089459]],[[-96.043397,41.08946],[-96.043397,41.089459],[-96.043397,41.089459],[-96.043397,41.089459],[-96.043397,41.089459],[-96.043397,41.089459],[-96.043397,41.089459],[-96.043397,41.089459],[-96.043397,41.089459],[-96.043397,41.089459],[-96.043397,41.089459],[-96.043397,41.089459],[-96.043397,41.089459],[-96.043397,41.089459],[-96.043397,41.089459],[-96.043397,41.089459],[-96.043397,41.089459],[-96.043397,41.089459],[-96.043397,41.089459],[-96.043397,41.089459]],[[-96.043397,41.08946],[-96.043397,41.08946]],[[-96.043398,41.08946],[-96.043398,41.08946]],[[-96.043398,41.089459],[-96.043398,41.089459],[-96.043398,41.089459],[-96.043398,41.089459],[-96.043398,41.08946],[-96.043398,41.08946],[-96.043398,41.08946],[-96.043398,41.08946],[-96.043398,41.08946],[-96.043398,41.08946],[-96.043398,41.08946],[-96.043398,41.08946],[-96.043398,41.08946],[-96.043398,41.08946],[-96.043398,41.08946],[-96.043398,41.08946],[-96.043398,41.08946],[-96.043398,41.08946],[-96.043398,41.08946],[-96.043398,41.08946],[-96.043398,41.08946],[-96.043398,41.08946],[-96.043398,41.08946],[-96.043398,41.08946],[-96.043398,41.08946],[-96.043398,41.08946],[-96.043398,41.08946],[-96.043398,41.08946]],[[-96.043398,41.089459],[-96.043398,41.089458]],[[-96.043398,41.08946],[-96.043398,41.08946]],[[-96.043397,41.08946],[-96.043397,41.08946]],[[-96.043398,41.08946],[-96.043398,41.08946],[-96.043398,41.08946],[-96.043398,41.08946],[-96.043398,41.08946],[-96.043398,41.08946],[-96.043398,41.08946]],[[-96.043397,41.08946],[-96.043397,41.08946],[-96.043397,41.08946],[-96.043397,41.08946],[-96.043397,41.08946],[-96.043397,41.08946],[-96.043397,41.08946],[-96.043397,41.08946]],[[-96.043398,41.08946],[-96.043398,41.08946],[-96.043398,41.08946]],[[-96.043397,41.08946],[-96.043397,41.08946],[-96.043397,41.08946],[-96.043397,41.08946],[-96.043397,41.08946],[-96.043397,41.08946],[-96.043397,41.08946]],[[-96.043397,41.08946],[-96.043397,41.08946]]]}}]}