{
  "target_lat": 40.5916385991746,
  "rotation_deg_cw": -9.5,
  "anchor_feet": [
    -9.701477026041353,
    0.24999999999990052
  ],
  "units": "feet",
  "scale_deg_per_foot": 1.4640403256141272e-06,
  "target_lon": -98.37342284571014
}
