{"type":"FeatureCollection","name":"633004_SarpyMP Springfield Maintenance Facility_R26 - LEVEL 1","features":[{"type":"Feature","properties":{"type":"drawing","level":"LEVEL 1","Layer":"A-WALL","source":"LEVEL_1.dxf","SubClasses":"AcDbEntity:AcDbLine","EntityHandle":"8D","interactive":false},"geometry":{"type":"MultiLineString","coordinates":[[[-96.256386,41.109348],[-96.256339,41.109348]]]}},{"type":"Feature","properties":{"type":"drawing","level":"LEVEL 1","Layer":"A-WALL","source":"LEVEL_1.dxf","SubClasses":"AcDbEntity:AcDbLine","EntityHandle":"8E","interactive":false},"geometry":{"type":"MultiLineString","coordinates":[[[-96.256336,41.109348],[-96.256316,41.109348]]]}},{"type":"Feature","properties":{"type":"drawing","level":"LEVEL 1","Layer":"A-WALL","source":"LEVEL_1.dxf","SubClasses":"AcDbEntity:AcDbLine","EntityHandle":"8F","interactive":false},"geometry":{"type":"MultiLineString","coordinates":[[[-96.256314,41.109348],[-96.256291,41.109348]]]}},{"type":"Feature","properties":{"type":"drawing","level":"LEVEL 1","Layer":"A-WALL","source":"LEVEL_1.dxf","SubClasses":"AcDbEntity:AcDbLine","EntityHandle":"90","interactive":false},"geometry":{"type":"MultiLineString","coordinates":[[[-96.256289,41.109348],[-96.256289,41.109348]]]}},{"type":"Feature","properties":{"type":"drawing","level":"LEVEL 1","Layer":"A-WALL","source":"LEVEL_1.dxf","SubClasses":"AcDbEntity:AcDbLine","EntityHandle":"91","interactive":false},"geometry":{"type":"MultiLineString","coordinates":[[[-96.256289,41.109348],[-96.256289,41.109349]]]}},{"type":"Feature","properties":{"type":"drawing","level":"LEVEL 1","Layer":"A-WALL","source":"LEVEL_1.dxf","SubClasses":"AcDbEntity:AcDbLine","EntityHandle":"92","interactive":false},"geometry":{"type":"MultiLineString","coordinates":[[[-96.256289,41.109349],[-96.256289,41.109349]]]}},{"type":"Feature","properties":{"type":"drawing","level":"LEVEL 1","Layer":"A-WALL","source":"LEVEL_1.dxf","SubClasses":"AcDbEntity:AcDbLine","EntityHandle":"93","interactive":false},"geometry":{"type":"MultiLineString","coordinates":[[[-96.256291,41.109349],[-96.256306,41.109349]]]}},{"type":"Feature","properties":{"type":"drawing","level":"LEVEL 1","Layer":"A-WALL","source":"LEVEL_1.dxf","SubClasses":"AcDbEntity:AcDbLine","EntityHandle":"94","interactive":false},"geometry":{"type":"MultiLineString","coordinates":[[[-96.256308,41.109349],[-96.256379,41.109349]]]}},{"type":"Feature","properties":{"type":"drawing","level":"LEVEL 1","Layer":"A-WALL","source":"LEVEL_1.dxf","SubClasses":"AcDbEntity:AcDbLine","EntityHandle":"95","interactive":false},"geometry":{"type":"MultiLineString","coordinates":[[[-96.256381,41.109349],[-96.256386,41.109349]]]}},{"type":"Feature","properties":{"type":"drawing","level":"LEVEL 1","Layer":"A-WALL","source":"LEVEL_1.dxf","SubClasses":"AcDbEntity:AcDbLine","EntityHandle":"97","interactive":false},"geometry":{"type":"MultiLineString","coordinates":[[[-96.255926,41.109348],[-96.255926,41.10936]]]}},{"type":"Feature","properties":{"type":"drawing","level":"LEVEL 1","Layer":"A-WALL","source":"LEVEL_1.dxf","SubClasses":"AcDbEntity:AcDbLine","EntityHandle":"98","interactive":false},"geometry":{"type":"MultiLineString","coordinates":[[[-96.255926,41.10936],[-96.255928,41.10936]]]}},{"type":"Feature","properties":{"type":"drawing","level":"LEVEL 1","Layer":"A-WALL","source":"LEVEL_1.dxf","SubClasses":"AcDbEntity:AcDbLine","EntityHandle":"99","interactive":false},"geometry":{"type":"MultiLineString","coordinates":[[[-96.255928,41.10936],[-96.255928,41.109349]]]}},{"type":"Feature","properties":{"type":"drawing","level":"LEVEL 1","Layer":"A-WALL","source":"LEVEL_1.dxf","SubClasses":"AcDbEntity:AcDbLine","EntityHandle":"9A","interactive":false},"geometry":{"type":"MultiLineString","coordinates":[[[-96.255926,41.109404],[-96.255926,41.109429]]]}},{"type":"Feature","properties":{"type":"drawing","level":"LEVEL 1","Layer":"A-WALL","source":"LEVEL_1.dxf","SubClasses":"AcDbEntity:AcDbLine","EntityHandle":"9B","interactive":false},"geometry":{"type":"MultiLineString","coordinates":[[[-96.255926,41.109429],[-96.255928,41.109429]]]}},{"type":"Feature","properties":{"type":"drawing","level":"LEVEL 1","Layer":"A-WALL","source":"LEVEL_1.dxf","SubClasses":"AcDbEntity:AcDbLine","EntityHandle":"9C","interactive":false},"geometry":{"type":"MultiLineString","coordinates":[[[-96.255928,41.109429],[-96.255928,41.109404]]]}},{"type":"Feature","properties":{"type":"drawing","level":"LEVEL 1","Layer":"A-WALL","source":"LEVEL_1.dxf","SubClasses":"AcDbEntity:AcDbLine","EntityHandle":"9D","interactive":false},"geometry":{"type":"MultiLineString","coordinates":[[[-96.255928,41.109404],[-96.255926,41.109404]]]}},{"type":"Feature","properties":{"type":"drawing","level":"LEVEL 1","Layer":"A-WALL","source":"LEVEL_1.dxf","SubClasses":"AcDbEntity:AcDbLine","EntityHandle":"9E","interactive":false},"geometry":{"type":"MultiLineString","coordinates":[[[-96.255926,41.109473],[-96.255926,41.109492]]]}},{"type":"Feature","properties":{"type":"drawing","level":"LEVEL 1","Layer":"A-WALL","source":"LEVEL_1.dxf","SubClasses":"AcDbEntity:AcDbLine","EntityHandle":"9F","interactive":false},"geometry":{"type":"MultiLineString","coordinates":[[[-96.255926,41.109492],[-96.255928,41.109492]]]}},{"type":"Feature","properties":{"type":"drawing","level":"LEVEL 1","Layer":"A-WALL","source":"LEVEL_1.dxf","SubClasses":"AcDbEntity:AcDbLine","EntityHandle":"A0","interactive":false},"geometry":{"type":"MultiLineString","coordinates":[[[-96.255928,41.109492],[-96.255928,41.109473]]]}},{"type":"Feature","properties":{"type":"drawing","level":"LEVEL 1","Layer":"A-WALL","source":"LEVEL_1.dxf","SubClasses":"AcDbEntity:AcDbLine","EntityHandle":"A1","interactive":false},"geometry":{"type":"MultiLineString","coordinates":[[[-96.255928,41.109473],[-96.255926,41.109473]]]}},{"type":"Feature","properties":{"type":"drawing","level":"LEVEL 1","Layer":"A-WALL","source":"LEVEL_1.dxf","SubClasses":"AcDbEntity:AcDbLine","EntityHandle":"A2","interactive":false},"geometry":{"type":"MultiLineString","coordinates":[[[-96.255926,41.109536],[-96.255926,41.109541]]]}},{"type":"Feature","properties":{"type":"drawing","level":"LEVEL 1","Layer":"A-WALL","source":"LEVEL_1.dxf","SubClasses":"AcDbEntity:AcDbLine","EntityHandle":"A3","interactive":false},"geometry":{"type":"MultiLineString","coordinates":[[[-96.255926,41.109541],[-96.255928,41.109541]]]}},{"type":"Feature","properties":{"type":"drawing","level":"LEVEL 1","Layer":"A-WALL","source":"LEVEL_1.dxf","SubClasses":"AcDbEntity:AcDbLine","EntityHandle":"A4","interactive":false},"geometry":{"type":"MultiLineString","coordinates":[[[-96.255928,41.109541],[-96.255928,41.109536]]]}},{"type":"Feature","properties":{"type":"drawing","level":"LEVEL 1","Layer":"A-WALL","source":"LEVEL_1.dxf","SubClasses":"AcDbEntity:AcDbLine","EntityHandle":"A5","interactive":false},"geometry":{"type":"MultiLineString","coordinates":[[[-96.255928,41.109536],[-96.255926,41.109536]]]}},{"type":"Feature","properties":{"type":"drawing","level":"LEVEL 1","Layer":"A-WALL","source":"LEVEL_1.dxf","SubClasses":"AcDbEntity:AcDbLine","EntityHandle":"A6","interactive":false},"geometry":{"type":"MultiLineString","coordinates":[[[-96.255926,41.10955],[-96.255926,41.109566]]]}},{"type":"Feature","properties":{"type":"drawing","level":"LEVEL 1","Layer":"A-WALL","source":"LEVEL_1.dxf","SubClasses":"AcDbEntity:AcDbLine","EntityHandle":"A7","interactive":false},"geometry":{"type":"MultiLineString","coordinates":[[[-96.255926,41.109566],[-96.255928,41.109566]]]}},{"type":"Feature","properties":{"type":"drawing","level":"LEVEL 1","Layer":"A-WALL","source":"LEVEL_1.dxf","SubClasses":"AcDbEntity:AcDbLine","EntityHandle":"A8","interactive":false},"geometry":{"type":"MultiLineString","coordinates":[[[-96.255928,41.109566],[-96.255928,41.10955]]]}},{"type":"Feature","properties":{"type":"drawing","level":"LEVEL 1","Layer":"A-WALL","source":"LEVEL_1.dxf","SubClasses":"AcDbEntity:AcDbLine","EntityHandle":"A9","interactive":false},"geometry":{"type":"MultiLineString","coordinates":[[[-96.255928,41.10955],[-96.255926,41.10955]]]}},{"type":"Feature","properties":{"type":"drawing","level":"LEVEL 1","Layer":"A-WALL","source":"LEVEL_1.dxf","SubClasses":"AcDbEntity:AcDbLine","EntityHandle":"AA","interactive":false},"geometry":{"type":"MultiLineString","coordinates":[[[-96.255926,41.10961],[-96.255926,41.109635]]]}},{"type":"Feature","properties":{"type":"drawing","level":"LEVEL 1","Layer":"A-WALL","source":"LEVEL_1.dxf","SubClasses":"AcDbEntity:AcDbLine","EntityHandle":"AB","interactive":false},"geometry":{"type":"MultiLineString","coordinates":[[[-96.255926,41.109635],[-96.255928,41.109635]]]}},{"type":"Feature","properties":{"type":"drawing","level":"LEVEL 1","Layer":"A-WALL","source":"LEVEL_1.dxf","SubClasses":"AcDbEntity:AcDbLine","EntityHandle":"AC","interactive":false},"geometry":{"type":"MultiLineString","coordinates":[[[-96.255928,41.109635],[-96.255928,41.109625]]]}},{"type":"Feature","properties":{"type":"drawing","level":"LEVEL 1","Layer":"A-WALL","source":"LEVEL_1.dxf","SubClasses":"AcDbEntity:AcDbLine","EntityHandle":"AD","interactive":false},"geometry":{"type":"MultiLineString","coordinates":[[[-96.255928,41.109623],[-96.255928,41.10961]]]}},{"type":"Feature","properties":{"type":"drawing","level":"LEVEL 1","Layer":"A-WALL","source":"LEVEL_1.dxf","SubClasses":"AcDbEntity:AcDbLine","EntityHandle":"AE","interactive":false},"geometry":{"type":"MultiLineString","coordinates":[[[-96.255928,41.10961],[-96.255926,41.10961]]]}},{"type":"Feature","properties":{"type":"drawing","level":"LEVEL 1","Layer":"A-WALL","source":"LEVEL_1.dxf","SubClasses":"AcDbEntity:AcDbLine","EntityHandle":"AF","interactive":false},"geometry":{"type":"MultiLineString","coordinates":[[[-96.255926,41.109679],[-96.255926,41.109691]]]}},{"type":"Feature","properties":{"type":"drawing","level":"LEVEL 1","Layer":"A-WALL","source":"LEVEL_1.dxf","SubClasses":"AcDbEntity:AcDbLine","EntityHandle":"B1","interactive":false},"geometry":{"type":"MultiLineString","coordinates":[[[-96.255928,41.109689],[-96.255928,41.109679]]]}},{"type":"Feature","properties":{"type":"drawing","level":"LEVEL 1","Layer":"A-WALL","source":"LEVEL_1.dxf","SubClasses":"AcDbEntity:AcDbLine","EntityHandle":"B2","interactive":false},"geometry":{"type":"MultiLineString","coordinates":[[[-96.255928,41.109679],[-96.255926,41.109679]]]}},{"type":"Feature","properties":{"type":"drawing","level":"LEVEL 1","Layer":"A-WALL","source":"LEVEL_1.dxf","SubClasses":"AcDbEntity:AcDbLine","EntityHandle":"B3","interactive":false},"geometry":{"type":"MultiLineString","coordinates":[[[-96.255926,41.109691],[-96.25594,41.109691]]]}},{"type":"Feature","properties":{"type":"drawing","level":"LEVEL 1","Layer":"A-WALL","source":"LEVEL_1.dxf","SubClasses":"AcDbEntity:AcDbLine","EntityHandle":"B4","interactive":false},"geometry":{"type":"MultiLineString","coordinates":[[[-96.25594,41.109691],[-96.25594,41.109689]]]}},{"type":"Feature","properties":{"type":"drawing","level":"LEVEL 1","Layer":"A-WALL","source":"LEVEL_1.dxf","SubClasses":"AcDbEntity:AcDbLine","EntityHandle":"B5","interactive":false},"geometry":{"type":"MultiLineString","coordinates":[[[-96.25594,41.109689],[-96.255928,41.109689]]]}},{"type":"Feature","properties":{"type":"drawing","level":"LEVEL 1","Layer":"A-WALL","source":"LEVEL_1.dxf","SubClasses":"AcDbEntity:AcDbLine","EntityHandle":"B6","interactive":false},"geometry":{"type":"MultiLineString","coordinates":[[[-96.255952,41.109691],[-96.256389,41.109691]]]}},{"type":"Feature","properties":{"type":"drawing","level":"LEVEL 1","Layer":"A-WALL","source":"LEVEL_1.dxf","SubClasses":"AcDbEntity:AcDbLine","EntityHandle":"B8","interactive":false},"geometry":{"type":"MultiLineString","coordinates":[[[-96.256386,41.109689],[-96.255952,41.109689]]]}},{"type":"Feature","properties":{"type":"drawing","level":"LEVEL 1","Layer":"A-WALL","source":"LEVEL_1.dxf","SubClasses":"AcDbEntity:AcDbLine","EntityHandle":"B9","interactive":false},"geometry":{"type":"MultiLineString","coordinates":[[[-96.255952,41.109689],[-96.255952,41.109691]]]}},{"type":"Feature","properties":{"type":"drawing","level":"LEVEL 1","Layer":"A-WALL","source":"LEVEL_1.dxf","SubClasses":"AcDbEntity:AcDbLine","EntityHandle":"BA","interactive":false},"geometry":{"type":"MultiLineString","coordinates":[[[-96.256389,41.109691],[-96.256389,41.109679]]]}},{"type":"Feature","properties":{"type":"drawing","level":"LEVEL 1","Layer":"A-WALL","source":"LEVEL_1.dxf","SubClasses":"AcDbEntity:AcDbLine","EntityHandle":"BB","interactive":false},"geometry":{"type":"MultiLineString","coordinates":[[[-96.256389,41.109679],[-96.256386,41.109679]]]}},{"type":"Feature","properties":{"type":"drawing","level":"LEVEL 1","Layer":"A-WALL","source":"LEVEL_1.dxf","SubClasses":"AcDbEntity:AcDbLine","EntityHandle":"BC","interactive":false},"geometry":{"type":"MultiLineString","coordinates":[[[-96.256386,41.109679],[-96.256386,41.109689]]]}},{"type":"Feature","properties":{"type":"drawing","level":"LEVEL 1","Layer":"A-WALL","source":"LEVEL_1.dxf","SubClasses":"AcDbEntity:AcDbLine","EntityHandle":"BD","interactive":false},"geometry":{"type":"MultiLineString","coordinates":[[[-96.256389,41.109635],[-96.256389,41.10961]]]}},{"type":"Feature","properties":{"type":"drawing","level":"LEVEL 1","Layer":"A-WALL","source":"LEVEL_1.dxf","SubClasses":"AcDbEntity:AcDbLine","EntityHandle":"BE","interactive":false},"geometry":{"type":"MultiLineString","coordinates":[[[-96.256389,41.10961],[-96.256386,41.10961]]]}},{"type":"Feature","properties":{"type":"drawing","level":"LEVEL 1","Layer":"A-WALL","source":"LEVEL_1.dxf","SubClasses":"AcDbEntity:AcDbLine","EntityHandle":"BF","interactive":false},"geometry":{"type":"MultiLineString","coordinates":[[[-96.256386,41.10961],[-96.256386,41.109623]]]}},{"type":"Feature","properties":{"type":"drawing","level":"LEVEL 1","Layer":"A-WALL","source":"LEVEL_1.dxf","SubClasses":"AcDbEntity:AcDbLine","EntityHandle":"C0","interactive":false},"geometry":{"type":"MultiLineString","coordinates":[[[-96.256386,41.109625],[-96.256386,41.109635]]]}},{"type":"Feature","properties":{"type":"drawing","level":"LEVEL 1","Layer":"A-WALL","source":"LEVEL_1.dxf","SubClasses":"AcDbEntity:AcDbLine","EntityHandle":"C1","interactive":false},"geometry":{"type":"MultiLineString","coordinates":[[[-96.256386,41.109635],[-96.256389,41.109635]]]}},{"type":"Feature","properties":{"type":"drawing","level":"LEVEL 1","Layer":"A-WALL","source":"LEVEL_1.dxf","SubClasses":"AcDbEntity:AcDbLine","EntityHandle":"C2","interactive":false},"geometry":{"type":"MultiLineString","coordinates":[[[-96.256389,41.109566],[-96.256389,41.10944]]]}},{"type":"Feature","properties":{"type":"drawing","level":"LEVEL 1","Layer":"A-WALL","source":"LEVEL_1.dxf","SubClasses":"AcDbEntity:AcDbLine","EntityHandle":"C3","interactive":false},"geometry":{"type":"MultiLineString","coordinates":[[[-96.256389,41.10944],[-96.256386,41.10944]]]}},{"type":"Feature","properties":{"type":"drawing","level":"LEVEL 1","Layer":"A-WALL","source":"LEVEL_1.dxf","SubClasses":"AcDbEntity:AcDbLine","EntityHandle":"C4","interactive":false},"geometry":{"type":"MultiLineString","coordinates":[[[-96.256386,41.10944],[-96.256386,41.109566]]]}},{"type":"Feature","properties":{"type":"drawing","level":"LEVEL 1","Layer":"A-WALL","source":"LEVEL_1.dxf","SubClasses":"AcDbEntity:AcDbLine","EntityHandle":"C5","interactive":false},"geometry":{"type":"MultiLineString","coordinates":[[[-96.256386,41.109566],[-96.256389,41.109566]]]}},{"type":"Feature","properties":{"type":"drawing","level":"LEVEL 1","Layer":"A-WALL","source":"LEVEL_1.dxf","SubClasses":"AcDbEntity:AcDbLine","EntityHandle":"C6","interactive":false},"geometry":{"type":"MultiLineString","coordinates":[[[-96.256389,41.109431],[-96.256389,41.10933]]]}},{"type":"Feature","properties":{"type":"drawing","level":"LEVEL 1","Layer":"A-WALL","source":"LEVEL_1.dxf","SubClasses":"AcDbEntity:AcDbLine","EntityHandle":"C7","interactive":false},"geometry":{"type":"MultiLineString","coordinates":[[[-96.256386,41.109349],[-96.256386,41.109352]]]}},{"type":"Feature","properties":{"type":"drawing","level":"LEVEL 1","Layer":"A-WALL","source":"LEVEL_1.dxf","SubClasses":"AcDbEntity:AcDbLine","EntityHandle":"C8","interactive":false},"geometry":{"type":"MultiLineString","coordinates":[[[-96.256386,41.109353],[-96.256386,41.109375]]]}},{"type":"Feature","properties":{"type":"drawing","level":"LEVEL 1","Layer":"A-WALL","source":"LEVEL_1.dxf","SubClasses":"AcDbEntity:AcDbLine","EntityHandle":"C9","interactive":false},"geometry":{"type":"MultiLineString","coordinates":[[[-96.256386,41.109377],[-96.256386,41.109414]]]}},{"type":"Feature","properties":{"type":"drawing","level":"LEVEL 1","Layer":"A-WALL","source":"LEVEL_1.dxf","SubClasses":"AcDbEntity:AcDbLine","EntityHandle":"CA","interactive":false},"geometry":{"type":"MultiLineString","coordinates":[[[-96.256386,41.109415],[-96.256386,41.109423]]]}},{"type":"Feature","properties":{"type":"drawing","level":"LEVEL 1","Layer":"A-WALL","source":"LEVEL_1.dxf","SubClasses":"AcDbEntity:AcDbLine","EntityHandle":"CB","interactive":false},"geometry":{"type":"MultiLineString","coordinates":[[[-96.256386,41.109425],[-96.256386,41.109431]]]}},{"type":"Feature","properties":{"type":"drawing","level":"LEVEL 1","Layer":"A-WALL","source":"LEVEL_1.dxf","SubClasses":"AcDbEntity:AcDbLine","EntityHandle":"CC","interactive":false},"geometry":{"type":"MultiLineString","coordinates":[[[-96.256386,41.109431],[-96.256389,41.109431]]]}},{"type":"Feature","properties":{"type":"drawing","level":"LEVEL 1","Layer":"A-DOOR","source":"LEVEL_1.dxf","SubClasses":"AcDbEntity:AcDbBlockReference","EntityHandle":"111","interactive":false},"geometry":{"type":"MultiLineString","coordinates":[[[-96.255923,41.109678],[-96.255923,41.109635]],[[-96.255928,41.109635],[-96.255929,41.109635]],[[-96.255929,41.109635],[-96.255929,41.109679]],[[-96.255929,41.109679],[-96.255928,41.109679]],[[-96.255928,41.109679],[-96.255928,41.109635]],[[-96.255987,41.109635],[-96.255928,41.109635]],[[-96.255987,41.109679],[-96.255987,41.109635]],[[-96.255928,41.109679],[-96.255987,41.109679]],[[-96.255922,41.109635],[-96.255922,41.109635],[-96.255921,41.109635],[-96.255921,41.109635],[-96.255921,41.109635],[-96.255921,41.109635],[-96.255921,41.109635]],[[-96.255922,41.109634],[-96.255922,41.109635],[-96.255922,41.109635],[-96.255922,41.109635],[-96.255922,41.109635],[-96.255922,41.109635],[-96.255922,41.109635],[-96.255922,41.109635],[-96.255922,41.109635],[-96.255922,41.109635],[-96.255922,41.109635],[-96.255922,41.109635]],[[-96.255922,41.109634],[-96.255922,41.109634],[-96.255922,41.109634],[-96.255922,41.109634],[-96.255922,41.109634],[-96.255922,41.109634],[-96.255922,41.109634],[-96.255922,41.109634],[-96.255922,41.109634],[-96.255922,41.109634],[-96.255922,41.109634],[-96.255922,41.109634]],[[-96.255922,41.109634],[-96.255922,41.109634],[-96.255922,41.109634],[-96.255922,41.109634],[-96.255922,41.109634],[-96.255922,41.109634],[-96.255922,41.109634],[-96.255922,41.109634],[-96.255922,41.109634],[-96.255922,41.109634],[-96.255922,41.109634],[-96.255922,41.109634]],[[-96.255921,41.109634],[-96.255921,41.109634],[-96.255921,41.109634],[-96.255921,41.109634],[-96.255921,41.109634],[-96.255922,41.109634],[-96.255922,41.109634]],[[-96.255921,41.109634],[-96.255921,41.109634],[-96.255921,41.109634],[-96.255921,41.109634],[-96.255921,41.109634],[-96.255921,41.109634],[-96.255921,41.109634]],[[-96.25592,41.109634],[-96.25592,41.109634],[-96.25592,41.109634],[-96.255921,41.109634],[-96.255921,41.109634],[-96.255921,41.109634],[-96.255921,41.109634],[-96.255921,41.109634],[-96.255921,41.109634],[-96.255921,41.109634],[-96.255921,41.109634],[-96.255921,41.109634]],[[-96.25592,41.109634],[-96.25592,41.109634],[-96.25592,41.109634],[-96.25592,41.109634],[-96.25592,41.109634],[-96.25592,41.109634],[-96.25592,41.109634],[-96.25592,41.109634],[-96.25592,41.109634],[-96.25592,41.109634],[-96.25592,41.109634],[-96.25592,41.109634]],[[-96.255921,41.109635],[-96.255921,41.109635],[-96.255921,41.109635],[-96.255921,41.109635],[-96.255921,41.109635],[-96.255921,41.109635],[-96.255921,41.109635],[-96.255921,41.109635],[-96.255921,41.109635],[-96.25592,41.109635],[-96.25592,41.109635],[-96.25592,41.109634]],[[-96.255921,41.109635],[-96.255921,41.109635],[-96.255921,41.109635],[-96.255921,41.109635],[-96.255921,41.109635],[-96.255921,41.109635],[-96.255921,41.109635]],[[-96.255921,41.109634],[-96.255921,41.109634],[-96.255921,41.109634],[-96.255921,41.109634],[-96.255921,41.109634],[-96.255922,41.109634],[-96.255922,41.109634],[-96.255922,41.109634],[-96.255922,41.109634],[-96.255922,41.109634],[-96.255922,41.109634],[-96.255922,41.109634],[-96.255922,41.109634],[-96.255922,41.109634],[-96.255922,41.109634],[-96.255922,41.109634],[-96.255922,41.109634],[-96.255922,41.109634],[-96.255922,41.109634],[-96.255922,41.109634],[-96.255922,41.109634],[-96.255922,41.109634],[-96.255922,41.109634],[-96.255922,41.109634],[-96.255922,41.109634],[-96.255922,41.109634],[-96.255922,41.109634],[-96.255922,41.109634],[-96.255922,41.109634],[-96.255922,41.109634],[-96.255922,41.109635],[-96.255922,41.109635],[-96.255922,41.109635],[-96.255922,41.109635],[-96.255922,41.109635],[-96.255922,41.109635],[-96.255922,41.109635],[-96.255922,41.109635],[-96.255922,41.109635],[-96.255922,41.109635],[-96.255922,41.109635],[-96.255921,41.109635],[-96.255921,41.109635],[-96.255921,41.109635],[-96.255921,41.109635],[-96.255921,41.109635]],[[-96.255921,41.109635],[-96.255921,41.109635],[-96.255921,41.109635],[-96.255921,41.109635],[-96.255921,41.109635],[-96.255921,41.109635],[-96.255921,41.109635],[-96.255921,41.109635],[-96.255921,41.109635],[-96.255921,41.109635],[-96.255921,41.109635],[-96.255921,41.109635],[-96.255921,41.109635],[-96.255921,41.109635],[-96.25592,41.109635],[-96.25592,41.109635],[-96.25592,41.109635],[-96.25592,41.109634],[-96.25592,41.109634],[-96.25592,41.109634],[-96.25592,41.109634],[-96.25592,41.109634],[-96.25592,41.109634],[-96.25592,41.109634],[-96.25592,41.109634],[-96.25592,41.109634],[-96.25592,41.109634],[-96.25592,41.109634],[-96.25592,41.109634],[-96.25592,41.109634],[-96.25592,41.109634],[-96.25592,41.109634],[-96.25592,41.109634],[-96.255921,41.109634],[-96.255921,41.109634],[-96.255921,41.109634],[-96.255921,41.109634],[-96.255921,41.109634],[-96.255921,41.109634],[-96.255921,41.109634],[-96.255921,41.109634],[-96.255921,41.109634],[-96.255921,41.109634],[-96.255921,41.109634],[-96.255921,41.109634],[-96.255921,41.109634],[-96.255921,41.109634]],[[-96.255922,41.10968],[-96.255922,41.10968],[-96.255921,41.10968],[-96.255921,41.10968],[-96.255921,41.10968],[-96.255921,41.10968],[-96.255921,41.10968]],[[-96.255922,41.109679],[-96.255922,41.109679],[-96.255922,41.109679],[-96.255922,41.109679],[-96.255922,41.10968],[-96.255922,41.10968],[-96.255922,41.10968],[-96.255922,41.10968],[-96.255922,41.10968],[-96.255922,41.10968],[-96.255922,41.10968],[-96.255922,41.10968]],[[-96.255922,41.109679],[-96.255922,41.109679],[-96.255922,41.109679],[-96.255922,41.109679],[-96.255922,41.109679],[-96.255922,41.109679],[-96.255922,41.109679],[-96.255922,41.109679],[-96.255922,41.109679],[-96.255922,41.109679],[-96.255922,41.109679],[-96.255922,41.109679]],[[-96.255922,41.109678],[-96.255922,41.109678],[-96.255922,41.109678],[-96.255922,41.109679],[-96.255922,41.109679],[-96.255922,41.109679],[-96.255922,41.109679],[-96.255922,41.109679],[-96.255922,41.109679],[-96.255922,41.109679],[-96.255922,41.109679],[-96.255922,41.109679]],[[-96.255921,41.109678],[-96.255921,41.109678],[-96.255921,41.109678],[-96.255921,41.109678],[-96.255921,41.109678],[-96.255922,41.109678],[-96.255922,41.109678]],[[-96.255921,41.109678],[-96.255921,41.109678],[-96.255921,41.109678],[-96.255921,41.109678],[-96.255921,41.109678],[-96.255921,41.109678],[-96.255921,41.109678]],[[-96.25592,41.109679],[-96.25592,41.109679],[-96.25592,41.109679],[-96.255921,41.109679],[-96.255921,41.109679],[-96.255921,41.109679],[-96.255921,41.109679],[-96.255921,41.109679],[-96.255921,41.109679],[-96.255921,41.109678],[-96.255921,41.109678],[-96.255921,41.109678]],[[-96.25592,41.109679],[-96.25592,41.109679],[-96.25592,41.109679],[-96.25592,41.109679],[-96.25592,41.109679],[-96.25592,41.109679],[-96.25592,41.109679],[-96.25592,41.109679],[-96.25592,41.109679],[-96.25592,41.109679],[-96.25592,41.109679],[-96.25592,41.109679]],[[-96.255921,41.10968],[-96.255921,41.10968],[-96.255921,41.10968],[-96.255921,41.10968],[-96.255921,41.10968],[-96.255921,41.10968],[-96.255921,41.10968],[-96.255921,41.10968],[-96.255921,41.109679],[-96.25592,41.109679],[-96.25592,41.109679],[-96.25592,41.109679]],[[-96.255921,41.10968],[-96.255921,41.10968],[-96.255921,41.10968],[-96.255921,41.10968],[-96.255921,41.10968],[-96.255921,41.10968],[-96.255921,41.10968]],[[-96.255921,41.109678],[-96.255921,41.109678],[-96.255921,41.109678],[-96.255921,41.109678],[-96.255921,41.109678],[-96.255922,41.109678],[-96.255922,41.109678],[-96.255922,41.109678],[-96.255922,41.109678],[-96.255922,41.109679],[-96.255922,41.109679],[-96.255922,41.109679],[-96.255922,41.109679],[-96.255922,41.109679],[-96.255922,41.109679],[-96.255922,41.109679],[-96.255922,41.109679],[-96.255922,41.109679],[-96.255922,41.109679],[-96.255922,41.109679],[-96.255922,41.109679],[-96.255922,41.109679],[-96.255922,41.109679],[-96.255922,41.109679],[-96.255922,41.109679],[-96.255922,41.109679],[-96.255922,41.109679],[-96.255922,41.109679],[-96.255922,41.109679],[-96.255922,41.109679],[-96.255922,41.109679],[-96.255922,41.109679],[-96.255922,41.109679],[-96.255922,41.10968],[-96.255922,41.10968],[-96.255922,41.10968],[-96.255922,41.10968],[-96.255922,41.10968],[-96.255922,41.10968],[-96.255922,41.10968],[-96.255922,41.10968],[-96.255921,41.10968],[-96.255921,41.10968],[-96.255921,41.10968],[-96.255921,41.10968],[-96.255921,41.10968]],[[-96.255921,41.10968],[-96.255921,41.10968],[-96.255921,41.10968],[-96.255921,41.10968],[-96.255921,41.10968],[-96.255921,41.10968],[-96.255921,41.10968],[-96.255921,41.10968],[-96.255921,41.10968],[-96.255921,41.10968],[-96.255921,41.10968],[-96.255921,41.10968],[-96.255921,41.10968],[-96.255921,41.10968],[-96.25592,41.109679],[-96.25592,41.109679],[-96.25592,41.109679],[-96.25592,41.109679],[-96.25592,41.109679],[-96.25592,41.109679],[-96.25592,41.109679],[-96.25592,41.109679],[-96.25592,41.109679],[-96.25592,41.109679],[-96.25592,41.109679],[-96.25592,41.109679],[-96.25592,41.109679],[-96.25592,41.109679],[-96.25592,41.109679],[-96.25592,41.109679],[-96.25592,41.109679],[-96.25592,41.109679],[-96.25592,41.109679],[-96.255921,41.109679],[-96.255921,41.109679],[-96.255921,41.109679],[-96.255921,41.109679],[-96.255921,41.109679],[-96.255921,41.109678],[-96.255921,41.109678],[-96.255921,41.109678],[-96.255921,41.109678],[-96.255921,41.109678],[-96.255921,41.109678],[-96.255921,41.109678],[-96.255921,41.109678],[-96.255921,41.109678]],[[-96.255934,41.109635],[-96.255934,41.109635],[-96.255934,41.109635],[-96.255934,41.109635],[-96.255933,41.109635],[-96.255933,41.109635],[-96.255933,41.109635]],[[-96.255934,41.109634],[-96.255934,41.109635],[-96.255934,41.109635],[-96.255934,41.109635],[-96.255934,41.109635],[-96.255934,41.109635],[-96.255934,41.109635],[-96.255934,41.109635],[-96.255934,41.109635],[-96.255934,41.109635],[-96.255934,41.109635],[-96.255934,41.109635]],[[-96.255934,41.109634],[-96.255934,41.109634],[-96.255934,41.109634],[-96.255934,41.109634],[-96.255934,41.109634],[-96.255934,41.109634],[-96.255934,41.109634],[-96.255934,41.109634],[-96.255934,41.109634],[-96.255934,41.109634],[-96.255934,41.109634],[-96.255934,41.109634]],[[-96.255934,41.109634],[-96.255934,41.109634],[-96.255934,41.109634],[-96.255934,41.109634],[-96.255934,41.109634],[-96.255934,41.109634],[-96.255934,41.109634],[-96.255934,41.109634],[-96.255934,41.109634],[-96.255934,41.109634],[-96.255934,41.109634],[-96.255934,41.109634]],[[-96.255933,41.109634],[-96.255933,41.109634],[-96.255933,41.109634],[-96.255934,41.109634],[-96.255934,41.109634],[-96.255934,41.109634],[-96.255934,41.109634]],[[-96.255933,41.109634],[-96.255933,41.109634],[-96.255933,41.109634],[-96.255933,41.109634],[-96.255933,41.109634],[-96.255933,41.109634],[-96.255933,41.109634]],[[-96.255933,41.109634],[-96.255933,41.109634],[-96.255933,41.109634],[-96.255933,41.109634],[-96.255933,41.109634],[-96.255933,41.109634],[-96.255933,41.109634],[-96.255933,41.109634],[-96.255933,41.109634],[-96.255933,41.109634],[-96.255933,41.109634],[-96.255933,41.109634]],[[-96.255933,41.109634],[-96.255933,41.109634],[-96.255933,41.109634],[-96.255932,41.109634],[-96.255932,41.109634],[-96.255932,41.109634],[-96.255932,41.109634],[-96.255932,41.109634],[-96.255932,41.109634],[-96.255933,41.109634],[-96.255933,41.109634],[-96.255933,41.109634]],[[-96.255933,41.109635],[-96.255933,41.109635],[-96.255933,41.109635],[-96.255933,41.109635],[-96.255933,41.109635],[-96.255933,41.109635],[-96.255933,41.109635],[-96.255933,41.109635],[-96.255933,41.109635],[-96.255933,41.109635],[-96.255933,41.109635],[-96.255933,41.109634]],[[-96.255933,41.109635],[-96.255933,41.109635],[-96.255933,41.109635],[-96.255933,41.109635],[-96.255933,41.109635],[-96.255933,41.109635],[-96.255933,41.109635]],[[-96.255933,41.109635],[-96.255933,41.109635],[-96.255933,41.109635],[-96.255933,41.109635],[-96.255933,41.109635],[-96.255933,41.109635],[-96.255933,41.109635],[-96.255933,41.109635],[-96.255933,41.109635],[-96.255933,41.109635],[-96.255933,41.109635],[-96.255933,41.109635],[-96.255933,41.109635],[-96.255933,41.109635],[-96.255933,41.109635],[-96.255933,41.109635],[-96.255933,41.109635],[-96.255933,41.109634],[-96.255933,41.109634],[-96.255933,41.109634],[-96.255933,41.109634],[-96.255932,41.109634],[-96.255932,41.109634],[-96.255932,41.109634],[-96.255932,41.109634],[-96.255932,41.109634],[-96.255933,41.109634],[-96.255933,41.109634],[-96.255933,41.109634],[-96.255933,41.109634],[-96.255933,41.109634],[-96.255933,41.109634],[-96.255933,41.109634],[-96.255933,41.109634],[-96.255933,41.109634],[-96.255933,41.109634],[-96.255933,41.109634],[-96.255933,41.109634],[-96.255933,41.109634],[-96.255933,41.109634],[-96.255933,41.109634],[-96.255933,41.109634],[-96.255933,41.109634],[-96.255933,41.109634],[-96.255933,41.109634],[-96.255933,41.109634],[-96.255933,41.109634]],[[-96.255933,41.109634],[-96.255933,41.109634],[-96.255934,41.109634],[-96.255934,41.109634],[-96.255934,41.109634],[-96.255934,41.109634],[-96.255934,41.109634],[-96.255934,41.109634],[-96.255934,41.109634],[-96.255934,41.109634],[-96.255934,41.109634],[-96.255934,41.109634],[-96.255934,41.109634],[-96.255934,41.109634],[-96.255934,41.109634],[-96.255934,41.109634],[-96.255934,41.109634],[-96.255934,41.109634],[-96.255934,41.109634],[-96.255934,41.109634],[-96.255934,41.109634],[-96.255934,41.109634],[-96.255934,41.109634],[-96.255934,41.109634],[-96.255934,41.109634],[-96.255934,41.109634],[-96.255934,41.109634],[-96.255934,41.109634],[-96.255934,41.109634],[-96.255934,41.109634],[-96.255934,41.109635],[-96.255934,41.109635],[-96.255934,41.109635],[-96.255934,41.109635],[-96.255934,41.109635],[-96.255934,41.109635],[-96.255934,41.109635],[-96.255934,41.109635],[-96.255934,41.109635],[-96.255934,41.109635],[-96.255934,41.109635],[-96.255934,41.109635],[-96.255934,41.109635],[-96.255934,41.109635],[-96.255933,41.109635],[-96.255933,41.109635]],[[-96.255934,41.10968],[-96.255934,41.10968],[-96.255934,41.10968],[-96.255934,41.10968],[-96.255933,41.10968],[-96.255933,41.10968],[-96.255933,41.10968]],[[-96.255934,41.109679],[-96.255934,41.109679],[-96.255934,41.109679],[-96.255934,41.109679],[-96.255934,41.10968],[-96.255934,41.10968],[-96.255934,41.10968],[-96.255934,41.10968],[-96.255934,41.10968],[-96.255934,41.10968],[-96.255934,41.10968],[-96.255934,41.10968]],[[-96.255934,41.109679],[-96.255934,41.109679],[-96.255934,41.109679],[-96.255934,41.109679],[-96.255934,41.109679],[-96.255934,41.109679],[-96.255934,41.109679],[-96.255934,41.109679],[-96.255934,41.109679],[-96.255934,41.109679],[-96.255934,41.109679],[-96.255934,41.109679]],[[-96.255934,41.109678],[-96.255934,41.109678],[-96.255934,41.109678],[-96.255934,41.109679],[-96.255934,41.109679],[-96.255934,41.109679],[-96.255934,41.109679],[-96.255934,41.109679],[-96.255934,41.109679],[-96.255934,41.109679],[-96.255934,41.109679],[-96.255934,41.109679]],[[-96.255933,41.109678],[-96.255933,41.109678],[-96.255933,41.109678],[-96.255934,41.109678],[-96.255934,41.109678],[-96.255934,41.109678],[-96.255934,41.109678]],[[-96.255933,41.109678],[-96.255933,41.109678],[-96.255933,41.109678],[-96.255933,41.109678],[-96.255933,41.109678],[-96.255933,41.109678],[-96.255933,41.109678]],[[-96.255933,41.109679],[-96.255933,41.109679],[-96.255933,41.109679],[-96.255933,41.109679],[-96.255933,41.109679],[-96.255933,41.109679],[-96.255933,41.109679],[-96.255933,41.109679],[-96.255933,41.109679],[-96.255933,41.109678],[-96.255933,41.109678],[-96.255933,41.109678]],[[-96.255933,41.109679],[-96.255933,41.109679],[-96.255933,41.109679],[-96.255932,41.109679],[-96.255932,41.109679],[-96.255932,41.109679],[-96.255932,41.109679],[-96.255932,41.109679],[-96.255932,41.109679],[-96.255933,41.109679],[-96.255933,41.109679],[-96.255933,41.109679]],[[-96.255933,41.10968],[-96.255933,41.10968],[-96.255933,41.10968],[-96.255933,41.10968],[-96.255933,41.10968],[-96.255933,41.10968],[-96.255933,41.10968],[-96.255933,41.10968],[-96.255933,41.109679],[-96.255933,41.109679],[-96.255933,41.109679],[-96.255933,41.109679]],[[-96.255933,41.10968],[-96.255933,41.10968],[-96.255933,41.10968],[-96.255933,41.10968],[-96.255933,41.10968],[-96.255933,41.10968],[-96.255933,41.10968]],[[-96.255933,41.10968],[-96.255933,41.10968],[-96.255933,41.10968],[-96.255933,41.10968],[-96.255933,41.10968],[-96.255933,41.10968],[-96.255933,41.10968],[-96.255933,41.10968],[-96.255933,41.10968],[-96.255933,41.10968],[-96.255933,41.10968],[-96.255933,41.10968],[-96.255933,41.10968],[-96.255933,41.10968],[-96.255933,41.109679],[-96.255933,41.109679],[-96.255933,41.109679],[-96.255933,41.109679],[-96.255933,41.109679],[-96.255933,41.109679],[-96.255933,41.109679],[-96.255932,41.109679],[-96.255932,41.109679],[-96.255932,41.109679],[-96.255932,41.109679],[-96.255932,41.109679],[-96.255933,41.109679],[-96.255933,41.109679],[-96.255933,41.109679],[-96.255933,41.109679],[-96.255933,41.109679],[-96.255933,41.109679],[-96.255933,41.109679],[-96.255933,41.109679],[-96.255933,41.109679],[-96.255933,41.109679],[-96.255933,41.109679],[-96.255933,41.109679],[-96.255933,41.109678],[-96.255933,41.109678],[-96.255933,41.109678],[-96.255933,41.109678],[-96.255933,41.109678],[-96.255933,41.109678],[-96.255933,41.109678],[-96.255933,41.109678],[-96.255933,41.109678]],[[-96.255933,41.109678],[-96.255933,41.109678],[-96.255934,41.109678],[-96.255934,41.109678],[-96.255934,41.109678],[-96.255934,41.109678],[-96.255934,41.109678],[-96.255934,41.109678],[-96.255934,41.109678],[-96.255934,41.109679],[-96.255934,41.109679],[-96.255934,41.109679],[-96.255934,41.109679],[-96.255934,41.109679],[-96.255934,41.109679],[-96.255934,41.109679],[-96.255934,41.109679],[-96.255934,41.109679],[-96.255934,41.109679],[-96.255934,41.109679],[-96.255934,41.109679],[-96.255934,41.109679],[-96.255934,41.109679],[-96.255934,41.109679],[-96.255934,41.109679],[-96.255934,41.109679],[-96.255934,41.109679],[-96.255934,41.109679],[-96.255934,41.109679],[-96.255934,41.109679],[-96.255934,41.109679],[-96.255934,41.109679],[-96.255934,41.109679],[-96.255934,41.10968],[-96.255934,41.10968],[-96.255934,41.10968],[-96.255934,41.10968],[-96.255934,41.10968],[-96.255934,41.10968],[-96.255934,41.10968],[-96.255934,41.10968],[-96.255934,41.10968],[-96.255934,41.10968],[-96.255934,41.10968],[-96.255933,41.10968],[-96.255933,41.10968]],[[-96.255926,41.109632],[-96.255923,41.109632]],[[-96.255923,41.109632],[-96.255923,41.109635]],[[-96.255923,41.109635],[-96.255926,41.109635]],[[-96.255926,41.109635],[-96.255926,41.109632]],[[-96.255923,41.109678],[-96.255923,41.109681]],[[-96.255923,41.109681],[-96.255926,41.109681]],[[-96.255926,41.109681],[-96.255926,41.109679]],[[-96.255926,41.109679],[-96.255923,41.109678]]]}},{"type":"Feature","properties":{"type":"drawing","level":"LEVEL 1","Layer":"A-DOOR","source":"LEVEL_1.dxf","SubClasses":"AcDbEntity:AcDbBlockReference","EntityHandle":"112","interactive":false},"geometry":{"type":"MultiLineString","coordinates":[[[-96.255923,41.109609],[-96.255923,41.109567]],[[-96.255928,41.109566],[-96.255929,41.109566]],[[-96.255929,41.109566],[-96.255929,41.10961]],[[-96.255929,41.10961],[-96.255928,41.10961]],[[-96.255928,41.10961],[-96.255928,41.109566]],[[-96.255987,41.109566],[-96.255928,41.109566]],[[-96.255987,41.10961],[-96.255987,41.109566]],[[-96.255928,41.10961],[-96.255987,41.10961]],[[-96.255922,41.109566],[-96.255922,41.109566],[-96.255921,41.109566],[-96.255921,41.109566],[-96.255921,41.109566],[-96.255921,41.109566],[-96.255921,41.109566]],[[-96.255922,41.109566],[-96.255922,41.109566],[-96.255922,41.109566],[-96.255922,41.109566],[-96.255922,41.109566],[-96.255922,41.109566],[-96.255922,41.109566],[-96.255922,41.109566],[-96.255922,41.109566],[-96.255922,41.109566],[-96.255922,41.109566],[-96.255922,41.109566]],[[-96.255922,41.109565],[-96.255922,41.109565],[-96.255922,41.109565],[-96.255922,41.109565],[-96.255922,41.109565],[-96.255922,41.109565],[-96.255922,41.109566],[-96.255922,41.109566],[-96.255922,41.109566],[-96.255922,41.109566],[-96.255922,41.109566],[-96.255922,41.109566]],[[-96.255922,41.109565],[-96.255922,41.109565],[-96.255922,41.109565],[-96.255922,41.109565],[-96.255922,41.109565],[-96.255922,41.109565],[-96.255922,41.109565],[-96.255922,41.109565],[-96.255922,41.109565],[-96.255922,41.109565],[-96.255922,41.109565],[-96.255922,41.109565]],[[-96.255921,41.109565],[-96.255921,41.109565],[-96.255921,41.109565],[-96.255921,41.109565],[-96.255921,41.109565],[-96.255922,41.109565],[-96.255922,41.109565]],[[-96.255921,41.109565],[-96.255921,41.109565],[-96.255921,41.109565],[-96.255921,41.109565],[-96.255921,41.109565],[-96.255921,41.109565],[-96.255921,41.109565]],[[-96.25592,41.109565],[-96.25592,41.109565],[-96.25592,41.109565],[-96.255921,41.109565],[-96.255921,41.109565],[-96.255921,41.109565],[-96.255921,41.109565],[-96.255921,41.109565],[-96.255921,41.109565],[-96.255921,41.109565],[-96.255921,41.109565],[-96.255921,41.109565]],[[-96.25592,41.109566],[-96.25592,41.109566],[-96.25592,41.109566],[-96.25592,41.109566],[-96.25592,41.109566],[-96.25592,41.109566],[-96.25592,41.109565],[-96.25592,41.109565],[-96.25592,41.109565],[-96.25592,41.109565],[-96.25592,41.109565],[-96.25592,41.109565]],[[-96.255921,41.109566],[-96.255921,41.109566],[-96.255921,41.109566],[-96.255921,41.109566],[-96.255921,41.109566],[-96.255921,41.109566],[-96.255921,41.109566],[-96.255921,41.109566],[-96.255921,41.109566],[-96.25592,41.109566],[-96.25592,41.109566],[-96.25592,41.109566]],[[-96.255921,41.109566],[-96.255921,41.109566],[-96.255921,41.109566],[-96.255921,41.109566],[-96.255921,41.109566],[-96.255921,41.109566],[-96.255921,41.109566]],[[-96.255921,41.109565],[-96.255921,41.109565],[-96.255921,41.109565],[-96.255921,41.109565],[-96.255921,41.109565],[-96.255922,41.109565],[-96.255922,41.109565],[-96.255922,41.109565],[-96.255922,41.109565],[-96.255922,41.109565],[-96.255922,41.109565],[-96.255922,41.109565],[-96.255922,41.109565],[-96.255922,41.109565],[-96.255922,41.109565],[-96.255922,41.109565],[-96.255922,41.109565],[-96.255922,41.109565],[-96.255922,41.109565],[-96.255922,41.109565],[-96.255922,41.109565],[-96.255922,41.109565],[-96.255922,41.109565],[-96.255922,41.109566],[-96.255922,41.109566],[-96.255922,41.109566],[-96.255922,41.109566],[-96.255922,41.109566],[-96.255922,41.109566],[-96.255922,41.109566],[-96.255922,41.109566],[-96.255922,41.109566],[-96.255922,41.109566],[-96.255922,41.109566],[-96.255922,41.109566],[-96.255922,41.109566],[-96.255922,41.109566],[-96.255922,41.109566],[-96.255922,41.109566],[-96.255922,41.109566],[-96.255922,41.109566],[-96.255921,41.109566],[-96.255921,41.109566],[-96.255921,41.109566],[-96.255921,41.109566],[-96.255921,41.109566]],[[-96.255921,41.109566],[-96.255921,41.109566],[-96.255921,41.109566],[-96.255921,41.109566],[-96.255921,41.109566],[-96.255921,41.109566],[-96.255921,41.109566],[-96.255921,41.109566],[-96.255921,41.109566],[-96.255921,41.109566],[-96.255921,41.109566],[-96.255921,41.109566],[-96.255921,41.109566],[-96.255921,41.109566],[-96.25592,41.109566],[-96.25592,41.109566],[-96.25592,41.109566],[-96.25592,41.109566],[-96.25592,41.109566],[-96.25592,41.109566],[-96.25592,41.109566],[-96.25592,41.109566],[-96.25592,41.109566],[-96.25592,41.109566],[-96.25592,41.109565],[-96.25592,41.109565],[-96.25592,41.109565],[-96.25592,41.109565],[-96.25592,41.109565],[-96.25592,41.109565],[-96.25592,41.109565],[-96.25592,41.109565],[-96.25592,41.109565],[-96.255921,41.109565],[-96.255921,41.109565],[-96.255921,41.109565],[-96.255921,41.109565],[-96.255921,41.109565],[-96.255921,41.109565],[-96.255921,41.109565],[-96.255921,41.109565],[-96.255921,41.109565],[-96.255921,41.109565],[-96.255921,41.109565],[-96.255921,41.109565],[-96.255921,41.109565],[-96.255921,41.109565]],[[-96.255922,41.109611],[-96.255922,41.109611],[-96.255921,41.109611],[-96.255921,41.109611],[-96.255921,41.109611],[-96.255921,41.109611],[-96.255921,41.109611]],[[-96.255922,41.109611],[-96.255922,41.109611],[-96.255922,41.109611],[-96.255922,41.109611],[-96.255922,41.109611],[-96.255922,41.109611],[-96.255922,41.109611],[-96.255922,41.109611],[-96.255922,41.109611],[-96.255922,41.109611],[-96.255922,41.109611],[-96.255922,41.109611]],[[-96.255922,41.10961],[-96.255922,41.10961],[-96.255922,41.10961],[-96.255922,41.10961],[-96.255922,41.10961],[-96.255922,41.10961],[-96.255922,41.10961],[-96.255922,41.10961],[-96.255922,41.10961],[-96.255922,41.109611],[-96.255922,41.109611],[-96.255922,41.109611]],[[-96.255922,41.10961],[-96.255922,41.10961],[-96.255922,41.10961],[-96.255922,41.10961],[-96.255922,41.10961],[-96.255922,41.10961],[-96.255922,41.10961],[-96.255922,41.10961],[-96.255922,41.10961],[-96.255922,41.10961],[-96.255922,41.10961],[-96.255922,41.10961]],[[-96.255921,41.10961],[-96.255921,41.10961],[-96.255921,41.10961],[-96.255921,41.10961],[-96.255921,41.10961],[-96.255922,41.10961],[-96.255922,41.10961]],[[-96.255921,41.10961],[-96.255921,41.10961],[-96.255921,41.10961],[-96.255921,41.10961],[-96.255921,41.10961],[-96.255921,41.10961],[-96.255921,41.10961]],[[-96.25592,41.10961],[-96.25592,41.10961],[-96.25592,41.10961],[-96.255921,41.10961],[-96.255921,41.10961],[-96.255921,41.10961],[-96.255921,41.10961],[-96.255921,41.10961],[-96.255921,41.10961],[-96.255921,41.10961],[-96.255921,41.10961],[-96.255921,41.10961]],[[-96.25592,41.109611],[-96.25592,41.109611],[-96.25592,41.109611],[-96.25592,41.10961],[-96.25592,41.10961],[-96.25592,41.10961],[-96.25592,41.10961],[-96.25592,41.10961],[-96.25592,41.10961],[-96.25592,41.10961],[-96.25592,41.10961],[-96.25592,41.10961]],[[-96.255921,41.109611],[-96.255921,41.109611],[-96.255921,41.109611],[-96.255921,41.109611],[-96.255921,41.109611],[-96.255921,41.109611],[-96.255921,41.109611],[-96.255921,41.109611],[-96.255921,41.109611],[-96.25592,41.109611],[-96.25592,41.109611],[-96.25592,41.109611]],[[-96.255921,41.109611],[-96.255921,41.109611],[-96.255921,41.109611],[-96.255921,41.109611],[-96.255921,41.109611],[-96.255921,41.109611],[-96.255921,41.109611]],[[-96.255921,41.10961],[-96.255921,41.10961],[-96.255921,41.10961],[-96.255921,41.10961],[-96.255921,41.10961],[-96.255922,41.10961],[-96.255922,41.10961],[-96.255922,41.10961],[-96.255922,41.10961],[-96.255922,41.10961],[-96.255922,41.10961],[-96.255922,41.10961],[-96.255922,41.10961],[-96.255922,41.10961],[-96.255922,41.10961],[-96.255922,41.10961],[-96.255922,41.10961],[-96.255922,41.10961],[-96.255922,41.10961],[-96.255922,41.10961],[-96.255922,41.10961],[-96.255922,41.10961],[-96.255922,41.10961],[-96.255922,41.10961],[-96.255922,41.10961],[-96.255922,41.109611],[-96.255922,41.109611],[-96.255922,41.109611],[-96.255922,41.109611],[-96.255922,41.109611],[-96.255922,41.109611],[-96.255922,41.109611],[-96.255922,41.109611],[-96.255922,41.109611],[-96.255922,41.109611],[-96.255922,41.109611],[-96.255922,41.109611],[-96.255922,41.109611],[-96.255922,41.109611],[-96.255922,41.109611],[-96.255922,41.109611],[-96.255921,41.109611],[-96.255921,41.109611],[-96.255921,41.109611],[-96.255921,41.109611],[-96.255921,41.109611]],[[-96.255921,41.109611],[-96.255921,41.109611],[-96.255921,41.109611],[-96.255921,41.109611],[-96.255921,41.109611],[-96.255921,41.109611],[-96.255921,41.109611],[-96.255921,41.109611],[-96.255921,41.109611],[-96.255921,41.109611],[-96.255921,41.109611],[-96.255921,41.109611],[-96.255921,41.109611],[-96.255921,41.109611],[-96.25592,41.109611],[-96.25592,41.109611],[-96.25592,41.109611],[-96.25592,41.109611],[-96.25592,41.109611],[-96.25592,41.109611],[-96.25592,41.109611],[-96.25592,41.10961],[-96.25592,41.10961],[-96.25592,41.10961],[-96.25592,41.10961],[-96.25592,41.10961],[-96.25592,41.10961],[-96.25592,41.10961],[-96.25592,41.10961],[-96.25592,41.10961],[-96.25592,41.10961],[-96.25592,41.10961],[-96.25592,41.10961],[-96.255921,41.10961],[-96.255921,41.10961],[-96.255921,41.10961],[-96.255921,41.10961],[-96.255921,41.10961],[-96.255921,41.10961],[-96.255921,41.10961],[-96.255921,41.10961],[-96.255921,41.10961],[-96.255921,41.10961],[-96.255921,41.10961],[-96.255921,41.10961],[-96.255921,41.10961],[-96.255921,41.10961]],[[-96.255934,41.109566],[-96.255934,41.109566],[-96.255934,41.109566],[-96.255934,41.109566],[-96.255933,41.109566],[-96.255933,41.109566],[-96.255933,41.109566]],[[-96.255934,41.109566],[-96.255934,41.109566],[-96.255934,41.109566],[-96.255934,41.109566],[-96.255934,41.109566],[-96.255934,41.109566],[-96.255934,41.109566],[-96.255934,41.109566],[-96.255934,41.109566],[-96.255934,41.109566],[-96.255934,41.109566],[-96.255934,41.109566]],[[-96.255934,41.109565],[-96.255934,41.109565],[-96.255934,41.109565],[-96.255934,41.109565],[-96.255934,41.109565],[-96.255934,41.109565],[-96.255934,41.109566],[-96.255934,41.109566],[-96.255934,41.109566],[-96.255934,41.109566],[-96.255934,41.109566],[-96.255934,41.109566]],[[-96.255934,41.109565],[-96.255934,41.109565],[-96.255934,41.109565],[-96.255934,41.109565],[-96.255934,41.109565],[-96.255934,41.109565],[-96.255934,41.109565],[-96.255934,41.109565],[-96.255934,41.109565],[-96.255934,41.109565],[-96.255934,41.109565],[-96.255934,41.109565]],[[-96.255933,41.109565],[-96.255933,41.109565],[-96.255933,41.109565],[-96.255934,41.109565],[-96.255934,41.109565],[-96.255934,41.109565],[-96.255934,41.109565]],[[-96.255933,41.109565],[-96.255933,41.109565],[-96.255933,41.109565],[-96.255933,41.109565],[-96.255933,41.109565],[-96.255933,41.109565],[-96.255933,41.109565]],[[-96.255933,41.109565],[-96.255933,41.109565],[-96.255933,41.109565],[-96.255933,41.109565],[-96.255933,41.109565],[-96.255933,41.109565],[-96.255933,41.109565],[-96.255933,41.109565],[-96.255933,41.109565],[-96.255933,41.109565],[-96.255933,41.109565],[-96.255933,41.109565]],[[-96.255933,41.109566],[-96.255933,41.109566],[-96.255933,41.109566],[-96.255932,41.109566],[-96.255932,41.109566],[-96.255932,41.109566],[-96.255932,41.109565],[-96.255932,41.109565],[-96.255932,41.109565],[-96.255933,41.109565],[-96.255933,41.109565],[-96.255933,41.109565]],[[-96.255933,41.109566],[-96.255933,41.109566],[-96.255933,41.109566],[-96.255933,41.109566],[-96.255933,41.109566],[-96.255933,41.109566],[-96.255933,41.109566],[-96.255933,41.109566],[-96.255933,41.109566],[-96.255933,41.109566],[-96.255933,41.109566],[-96.255933,41.109566]],[[-96.255933,41.109566],[-96.255933,41.109566],[-96.255933,41.109566],[-96.255933,41.109566],[-96.255933,41.109566],[-96.255933,41.109566],[-96.255933,41.109566]],[[-96.255933,41.109566],[-96.255933,41.109566],[-96.255933,41.109566],[-96.255933,41.109566],[-96.255933,41.109566],[-96.255933,41.109566],[-96.255933,41.109566],[-96.255933,41.109566],[-96.255933,41.109566],[-96.255933,41.109566],[-96.255933,41.109566],[-96.255933,41.109566],[-96.255933,41.109566],[-96.255933,41.109566],[-96.255933,41.109566],[-96.255933,41.109566],[-96.255933,41.109566],[-96.255933,41.109566],[-96.255933,41.109566],[-96.255933,41.109566],[-96.255933,41.109566],[-96.255932,41.109566],[-96.255932,41.109566],[-96.255932,41.109566],[-96.255932,41.109565],[-96.255932,41.109565],[-96.255933,41.109565],[-96.255933,41.109565],[-96.255933,41.109565],[-96.255933,41.109565],[-96.255933,41.109565],[-96.255933,41.109565],[-96.255933,41.109565],[-96.255933,41.109565],[-96.255933,41.109565],[-96.255933,41.109565],[-96.255933,41.109565],[-96.255933,41.109565],[-96.255933,41.109565],[-96.255933,41.109565],[-96.255933,41.109565],[-96.255933,41.109565],[-96.255933,41.109565],[-96.255933,41.109565],[-96.255933,41.109565],[-96.255933,41.109565],[-96.255933,41.109565]],[[-96.255933,41.109565],[-96.255933,41.109565],[-96.255934,41.109565],[-96.255934,41.109565],[-96.255934,41.109565],[-96.255934,41.109565],[-96.255934,41.109565],[-96.255934,41.109565],[-96.255934,41.109565],[-96.255934,41.109565],[-96.255934,41.109565],[-96.255934,41.109565],[-96.255934,41.109565],[-96.255934,41.109565],[-96.255934,41.109565],[-96.255934,41.109565],[-96.255934,41.109565],[-96.255934,41.109565],[-96.255934,41.109565],[-96.255934,41.109565],[-96.255934,41.109565],[-96.255934,41.109565],[-96.255934,41.109565],[-96.255934,41.109566],[-96.255934,41.109566],[-96.255934,41.109566],[-96.255934,41.109566],[-96.255934,41.109566],[-96.255934,41.109566],[-96.255934,41.109566],[-96.255934,41.109566],[-96.255934,41.109566],[-96.255934,41.109566],[-96.255934,41.109566],[-96.255934,41.109566],[-96.255934,41.109566],[-96.255934,41.109566],[-96.255934,41.109566],[-96.255934,41.109566],[-96.255934,41.109566],[-96.255934,41.109566],[-96.255934,41.109566],[-96.255934,41.109566],[-96.255934,41.109566],[-96.255933,41.109566],[-96.255933,41.109566]],[[-96.255934,41.109611],[-96.255934,41.109611],[-96.255934,41.109611],[-96.255934,41.109611],[-96.255933,41.109611],[-96.255933,41.109611],[-96.255933,41.109611]],[[-96.255934,41.109611],[-96.255934,41.109611],[-96.255934,41.109611],[-96.255934,41.109611],[-96.255934,41.109611],[-96.255934,41.109611],[-96.255934,41.109611],[-96.255934,41.109611],[-96.255934,41.109611],[-96.255934,41.109611],[-96.255934,41.109611],[-96.255934,41.109611]],[[-96.255934,41.10961],[-96.255934,41.10961],[-96.255934,41.10961],[-96.255934,41.10961],[-96.255934,41.10961],[-96.255934,41.10961],[-96.255934,41.10961],[-96.255934,41.10961],[-96.255934,41.10961],[-96.255934,41.109611],[-96.255934,41.109611],[-96.255934,41.109611]],[[-96.255934,41.10961],[-96.255934,41.10961],[-96.255934,41.10961],[-96.255934,41.10961],[-96.255934,41.10961],[-96.255934,41.10961],[-96.255934,41.10961],[-96.255934,41.10961],[-96.255934,41.10961],[-96.255934,41.10961],[-96.255934,41.10961],[-96.255934,41.10961]],[[-96.255933,41.10961],[-96.255933,41.10961],[-96.255933,41.10961],[-96.255934,41.10961],[-96.255934,41.10961],[-96.255934,41.10961],[-96.255934,41.10961]],[[-96.255933,41.10961],[-96.255933,41.10961],[-96.255933,41.10961],[-96.255933,41.10961],[-96.255933,41.10961],[-96.255933,41.10961],[-96.255933,41.10961]],[[-96.255933,41.10961],[-96.255933,41.10961],[-96.255933,41.10961],[-96.255933,41.10961],[-96.255933,41.10961],[-96.255933,41.10961],[-96.255933,41.10961],[-96.255933,41.10961],[-96.255933,41.10961],[-96.255933,41.10961],[-96.255933,41.10961],[-96.255933,41.10961]],[[-96.255933,41.109611],[-96.255933,41.109611],[-96.255933,41.109611],[-96.255932,41.10961],[-96.255932,41.10961],[-96.255932,41.10961],[-96.255932,41.10961],[-96.255932,41.10961],[-96.255932,41.10961],[-96.255933,41.10961],[-96.255933,41.10961],[-96.255933,41.10961]],[[-96.255933,41.109611],[-96.255933,41.109611],[-96.255933,41.109611],[-96.255933,41.109611],[-96.255933,41.109611],[-96.255933,41.109611],[-96.255933,41.109611],[-96.255933,41.109611],[-96.255933,41.109611],[-96.255933,41.109611],[-96.255933,41.109611],[-96.255933,41.109611]],[[-96.255933,41.109611],[-96.255933,41.109611],[-96.255933,41.109611],[-96.255933,41.109611],[-96.255933,41.109611],[-96.255933,41.109611],[-96.255933,41.109611]],[[-96.255933,41.109611],[-96.255933,41.109611],[-96.255933,41.109611],[-96.255933,41.109611],[-96.255933,41.109611],[-96.255933,41.109611],[-96.255933,41.109611],[-96.255933,41.109611],[-96.255933,41.109611],[-96.255933,41.109611],[-96.255933,41.109611],[-96.255933,41.109611],[-96.255933,41.109611],[-96.255933,41.109611],[-96.255933,41.109611],[-96.255933,41.109611],[-96.255933,41.109611],[-96.255933,41.109611],[-96.255933,41.109611],[-96.255933,41.109611],[-96.255933,41.109611],[-96.255932,41.10961],[-96.255932,41.10961],[-96.255932,41.10961],[-96.255932,41.10961],[-96.255932,41.10961],[-96.255933,41.10961],[-96.255933,41.10961],[-96.255933,41.10961],[-96.255933,41.10961],[-96.255933,41.10961],[-96.255933,41.10961],[-96.255933,41.10961],[-96.255933,41.10961],[-96.255933,41.10961],[-96.255933,41.10961],[-96.255933,41.10961],[-96.255933,41.10961],[-96.255933,41.10961],[-96.255933,41.10961],[-96.255933,41.10961],[-96.255933,41.10961],[-96.255933,41.10961],[-96.255933,41.10961],[-96.255933,41.10961],[-96.255933,41.10961],[-96.255933,41.10961]],[[-96.255933,41.10961],[-96.255933,41.10961],[-96.255934,41.10961],[-96.255934,41.10961],[-96.255934,41.10961],[-96.255934,41.10961],[-96.255934,41.10961],[-96.255934,41.10961],[-96.255934,41.10961],[-96.255934,41.10961],[-96.255934,41.10961],[-96.255934,41.10961],[-96.255934,41.10961],[-96.255934,41.10961],[-96.255934,41.10961],[-96.255934,41.10961],[-96.255934,41.10961],[-96.255934,41.10961],[-96.255934,41.10961],[-96.255934,41.10961],[-96.255934,41.10961],[-96.255934,41.10961],[-96.255934,41.10961],[-96.255934,41.10961],[-96.255934,41.10961],[-96.255934,41.109611],[-96.255934,41.109611],[-96.255934,41.109611],[-96.255934,41.109611],[-96.255934,41.109611],[-96.255934,41.109611],[-96.255934,41.109611],[-96.255934,41.109611],[-96.255934,41.109611],[-96.255934,41.109611],[-96.255934,41.109611],[-96.255934,41.109611],[-96.255934,41.109611],[-96.255934,41.109611],[-96.255934,41.109611],[-96.255934,41.109611],[-96.255934,41.109611],[-96.255934,41.109611],[-96.255934,41.109611],[-96.255933,41.109611],[-96.255933,41.109611]],[[-96.255926,41.109563],[-96.255923,41.109563]],[[-96.255923,41.109563],[-96.255923,41.109567]],[[-96.255923,41.109567],[-96.255926,41.109566]],[[-96.255926,41.109566],[-96.255926,41.109563]],[[-96.255923,41.109609],[-96.255923,41.109613]],[[-96.255923,41.109613],[-96.255926,41.109613]],[[-96.255926,41.109613],[-96.255926,41.10961]],[[-96.255926,41.10961],[-96.255923,41.109609]]]}},{"type":"Feature","properties":{"type":"drawing","level":"LEVEL 1","Layer":"A-DOOR","source":"LEVEL_1.dxf","SubClasses":"AcDbEntity:AcDbBlockReference","EntityHandle":"113","interactive":false},"geometry":{"type":"MultiLineString","coordinates":[[[-96.255923,41.109535],[-96.255923,41.109492]],[[-96.255928,41.109492],[-96.255929,41.109492]],[[-96.255929,41.109492],[-96.255929,41.109536]],[[-96.255929,41.109536],[-96.255928,41.109536]],[[-96.255928,41.109536],[-96.255928,41.109492]],[[-96.255987,41.109492],[-96.255928,41.109492]],[[-96.255987,41.109536],[-96.255987,41.109492]],[[-96.255928,41.109536],[-96.255987,41.109536]],[[-96.255922,41.109492],[-96.255922,41.109492],[-96.255921,41.109492],[-96.255921,41.109492],[-96.255921,41.109492],[-96.255921,41.109492],[-96.255921,41.109492]],[[-96.255922,41.109492],[-96.255922,41.109492],[-96.255922,41.109492],[-96.255922,41.109492],[-96.255922,41.109492],[-96.255922,41.109492],[-96.255922,41.109492],[-96.255922,41.109492],[-96.255922,41.109492],[-96.255922,41.109492],[-96.255922,41.109492],[-96.255922,41.109492]],[[-96.255922,41.109491],[-96.255922,41.109491],[-96.255922,41.109491],[-96.255922,41.109491],[-96.255922,41.109491],[-96.255922,41.109491],[-96.255922,41.109491],[-96.255922,41.109491],[-96.255922,41.109491],[-96.255922,41.109491],[-96.255922,41.109492],[-96.255922,41.109492]],[[-96.255922,41.109491],[-96.255922,41.109491],[-96.255922,41.109491],[-96.255922,41.109491],[-96.255922,41.109491],[-96.255922,41.109491],[-96.255922,41.109491],[-96.255922,41.109491],[-96.255922,41.109491],[-96.255922,41.109491],[-96.255922,41.109491],[-96.255922,41.109491]],[[-96.255921,41.109491],[-96.255921,41.109491],[-96.255921,41.109491],[-96.255921,41.109491],[-96.255921,41.109491],[-96.255922,41.109491],[-96.255922,41.109491]],[[-96.255921,41.109491],[-96.255921,41.109491],[-96.255921,41.109491],[-96.255921,41.109491],[-96.255921,41.109491],[-96.255921,41.109491],[-96.255921,41.109491]],[[-96.25592,41.109491],[-96.25592,41.109491],[-96.25592,41.109491],[-96.255921,41.109491],[-96.255921,41.109491],[-96.255921,41.109491],[-96.255921,41.109491],[-96.255921,41.109491],[-96.255921,41.109491],[-96.255921,41.109491],[-96.255921,41.109491],[-96.255921,41.109491]],[[-96.25592,41.109492],[-96.25592,41.109492],[-96.25592,41.109491],[-96.25592,41.109491],[-96.25592,41.109491],[-96.25592,41.109491],[-96.25592,41.109491],[-96.25592,41.109491],[-96.25592,41.109491],[-96.25592,41.109491],[-96.25592,41.109491],[-96.25592,41.109491]],[[-96.255921,41.109492],[-96.255921,41.109492],[-96.255921,41.109492],[-96.255921,41.109492],[-96.255921,41.109492],[-96.255921,41.109492],[-96.255921,41.109492],[-96.255921,41.109492],[-96.255921,41.109492],[-96.25592,41.109492],[-96.25592,41.109492],[-96.25592,41.109492]],[[-96.255921,41.109492],[-96.255921,41.109492],[-96.255921,41.109492],[-96.255921,41.109492],[-96.255921,41.109492],[-96.255921,41.109492],[-96.255921,41.109492]],[[-96.255921,41.109491],[-96.255921,41.109491],[-96.255921,41.109491],[-96.255921,41.109491],[-96.255921,41.109491],[-96.255922,41.109491],[-96.255922,41.109491],[-96.255922,41.109491],[-96.255922,41.109491],[-96.255922,41.109491],[-96.255922,41.109491],[-96.255922,41.109491],[-96.255922,41.109491],[-96.255922,41.109491],[-96.255922,41.109491],[-96.255922,41.109491],[-96.255922,41.109491],[-96.255922,41.109491],[-96.255922,41.109491],[-96.255922,41.109491],[-96.255922,41.109491],[-96.255922,41.109491],[-96.255922,41.109491],[-96.255922,41.109491],[-96.255922,41.109491],[-96.255922,41.109491],[-96.255922,41.109492],[-96.255922,41.109492],[-96.255922,41.109492],[-96.255922,41.109492],[-96.255922,41.109492],[-96.255922,41.109492],[-96.255922,41.109492],[-96.255922,41.109492],[-96.255922,41.109492],[-96.255922,41.109492],[-96.255922,41.109492],[-96.255922,41.109492],[-96.255922,41.109492],[-96.255922,41.109492],[-96.255922,41.109492],[-96.255921,41.109492],[-96.255921,41.109492],[-96.255921,41.109492],[-96.255921,41.109492],[-96.255921,41.109492]],[[-96.255921,41.109492],[-96.255921,41.109492],[-96.255921,41.109492],[-96.255921,41.109492],[-96.255921,41.109492],[-96.255921,41.109492],[-96.255921,41.109492],[-96.255921,41.109492],[-96.255921,41.109492],[-96.255921,41.109492],[-96.255921,41.109492],[-96.255921,41.109492],[-96.255921,41.109492],[-96.255921,41.109492],[-96.25592,41.109492],[-96.25592,41.109492],[-96.25592,41.109492],[-96.25592,41.109492],[-96.25592,41.109492],[-96.25592,41.109492],[-96.25592,41.109491],[-96.25592,41.109491],[-96.25592,41.109491],[-96.25592,41.109491],[-96.25592,41.109491],[-96.25592,41.109491],[-96.25592,41.109491],[-96.25592,41.109491],[-96.25592,41.109491],[-96.25592,41.109491],[-96.25592,41.109491],[-96.25592,41.109491],[-96.25592,41.109491],[-96.255921,41.109491],[-96.255921,41.109491],[-96.255921,41.109491],[-96.255921,41.109491],[-96.255921,41.109491],[-96.255921,41.109491],[-96.255921,41.109491],[-96.255921,41.109491],[-96.255921,41.109491],[-96.255921,41.109491],[-96.255921,41.109491],[-96.255921,41.109491],[-96.255921,41.109491],[-96.255921,41.109491]],[[-96.255922,41.109537],[-96.255922,41.109537],[-96.255921,41.109537],[-96.255921,41.109537],[-96.255921,41.109537],[-96.255921,41.109537],[-96.255921,41.109537]],[[-96.255922,41.109537],[-96.255922,41.109537],[-96.255922,41.109537],[-96.255922,41.109537],[-96.255922,41.109537],[-96.255922,41.109537],[-96.255922,41.109537],[-96.255922,41.109537],[-96.255922,41.109537],[-96.255922,41.109537],[-96.255922,41.109537],[-96.255922,41.109537]],[[-96.255922,41.109536],[-96.255922,41.109536],[-96.255922,41.109536],[-96.255922,41.109536],[-96.255922,41.109536],[-96.255922,41.109536],[-96.255922,41.109536],[-96.255922,41.109536],[-96.255922,41.109536],[-96.255922,41.109536],[-96.255922,41.109536],[-96.255922,41.109536]],[[-96.255922,41.109536],[-96.255922,41.109536],[-96.255922,41.109536],[-96.255922,41.109536],[-96.255922,41.109536],[-96.255922,41.109536],[-96.255922,41.109536],[-96.255922,41.109536],[-96.255922,41.109536],[-96.255922,41.109536],[-96.255922,41.109536],[-96.255922,41.109536]],[[-96.255921,41.109536],[-96.255921,41.109536],[-96.255921,41.109536],[-96.255921,41.109536],[-96.255921,41.109536],[-96.255922,41.109536],[-96.255922,41.109536]],[[-96.255921,41.109536],[-96.255921,41.109536],[-96.255921,41.109536],[-96.255921,41.109536],[-96.255921,41.109536],[-96.255921,41.109536],[-96.255921,41.109536]],[[-96.25592,41.109536],[-96.25592,41.109536],[-96.25592,41.109536],[-96.255921,41.109536],[-96.255921,41.109536],[-96.255921,41.109536],[-96.255921,41.109536],[-96.255921,41.109536],[-96.255921,41.109536],[-96.255921,41.109536],[-96.255921,41.109536],[-96.255921,41.109536]],[[-96.25592,41.109536],[-96.25592,41.109536],[-96.25592,41.109536],[-96.25592,41.109536],[-96.25592,41.109536],[-96.25592,41.109536],[-96.25592,41.109536],[-96.25592,41.109536],[-96.25592,41.109536],[-96.25592,41.109536],[-96.25592,41.109536],[-96.25592,41.109536]],[[-96.255921,41.109537],[-96.255921,41.109537],[-96.255921,41.109537],[-96.255921,41.109537],[-96.255921,41.109537],[-96.255921,41.109537],[-96.255921,41.109537],[-96.255921,41.109537],[-96.255921,41.109537],[-96.25592,41.109537],[-96.25592,41.109537],[-96.25592,41.109537]],[[-96.255921,41.109537],[-96.255921,41.109537],[-96.255921,41.109537],[-96.255921,41.109537],[-96.255921,41.109537],[-96.255921,41.109537],[-96.255921,41.109537]],[[-96.255921,41.109536],[-96.255921,41.109536],[-96.255921,41.109536],[-96.255921,41.109536],[-96.255921,41.109536],[-96.255922,41.109536],[-96.255922,41.109536],[-96.255922,41.109536],[-96.255922,41.109536],[-96.255922,41.109536],[-96.255922,41.109536],[-96.255922,41.109536],[-96.255922,41.109536],[-96.255922,41.109536],[-96.255922,41.109536],[-96.255922,41.109536],[-96.255922,41.109536],[-96.255922,41.109536],[-96.255922,41.109536],[-96.255922,41.109536],[-96.255922,41.109536],[-96.255922,41.109536],[-96.255922,41.109536],[-96.255922,41.109536],[-96.255922,41.109536],[-96.255922,41.109536],[-96.255922,41.109536],[-96.255922,41.109536],[-96.255922,41.109536],[-96.255922,41.109537],[-96.255922,41.109537],[-96.255922,41.109537],[-96.255922,41.109537],[-96.255922,41.109537],[-96.255922,41.109537],[-96.255922,41.109537],[-96.255922,41.109537],[-96.255922,41.109537],[-96.255922,41.109537],[-96.255922,41.109537],[-96.255922,41.109537],[-96.255921,41.109537],[-96.255921,41.109537],[-96.255921,41.109537],[-96.255921,41.109537],[-96.255921,41.109537]],[[-96.255921,41.109537],[-96.255921,41.109537],[-96.255921,41.109537],[-96.255921,41.109537],[-96.255921,41.109537],[-96.255921,41.109537],[-96.255921,41.109537],[-96.255921,41.109537],[-96.255921,41.109537],[-96.255921,41.109537],[-96.255921,41.109537],[-96.255921,41.109537],[-96.255921,41.109537],[-96.255921,41.109537],[-96.25592,41.109537],[-96.25592,41.109537],[-96.25592,41.109537],[-96.25592,41.109536],[-96.25592,41.109536],[-96.25592,41.109536],[-96.25592,41.109536],[-96.25592,41.109536],[-96.25592,41.109536],[-96.25592,41.109536],[-96.25592,41.109536],[-96.25592,41.109536],[-96.25592,41.109536],[-96.25592,41.109536],[-96.25592,41.109536],[-96.25592,41.109536],[-96.25592,41.109536],[-96.25592,41.109536],[-96.25592,41.109536],[-96.255921,41.109536],[-96.255921,41.109536],[-96.255921,41.109536],[-96.255921,41.109536],[-96.255921,41.109536],[-96.255921,41.109536],[-96.255921,41.109536],[-96.255921,41.109536],[-96.255921,41.109536],[-96.255921,41.109536],[-96.255921,41.109536],[-96.255921,41.109536],[-96.255921,41.109536],[-96.255921,41.109536]],[[-96.255934,41.109492],[-96.255934,41.109492],[-96.255934,41.109492],[-96.255934,41.109492],[-96.255933,41.109492],[-96.255933,41.109492],[-96.255933,41.109492]],[[-96.255934,41.109492],[-96.255934,41.109492],[-96.255934,41.109492],[-96.255934,41.109492],[-96.255934,41.109492],[-96.255934,41.109492],[-96.255934,41.109492],[-96.255934,41.109492],[-96.255934,41.109492],[-96.255934,41.109492],[-96.255934,41.109492],[-96.255934,41.109492]],[[-96.255934,41.109491],[-96.255934,41.109491],[-96.255934,41.109491],[-96.255934,41.109491],[-96.255934,41.109491],[-96.255934,41.109491],[-96.255934,41.109491],[-96.255934,41.109491],[-96.255934,41.109491],[-96.255934,41.109491],[-96.255934,41.109492],[-96.255934,41.109492]],[[-96.255934,41.109491],[-96.255934,41.109491],[-96.255934,41.109491],[-96.255934,41.109491],[-96.255934,41.109491],[-96.255934,41.109491],[-96.255934,41.109491],[-96.255934,41.109491],[-96.255934,41.109491],[-96.255934,41.109491],[-96.255934,41.109491],[-96.255934,41.109491]],[[-96.255933,41.109491],[-96.255933,41.109491],[-96.255933,41.109491],[-96.255934,41.109491],[-96.255934,41.109491],[-96.255934,41.109491],[-96.255934,41.109491]],[[-96.255933,41.109491],[-96.255933,41.109491],[-96.255933,41.109491],[-96.255933,41.109491],[-96.255933,41.109491],[-96.255933,41.109491],[-96.255933,41.109491]],[[-96.255933,41.109491],[-96.255933,41.109491],[-96.255933,41.109491],[-96.255933,41.109491],[-96.255933,41.109491],[-96.255933,41.109491],[-96.255933,41.109491],[-96.255933,41.109491],[-96.255933,41.109491],[-96.255933,41.109491],[-96.255933,41.109491],[-96.255933,41.109491]],[[-96.255933,41.109492],[-96.255933,41.109492],[-96.255933,41.109491],[-96.255932,41.109491],[-96.255932,41.109491],[-96.255932,41.109491],[-96.255932,41.109491],[-96.255932,41.109491],[-96.255932,41.109491],[-96.255933,41.109491],[-96.255933,41.109491],[-96.255933,41.109491]],[[-96.255933,41.109492],[-96.255933,41.109492],[-96.255933,41.109492],[-96.255933,41.109492],[-96.255933,41.109492],[-96.255933,41.109492],[-96.255933,41.109492],[-96.255933,41.109492],[-96.255933,41.109492],[-96.255933,41.109492],[-96.255933,41.109492],[-96.255933,41.109492]],[[-96.255933,41.109492],[-96.255933,41.109492],[-96.255933,41.109492],[-96.255933,41.109492],[-96.255933,41.109492],[-96.255933,41.109492],[-96.255933,41.109492]],[[-96.255933,41.109492],[-96.255933,41.109492],[-96.255933,41.109492],[-96.255933,41.109492],[-96.255933,41.109492],[-96.255933,41.109492],[-96.255933,41.109492],[-96.255933,41.109492],[-96.255933,41.109492],[-96.255933,41.109492],[-96.255933,41.109492],[-96.255933,41.109492],[-96.255933,41.109492],[-96.255933,41.109492],[-96.255933,41.109492],[-96.255933,41.109492],[-96.255933,41.109492],[-96.255933,41.109492],[-96.255933,41.109492],[-96.255933,41.109492],[-96.255933,41.109491],[-96.255932,41.109491],[-96.255932,41.109491],[-96.255932,41.109491],[-96.255932,41.109491],[-96.255932,41.109491],[-96.255933,41.109491],[-96.255933,41.109491],[-96.255933,41.109491],[-96.255933,41.109491],[-96.255933,41.109491],[-96.255933,41.109491],[-96.255933,41.109491],[-96.255933,41.109491],[-96.255933,41.109491],[-96.255933,41.109491],[-96.255933,41.109491],[-96.255933,41.109491],[-96.255933,41.109491],[-96.255933,41.109491],[-96.255933,41.109491],[-96.255933,41.109491],[-96.255933,41.109491],[-96.255933,41.109491],[-96.255933,41.109491],[-96.255933,41.109491],[-96.255933,41.109491]],[[-96.255933,41.109491],[-96.255933,41.109491],[-96.255934,41.109491],[-96.255934,41.109491],[-96.255934,41.109491],[-96.255934,41.109491],[-96.255934,41.109491],[-96.255934,41.109491],[-96.255934,41.109491],[-96.255934,41.109491],[-96.255934,41.109491],[-96.255934,41.109491],[-96.255934,41.109491],[-96.255934,41.109491],[-96.255934,41.109491],[-96.255934,41.109491],[-96.255934,41.109491],[-96.255934,41.109491],[-96.255934,41.109491],[-96.255934,41.109491],[-96.255934,41.109491],[-96.255934,41.109491],[-96.255934,41.109491],[-96.255934,41.109491],[-96.255934,41.109491],[-96.255934,41.109491],[-96.255934,41.109492],[-96.255934,41.109492],[-96.255934,41.109492],[-96.255934,41.109492],[-96.255934,41.109492],[-96.255934,41.109492],[-96.255934,41.109492],[-96.255934,41.109492],[-96.255934,41.109492],[-96.255934,41.109492],[-96.255934,41.109492],[-96.255934,41.109492],[-96.255934,41.109492],[-96.255934,41.109492],[-96.255934,41.109492],[-96.255934,41.109492],[-96.255934,41.109492],[-96.255934,41.109492],[-96.255933,41.109492],[-96.255933,41.109492]],[[-96.255934,41.109537],[-96.255934,41.109537],[-96.255934,41.109537],[-96.255934,41.109537],[-96.255933,41.109537],[-96.255933,41.109537],[-96.255933,41.109537]],[[-96.255934,41.109537],[-96.255934,41.109537],[-96.255934,41.109537],[-96.255934,41.109537],[-96.255934,41.109537],[-96.255934,41.109537],[-96.255934,41.109537],[-96.255934,41.109537],[-96.255934,41.109537],[-96.255934,41.109537],[-96.255934,41.109537],[-96.255934,41.109537]],[[-96.255934,41.109536],[-96.255934,41.109536],[-96.255934,41.109536],[-96.255934,41.109536],[-96.255934,41.109536],[-96.255934,41.109536],[-96.255934,41.109536],[-96.255934,41.109536],[-96.255934,41.109536],[-96.255934,41.109536],[-96.255934,41.109536],[-96.255934,41.109536]],[[-96.255934,41.109536],[-96.255934,41.109536],[-96.255934,41.109536],[-96.255934,41.109536],[-96.255934,41.109536],[-96.255934,41.109536],[-96.255934,41.109536],[-96.255934,41.109536],[-96.255934,41.109536],[-96.255934,41.109536],[-96.255934,41.109536],[-96.255934,41.109536]],[[-96.255933,41.109536],[-96.255933,41.109536],[-96.255933,41.109536],[-96.255934,41.109536],[-96.255934,41.109536],[-96.255934,41.109536],[-96.255934,41.109536]],[[-96.255933,41.109536],[-96.255933,41.109536],[-96.255933,41.109536],[-96.255933,41.109536],[-96.255933,41.109536],[-96.255933,41.109536],[-96.255933,41.109536]],[[-96.255933,41.109536],[-96.255933,41.109536],[-96.255933,41.109536],[-96.255933,41.109536],[-96.255933,41.109536],[-96.255933,41.109536],[-96.255933,41.109536],[-96.255933,41.109536],[-96.255933,41.109536],[-96.255933,41.109536],[-96.255933,41.109536],[-96.255933,41.109536]],[[-96.255933,41.109536],[-96.255933,41.109536],[-96.255933,41.109536],[-96.255932,41.109536],[-96.255932,41.109536],[-96.255932,41.109536],[-96.255932,41.109536],[-96.255932,41.109536],[-96.255932,41.109536],[-96.255933,41.109536],[-96.255933,41.109536],[-96.255933,41.109536]],[[-96.255933,41.109537],[-96.255933,41.109537],[-96.255933,41.109537],[-96.255933,41.109537],[-96.255933,41.109537],[-96.255933,41.109537],[-96.255933,41.109537],[-96.255933,41.109537],[-96.255933,41.109537],[-96.255933,41.109537],[-96.255933,41.109537],[-96.255933,41.109537]],[[-96.255933,41.109537],[-96.255933,41.109537],[-96.255933,41.109537],[-96.255933,41.109537],[-96.255933,41.109537],[-96.255933,41.109537],[-96.255933,41.109537]],[[-96.255933,41.109537],[-96.255933,41.109537],[-96.255933,41.109537],[-96.255933,41.109537],[-96.255933,41.109537],[-96.255933,41.109537],[-96.255933,41.109537],[-96.255933,41.109537],[-96.255933,41.109537],[-96.255933,41.109537],[-96.255933,41.109537],[-96.255933,41.109537],[-96.255933,41.109537],[-96.255933,41.109537],[-96.255933,41.109537],[-96.255933,41.109537],[-96.255933,41.109537],[-96.255933,41.109536],[-96.255933,41.109536],[-96.255933,41.109536],[-96.255933,41.109536],[-96.255932,41.109536],[-96.255932,41.109536],[-96.255932,41.109536],[-96.255932,41.109536],[-96.255932,41.109536],[-96.255933,41.109536],[-96.255933,41.109536],[-96.255933,41.109536],[-96.255933,41.109536],[-96.255933,41.109536],[-96.255933,41.109536],[-96.255933,41.109536],[-96.255933,41.109536],[-96.255933,41.109536],[-96.255933,41.109536],[-96.255933,41.109536],[-96.255933,41.109536],[-96.255933,41.109536],[-96.255933,41.109536],[-96.255933,41.109536],[-96.255933,41.109536],[-96.255933,41.109536],[-96.255933,41.109536],[-96.255933,41.109536],[-96.255933,41.109536],[-96.255933,41.109536]],[[-96.255933,41.109536],[-96.255933,41.109536],[-96.255934,41.109536],[-96.255934,41.109536],[-96.255934,41.109536],[-96.255934,41.109536],[-96.255934,41.109536],[-96.255934,41.109536],[-96.255934,41.109536],[-96.255934,41.109536],[-96.255934,41.109536],[-96.255934,41.109536],[-96.255934,41.109536],[-96.255934,41.109536],[-96.255934,41.109536],[-96.255934,41.109536],[-96.255934,41.109536],[-96.255934,41.109536],[-96.255934,41.109536],[-96.255934,41.109536],[-96.255934,41.109536],[-96.255934,41.109536],[-96.255934,41.109536],[-96.255934,41.109536],[-96.255934,41.109536],[-96.255934,41.109536],[-96.255934,41.109536],[-96.255934,41.109536],[-96.255934,41.109536],[-96.255934,41.109537],[-96.255934,41.109537],[-96.255934,41.109537],[-96.255934,41.109537],[-96.255934,41.109537],[-96.255934,41.109537],[-96.255934,41.109537],[-96.255934,41.109537],[-96.255934,41.109537],[-96.255934,41.109537],[-96.255934,41.109537],[-96.255934,41.109537],[-96.255934,41.109537],[-96.255934,41.109537],[-96.255934,41.109537],[-96.255933,41.109537],[-96.255933,41.109537]],[[-96.255926,41.109489],[-96.255923,41.109489]],[[-96.255923,41.109489],[-96.255923,41.109492]],[[-96.255923,41.109492],[-96.255926,41.109492]],[[-96.255926,41.109492],[-96.255926,41.109489]],[[-96.255923,41.109535],[-96.255923,41.109539]],[[-96.255923,41.109539],[-96.255926,41.109539]],[[-96.255926,41.109539],[-96.255926,41.109536]],[[-96.255926,41.109536],[-96.255923,41.109535]]]}},{"type":"Feature","properties":{"type":"drawing","level":"LEVEL 1","Layer":"A-DOOR","source":"LEVEL_1.dxf","SubClasses":"AcDbEntity:AcDbBlockReference","EntityHandle":"114","interactive":false},"geometry":{"type":"MultiLineString","coordinates":[[[-96.255923,41.109472],[-96.255923,41.109429]],[[-96.255928,41.109429],[-96.255929,41.109429]],[[-96.255929,41.109429],[-96.255929,41.109473]],[[-96.255929,41.109473],[-96.255928,41.109473]],[[-96.255928,41.109473],[-96.255928,41.109429]],[[-96.255987,41.109429],[-96.255928,41.109429]],[[-96.255987,41.109473],[-96.255987,41.109429]],[[-96.255928,41.109473],[-96.255987,41.109473]],[[-96.255922,41.109429],[-96.255922,41.109429],[-96.255921,41.109429],[-96.255921,41.109429],[-96.255921,41.109429],[-96.255921,41.109429],[-96.255921,41.109429]],[[-96.255922,41.109428],[-96.255922,41.109428],[-96.255922,41.109429],[-96.255922,41.109429],[-96.255922,41.109429],[-96.255922,41.109429],[-96.255922,41.109429],[-96.255922,41.109429],[-96.255922,41.109429],[-96.255922,41.109429],[-96.255922,41.109429],[-96.255922,41.109429]],[[-96.255922,41.109428],[-96.255922,41.109428],[-96.255922,41.109428],[-96.255922,41.109428],[-96.255922,41.109428],[-96.255922,41.109428],[-96.255922,41.109428],[-96.255922,41.109428],[-96.255922,41.109428],[-96.255922,41.109428],[-96.255922,41.109428],[-96.255922,41.109428]],[[-96.255922,41.109428],[-96.255922,41.109428],[-96.255922,41.109428],[-96.255922,41.109428],[-96.255922,41.109428],[-96.255922,41.109428],[-96.255922,41.109428],[-96.255922,41.109428],[-96.255922,41.109428],[-96.255922,41.109428],[-96.255922,41.109428],[-96.255922,41.109428]],[[-96.255921,41.109427],[-96.255921,41.109427],[-96.255921,41.109427],[-96.255921,41.109427],[-96.255921,41.109427],[-96.255922,41.109427],[-96.255922,41.109428]],[[-96.255921,41.109428],[-96.255921,41.109427],[-96.255921,41.109427],[-96.255921,41.109427],[-96.255921,41.109427],[-96.255921,41.109427],[-96.255921,41.109427]],[[-96.25592,41.109428],[-96.25592,41.109428],[-96.25592,41.109428],[-96.255921,41.109428],[-96.255921,41.109428],[-96.255921,41.109428],[-96.255921,41.109428],[-96.255921,41.109428],[-96.255921,41.109428],[-96.255921,41.109428],[-96.255921,41.109428],[-96.255921,41.109428]],[[-96.25592,41.109428],[-96.25592,41.109428],[-96.25592,41.109428],[-96.25592,41.109428],[-96.25592,41.109428],[-96.25592,41.109428],[-96.25592,41.109428],[-96.25592,41.109428],[-96.25592,41.109428],[-96.25592,41.109428],[-96.25592,41.109428],[-96.25592,41.109428]],[[-96.255921,41.109429],[-96.255921,41.109429],[-96.255921,41.109429],[-96.255921,41.109429],[-96.255921,41.109429],[-96.255921,41.109429],[-96.255921,41.109429],[-96.255921,41.109429],[-96.255921,41.109429],[-96.25592,41.109429],[-96.25592,41.109428],[-96.25592,41.109428]],[[-96.255921,41.109429],[-96.255921,41.109429],[-96.255921,41.109429],[-96.255921,41.109429],[-96.255921,41.109429],[-96.255921,41.109429],[-96.255921,41.109429]],[[-96.255921,41.109427],[-96.255921,41.109427],[-96.255921,41.109427],[-96.255921,41.109427],[-96.255921,41.109427],[-96.255922,41.109428],[-96.255922,41.109428],[-96.255922,41.109428],[-96.255922,41.109428],[-96.255922,41.109428],[-96.255922,41.109428],[-96.255922,41.109428],[-96.255922,41.109428],[-96.255922,41.109428],[-96.255922,41.109428],[-96.255922,41.109428],[-96.255922,41.109428],[-96.255922,41.109428],[-96.255922,41.109428],[-96.255922,41.109428],[-96.255922,41.109428],[-96.255922,41.109428],[-96.255922,41.109428],[-96.255922,41.109428],[-96.255922,41.109428],[-96.255922,41.109428],[-96.255922,41.109428],[-96.255922,41.109428],[-96.255922,41.109428],[-96.255922,41.109428],[-96.255922,41.109428],[-96.255922,41.109429],[-96.255922,41.109429],[-96.255922,41.109429],[-96.255922,41.109429],[-96.255922,41.109429],[-96.255922,41.109429],[-96.255922,41.109429],[-96.255922,41.109429],[-96.255922,41.109429],[-96.255922,41.109429],[-96.255921,41.109429],[-96.255921,41.109429],[-96.255921,41.109429],[-96.255921,41.109429],[-96.255921,41.109429]],[[-96.255921,41.109429],[-96.255921,41.109429],[-96.255921,41.109429],[-96.255921,41.109429],[-96.255921,41.109429],[-96.255921,41.109429],[-96.255921,41.109429],[-96.255921,41.109429],[-96.255921,41.109429],[-96.255921,41.109429],[-96.255921,41.109429],[-96.255921,41.109429],[-96.255921,41.109429],[-96.255921,41.109429],[-96.25592,41.109429],[-96.25592,41.109429],[-96.25592,41.109428],[-96.25592,41.109428],[-96.25592,41.109428],[-96.25592,41.109428],[-96.25592,41.109428],[-96.25592,41.109428],[-96.25592,41.109428],[-96.25592,41.109428],[-96.25592,41.109428],[-96.25592,41.109428],[-96.25592,41.109428],[-96.25592,41.109428],[-96.25592,41.109428],[-96.25592,41.109428],[-96.25592,41.109428],[-96.25592,41.109428],[-96.25592,41.109428],[-96.255921,41.109428],[-96.255921,41.109428],[-96.255921,41.109428],[-96.255921,41.109428],[-96.255921,41.109428],[-96.255921,41.109428],[-96.255921,41.109428],[-96.255921,41.109428],[-96.255921,41.109428],[-96.255921,41.109427],[-96.255921,41.109427],[-96.255921,41.109427],[-96.255921,41.109427],[-96.255921,41.109427]],[[-96.255922,41.109474],[-96.255922,41.109474],[-96.255921,41.109474],[-96.255921,41.109474],[-96.255921,41.109474],[-96.255921,41.109474],[-96.255921,41.109474]],[[-96.255922,41.109473],[-96.255922,41.109473],[-96.255922,41.109473],[-96.255922,41.109473],[-96.255922,41.109473],[-96.255922,41.109473],[-96.255922,41.109474],[-96.255922,41.109474],[-96.255922,41.109474],[-96.255922,41.109474],[-96.255922,41.109474],[-96.255922,41.109474]],[[-96.255922,41.109473],[-96.255922,41.109473],[-96.255922,41.109473],[-96.255922,41.109473],[-96.255922,41.109473],[-96.255922,41.109473],[-96.255922,41.109473],[-96.255922,41.109473],[-96.255922,41.109473],[-96.255922,41.109473],[-96.255922,41.109473],[-96.255922,41.109473]],[[-96.255922,41.109472],[-96.255922,41.109472],[-96.255922,41.109472],[-96.255922,41.109472],[-96.255922,41.109472],[-96.255922,41.109473],[-96.255922,41.109473],[-96.255922,41.109473],[-96.255922,41.109473],[-96.255922,41.109473],[-96.255922,41.109473],[-96.255922,41.109473]],[[-96.255921,41.109472],[-96.255921,41.109472],[-96.255921,41.109472],[-96.255921,41.109472],[-96.255921,41.109472],[-96.255922,41.109472],[-96.255922,41.109472]],[[-96.255921,41.109472],[-96.255921,41.109472],[-96.255921,41.109472],[-96.255921,41.109472],[-96.255921,41.109472],[-96.255921,41.109472],[-96.255921,41.109472]],[[-96.25592,41.109473],[-96.25592,41.109473],[-96.25592,41.109473],[-96.255921,41.109473],[-96.255921,41.109473],[-96.255921,41.109473],[-96.255921,41.109473],[-96.255921,41.109472],[-96.255921,41.109472],[-96.255921,41.109472],[-96.255921,41.109472],[-96.255921,41.109472]],[[-96.25592,41.109473],[-96.25592,41.109473],[-96.25592,41.109473],[-96.25592,41.109473],[-96.25592,41.109473],[-96.25592,41.109473],[-96.25592,41.109473],[-96.25592,41.109473],[-96.25592,41.109473],[-96.25592,41.109473],[-96.25592,41.109473],[-96.25592,41.109473]],[[-96.255921,41.109474],[-96.255921,41.109474],[-96.255921,41.109474],[-96.255921,41.109474],[-96.255921,41.109474],[-96.255921,41.109474],[-96.255921,41.109473],[-96.255921,41.109473],[-96.255921,41.109473],[-96.25592,41.109473],[-96.25592,41.109473],[-96.25592,41.109473]],[[-96.255921,41.109474],[-96.255921,41.109474],[-96.255921,41.109474],[-96.255921,41.109474],[-96.255921,41.109474],[-96.255921,41.109474],[-96.255921,41.109474]],[[-96.255921,41.109472],[-96.255921,41.109472],[-96.255921,41.109472],[-96.255921,41.109472],[-96.255921,41.109472],[-96.255922,41.109472],[-96.255922,41.109472],[-96.255922,41.109472],[-96.255922,41.109472],[-96.255922,41.109472],[-96.255922,41.109472],[-96.255922,41.109473],[-96.255922,41.109473],[-96.255922,41.109473],[-96.255922,41.109473],[-96.255922,41.109473],[-96.255922,41.109473],[-96.255922,41.109473],[-96.255922,41.109473],[-96.255922,41.109473],[-96.255922,41.109473],[-96.255922,41.109473],[-96.255922,41.109473],[-96.255922,41.109473],[-96.255922,41.109473],[-96.255922,41.109473],[-96.255922,41.109473],[-96.255922,41.109473],[-96.255922,41.109473],[-96.255922,41.109473],[-96.255922,41.109473],[-96.255922,41.109473],[-96.255922,41.109473],[-96.255922,41.109473],[-96.255922,41.109474],[-96.255922,41.109474],[-96.255922,41.109474],[-96.255922,41.109474],[-96.255922,41.109474],[-96.255922,41.109474],[-96.255922,41.109474],[-96.255921,41.109474],[-96.255921,41.109474],[-96.255921,41.109474],[-96.255921,41.109474],[-96.255921,41.109474]],[[-96.255921,41.109474],[-96.255921,41.109474],[-96.255921,41.109474],[-96.255921,41.109474],[-96.255921,41.109474],[-96.255921,41.109474],[-96.255921,41.109474],[-96.255921,41.109474],[-96.255921,41.109474],[-96.255921,41.109474],[-96.255921,41.109474],[-96.255921,41.109474],[-96.255921,41.109473],[-96.255921,41.109473],[-96.25592,41.109473],[-96.25592,41.109473],[-96.25592,41.109473],[-96.25592,41.109473],[-96.25592,41.109473],[-96.25592,41.109473],[-96.25592,41.109473],[-96.25592,41.109473],[-96.25592,41.109473],[-96.25592,41.109473],[-96.25592,41.109473],[-96.25592,41.109473],[-96.25592,41.109473],[-96.25592,41.109473],[-96.25592,41.109473],[-96.25592,41.109473],[-96.25592,41.109473],[-96.25592,41.109473],[-96.25592,41.109473],[-96.255921,41.109473],[-96.255921,41.109473],[-96.255921,41.109473],[-96.255921,41.109472],[-96.255921,41.109472],[-96.255921,41.109472],[-96.255921,41.109472],[-96.255921,41.109472],[-96.255921,41.109472],[-96.255921,41.109472],[-96.255921,41.109472],[-96.255921,41.109472],[-96.255921,41.109472],[-96.255921,41.109472]],[[-96.255934,41.109429],[-96.255934,41.109429],[-96.255934,41.109429],[-96.255934,41.109429],[-96.255933,41.109429],[-96.255933,41.109429],[-96.255933,41.109429]],[[-96.255934,41.109428],[-96.255934,41.109428],[-96.255934,41.109429],[-96.255934,41.109429],[-96.255934,41.109429],[-96.255934,41.109429],[-96.255934,41.109429],[-96.255934,41.109429],[-96.255934,41.109429],[-96.255934,41.109429],[-96.255934,41.109429],[-96.255934,41.109429]],[[-96.255934,41.109428],[-96.255934,41.109428],[-96.255934,41.109428],[-96.255934,41.109428],[-96.255934,41.109428],[-96.255934,41.109428],[-96.255934,41.109428],[-96.255934,41.109428],[-96.255934,41.109428],[-96.255934,41.109428],[-96.255934,41.109428],[-96.255934,41.109428]],[[-96.255934,41.109428],[-96.255934,41.109428],[-96.255934,41.109428],[-96.255934,41.109428],[-96.255934,41.109428],[-96.255934,41.109428],[-96.255934,41.109428],[-96.255934,41.109428],[-96.255934,41.109428],[-96.255934,41.109428],[-96.255934,41.109428],[-96.255934,41.109428]],[[-96.255933,41.109427],[-96.255933,41.109427],[-96.255933,41.109427],[-96.255934,41.109427],[-96.255934,41.109427],[-96.255934,41.109427],[-96.255934,41.109428]],[[-96.255933,41.109428],[-96.255933,41.109427],[-96.255933,41.109427],[-96.255933,41.109427],[-96.255933,41.109427],[-96.255933,41.109427],[-96.255933,41.109427]],[[-96.255933,41.109428],[-96.255933,41.109428],[-96.255933,41.109428],[-96.255933,41.109428],[-96.255933,41.109428],[-96.255933,41.109428],[-96.255933,41.109428],[-96.255933,41.109428],[-96.255933,41.109428],[-96.255933,41.109428],[-96.255933,41.109428],[-96.255933,41.109428]],[[-96.255933,41.109428],[-96.255933,41.109428],[-96.255933,41.109428],[-96.255932,41.109428],[-96.255932,41.109428],[-96.255932,41.109428],[-96.255932,41.109428],[-96.255932,41.109428],[-96.255932,41.109428],[-96.255933,41.109428],[-96.255933,41.109428],[-96.255933,41.109428]],[[-96.255933,41.109429],[-96.255933,41.109429],[-96.255933,41.109429],[-96.255933,41.109429],[-96.255933,41.109429],[-96.255933,41.109429],[-96.255933,41.109429],[-96.255933,41.109429],[-96.255933,41.109429],[-96.255933,41.109429],[-96.255933,41.109428],[-96.255933,41.109428]],[[-96.255933,41.109429],[-96.255933,41.109429],[-96.255933,41.109429],[-96.255933,41.109429],[-96.255933,41.109429],[-96.255933,41.109429],[-96.255933,41.109429]],[[-96.255933,41.109429],[-96.255933,41.109429],[-96.255933,41.109429],[-96.255933,41.109429],[-96.255933,41.109429],[-96.255933,41.109429],[-96.255933,41.109429],[-96.255933,41.109429],[-96.255933,41.109429],[-96.255933,41.109429],[-96.255933,41.109429],[-96.255933,41.109429],[-96.255933,41.109429],[-96.255933,41.109429],[-96.255933,41.109429],[-96.255933,41.109429],[-96.255933,41.109428],[-96.255933,41.109428],[-96.255933,41.109428],[-96.255933,41.109428],[-96.255933,41.109428],[-96.255932,41.109428],[-96.255932,41.109428],[-96.255932,41.109428],[-96.255932,41.109428],[-96.255932,41.109428],[-96.255933,41.109428],[-96.255933,41.109428],[-96.255933,41.109428],[-96.255933,41.109428],[-96.255933,41.109428],[-96.255933,41.109428],[-96.255933,41.109428],[-96.255933,41.109428],[-96.255933,41.109428],[-96.255933,41.109428],[-96.255933,41.109428],[-96.255933,41.109428],[-96.255933,41.109428],[-96.255933,41.109428],[-96.255933,41.109428],[-96.255933,41.109428],[-96.255933,41.109427],[-96.255933,41.109427],[-96.255933,41.109427],[-96.255933,41.109427],[-96.255933,41.109427]],[[-96.255933,41.109427],[-96.255933,41.109427],[-96.255934,41.109427],[-96.255934,41.109427],[-96.255934,41.109427],[-96.255934,41.109428],[-96.255934,41.109428],[-96.255934,41.109428],[-96.255934,41.109428],[-96.255934,41.109428],[-96.255934,41.109428],[-96.255934,41.109428],[-96.255934,41.109428],[-96.255934,41.109428],[-96.255934,41.109428],[-96.255934,41.109428],[-96.255934,41.109428],[-96.255934,41.109428],[-96.255934,41.109428],[-96.255934,41.109428],[-96.255934,41.109428],[-96.255934,41.109428],[-96.255934,41.109428],[-96.255934,41.109428],[-96.255934,41.109428],[-96.255934,41.109428],[-96.255934,41.109428],[-96.255934,41.109428],[-96.255934,41.109428],[-96.255934,41.109428],[-96.255934,41.109428],[-96.255934,41.109429],[-96.255934,41.109429],[-96.255934,41.109429],[-96.255934,41.109429],[-96.255934,41.109429],[-96.255934,41.109429],[-96.255934,41.109429],[-96.255934,41.109429],[-96.255934,41.109429],[-96.255934,41.109429],[-96.255934,41.109429],[-96.255934,41.109429],[-96.255934,41.109429],[-96.255933,41.109429],[-96.255933,41.109429]],[[-96.255934,41.109474],[-96.255934,41.109474],[-96.255934,41.109474],[-96.255934,41.109474],[-96.255933,41.109474],[-96.255933,41.109474],[-96.255933,41.109474]],[[-96.255934,41.109473],[-96.255934,41.109473],[-96.255934,41.109473],[-96.255934,41.109473],[-96.255934,41.109473],[-96.255934,41.109473],[-96.255934,41.109474],[-96.255934,41.109474],[-96.255934,41.109474],[-96.255934,41.109474],[-96.255934,41.109474],[-96.255934,41.109474]],[[-96.255934,41.109473],[-96.255934,41.109473],[-96.255934,41.109473],[-96.255934,41.109473],[-96.255934,41.109473],[-96.255934,41.109473],[-96.255934,41.109473],[-96.255934,41.109473],[-96.255934,41.109473],[-96.255934,41.109473],[-96.255934,41.109473],[-96.255934,41.109473]],[[-96.255934,41.109472],[-96.255934,41.109472],[-96.255934,41.109472],[-96.255934,41.109472],[-96.255934,41.109472],[-96.255934,41.109473],[-96.255934,41.109473],[-96.255934,41.109473],[-96.255934,41.109473],[-96.255934,41.109473],[-96.255934,41.109473],[-96.255934,41.109473]],[[-96.255933,41.109472],[-96.255933,41.109472],[-96.255933,41.109472],[-96.255934,41.109472],[-96.255934,41.109472],[-96.255934,41.109472],[-96.255934,41.109472]],[[-96.255933,41.109472],[-96.255933,41.109472],[-96.255933,41.109472],[-96.255933,41.109472],[-96.255933,41.109472],[-96.255933,41.109472],[-96.255933,41.109472]],[[-96.255933,41.109473],[-96.255933,41.109473],[-96.255933,41.109473],[-96.255933,41.109473],[-96.255933,41.109473],[-96.255933,41.109473],[-96.255933,41.109473],[-96.255933,41.109472],[-96.255933,41.109472],[-96.255933,41.109472],[-96.255933,41.109472],[-96.255933,41.109472]],[[-96.255933,41.109473],[-96.255933,41.109473],[-96.255933,41.109473],[-96.255932,41.109473],[-96.255932,41.109473],[-96.255932,41.109473],[-96.255932,41.109473],[-96.255932,41.109473],[-96.255932,41.109473],[-96.255933,41.109473],[-96.255933,41.109473],[-96.255933,41.109473]],[[-96.255933,41.109474],[-96.255933,41.109474],[-96.255933,41.109474],[-96.255933,41.109474],[-96.255933,41.109474],[-96.255933,41.109474],[-96.255933,41.109473],[-96.255933,41.109473],[-96.255933,41.109473],[-96.255933,41.109473],[-96.255933,41.109473],[-96.255933,41.109473]],[[-96.255933,41.109474],[-96.255933,41.109474],[-96.255933,41.109474],[-96.255933,41.109474],[-96.255933,41.109474],[-96.255933,41.109474],[-96.255933,41.109474]],[[-96.255933,41.109474],[-96.255933,41.109474],[-96.255933,41.109474],[-96.255933,41.109474],[-96.255933,41.109474],[-96.255933,41.109474],[-96.255933,41.109474],[-96.255933,41.109474],[-96.255933,41.109474],[-96.255933,41.109474],[-96.255933,41.109474],[-96.255933,41.109474],[-96.255933,41.109473],[-96.255933,41.109473],[-96.255933,41.109473],[-96.255933,41.109473],[-96.255933,41.109473],[-96.255933,41.109473],[-96.255933,41.109473],[-96.255933,41.109473],[-96.255933,41.109473],[-96.255932,41.109473],[-96.255932,41.109473],[-96.255932,41.109473],[-96.255932,41.109473],[-96.255932,41.109473],[-96.255933,41.109473],[-96.255933,41.109473],[-96.255933,41.109473],[-96.255933,41.109473],[-96.255933,41.109473],[-96.255933,41.109473],[-96.255933,41.109473],[-96.255933,41.109473],[-96.255933,41.109473],[-96.255933,41.109473],[-96.255933,41.109472],[-96.255933,41.109472],[-96.255933,41.109472],[-96.255933,41.109472],[-96.255933,41.109472],[-96.255933,41.109472],[-96.255933,41.109472],[-96.255933,41.109472],[-96.255933,41.109472],[-96.255933,41.109472],[-96.255933,41.109472]],[[-96.255933,41.109472],[-96.255933,41.109472],[-96.255934,41.109472],[-96.255934,41.109472],[-96.255934,41.109472],[-96.255934,41.109472],[-96.255934,41.109472],[-96.255934,41.109472],[-96.255934,41.109472],[-96.255934,41.109472],[-96.255934,41.109472],[-96.255934,41.109473],[-96.255934,41.109473],[-96.255934,41.109473],[-96.255934,41.109473],[-96.255934,41.109473],[-96.255934,41.109473],[-96.255934,41.109473],[-96.255934,41.109473],[-96.255934,41.109473],[-96.255934,41.109473],[-96.255934,41.109473],[-96.255934,41.109473],[-96.255934,41.109473],[-96.255934,41.109473],[-96.255934,41.109473],[-96.255934,41.109473],[-96.255934,41.109473],[-96.255934,41.109473],[-96.255934,41.109473],[-96.255934,41.109473],[-96.255934,41.109473],[-96.255934,41.109473],[-96.255934,41.109473],[-96.255934,41.109474],[-96.255934,41.109474],[-96.255934,41.109474],[-96.255934,41.109474],[-96.255934,41.109474],[-96.255934,41.109474],[-96.255934,41.109474],[-96.255934,41.109474],[-96.255934,41.109474],[-96.255934,41.109474],[-96.255933,41.109474],[-96.255933,41.109474]],[[-96.255926,41.109426],[-96.255923,41.109426]],[[-96.255923,41.109426],[-96.255923,41.109429]],[[-96.255923,41.109429],[-96.255926,41.109429]],[[-96.255926,41.109429],[-96.255926,41.109426]],[[-96.255923,41.109472],[-96.255923,41.109475]],[[-96.255923,41.109475],[-96.255926,41.109475]],[[-96.255926,41.109475],[-96.255926,41.109473]],[[-96.255926,41.109473],[-96.255923,41.109472]]]}},{"type":"Feature","properties":{"type":"drawing","level":"LEVEL 1","Layer":"A-DOOR","source":"LEVEL_1.dxf","SubClasses":"AcDbEntity:AcDbBlockReference","EntityHandle":"115","interactive":false},"geometry":{"type":"MultiLineString","coordinates":[[[-96.255923,41.109403],[-96.255923,41.109361]],[[-96.255928,41.10936],[-96.255929,41.10936]],[[-96.255929,41.10936],[-96.255929,41.109404]],[[-96.255929,41.109404],[-96.255928,41.109404]],[[-96.255928,41.109404],[-96.255928,41.10936]],[[-96.255987,41.10936],[-96.255928,41.10936]],[[-96.255987,41.109404],[-96.255987,41.10936]],[[-96.255928,41.109404],[-96.255987,41.109404]],[[-96.255922,41.10936],[-96.255922,41.10936],[-96.255921,41.10936],[-96.255921,41.10936],[-96.255921,41.10936],[-96.255921,41.10936],[-96.255921,41.10936]],[[-96.255922,41.10936],[-96.255922,41.10936],[-96.255922,41.10936],[-96.255922,41.10936],[-96.255922,41.10936],[-96.255922,41.10936],[-96.255922,41.10936],[-96.255922,41.10936],[-96.255922,41.10936],[-96.255922,41.10936],[-96.255922,41.10936],[-96.255922,41.10936]],[[-96.255922,41.109359],[-96.255922,41.109359],[-96.255922,41.109359],[-96.255922,41.109359],[-96.255922,41.109359],[-96.255922,41.109359],[-96.255922,41.109359],[-96.255922,41.10936],[-96.255922,41.10936],[-96.255922,41.10936],[-96.255922,41.10936],[-96.255922,41.10936]],[[-96.255922,41.109359],[-96.255922,41.109359],[-96.255922,41.109359],[-96.255922,41.109359],[-96.255922,41.109359],[-96.255922,41.109359],[-96.255922,41.109359],[-96.255922,41.109359],[-96.255922,41.109359],[-96.255922,41.109359],[-96.255922,41.109359],[-96.255922,41.109359]],[[-96.255921,41.109359],[-96.255921,41.109359],[-96.255921,41.109359],[-96.255921,41.109359],[-96.255921,41.109359],[-96.255922,41.109359],[-96.255922,41.109359]],[[-96.255921,41.109359],[-96.255921,41.109359],[-96.255921,41.109359],[-96.255921,41.109359],[-96.255921,41.109359],[-96.255921,41.109359],[-96.255921,41.109359]],[[-96.25592,41.109359],[-96.25592,41.109359],[-96.25592,41.109359],[-96.255921,41.109359],[-96.255921,41.109359],[-96.255921,41.109359],[-96.255921,41.109359],[-96.255921,41.109359],[-96.255921,41.109359],[-96.255921,41.109359],[-96.255921,41.109359],[-96.255921,41.109359]],[[-96.25592,41.10936],[-96.25592,41.10936],[-96.25592,41.10936],[-96.25592,41.10936],[-96.25592,41.10936],[-96.25592,41.109359],[-96.25592,41.109359],[-96.25592,41.109359],[-96.25592,41.109359],[-96.25592,41.109359],[-96.25592,41.109359],[-96.25592,41.109359]],[[-96.255921,41.10936],[-96.255921,41.10936],[-96.255921,41.10936],[-96.255921,41.10936],[-96.255921,41.10936],[-96.255921,41.10936],[-96.255921,41.10936],[-96.255921,41.10936],[-96.255921,41.10936],[-96.25592,41.10936],[-96.25592,41.10936],[-96.25592,41.10936]],[[-96.255921,41.10936],[-96.255921,41.10936],[-96.255921,41.10936],[-96.255921,41.10936],[-96.255921,41.10936],[-96.255921,41.10936],[-96.255921,41.10936]],[[-96.255921,41.109359],[-96.255921,41.109359],[-96.255921,41.109359],[-96.255921,41.109359],[-96.255921,41.109359],[-96.255922,41.109359],[-96.255922,41.109359],[-96.255922,41.109359],[-96.255922,41.109359],[-96.255922,41.109359],[-96.255922,41.109359],[-96.255922,41.109359],[-96.255922,41.109359],[-96.255922,41.109359],[-96.255922,41.109359],[-96.255922,41.109359],[-96.255922,41.109359],[-96.255922,41.109359],[-96.255922,41.109359],[-96.255922,41.109359],[-96.255922,41.109359],[-96.255922,41.109359],[-96.255922,41.109359],[-96.255922,41.109359],[-96.255922,41.10936],[-96.255922,41.10936],[-96.255922,41.10936],[-96.255922,41.10936],[-96.255922,41.10936],[-96.255922,41.10936],[-96.255922,41.10936],[-96.255922,41.10936],[-96.255922,41.10936],[-96.255922,41.10936],[-96.255922,41.10936],[-96.255922,41.10936],[-96.255922,41.10936],[-96.255922,41.10936],[-96.255922,41.10936],[-96.255922,41.10936],[-96.255922,41.10936],[-96.255921,41.10936],[-96.255921,41.10936],[-96.255921,41.10936],[-96.255921,41.10936],[-96.255921,41.10936]],[[-96.255921,41.10936],[-96.255921,41.10936],[-96.255921,41.10936],[-96.255921,41.10936],[-96.255921,41.10936],[-96.255921,41.10936],[-96.255921,41.10936],[-96.255921,41.10936],[-96.255921,41.10936],[-96.255921,41.10936],[-96.255921,41.10936],[-96.255921,41.10936],[-96.255921,41.10936],[-96.255921,41.10936],[-96.25592,41.10936],[-96.25592,41.10936],[-96.25592,41.10936],[-96.25592,41.10936],[-96.25592,41.10936],[-96.25592,41.10936],[-96.25592,41.10936],[-96.25592,41.10936],[-96.25592,41.10936],[-96.25592,41.109359],[-96.25592,41.109359],[-96.25592,41.109359],[-96.25592,41.109359],[-96.25592,41.109359],[-96.25592,41.109359],[-96.25592,41.109359],[-96.25592,41.109359],[-96.25592,41.109359],[-96.25592,41.109359],[-96.255921,41.109359],[-96.255921,41.109359],[-96.255921,41.109359],[-96.255921,41.109359],[-96.255921,41.109359],[-96.255921,41.109359],[-96.255921,41.109359],[-96.255921,41.109359],[-96.255921,41.109359],[-96.255921,41.109359],[-96.255921,41.109359],[-96.255921,41.109359],[-96.255921,41.109359],[-96.255921,41.109359]],[[-96.255922,41.109405],[-96.255922,41.109405],[-96.255921,41.109405],[-96.255921,41.109405],[-96.255921,41.109405],[-96.255921,41.109405],[-96.255921,41.109405]],[[-96.255922,41.109405],[-96.255922,41.109405],[-96.255922,41.109405],[-96.255922,41.109405],[-96.255922,41.109405],[-96.255922,41.109405],[-96.255922,41.109405],[-96.255922,41.109405],[-96.255922,41.109405],[-96.255922,41.109405],[-96.255922,41.109405],[-96.255922,41.109405]],[[-96.255922,41.109404],[-96.255922,41.109404],[-96.255922,41.109404],[-96.255922,41.109404],[-96.255922,41.109404],[-96.255922,41.109404],[-96.255922,41.109404],[-96.255922,41.109404],[-96.255922,41.109404],[-96.255922,41.109404],[-96.255922,41.109405],[-96.255922,41.109405]],[[-96.255922,41.109404],[-96.255922,41.109404],[-96.255922,41.109404],[-96.255922,41.109404],[-96.255922,41.109404],[-96.255922,41.109404],[-96.255922,41.109404],[-96.255922,41.109404],[-96.255922,41.109404],[-96.255922,41.109404],[-96.255922,41.109404],[-96.255922,41.109404]],[[-96.255921,41.109404],[-96.255921,41.109404],[-96.255921,41.109404],[-96.255921,41.109404],[-96.255921,41.109404],[-96.255922,41.109404],[-96.255922,41.109404]],[[-96.255921,41.109404],[-96.255921,41.109404],[-96.255921,41.109404],[-96.255921,41.109404],[-96.255921,41.109404],[-96.255921,41.109404],[-96.255921,41.109404]],[[-96.25592,41.109404],[-96.25592,41.109404],[-96.25592,41.109404],[-96.255921,41.109404],[-96.255921,41.109404],[-96.255921,41.109404],[-96.255921,41.109404],[-96.255921,41.109404],[-96.255921,41.109404],[-96.255921,41.109404],[-96.255921,41.109404],[-96.255921,41.109404]],[[-96.25592,41.109405],[-96.25592,41.109405],[-96.25592,41.109404],[-96.25592,41.109404],[-96.25592,41.109404],[-96.25592,41.109404],[-96.25592,41.109404],[-96.25592,41.109404],[-96.25592,41.109404],[-96.25592,41.109404],[-96.25592,41.109404],[-96.25592,41.109404]],[[-96.255921,41.109405],[-96.255921,41.109405],[-96.255921,41.109405],[-96.255921,41.109405],[-96.255921,41.109405],[-96.255921,41.109405],[-96.255921,41.109405],[-96.255921,41.109405],[-96.255921,41.109405],[-96.25592,41.109405],[-96.25592,41.109405],[-96.25592,41.109405]],[[-96.255921,41.109405],[-96.255921,41.109405],[-96.255921,41.109405],[-96.255921,41.109405],[-96.255921,41.109405],[-96.255921,41.109405],[-96.255921,41.109405]],[[-96.255921,41.109404],[-96.255921,41.109404],[-96.255921,41.109404],[-96.255921,41.109404],[-96.255921,41.109404],[-96.255922,41.109404],[-96.255922,41.109404],[-96.255922,41.109404],[-96.255922,41.109404],[-96.255922,41.109404],[-96.255922,41.109404],[-96.255922,41.109404],[-96.255922,41.109404],[-96.255922,41.109404],[-96.255922,41.109404],[-96.255922,41.109404],[-96.255922,41.109404],[-96.255922,41.109404],[-96.255922,41.109404],[-96.255922,41.109404],[-96.255922,41.109404],[-96.255922,41.109404],[-96.255922,41.109404],[-96.255922,41.109404],[-96.255922,41.109404],[-96.255922,41.109404],[-96.255922,41.109405],[-96.255922,41.109405],[-96.255922,41.109405],[-96.255922,41.109405],[-96.255922,41.109405],[-96.255922,41.109405],[-96.255922,41.109405],[-96.255922,41.109405],[-96.255922,41.109405],[-96.255922,41.109405],[-96.255922,41.109405],[-96.255922,41.109405],[-96.255922,41.109405],[-96.255922,41.109405],[-96.255922,41.109405],[-96.255921,41.109405],[-96.255921,41.109405],[-96.255921,41.109405],[-96.255921,41.109405],[-96.255921,41.109405]],[[-96.255921,41.109405],[-96.255921,41.109405],[-96.255921,41.109405],[-96.255921,41.109405],[-96.255921,41.109405],[-96.255921,41.109405],[-96.255921,41.109405],[-96.255921,41.109405],[-96.255921,41.109405],[-96.255921,41.109405],[-96.255921,41.109405],[-96.255921,41.109405],[-96.255921,41.109405],[-96.255921,41.109405],[-96.25592,41.109405],[-96.25592,41.109405],[-96.25592,41.109405],[-96.25592,41.109405],[-96.25592,41.109405],[-96.25592,41.109405],[-96.25592,41.109404],[-96.25592,41.109404],[-96.25592,41.109404],[-96.25592,41.109404],[-96.25592,41.109404],[-96.25592,41.109404],[-96.25592,41.109404],[-96.25592,41.109404],[-96.25592,41.109404],[-96.25592,41.109404],[-96.25592,41.109404],[-96.25592,41.109404],[-96.25592,41.109404],[-96.255921,41.109404],[-96.255921,41.109404],[-96.255921,41.109404],[-96.255921,41.109404],[-96.255921,41.109404],[-96.255921,41.109404],[-96.255921,41.109404],[-96.255921,41.109404],[-96.255921,41.109404],[-96.255921,41.109404],[-96.255921,41.109404],[-96.255921,41.109404],[-96.255921,41.109404],[-96.255921,41.109404]],[[-96.255934,41.10936],[-96.255934,41.10936],[-96.255934,41.10936],[-96.255934,41.10936],[-96.255933,41.10936],[-96.255933,41.10936],[-96.255933,41.10936]],[[-96.255934,41.10936],[-96.255934,41.10936],[-96.255934,41.10936],[-96.255934,41.10936],[-96.255934,41.10936],[-96.255934,41.10936],[-96.255934,41.10936],[-96.255934,41.10936],[-96.255934,41.10936],[-96.255934,41.10936],[-96.255934,41.10936],[-96.255934,41.10936]],[[-96.255934,41.109359],[-96.255934,41.109359],[-96.255934,41.109359],[-96.255934,41.109359],[-96.255934,41.109359],[-96.255934,41.109359],[-96.255934,41.109359],[-96.255934,41.10936],[-96.255934,41.10936],[-96.255934,41.10936],[-96.255934,41.10936],[-96.255934,41.10936]],[[-96.255934,41.109359],[-96.255934,41.109359],[-96.255934,41.109359],[-96.255934,41.109359],[-96.255934,41.109359],[-96.255934,41.109359],[-96.255934,41.109359],[-96.255934,41.109359],[-96.255934,41.109359],[-96.255934,41.109359],[-96.255934,41.109359],[-96.255934,41.109359]],[[-96.255933,41.109359],[-96.255933,41.109359],[-96.255933,41.109359],[-96.255934,41.109359],[-96.255934,41.109359],[-96.255934,41.109359],[-96.255934,41.109359]],[[-96.255933,41.109359],[-96.255933,41.109359],[-96.255933,41.109359],[-96.255933,41.109359],[-96.255933,41.109359],[-96.255933,41.109359],[-96.255933,41.109359]],[[-96.255933,41.109359],[-96.255933,41.109359],[-96.255933,41.109359],[-96.255933,41.109359],[-96.255933,41.109359],[-96.255933,41.109359],[-96.255933,41.109359],[-96.255933,41.109359],[-96.255933,41.109359],[-96.255933,41.109359],[-96.255933,41.109359],[-96.255933,41.109359]],[[-96.255933,41.10936],[-96.255933,41.10936],[-96.255933,41.10936],[-96.255932,41.10936],[-96.255932,41.10936],[-96.255932,41.109359],[-96.255932,41.109359],[-96.255932,41.109359],[-96.255932,41.109359],[-96.255933,41.109359],[-96.255933,41.109359],[-96.255933,41.109359]],[[-96.255933,41.10936],[-96.255933,41.10936],[-96.255933,41.10936],[-96.255933,41.10936],[-96.255933,41.10936],[-96.255933,41.10936],[-96.255933,41.10936],[-96.255933,41.10936],[-96.255933,41.10936],[-96.255933,41.10936],[-96.255933,41.10936],[-96.255933,41.10936]],[[-96.255933,41.10936],[-96.255933,41.10936],[-96.255933,41.10936],[-96.255933,41.10936],[-96.255933,41.10936],[-96.255933,41.10936],[-96.255933,41.10936]],[[-96.255933,41.10936],[-96.255933,41.10936],[-96.255933,41.10936],[-96.255933,41.10936],[-96.255933,41.10936],[-96.255933,41.10936],[-96.255933,41.10936],[-96.255933,41.10936],[-96.255933,41.10936],[-96.255933,41.10936],[-96.255933,41.10936],[-96.255933,41.10936],[-96.255933,41.10936],[-96.255933,41.10936],[-96.255933,41.10936],[-96.255933,41.10936],[-96.255933,41.10936],[-96.255933,41.10936],[-96.255933,41.10936],[-96.255933,41.10936],[-96.255933,41.10936],[-96.255932,41.10936],[-96.255932,41.10936],[-96.255932,41.109359],[-96.255932,41.109359],[-96.255932,41.109359],[-96.255933,41.109359],[-96.255933,41.109359],[-96.255933,41.109359],[-96.255933,41.109359],[-96.255933,41.109359],[-96.255933,41.109359],[-96.255933,41.109359],[-96.255933,41.109359],[-96.255933,41.109359],[-96.255933,41.109359],[-96.255933,41.109359],[-96.255933,41.109359],[-96.255933,41.109359],[-96.255933,41.109359],[-96.255933,41.109359],[-96.255933,41.109359],[-96.255933,41.109359],[-96.255933,41.109359],[-96.255933,41.109359],[-96.255933,41.109359],[-96.255933,41.109359]],[[-96.255933,41.109359],[-96.255933,41.109359],[-96.255934,41.109359],[-96.255934,41.109359],[-96.255934,41.109359],[-96.255934,41.109359],[-96.255934,41.109359],[-96.255934,41.109359],[-96.255934,41.109359],[-96.255934,41.109359],[-96.255934,41.109359],[-96.255934,41.109359],[-96.255934,41.109359],[-96.255934,41.109359],[-96.255934,41.109359],[-96.255934,41.109359],[-96.255934,41.109359],[-96.255934,41.109359],[-96.255934,41.109359],[-96.255934,41.109359],[-96.255934,41.109359],[-96.255934,41.109359],[-96.255934,41.109359],[-96.255934,41.109359],[-96.255934,41.10936],[-96.255934,41.10936],[-96.255934,41.10936],[-96.255934,41.10936],[-96.255934,41.10936],[-96.255934,41.10936],[-96.255934,41.10936],[-96.255934,41.10936],[-96.255934,41.10936],[-96.255934,41.10936],[-96.255934,41.10936],[-96.255934,41.10936],[-96.255934,41.10936],[-96.255934,41.10936],[-96.255934,41.10936],[-96.255934,41.10936],[-96.255934,41.10936],[-96.255934,41.10936],[-96.255934,41.10936],[-96.255934,41.10936],[-96.255933,41.10936],[-96.255933,41.10936]],[[-96.255934,41.109405],[-96.255934,41.109405],[-96.255934,41.109405],[-96.255934,41.109405],[-96.255933,41.109405],[-96.255933,41.109405],[-96.255933,41.109405]],[[-96.255934,41.109405],[-96.255934,41.109405],[-96.255934,41.109405],[-96.255934,41.109405],[-96.255934,41.109405],[-96.255934,41.109405],[-96.255934,41.109405],[-96.255934,41.109405],[-96.255934,41.109405],[-96.255934,41.109405],[-96.255934,41.109405],[-96.255934,41.109405]],[[-96.255934,41.109404],[-96.255934,41.109404],[-96.255934,41.109404],[-96.255934,41.109404],[-96.255934,41.109404],[-96.255934,41.109404],[-96.255934,41.109404],[-96.255934,41.109404],[-96.255934,41.109404],[-96.255934,41.109404],[-96.255934,41.109405],[-96.255934,41.109405]],[[-96.255934,41.109404],[-96.255934,41.109404],[-96.255934,41.109404],[-96.255934,41.109404],[-96.255934,41.109404],[-96.255934,41.109404],[-96.255934,41.109404],[-96.255934,41.109404],[-96.255934,41.109404],[-96.255934,41.109404],[-96.255934,41.109404],[-96.255934,41.109404]],[[-96.255933,41.109404],[-96.255933,41.109404],[-96.255933,41.109404],[-96.255934,41.109404],[-96.255934,41.109404],[-96.255934,41.109404],[-96.255934,41.109404]],[[-96.255933,41.109404],[-96.255933,41.109404],[-96.255933,41.109404],[-96.255933,41.109404],[-96.255933,41.109404],[-96.255933,41.109404],[-96.255933,41.109404]],[[-96.255933,41.109404],[-96.255933,41.109404],[-96.255933,41.109404],[-96.255933,41.109404],[-96.255933,41.109404],[-96.255933,41.109404],[-96.255933,41.109404],[-96.255933,41.109404],[-96.255933,41.109404],[-96.255933,41.109404],[-96.255933,41.109404],[-96.255933,41.109404]],[[-96.255933,41.109405],[-96.255933,41.109405],[-96.255933,41.109404],[-96.255932,41.109404],[-96.255932,41.109404],[-96.255932,41.109404],[-96.255932,41.109404],[-96.255932,41.109404],[-96.255932,41.109404],[-96.255933,41.109404],[-96.255933,41.109404],[-96.255933,41.109404]],[[-96.255933,41.109405],[-96.255933,41.109405],[-96.255933,41.109405],[-96.255933,41.109405],[-96.255933,41.109405],[-96.255933,41.109405],[-96.255933,41.109405],[-96.255933,41.109405],[-96.255933,41.109405],[-96.255933,41.109405],[-96.255933,41.109405],[-96.255933,41.109405]],[[-96.255933,41.109405],[-96.255933,41.109405],[-96.255933,41.109405],[-96.255933,41.109405],[-96.255933,41.109405],[-96.255933,41.109405],[-96.255933,41.109405]],[[-96.255933,41.109405],[-96.255933,41.109405],[-96.255933,41.109405],[-96.255933,41.109405],[-96.255933,41.109405],[-96.255933,41.109405],[-96.255933,41.109405],[-96.255933,41.109405],[-96.255933,41.109405],[-96.255933,41.109405],[-96.255933,41.109405],[-96.255933,41.109405],[-96.255933,41.109405],[-96.255933,41.109405],[-96.255933,41.109405],[-96.255933,41.109405],[-96.255933,41.109405],[-96.255933,41.109405],[-96.255933,41.109405],[-96.255933,41.109405],[-96.255933,41.109404],[-96.255932,41.109404],[-96.255932,41.109404],[-96.255932,41.109404],[-96.255932,41.109404],[-96.255932,41.109404],[-96.255933,41.109404],[-96.255933,41.109404],[-96.255933,41.109404],[-96.255933,41.109404],[-96.255933,41.109404],[-96.255933,41.109404],[-96.255933,41.109404],[-96.255933,41.109404],[-96.255933,41.109404],[-96.255933,41.109404],[-96.255933,41.109404],[-96.255933,41.109404],[-96.255933,41.109404],[-96.255933,41.109404],[-96.255933,41.109404],[-96.255933,41.109404],[-96.255933,41.109404],[-96.255933,41.109404],[-96.255933,41.109404],[-96.255933,41.109404],[-96.255933,41.109404]],[[-96.255933,41.109404],[-96.255933,41.109404],[-96.255934,41.109404],[-96.255934,41.109404],[-96.255934,41.109404],[-96.255934,41.109404],[-96.255934,41.109404],[-96.255934,41.109404],[-96.255934,41.109404],[-96.255934,41.109404],[-96.255934,41.109404],[-96.255934,41.109404],[-96.255934,41.109404],[-96.255934,41.109404],[-96.255934,41.109404],[-96.255934,41.109404],[-96.255934,41.109404],[-96.255934,41.109404],[-96.255934,41.109404],[-96.255934,41.109404],[-96.255934,41.109404],[-96.255934,41.109404],[-96.255934,41.109404],[-96.255934,41.109404],[-96.255934,41.109404],[-96.255934,41.109404],[-96.255934,41.109405],[-96.255934,41.109405],[-96.255934,41.109405],[-96.255934,41.109405],[-96.255934,41.109405],[-96.255934,41.109405],[-96.255934,41.109405],[-96.255934,41.109405],[-96.255934,41.109405],[-96.255934,41.109405],[-96.255934,41.109405],[-96.255934,41.109405],[-96.255934,41.109405],[-96.255934,41.109405],[-96.255934,41.109405],[-96.255934,41.109405],[-96.255934,41.109405],[-96.255934,41.109405],[-96.255933,41.109405],[-96.255933,41.109405]],[[-96.255926,41.109357],[-96.255923,41.109357]],[[-96.255923,41.109357],[-96.255923,41.109361]],[[-96.255923,41.109361],[-96.255926,41.10936]],[[-96.255926,41.10936],[-96.255926,41.109357]],[[-96.255923,41.109403],[-96.255923,41.109407]],[[-96.255923,41.109407],[-96.255926,41.109407]],[[-96.255926,41.109407],[-96.255926,41.109404]],[[-96.255926,41.109404],[-96.255923,41.109403]]]}},{"type":"Feature","properties":{"type":"drawing","level":"LEVEL 1","Layer":"A-DOOR","source":"LEVEL_1.dxf","SubClasses":"AcDbEntity:AcDbBlockReference","EntityHandle":"136","interactive":false},"geometry":{"type":"MultiLineString","coordinates":[[[-96.255915,41.109549],[-96.255915,41.109549],[-96.255915,41.109548],[-96.255915,41.109548],[-96.255915,41.109547],[-96.255915,41.109547],[-96.255916,41.109546],[-96.255916,41.109546],[-96.255916,41.109545],[-96.255917,41.109545],[-96.255917,41.109544],[-96.255918,41.109544],[-96.255918,41.109543],[-96.255919,41.109543],[-96.255919,41.109543],[-96.25592,41.109542],[-96.255921,41.109542],[-96.255921,41.109542],[-96.255922,41.109542],[-96.255923,41.109542],[-96.255924,41.109541],[-96.255924,41.109541],[-96.255925,41.109541],[-96.255926,41.109541]],[[-96.255926,41.109549],[-96.255915,41.109549]],[[-96.255915,41.109549],[-96.255915,41.109549]],[[-96.255915,41.109549],[-96.255926,41.109549]],[[-96.255926,41.109549],[-96.255926,41.109549]],[[-96.255915,41.109549],[-96.255915,41.109549],[-96.255915,41.109548],[-96.255915,41.109548],[-96.255915,41.109547],[-96.255915,41.109547],[-96.255916,41.109546],[-96.255916,41.109546],[-96.255916,41.109545],[-96.255917,41.109545],[-96.255917,41.109544],[-96.255918,41.109544],[-96.255918,41.109543],[-96.255919,41.109543],[-96.255919,41.109543],[-96.25592,41.109542],[-96.255921,41.109542],[-96.255921,41.109542],[-96.255922,41.109542],[-96.255923,41.109542],[-96.255924,41.109541],[-96.255924,41.109541],[-96.255925,41.109541],[-96.255926,41.109541]],[[-96.255926,41.109541],[-96.255926,41.109541]],[[-96.255926,41.109541],[-96.255926,41.109541]],[[-96.255927,41.109541],[-96.255926,41.109541]],[[-96.255927,41.109541],[-96.255927,41.109541]],[[-96.255928,41.109541],[-96.255927,41.109541]],[[-96.255928,41.109541],[-96.255928,41.109541]],[[-96.255926,41.109541],[-96.255928,41.109541]],[[-96.255926,41.109541],[-96.255926,41.109541]],[[-96.255928,41.10955],[-96.255926,41.10955]],[[-96.255928,41.109549],[-96.255928,41.10955]],[[-96.255927,41.109549],[-96.255928,41.109549]],[[-96.255927,41.109549],[-96.255927,41.109549]],[[-96.255926,41.109549],[-96.255927,41.109549]],[[-96.255926,41.109549],[-96.255926,41.109549]],[[-96.255926,41.109549],[-96.255926,41.109549]],[[-96.255926,41.10955],[-96.255926,41.109549]],[[-96.255915,41.109549],[-96.255915,41.109549]],[[-96.255926,41.109549],[-96.255915,41.109549]],[[-96.255915,41.109549],[-96.255926,41.109549]],[[-96.255926,41.109549],[-96.255926,41.109549]],[[-96.255915,41.109549],[-96.255915,41.109549],[-96.255915,41.109548],[-96.255915,41.109548],[-96.255915,41.109547],[-96.255915,41.109547],[-96.255916,41.109546],[-96.255916,41.109546],[-96.255916,41.109545],[-96.255917,41.109545],[-96.255917,41.109544],[-96.255918,41.109544],[-96.255918,41.109543],[-96.255919,41.109543],[-96.255919,41.109543],[-96.25592,41.109542],[-96.255921,41.109542],[-96.255921,41.109542],[-96.255922,41.109542],[-96.255923,41.109542],[-96.255924,41.109541],[-96.255924,41.109541],[-96.255925,41.109541],[-96.255926,41.109541]],[[-96.255915,41.109549],[-96.255915,41.109549],[-96.255915,41.109548],[-96.255915,41.109548],[-96.255915,41.109547],[-96.255915,41.109547],[-96.255916,41.109546],[-96.255916,41.109546],[-96.255916,41.109545],[-96.255917,41.109545],[-96.255917,41.109544],[-96.255918,41.109544],[-96.255918,41.109543],[-96.255919,41.109543],[-96.255919,41.109543],[-96.25592,41.109542],[-96.255921,41.109542],[-96.255921,41.109542],[-96.255922,41.109542],[-96.255923,41.109542],[-96.255924,41.109541],[-96.255924,41.109541],[-96.255925,41.109541],[-96.255926,41.109541]]]}},{"type":"Feature","properties":{"type":"drawing","level":"LEVEL 1","Layer":"A-DOOR","source":"LEVEL_1.dxf","SubClasses":"AcDbEntity:AcDbBlockReference","EntityHandle":"137","interactive":false},"geometry":{"type":"MultiLineString","coordinates":[[[-96.255951,41.109699],[-96.25595,41.109699],[-96.25595,41.109699],[-96.255949,41.109699],[-96.255948,41.109699],[-96.255947,41.109699],[-96.255947,41.109699],[-96.255946,41.109698],[-96.255945,41.109698],[-96.255945,41.109698],[-96.255944,41.109697],[-96.255944,41.109697],[-96.255943,41.109697],[-96.255943,41.109696],[-96.255942,41.109696],[-96.255942,41.109695],[-96.255941,41.109695],[-96.255941,41.109694],[-96.255941,41.109694],[-96.255941,41.109693],[-96.25594,41.109693],[-96.25594,41.109692],[-96.25594,41.109692],[-96.25594,41.109691]],[[-96.255951,41.109691],[-96.255951,41.109699]],[[-96.255951,41.109699],[-96.255951,41.109699]],[[-96.255951,41.109699],[-96.255951,41.109691]],[[-96.255951,41.109691],[-96.255951,41.109691]],[[-96.255951,41.109699],[-96.25595,41.109699],[-96.25595,41.109699],[-96.255949,41.109699],[-96.255948,41.109699],[-96.255947,41.109699],[-96.255947,41.109699],[-96.255946,41.109698],[-96.255945,41.109698],[-96.255945,41.109698],[-96.255944,41.109697],[-96.255944,41.109697],[-96.255943,41.109697],[-96.255943,41.109696],[-96.255942,41.109696],[-96.255942,41.109695],[-96.255941,41.109695],[-96.255941,41.109694],[-96.255941,41.109694],[-96.255941,41.109693],[-96.25594,41.109693],[-96.25594,41.109692],[-96.25594,41.109692],[-96.25594,41.109691]],[[-96.25594,41.109691],[-96.25594,41.109691]],[[-96.25594,41.109691],[-96.25594,41.109691]],[[-96.25594,41.10969],[-96.25594,41.109691]],[[-96.25594,41.10969],[-96.25594,41.10969]],[[-96.25594,41.109689],[-96.25594,41.10969]],[[-96.25594,41.109689],[-96.25594,41.109689]],[[-96.25594,41.109691],[-96.25594,41.109689]],[[-96.25594,41.109691],[-96.25594,41.109691]],[[-96.255952,41.109689],[-96.255952,41.109691]],[[-96.255951,41.109689],[-96.255952,41.109689]],[[-96.255951,41.10969],[-96.255951,41.109689]],[[-96.255951,41.10969],[-96.255951,41.10969]],[[-96.255951,41.109691],[-96.255951,41.10969]],[[-96.255951,41.109691],[-96.255951,41.109691]],[[-96.255951,41.109691],[-96.255951,41.109691]],[[-96.255952,41.109691],[-96.255951,41.109691]],[[-96.255951,41.109699],[-96.255951,41.109699]],[[-96.255951,41.109691],[-96.255951,41.109699]],[[-96.255951,41.109699],[-96.255951,41.109691]],[[-96.255951,41.109691],[-96.255951,41.109691]],[[-96.255951,41.109699],[-96.25595,41.109699],[-96.25595,41.109699],[-96.255949,41.109699],[-96.255948,41.109699],[-96.255947,41.109699],[-96.255947,41.109699],[-96.255946,41.109698],[-96.255945,41.109698],[-96.255945,41.109698],[-96.255944,41.109697],[-96.255944,41.109697],[-96.255943,41.109697],[-96.255943,41.109696],[-96.255942,41.109696],[-96.255942,41.109695],[-96.255941,41.109695],[-96.255941,41.109694],[-96.255941,41.109694],[-96.255941,41.109693],[-96.25594,41.109693],[-96.25594,41.109692],[-96.25594,41.109692],[-96.25594,41.109691]],[[-96.255951,41.109699],[-96.25595,41.109699],[-96.25595,41.109699],[-96.255949,41.109699],[-96.255948,41.109699],[-96.255947,41.109699],[-96.255947,41.109699],[-96.255946,41.109698],[-96.255945,41.109698],[-96.255945,41.109698],[-96.255944,41.109697],[-96.255944,41.109697],[-96.255943,41.109697],[-96.255943,41.109696],[-96.255942,41.109696],[-96.255942,41.109695],[-96.255941,41.109695],[-96.255941,41.109694],[-96.255941,41.109694],[-96.255941,41.109693],[-96.25594,41.109693],[-96.25594,41.109692],[-96.25594,41.109692],[-96.25594,41.109691]]]}},{"type":"Feature","properties":{"type":"drawing","level":"LEVEL 1","Layer":"A-DOOR","source":"LEVEL_1.dxf","SubClasses":"AcDbEntity:AcDbBlockReference","EntityHandle":"157","interactive":false},"geometry":{"type":"MultiLineString","coordinates":[[[-96.25594,41.109348],[-96.25594,41.109347],[-96.25594,41.109346],[-96.25594,41.109346],[-96.25594,41.109345],[-96.25594,41.109345],[-96.255941,41.109344],[-96.255941,41.109344],[-96.255941,41.109343],[-96.255942,41.109343],[-96.255942,41.109342],[-96.255943,41.109342],[-96.255943,41.109341],[-96.255944,41.109341],[-96.255944,41.109341],[-96.255945,41.10934],[-96.255946,41.10934],[-96.255946,41.10934],[-96.255947,41.10934],[-96.255948,41.10934],[-96.255948,41.109339],[-96.255949,41.109339],[-96.25595,41.109339],[-96.255951,41.109339]],[[-96.255951,41.109347],[-96.255951,41.109339]],[[-96.255951,41.109339],[-96.25595,41.109339]],[[-96.25595,41.109339],[-96.25595,41.109347]],[[-96.25595,41.109347],[-96.255951,41.109347]],[[-96.25594,41.109348],[-96.25594,41.109347],[-96.25594,41.109346],[-96.25594,41.109346],[-96.25594,41.109345],[-96.25594,41.109345],[-96.255941,41.109344],[-96.255941,41.109344],[-96.255941,41.109343],[-96.255942,41.109343],[-96.255942,41.109342],[-96.255943,41.109342],[-96.255943,41.109341],[-96.255944,41.109341],[-96.255944,41.109341],[-96.255945,41.10934],[-96.255946,41.10934],[-96.255946,41.10934],[-96.255947,41.10934],[-96.255948,41.10934],[-96.255948,41.109339],[-96.255949,41.109339],[-96.25595,41.109339],[-96.255951,41.109339]],[[-96.25594,41.109347],[-96.255939,41.109347]],[[-96.255939,41.109347],[-96.255939,41.10935]],[[-96.255939,41.10935],[-96.25594,41.10935]],[[-96.25594,41.10935],[-96.25594,41.109348]],[[-96.25594,41.109348],[-96.25594,41.109348]],[[-96.25594,41.109348],[-96.25594,41.109348]],[[-96.25594,41.109348],[-96.25594,41.109348]],[[-96.25594,41.109348],[-96.25594,41.109347]],[[-96.255951,41.109347],[-96.255951,41.109347]],[[-96.255951,41.109347],[-96.255951,41.109348]],[[-96.255951,41.109348],[-96.255951,41.109348]],[[-96.255951,41.109348],[-96.255951,41.109348]],[[-96.255951,41.109348],[-96.255951,41.109348]],[[-96.255951,41.109348],[-96.255951,41.10935]],[[-96.255951,41.10935],[-96.255951,41.10935]],[[-96.255951,41.10935],[-96.255951,41.109347]],[[-96.255951,41.109339],[-96.25595,41.109339]],[[-96.255951,41.109347],[-96.255951,41.109339]],[[-96.25595,41.109339],[-96.25595,41.109347]],[[-96.255951,41.109347],[-96.25595,41.109347]],[[-96.25594,41.109348],[-96.25594,41.109347],[-96.25594,41.109346],[-96.25594,41.109346],[-96.25594,41.109345],[-96.25594,41.109345],[-96.255941,41.109344],[-96.255941,41.109344],[-96.255941,41.109343],[-96.255942,41.109343],[-96.255942,41.109342],[-96.255943,41.109342],[-96.255943,41.109341],[-96.255944,41.109341],[-96.255944,41.109341],[-96.255945,41.10934],[-96.255946,41.10934],[-96.255946,41.10934],[-96.255947,41.10934],[-96.255948,41.10934],[-96.255948,41.109339],[-96.255949,41.109339],[-96.25595,41.109339],[-96.255951,41.109339]],[[-96.25594,41.109348],[-96.25594,41.109347],[-96.25594,41.109346],[-96.25594,41.109346],[-96.25594,41.109345],[-96.25594,41.109345],[-96.255941,41.109344],[-96.255941,41.109344],[-96.255941,41.109343],[-96.255942,41.109343],[-96.255942,41.109342],[-96.255943,41.109342],[-96.255943,41.109341],[-96.255944,41.109341],[-96.255944,41.109341],[-96.255945,41.10934],[-96.255946,41.10934],[-96.255946,41.10934],[-96.255947,41.10934],[-96.255948,41.10934],[-96.255948,41.109339],[-96.255949,41.109339],[-96.25595,41.109339],[-96.255951,41.109339]]]}},{"type":"Feature","properties":{"type":"drawing","level":"LEVEL 1","Layer":"A-DOOR","source":"LEVEL_1.dxf","SubClasses":"AcDbEntity:AcDbBlockReference","EntityHandle":"158","interactive":false},"geometry":{"type":"MultiLineString","coordinates":[[[-96.256391,41.109636],[-96.256391,41.109678]],[[-96.256386,41.109679],[-96.256386,41.109679]],[[-96.256386,41.109679],[-96.256386,41.109635]],[[-96.256386,41.109635],[-96.256386,41.109635]],[[-96.256386,41.109635],[-96.256386,41.109679]],[[-96.256328,41.109679],[-96.256386,41.109679]],[[-96.256328,41.109635],[-96.256328,41.109679]],[[-96.256386,41.109635],[-96.256328,41.109635]],[[-96.256393,41.109679],[-96.256393,41.109679],[-96.256393,41.109679],[-96.256393,41.109679],[-96.256393,41.109679],[-96.256393,41.109679],[-96.256393,41.109679]],[[-96.256393,41.109679],[-96.256393,41.109679],[-96.256393,41.109679],[-96.256393,41.109679],[-96.256393,41.109679],[-96.256393,41.109679],[-96.256393,41.109679],[-96.256393,41.109679],[-96.256393,41.109679],[-96.256393,41.109679],[-96.256393,41.109679],[-96.256393,41.109679]],[[-96.256393,41.10968],[-96.256393,41.10968],[-96.256393,41.10968],[-96.256393,41.10968],[-96.256393,41.10968],[-96.256393,41.10968],[-96.256393,41.10968],[-96.256393,41.109679],[-96.256393,41.109679],[-96.256393,41.109679],[-96.256393,41.109679],[-96.256393,41.109679]],[[-96.256393,41.10968],[-96.256393,41.10968],[-96.256393,41.10968],[-96.256393,41.10968],[-96.256393,41.10968],[-96.256393,41.10968],[-96.256393,41.10968],[-96.256393,41.10968],[-96.256393,41.10968],[-96.256393,41.10968],[-96.256393,41.10968],[-96.256393,41.10968]],[[-96.256393,41.10968],[-96.256393,41.10968],[-96.256393,41.10968],[-96.256393,41.10968],[-96.256393,41.10968],[-96.256393,41.10968],[-96.256393,41.10968]],[[-96.256394,41.10968],[-96.256394,41.10968],[-96.256394,41.10968],[-96.256394,41.10968],[-96.256394,41.10968],[-96.256393,41.10968],[-96.256393,41.10968]],[[-96.256394,41.10968],[-96.256394,41.10968],[-96.256394,41.10968],[-96.256394,41.10968],[-96.256394,41.10968],[-96.256394,41.10968],[-96.256394,41.10968],[-96.256394,41.10968],[-96.256394,41.10968],[-96.256394,41.10968],[-96.256394,41.10968],[-96.256394,41.10968]],[[-96.256394,41.109679],[-96.256394,41.109679],[-96.256394,41.109679],[-96.256394,41.109679],[-96.256394,41.109679],[-96.256394,41.10968],[-96.256394,41.10968],[-96.256394,41.10968],[-96.256394,41.10968],[-96.256394,41.10968],[-96.256394,41.10968],[-96.256394,41.10968]],[[-96.256394,41.109679],[-96.256394,41.109679],[-96.256394,41.109679],[-96.256394,41.109679],[-96.256394,41.109679],[-96.256394,41.109679],[-96.256394,41.109679],[-96.256394,41.109679],[-96.256394,41.109679],[-96.256394,41.109679],[-96.256394,41.109679],[-96.256394,41.109679]],[[-96.256393,41.109679],[-96.256393,41.109679],[-96.256394,41.109679],[-96.256394,41.109679],[-96.256394,41.109679],[-96.256394,41.109679],[-96.256394,41.109679]],[[-96.256393,41.10968],[-96.256393,41.10968],[-96.256393,41.10968],[-96.256393,41.10968],[-96.256393,41.10968],[-96.256393,41.10968],[-96.256393,41.10968],[-96.256393,41.10968],[-96.256393,41.10968],[-96.256393,41.10968],[-96.256393,41.10968],[-96.256393,41.10968],[-96.256393,41.10968],[-96.256393,41.10968],[-96.256393,41.10968],[-96.256393,41.10968],[-96.256393,41.10968],[-96.256393,41.10968],[-96.256393,41.10968],[-96.256393,41.10968],[-96.256393,41.10968],[-96.256393,41.10968],[-96.256393,41.10968],[-96.256393,41.10968],[-96.256393,41.109679],[-96.256393,41.109679],[-96.256393,41.109679],[-96.256393,41.109679],[-96.256393,41.109679],[-96.256393,41.109679],[-96.256393,41.109679],[-96.256393,41.109679],[-96.256393,41.109679],[-96.256393,41.109679],[-96.256393,41.109679],[-96.256393,41.109679],[-96.256393,41.109679],[-96.256393,41.109679],[-96.256393,41.109679],[-96.256393,41.109679],[-96.256393,41.109679],[-96.256393,41.109679],[-96.256393,41.109679],[-96.256393,41.109679],[-96.256393,41.109679],[-96.256393,41.109679]],[[-96.256393,41.109679],[-96.256393,41.109679],[-96.256394,41.109679],[-96.256394,41.109679],[-96.256394,41.109679],[-96.256394,41.109679],[-96.256394,41.109679],[-96.256394,41.109679],[-96.256394,41.109679],[-96.256394,41.109679],[-96.256394,41.109679],[-96.256394,41.109679],[-96.256394,41.109679],[-96.256394,41.109679],[-96.256394,41.109679],[-96.256394,41.109679],[-96.256394,41.109679],[-96.256394,41.109679],[-96.256394,41.109679],[-96.256394,41.109679],[-96.256394,41.109679],[-96.256394,41.109679],[-96.256394,41.109679],[-96.256394,41.10968],[-96.256394,41.10968],[-96.256394,41.10968],[-96.256394,41.10968],[-96.256394,41.10968],[-96.256394,41.10968],[-96.256394,41.10968],[-96.256394,41.10968],[-96.256394,41.10968],[-96.256394,41.10968],[-96.256394,41.10968],[-96.256394,41.10968],[-96.256394,41.10968],[-96.256394,41.10968],[-96.256394,41.10968],[-96.256394,41.10968],[-96.256394,41.10968],[-96.256394,41.10968],[-96.256394,41.10968],[-96.256394,41.10968],[-96.256394,41.10968],[-96.256394,41.10968],[-96.256393,41.10968],[-96.256393,41.10968]],[[-96.256393,41.109634],[-96.256393,41.109634],[-96.256393,41.109634],[-96.256393,41.109634],[-96.256393,41.109634],[-96.256393,41.109634],[-96.256393,41.109634]],[[-96.256393,41.109634],[-96.256393,41.109634],[-96.256393,41.109634],[-96.256393,41.109634],[-96.256393,41.109634],[-96.256393,41.109634],[-96.256393,41.109634],[-96.256393,41.109634],[-96.256393,41.109634],[-96.256393,41.109634],[-96.256393,41.109634],[-96.256393,41.109634]],[[-96.256393,41.109635],[-96.256393,41.109635],[-96.256393,41.109635],[-96.256393,41.109635],[-96.256393,41.109635],[-96.256393,41.109635],[-96.256393,41.109635],[-96.256393,41.109635],[-96.256393,41.109635],[-96.256393,41.109635],[-96.256393,41.109634],[-96.256393,41.109634]],[[-96.256393,41.109635],[-96.256393,41.109635],[-96.256393,41.109635],[-96.256393,41.109635],[-96.256393,41.109635],[-96.256393,41.109635],[-96.256393,41.109635],[-96.256393,41.109635],[-96.256393,41.109635],[-96.256393,41.109635],[-96.256393,41.109635],[-96.256393,41.109635]],[[-96.256393,41.109635],[-96.256393,41.109635],[-96.256393,41.109635],[-96.256393,41.109635],[-96.256393,41.109635],[-96.256393,41.109635],[-96.256393,41.109635]],[[-96.256394,41.109635],[-96.256394,41.109635],[-96.256394,41.109635],[-96.256394,41.109635],[-96.256394,41.109635],[-96.256393,41.109635],[-96.256393,41.109635]],[[-96.256394,41.109635],[-96.256394,41.109635],[-96.256394,41.109635],[-96.256394,41.109635],[-96.256394,41.109635],[-96.256394,41.109635],[-96.256394,41.109635],[-96.256394,41.109635],[-96.256394,41.109635],[-96.256394,41.109635],[-96.256394,41.109635],[-96.256394,41.109635]],[[-96.256394,41.109634],[-96.256394,41.109634],[-96.256394,41.109635],[-96.256394,41.109635],[-96.256394,41.109635],[-96.256394,41.109635],[-96.256394,41.109635],[-96.256394,41.109635],[-96.256394,41.109635],[-96.256394,41.109635],[-96.256394,41.109635],[-96.256394,41.109635]],[[-96.256394,41.109634],[-96.256394,41.109634],[-96.256394,41.109634],[-96.256394,41.109634],[-96.256394,41.109634],[-96.256394,41.109634],[-96.256394,41.109634],[-96.256394,41.109634],[-96.256394,41.109634],[-96.256394,41.109634],[-96.256394,41.109634],[-96.256394,41.109634]],[[-96.256393,41.109634],[-96.256393,41.109634],[-96.256394,41.109634],[-96.256394,41.109634],[-96.256394,41.109634],[-96.256394,41.109634],[-96.256394,41.109634]],[[-96.256393,41.109635],[-96.256393,41.109635],[-96.256393,41.109635],[-96.256393,41.109635],[-96.256393,41.109635],[-96.256393,41.109635],[-96.256393,41.109635],[-96.256393,41.109635],[-96.256393,41.109635],[-96.256393,41.109635],[-96.256393,41.109635],[-96.256393,41.109635],[-96.256393,41.109635],[-96.256393,41.109635],[-96.256393,41.109635],[-96.256393,41.109635],[-96.256393,41.109635],[-96.256393,41.109635],[-96.256393,41.109635],[-96.256393,41.109635],[-96.256393,41.109635],[-96.256393,41.109635],[-96.256393,41.109635],[-96.256393,41.109635],[-96.256393,41.109635],[-96.256393,41.109635],[-96.256393,41.109634],[-96.256393,41.109634],[-96.256393,41.109634],[-96.256393,41.109634],[-96.256393,41.109634],[-96.256393,41.109634],[-96.256393,41.109634],[-96.256393,41.109634],[-96.256393,41.109634],[-96.256393,41.109634],[-96.256393,41.109634],[-96.256393,41.109634],[-96.256393,41.109634],[-96.256393,41.109634],[-96.256393,41.109634],[-96.256393,41.109634],[-96.256393,41.109634],[-96.256393,41.109634],[-96.256393,41.109634],[-96.256393,41.109634]],[[-96.256393,41.109634],[-96.256393,41.109634],[-96.256394,41.109634],[-96.256394,41.109634],[-96.256394,41.109634],[-96.256394,41.109634],[-96.256394,41.109634],[-96.256394,41.109634],[-96.256394,41.109634],[-96.256394,41.109634],[-96.256394,41.109634],[-96.256394,41.109634],[-96.256394,41.109634],[-96.256394,41.109634],[-96.256394,41.109634],[-96.256394,41.109634],[-96.256394,41.109634],[-96.256394,41.109634],[-96.256394,41.109634],[-96.256394,41.109634],[-96.256394,41.109635],[-96.256394,41.109635],[-96.256394,41.109635],[-96.256394,41.109635],[-96.256394,41.109635],[-96.256394,41.109635],[-96.256394,41.109635],[-96.256394,41.109635],[-96.256394,41.109635],[-96.256394,41.109635],[-96.256394,41.109635],[-96.256394,41.109635],[-96.256394,41.109635],[-96.256394,41.109635],[-96.256394,41.109635],[-96.256394,41.109635],[-96.256394,41.109635],[-96.256394,41.109635],[-96.256394,41.109635],[-96.256394,41.109635],[-96.256394,41.109635],[-96.256394,41.109635],[-96.256394,41.109635],[-96.256394,41.109635],[-96.256394,41.109635],[-96.256393,41.109635],[-96.256393,41.109635]],[[-96.256381,41.109679],[-96.256381,41.109679],[-96.256381,41.109679],[-96.256381,41.109679],[-96.256381,41.109679],[-96.256381,41.109679],[-96.256381,41.109679]],[[-96.25638,41.109679],[-96.25638,41.109679],[-96.25638,41.109679],[-96.256381,41.109679],[-96.256381,41.109679],[-96.256381,41.109679],[-96.256381,41.109679],[-96.256381,41.109679],[-96.256381,41.109679],[-96.256381,41.109679],[-96.256381,41.109679],[-96.256381,41.109679]],[[-96.25638,41.10968],[-96.25638,41.10968],[-96.25638,41.10968],[-96.25638,41.10968],[-96.25638,41.10968],[-96.25638,41.10968],[-96.25638,41.10968],[-96.25638,41.109679],[-96.25638,41.109679],[-96.25638,41.109679],[-96.25638,41.109679],[-96.25638,41.109679]],[[-96.256381,41.10968],[-96.256381,41.10968],[-96.256381,41.10968],[-96.256381,41.10968],[-96.256381,41.10968],[-96.256381,41.10968],[-96.256381,41.10968],[-96.256381,41.10968],[-96.256381,41.10968],[-96.25638,41.10968],[-96.25638,41.10968],[-96.25638,41.10968]],[[-96.256381,41.10968],[-96.256381,41.10968],[-96.256381,41.10968],[-96.256381,41.10968],[-96.256381,41.10968],[-96.256381,41.10968],[-96.256381,41.10968]],[[-96.256382,41.10968],[-96.256382,41.10968],[-96.256381,41.10968],[-96.256381,41.10968],[-96.256381,41.10968],[-96.256381,41.10968],[-96.256381,41.10968]],[[-96.256382,41.10968],[-96.256382,41.10968],[-96.256382,41.10968],[-96.256382,41.10968],[-96.256382,41.10968],[-96.256382,41.10968],[-96.256382,41.10968],[-96.256382,41.10968],[-96.256382,41.10968],[-96.256382,41.10968],[-96.256382,41.10968],[-96.256382,41.10968]],[[-96.256382,41.109679],[-96.256382,41.109679],[-96.256382,41.109679],[-96.256382,41.109679],[-96.256382,41.109679],[-96.256382,41.10968],[-96.256382,41.10968],[-96.256382,41.10968],[-96.256382,41.10968],[-96.256382,41.10968],[-96.256382,41.10968],[-96.256382,41.10968]],[[-96.256382,41.109679],[-96.256382,41.109679],[-96.256382,41.109679],[-96.256382,41.109679],[-96.256382,41.109679],[-96.256382,41.109679],[-96.256382,41.109679],[-96.256382,41.109679],[-96.256382,41.109679],[-96.256382,41.109679],[-96.256382,41.109679],[-96.256382,41.109679]],[[-96.256381,41.109679],[-96.256381,41.109679],[-96.256381,41.109679],[-96.256381,41.109679],[-96.256381,41.109679],[-96.256382,41.109679],[-96.256382,41.109679]],[[-96.256381,41.109679],[-96.256381,41.109679],[-96.256381,41.109679],[-96.256381,41.109679],[-96.256382,41.109679],[-96.256382,41.109679],[-96.256382,41.109679],[-96.256382,41.109679],[-96.256382,41.109679],[-96.256382,41.109679],[-96.256382,41.109679],[-96.256382,41.109679],[-96.256382,41.109679],[-96.256382,41.109679],[-96.256382,41.109679],[-96.256382,41.109679],[-96.256382,41.109679],[-96.256382,41.109679],[-96.256382,41.109679],[-96.256382,41.109679],[-96.256382,41.109679],[-96.256382,41.109679],[-96.256382,41.109679],[-96.256382,41.10968],[-96.256382,41.10968],[-96.256382,41.10968],[-96.256382,41.10968],[-96.256382,41.10968],[-96.256382,41.10968],[-96.256382,41.10968],[-96.256382,41.10968],[-96.256382,41.10968],[-96.256382,41.10968],[-96.256382,41.10968],[-96.256382,41.10968],[-96.256382,41.10968],[-96.256382,41.10968],[-96.256382,41.10968],[-96.256382,41.10968],[-96.256382,41.10968],[-96.256382,41.10968],[-96.256382,41.10968],[-96.256382,41.10968],[-96.256381,41.10968],[-96.256381,41.10968],[-96.256381,41.10968],[-96.256381,41.10968]],[[-96.256381,41.10968],[-96.256381,41.10968],[-96.256381,41.10968],[-96.256381,41.10968],[-96.256381,41.10968],[-96.256381,41.10968],[-96.256381,41.10968],[-96.256381,41.10968],[-96.256381,41.10968],[-96.256381,41.10968],[-96.256381,41.10968],[-96.256381,41.10968],[-96.256381,41.10968],[-96.256381,41.10968],[-96.256381,41.10968],[-96.25638,41.10968],[-96.25638,41.10968],[-96.25638,41.10968],[-96.25638,41.10968],[-96.25638,41.10968],[-96.25638,41.10968],[-96.25638,41.10968],[-96.25638,41.10968],[-96.25638,41.10968],[-96.25638,41.109679],[-96.25638,41.109679],[-96.25638,41.109679],[-96.25638,41.109679],[-96.25638,41.109679],[-96.25638,41.109679],[-96.25638,41.109679],[-96.256381,41.109679],[-96.256381,41.109679],[-96.256381,41.109679],[-96.256381,41.109679],[-96.256381,41.109679],[-96.256381,41.109679],[-96.256381,41.109679],[-96.256381,41.109679],[-96.256381,41.109679],[-96.256381,41.109679],[-96.256381,41.109679],[-96.256381,41.109679],[-96.256381,41.109679],[-96.256381,41.109679],[-96.256381,41.109679]],[[-96.256381,41.109634],[-96.256381,41.109634],[-96.256381,41.109634],[-96.256381,41.109634],[-96.256381,41.109634],[-96.256381,41.109634],[-96.256381,41.109634]],[[-96.25638,41.109634],[-96.25638,41.109634],[-96.25638,41.109634],[-96.256381,41.109634],[-96.256381,41.109634],[-96.256381,41.109634],[-96.256381,41.109634],[-96.256381,41.109634],[-96.256381,41.109634],[-96.256381,41.109634],[-96.256381,41.109634],[-96.256381,41.109634]],[[-96.25638,41.109635],[-96.25638,41.109635],[-96.25638,41.109635],[-96.25638,41.109635],[-96.25638,41.109635],[-96.25638,41.109635],[-96.25638,41.109635],[-96.25638,41.109635],[-96.25638,41.109635],[-96.25638,41.109635],[-96.25638,41.109634],[-96.25638,41.109634]],[[-96.256381,41.109635],[-96.256381,41.109635],[-96.256381,41.109635],[-96.256381,41.109635],[-96.256381,41.109635],[-96.256381,41.109635],[-96.256381,41.109635],[-96.256381,41.109635],[-96.256381,41.109635],[-96.25638,41.109635],[-96.25638,41.109635],[-96.25638,41.109635]],[[-96.256381,41.109635],[-96.256381,41.109635],[-96.256381,41.109635],[-96.256381,41.109635],[-96.256381,41.109635],[-96.256381,41.109635],[-96.256381,41.109635]],[[-96.256382,41.109635],[-96.256382,41.109635],[-96.256381,41.109635],[-96.256381,41.109635],[-96.256381,41.109635],[-96.256381,41.109635],[-96.256381,41.109635]],[[-96.256382,41.109635],[-96.256382,41.109635],[-96.256382,41.109635],[-96.256382,41.109635],[-96.256382,41.109635],[-96.256382,41.109635],[-96.256382,41.109635],[-96.256382,41.109635],[-96.256382,41.109635],[-96.256382,41.109635],[-96.256382,41.109635],[-96.256382,41.109635]],[[-96.256382,41.109634],[-96.256382,41.109634],[-96.256382,41.109635],[-96.256382,41.109635],[-96.256382,41.109635],[-96.256382,41.109635],[-96.256382,41.109635],[-96.256382,41.109635],[-96.256382,41.109635],[-96.256382,41.109635],[-96.256382,41.109635],[-96.256382,41.109635]],[[-96.256382,41.109634],[-96.256382,41.109634],[-96.256382,41.109634],[-96.256382,41.109634],[-96.256382,41.109634],[-96.256382,41.109634],[-96.256382,41.109634],[-96.256382,41.109634],[-96.256382,41.109634],[-96.256382,41.109634],[-96.256382,41.109634],[-96.256382,41.109634]],[[-96.256381,41.109634],[-96.256381,41.109634],[-96.256381,41.109634],[-96.256381,41.109634],[-96.256381,41.109634],[-96.256382,41.109634],[-96.256382,41.109634]],[[-96.256381,41.109634],[-96.256381,41.109634],[-96.256381,41.109634],[-96.256381,41.109634],[-96.256382,41.109634],[-96.256382,41.109634],[-96.256382,41.109634],[-96.256382,41.109634],[-96.256382,41.109634],[-96.256382,41.109634],[-96.256382,41.109634],[-96.256382,41.109634],[-96.256382,41.109634],[-96.256382,41.109634],[-96.256382,41.109634],[-96.256382,41.109634],[-96.256382,41.109634],[-96.256382,41.109634],[-96.256382,41.109634],[-96.256382,41.109634],[-96.256382,41.109635],[-96.256382,41.109635],[-96.256382,41.109635],[-96.256382,41.109635],[-96.256382,41.109635],[-96.256382,41.109635],[-96.256382,41.109635],[-96.256382,41.109635],[-96.256382,41.109635],[-96.256382,41.109635],[-96.256382,41.109635],[-96.256382,41.109635],[-96.256382,41.109635],[-96.256382,41.109635],[-96.256382,41.109635],[-96.256382,41.109635],[-96.256382,41.109635],[-96.256382,41.109635],[-96.256382,41.109635],[-96.256382,41.109635],[-96.256382,41.109635],[-96.256382,41.109635],[-96.256382,41.109635],[-96.256381,41.109635],[-96.256381,41.109635],[-96.256381,41.109635],[-96.256381,41.109635]],[[-96.256381,41.109635],[-96.256381,41.109635],[-96.256381,41.109635],[-96.256381,41.109635],[-96.256381,41.109635],[-96.256381,41.109635],[-96.256381,41.109635],[-96.256381,41.109635],[-96.256381,41.109635],[-96.256381,41.109635],[-96.256381,41.109635],[-96.256381,41.109635],[-96.256381,41.109635],[-96.256381,41.109635],[-96.256381,41.109635],[-96.25638,41.109635],[-96.25638,41.109635],[-96.25638,41.109635],[-96.25638,41.109635],[-96.25638,41.109635],[-96.25638,41.109635],[-96.25638,41.109635],[-96.25638,41.109635],[-96.25638,41.109635],[-96.25638,41.109635],[-96.25638,41.109635],[-96.25638,41.109634],[-96.25638,41.109634],[-96.25638,41.109634],[-96.25638,41.109634],[-96.25638,41.109634],[-96.256381,41.109634],[-96.256381,41.109634],[-96.256381,41.109634],[-96.256381,41.109634],[-96.256381,41.109634],[-96.256381,41.109634],[-96.256381,41.109634],[-96.256381,41.109634],[-96.256381,41.109634],[-96.256381,41.109634],[-96.256381,41.109634],[-96.256381,41.109634],[-96.256381,41.109634],[-96.256381,41.109634],[-96.256381,41.109634]],[[-96.256389,41.109682],[-96.256391,41.109682]],[[-96.256391,41.109682],[-96.256391,41.109678]],[[-96.256391,41.109678],[-96.256389,41.109679]],[[-96.256389,41.109679],[-96.256389,41.109682]],[[-96.256391,41.109636],[-96.256391,41.109632]],[[-96.256391,41.109632],[-96.256389,41.109632]],[[-96.256389,41.109632],[-96.256389,41.109635]],[[-96.256389,41.109635],[-96.256391,41.109636]]]}},{"type":"Feature","properties":{"type":"drawing","level":"LEVEL 1","Layer":"A-DOOR","source":"LEVEL_1.dxf","SubClasses":"AcDbEntity:AcDbBlockReference","EntityHandle":"19C","interactive":false},"geometry":{"type":"MultiLineString","coordinates":[[[-96.256391,41.109567],[-96.256391,41.10961]],[[-96.256386,41.10961],[-96.256386,41.10961]],[[-96.256386,41.10961],[-96.256386,41.109566]],[[-96.256386,41.109566],[-96.256386,41.109566]],[[-96.256386,41.109566],[-96.256386,41.10961]],[[-96.256328,41.10961],[-96.256386,41.10961]],[[-96.256328,41.109566],[-96.256328,41.10961]],[[-96.256386,41.109566],[-96.256328,41.109566]],[[-96.256393,41.10961],[-96.256393,41.10961],[-96.256393,41.10961],[-96.256393,41.10961],[-96.256393,41.10961],[-96.256393,41.10961],[-96.256393,41.10961]],[[-96.256393,41.109611],[-96.256393,41.109611],[-96.256393,41.10961],[-96.256393,41.10961],[-96.256393,41.10961],[-96.256393,41.10961],[-96.256393,41.10961],[-96.256393,41.10961],[-96.256393,41.10961],[-96.256393,41.10961],[-96.256393,41.10961],[-96.256393,41.10961]],[[-96.256393,41.109611],[-96.256393,41.109611],[-96.256393,41.109611],[-96.256393,41.109611],[-96.256393,41.109611],[-96.256393,41.109611],[-96.256393,41.109611],[-96.256393,41.109611],[-96.256393,41.109611],[-96.256393,41.109611],[-96.256393,41.109611],[-96.256393,41.109611]],[[-96.256393,41.109611],[-96.256393,41.109611],[-96.256393,41.109611],[-96.256393,41.109611],[-96.256393,41.109611],[-96.256393,41.109611],[-96.256393,41.109611],[-96.256393,41.109611],[-96.256393,41.109611],[-96.256393,41.109611],[-96.256393,41.109611],[-96.256393,41.109611]],[[-96.256393,41.109612],[-96.256393,41.109612],[-96.256393,41.109612],[-96.256393,41.109612],[-96.256393,41.109612],[-96.256393,41.109612],[-96.256393,41.109611]],[[-96.256394,41.109611],[-96.256394,41.109612],[-96.256394,41.109612],[-96.256394,41.109612],[-96.256394,41.109612],[-96.256393,41.109612],[-96.256393,41.109612]],[[-96.256394,41.109611],[-96.256394,41.109611],[-96.256394,41.109611],[-96.256394,41.109611],[-96.256394,41.109611],[-96.256394,41.109611],[-96.256394,41.109611],[-96.256394,41.109611],[-96.256394,41.109611],[-96.256394,41.109611],[-96.256394,41.109611],[-96.256394,41.109611]],[[-96.256394,41.109611],[-96.256394,41.109611],[-96.256394,41.109611],[-96.256394,41.109611],[-96.256394,41.109611],[-96.256394,41.109611],[-96.256394,41.109611],[-96.256394,41.109611],[-96.256394,41.109611],[-96.256394,41.109611],[-96.256394,41.109611],[-96.256394,41.109611]],[[-96.256394,41.10961],[-96.256394,41.10961],[-96.256394,41.10961],[-96.256394,41.10961],[-96.256394,41.10961],[-96.256394,41.10961],[-96.256394,41.10961],[-96.256394,41.10961],[-96.256394,41.10961],[-96.256394,41.10961],[-96.256394,41.109611],[-96.256394,41.109611]],[[-96.256393,41.10961],[-96.256393,41.10961],[-96.256394,41.10961],[-96.256394,41.10961],[-96.256394,41.10961],[-96.256394,41.10961],[-96.256394,41.10961]],[[-96.256393,41.109612],[-96.256393,41.109612],[-96.256393,41.109612],[-96.256393,41.109612],[-96.256393,41.109612],[-96.256393,41.109611],[-96.256393,41.109611],[-96.256393,41.109611],[-96.256393,41.109611],[-96.256393,41.109611],[-96.256393,41.109611],[-96.256393,41.109611],[-96.256393,41.109611],[-96.256393,41.109611],[-96.256393,41.109611],[-96.256393,41.109611],[-96.256393,41.109611],[-96.256393,41.109611],[-96.256393,41.109611],[-96.256393,41.109611],[-96.256393,41.109611],[-96.256393,41.109611],[-96.256393,41.109611],[-96.256393,41.109611],[-96.256393,41.109611],[-96.256393,41.109611],[-96.256393,41.109611],[-96.256393,41.109611],[-96.256393,41.109611],[-96.256393,41.109611],[-96.256393,41.109611],[-96.256393,41.10961],[-96.256393,41.10961],[-96.256393,41.10961],[-96.256393,41.10961],[-96.256393,41.10961],[-96.256393,41.10961],[-96.256393,41.10961],[-96.256393,41.10961],[-96.256393,41.10961],[-96.256393,41.10961],[-96.256393,41.10961],[-96.256393,41.10961],[-96.256393,41.10961],[-96.256393,41.10961],[-96.256393,41.10961]],[[-96.256393,41.10961],[-96.256393,41.10961],[-96.256394,41.10961],[-96.256394,41.10961],[-96.256394,41.10961],[-96.256394,41.10961],[-96.256394,41.10961],[-96.256394,41.10961],[-96.256394,41.10961],[-96.256394,41.10961],[-96.256394,41.10961],[-96.256394,41.10961],[-96.256394,41.10961],[-96.256394,41.10961],[-96.256394,41.10961],[-96.256394,41.10961],[-96.256394,41.109611],[-96.256394,41.109611],[-96.256394,41.109611],[-96.256394,41.109611],[-96.256394,41.109611],[-96.256394,41.109611],[-96.256394,41.109611],[-96.256394,41.109611],[-96.256394,41.109611],[-96.256394,41.109611],[-96.256394,41.109611],[-96.256394,41.109611],[-96.256394,41.109611],[-96.256394,41.109611],[-96.256394,41.109611],[-96.256394,41.109611],[-96.256394,41.109611],[-96.256394,41.109611],[-96.256394,41.109611],[-96.256394,41.109611],[-96.256394,41.109611],[-96.256394,41.109611],[-96.256394,41.109611],[-96.256394,41.109611],[-96.256394,41.109611],[-96.256394,41.109611],[-96.256394,41.109612],[-96.256394,41.109612],[-96.256394,41.109612],[-96.256393,41.109612],[-96.256393,41.109612]],[[-96.256393,41.109565],[-96.256393,41.109565],[-96.256393,41.109565],[-96.256393,41.109565],[-96.256393,41.109565],[-96.256393,41.109565],[-96.256393,41.109565]],[[-96.256393,41.109566],[-96.256393,41.109566],[-96.256393,41.109566],[-96.256393,41.109566],[-96.256393,41.109566],[-96.256393,41.109566],[-96.256393,41.109565],[-96.256393,41.109565],[-96.256393,41.109565],[-96.256393,41.109565],[-96.256393,41.109565],[-96.256393,41.109565]],[[-96.256393,41.109566],[-96.256393,41.109566],[-96.256393,41.109566],[-96.256393,41.109566],[-96.256393,41.109566],[-96.256393,41.109566],[-96.256393,41.109566],[-96.256393,41.109566],[-96.256393,41.109566],[-96.256393,41.109566],[-96.256393,41.109566],[-96.256393,41.109566]],[[-96.256393,41.109567],[-96.256393,41.109567],[-96.256393,41.109567],[-96.256393,41.109567],[-96.256393,41.109567],[-96.256393,41.109566],[-96.256393,41.109566],[-96.256393,41.109566],[-96.256393,41.109566],[-96.256393,41.109566],[-96.256393,41.109566],[-96.256393,41.109566]],[[-96.256393,41.109567],[-96.256393,41.109567],[-96.256393,41.109567],[-96.256393,41.109567],[-96.256393,41.109567],[-96.256393,41.109567],[-96.256393,41.109567]],[[-96.256394,41.109567],[-96.256394,41.109567],[-96.256394,41.109567],[-96.256394,41.109567],[-96.256394,41.109567],[-96.256393,41.109567],[-96.256393,41.109567]],[[-96.256394,41.109566],[-96.256394,41.109566],[-96.256394,41.109566],[-96.256394,41.109566],[-96.256394,41.109566],[-96.256394,41.109566],[-96.256394,41.109566],[-96.256394,41.109567],[-96.256394,41.109567],[-96.256394,41.109567],[-96.256394,41.109567],[-96.256394,41.109567]],[[-96.256394,41.109566],[-96.256394,41.109566],[-96.256394,41.109566],[-96.256394,41.109566],[-96.256394,41.109566],[-96.256394,41.109566],[-96.256394,41.109566],[-96.256394,41.109566],[-96.256394,41.109566],[-96.256394,41.109566],[-96.256394,41.109566],[-96.256394,41.109566]],[[-96.256394,41.109565],[-96.256394,41.109565],[-96.256394,41.109565],[-96.256394,41.109565],[-96.256394,41.109565],[-96.256394,41.109565],[-96.256394,41.109566],[-96.256394,41.109566],[-96.256394,41.109566],[-96.256394,41.109566],[-96.256394,41.109566],[-96.256394,41.109566]],[[-96.256393,41.109565],[-96.256393,41.109565],[-96.256394,41.109565],[-96.256394,41.109565],[-96.256394,41.109565],[-96.256394,41.109565],[-96.256394,41.109565]],[[-96.256393,41.109567],[-96.256393,41.109567],[-96.256393,41.109567],[-96.256393,41.109567],[-96.256393,41.109567],[-96.256393,41.109567],[-96.256393,41.109567],[-96.256393,41.109567],[-96.256393,41.109567],[-96.256393,41.109567],[-96.256393,41.109566],[-96.256393,41.109566],[-96.256393,41.109566],[-96.256393,41.109566],[-96.256393,41.109566],[-96.256393,41.109566],[-96.256393,41.109566],[-96.256393,41.109566],[-96.256393,41.109566],[-96.256393,41.109566],[-96.256393,41.109566],[-96.256393,41.109566],[-96.256393,41.109566],[-96.256393,41.109566],[-96.256393,41.109566],[-96.256393,41.109566],[-96.256393,41.109566],[-96.256393,41.109566],[-96.256393,41.109566],[-96.256393,41.109566],[-96.256393,41.109566],[-96.256393,41.109566],[-96.256393,41.109566],[-96.256393,41.109566],[-96.256393,41.109565],[-96.256393,41.109565],[-96.256393,41.109565],[-96.256393,41.109565],[-96.256393,41.109565],[-96.256393,41.109565],[-96.256393,41.109565],[-96.256393,41.109565],[-96.256393,41.109565],[-96.256393,41.109565],[-96.256393,41.109565],[-96.256393,41.109565]],[[-96.256393,41.109565],[-96.256393,41.109565],[-96.256394,41.109565],[-96.256394,41.109565],[-96.256394,41.109565],[-96.256394,41.109565],[-96.256394,41.109565],[-96.256394,41.109565],[-96.256394,41.109565],[-96.256394,41.109565],[-96.256394,41.109565],[-96.256394,41.109565],[-96.256394,41.109566],[-96.256394,41.109566],[-96.256394,41.109566],[-96.256394,41.109566],[-96.256394,41.109566],[-96.256394,41.109566],[-96.256394,41.109566],[-96.256394,41.109566],[-96.256394,41.109566],[-96.256394,41.109566],[-96.256394,41.109566],[-96.256394,41.109566],[-96.256394,41.109566],[-96.256394,41.109566],[-96.256394,41.109566],[-96.256394,41.109566],[-96.256394,41.109566],[-96.256394,41.109566],[-96.256394,41.109566],[-96.256394,41.109566],[-96.256394,41.109566],[-96.256394,41.109566],[-96.256394,41.109566],[-96.256394,41.109566],[-96.256394,41.109567],[-96.256394,41.109567],[-96.256394,41.109567],[-96.256394,41.109567],[-96.256394,41.109567],[-96.256394,41.109567],[-96.256394,41.109567],[-96.256394,41.109567],[-96.256394,41.109567],[-96.256393,41.109567],[-96.256393,41.109567]],[[-96.256381,41.10961],[-96.256381,41.10961],[-96.256381,41.10961],[-96.256381,41.10961],[-96.256381,41.10961],[-96.256381,41.10961],[-96.256381,41.10961]],[[-96.25638,41.109611],[-96.25638,41.109611],[-96.25638,41.10961],[-96.256381,41.10961],[-96.256381,41.10961],[-96.256381,41.10961],[-96.256381,41.10961],[-96.256381,41.10961],[-96.256381,41.10961],[-96.256381,41.10961],[-96.256381,41.10961],[-96.256381,41.10961]],[[-96.25638,41.109611],[-96.25638,41.109611],[-96.25638,41.109611],[-96.25638,41.109611],[-96.25638,41.109611],[-96.25638,41.109611],[-96.25638,41.109611],[-96.25638,41.109611],[-96.25638,41.109611],[-96.25638,41.109611],[-96.25638,41.109611],[-96.25638,41.109611]],[[-96.256381,41.109611],[-96.256381,41.109611],[-96.256381,41.109611],[-96.256381,41.109611],[-96.256381,41.109611],[-96.256381,41.109611],[-96.256381,41.109611],[-96.256381,41.109611],[-96.256381,41.109611],[-96.25638,41.109611],[-96.25638,41.109611],[-96.25638,41.109611]],[[-96.256381,41.109612],[-96.256381,41.109612],[-96.256381,41.109612],[-96.256381,41.109612],[-96.256381,41.109612],[-96.256381,41.109612],[-96.256381,41.109611]],[[-96.256382,41.109611],[-96.256382,41.109612],[-96.256381,41.109612],[-96.256381,41.109612],[-96.256381,41.109612],[-96.256381,41.109612],[-96.256381,41.109612]],[[-96.256382,41.109611],[-96.256382,41.109611],[-96.256382,41.109611],[-96.256382,41.109611],[-96.256382,41.109611],[-96.256382,41.109611],[-96.256382,41.109611],[-96.256382,41.109611],[-96.256382,41.109611],[-96.256382,41.109611],[-96.256382,41.109611],[-96.256382,41.109611]],[[-96.256382,41.109611],[-96.256382,41.109611],[-96.256382,41.109611],[-96.256382,41.109611],[-96.256382,41.109611],[-96.256382,41.109611],[-96.256382,41.109611],[-96.256382,41.109611],[-96.256382,41.109611],[-96.256382,41.109611],[-96.256382,41.109611],[-96.256382,41.109611]],[[-96.256382,41.10961],[-96.256382,41.10961],[-96.256382,41.10961],[-96.256382,41.10961],[-96.256382,41.10961],[-96.256382,41.10961],[-96.256382,41.10961],[-96.256382,41.10961],[-96.256382,41.10961],[-96.256382,41.10961],[-96.256382,41.109611],[-96.256382,41.109611]],[[-96.256381,41.10961],[-96.256381,41.10961],[-96.256381,41.10961],[-96.256381,41.10961],[-96.256381,41.10961],[-96.256382,41.10961],[-96.256382,41.10961]],[[-96.256381,41.10961],[-96.256381,41.10961],[-96.256381,41.10961],[-96.256381,41.10961],[-96.256382,41.10961],[-96.256382,41.10961],[-96.256382,41.10961],[-96.256382,41.10961],[-96.256382,41.10961],[-96.256382,41.10961],[-96.256382,41.10961],[-96.256382,41.10961],[-96.256382,41.10961],[-96.256382,41.10961],[-96.256382,41.10961],[-96.256382,41.10961],[-96.256382,41.109611],[-96.256382,41.109611],[-96.256382,41.109611],[-96.256382,41.109611],[-96.256382,41.109611],[-96.256382,41.109611],[-96.256382,41.109611],[-96.256382,41.109611],[-96.256382,41.109611],[-96.256382,41.109611],[-96.256382,41.109611],[-96.256382,41.109611],[-96.256382,41.109611],[-96.256382,41.109611],[-96.256382,41.109611],[-96.256382,41.109611],[-96.256382,41.109611],[-96.256382,41.109611],[-96.256382,41.109611],[-96.256382,41.109611],[-96.256382,41.109611],[-96.256382,41.109611],[-96.256382,41.109611],[-96.256382,41.109611],[-96.256382,41.109611],[-96.256382,41.109611],[-96.256382,41.109612],[-96.256381,41.109612],[-96.256381,41.109612],[-96.256381,41.109612],[-96.256381,41.109612]],[[-96.256381,41.109612],[-96.256381,41.109612],[-96.256381,41.109612],[-96.256381,41.109612],[-96.256381,41.109612],[-96.256381,41.109611],[-96.256381,41.109611],[-96.256381,41.109611],[-96.256381,41.109611],[-96.256381,41.109611],[-96.256381,41.109611],[-96.256381,41.109611],[-96.256381,41.109611],[-96.256381,41.109611],[-96.256381,41.109611],[-96.25638,41.109611],[-96.25638,41.109611],[-96.25638,41.109611],[-96.25638,41.109611],[-96.25638,41.109611],[-96.25638,41.109611],[-96.25638,41.109611],[-96.25638,41.109611],[-96.25638,41.109611],[-96.25638,41.109611],[-96.25638,41.109611],[-96.25638,41.109611],[-96.25638,41.109611],[-96.25638,41.109611],[-96.25638,41.109611],[-96.25638,41.109611],[-96.256381,41.10961],[-96.256381,41.10961],[-96.256381,41.10961],[-96.256381,41.10961],[-96.256381,41.10961],[-96.256381,41.10961],[-96.256381,41.10961],[-96.256381,41.10961],[-96.256381,41.10961],[-96.256381,41.10961],[-96.256381,41.10961],[-96.256381,41.10961],[-96.256381,41.10961],[-96.256381,41.10961],[-96.256381,41.10961]],[[-96.256381,41.109565],[-96.256381,41.109565],[-96.256381,41.109565],[-96.256381,41.109565],[-96.256381,41.109565],[-96.256381,41.109565],[-96.256381,41.109565]],[[-96.25638,41.109566],[-96.25638,41.109566],[-96.25638,41.109566],[-96.256381,41.109566],[-96.256381,41.109566],[-96.256381,41.109566],[-96.256381,41.109565],[-96.256381,41.109565],[-96.256381,41.109565],[-96.256381,41.109565],[-96.256381,41.109565],[-96.256381,41.109565]],[[-96.25638,41.109566],[-96.25638,41.109566],[-96.25638,41.109566],[-96.25638,41.109566],[-96.25638,41.109566],[-96.25638,41.109566],[-96.25638,41.109566],[-96.25638,41.109566],[-96.25638,41.109566],[-96.25638,41.109566],[-96.25638,41.109566],[-96.25638,41.109566]],[[-96.256381,41.109567],[-96.256381,41.109567],[-96.256381,41.109567],[-96.256381,41.109567],[-96.256381,41.109567],[-96.256381,41.109566],[-96.256381,41.109566],[-96.256381,41.109566],[-96.256381,41.109566],[-96.25638,41.109566],[-96.25638,41.109566],[-96.25638,41.109566]],[[-96.256381,41.109567],[-96.256381,41.109567],[-96.256381,41.109567],[-96.256381,41.109567],[-96.256381,41.109567],[-96.256381,41.109567],[-96.256381,41.109567]],[[-96.256382,41.109567],[-96.256382,41.109567],[-96.256381,41.109567],[-96.256381,41.109567],[-96.256381,41.109567],[-96.256381,41.109567],[-96.256381,41.109567]],[[-96.256382,41.109566],[-96.256382,41.109566],[-96.256382,41.109566],[-96.256382,41.109566],[-96.256382,41.109566],[-96.256382,41.109566],[-96.256382,41.109566],[-96.256382,41.109567],[-96.256382,41.109567],[-96.256382,41.109567],[-96.256382,41.109567],[-96.256382,41.109567]],[[-96.256382,41.109566],[-96.256382,41.109566],[-96.256382,41.109566],[-96.256382,41.109566],[-96.256382,41.109566],[-96.256382,41.109566],[-96.256382,41.109566],[-96.256382,41.109566],[-96.256382,41.109566],[-96.256382,41.109566],[-96.256382,41.109566],[-96.256382,41.109566]],[[-96.256382,41.109565],[-96.256382,41.109565],[-96.256382,41.109565],[-96.256382,41.109565],[-96.256382,41.109565],[-96.256382,41.109565],[-96.256382,41.109566],[-96.256382,41.109566],[-96.256382,41.109566],[-96.256382,41.109566],[-96.256382,41.109566],[-96.256382,41.109566]],[[-96.256381,41.109565],[-96.256381,41.109565],[-96.256381,41.109565],[-96.256381,41.109565],[-96.256381,41.109565],[-96.256382,41.109565],[-96.256382,41.109565]],[[-96.256381,41.109565],[-96.256381,41.109565],[-96.256381,41.109565],[-96.256381,41.109565],[-96.256382,41.109565],[-96.256382,41.109565],[-96.256382,41.109565],[-96.256382,41.109565],[-96.256382,41.109565],[-96.256382,41.109565],[-96.256382,41.109565],[-96.256382,41.109565],[-96.256382,41.109566],[-96.256382,41.109566],[-96.256382,41.109566],[-96.256382,41.109566],[-96.256382,41.109566],[-96.256382,41.109566],[-96.256382,41.109566],[-96.256382,41.109566],[-96.256382,41.109566],[-96.256382,41.109566],[-96.256382,41.109566],[-96.256382,41.109566],[-96.256382,41.109566],[-96.256382,41.109566],[-96.256382,41.109566],[-96.256382,41.109566],[-96.256382,41.109566],[-96.256382,41.109566],[-96.256382,41.109566],[-96.256382,41.109566],[-96.256382,41.109566],[-96.256382,41.109566],[-96.256382,41.109566],[-96.256382,41.109566],[-96.256382,41.109567],[-96.256382,41.109567],[-96.256382,41.109567],[-96.256382,41.109567],[-96.256382,41.109567],[-96.256382,41.109567],[-96.256382,41.109567],[-96.256381,41.109567],[-96.256381,41.109567],[-96.256381,41.109567],[-96.256381,41.109567]],[[-96.256381,41.109567],[-96.256381,41.109567],[-96.256381,41.109567],[-96.256381,41.109567],[-96.256381,41.109567],[-96.256381,41.109567],[-96.256381,41.109567],[-96.256381,41.109567],[-96.256381,41.109567],[-96.256381,41.109567],[-96.256381,41.109566],[-96.256381,41.109566],[-96.256381,41.109566],[-96.256381,41.109566],[-96.256381,41.109566],[-96.25638,41.109566],[-96.25638,41.109566],[-96.25638,41.109566],[-96.25638,41.109566],[-96.25638,41.109566],[-96.25638,41.109566],[-96.25638,41.109566],[-96.25638,41.109566],[-96.25638,41.109566],[-96.25638,41.109566],[-96.25638,41.109566],[-96.25638,41.109566],[-96.25638,41.109566],[-96.25638,41.109566],[-96.25638,41.109566],[-96.25638,41.109566],[-96.256381,41.109566],[-96.256381,41.109566],[-96.256381,41.109566],[-96.256381,41.109565],[-96.256381,41.109565],[-96.256381,41.109565],[-96.256381,41.109565],[-96.256381,41.109565],[-96.256381,41.109565],[-96.256381,41.109565],[-96.256381,41.109565],[-96.256381,41.109565],[-96.256381,41.109565],[-96.256381,41.109565],[-96.256381,41.109565]],[[-96.256389,41.109613],[-96.256391,41.109613]],[[-96.256391,41.109613],[-96.256391,41.10961]],[[-96.256391,41.10961],[-96.256389,41.10961]],[[-96.256389,41.10961],[-96.256389,41.109613]],[[-96.256391,41.109567],[-96.256391,41.109564]],[[-96.256391,41.109564],[-96.256389,41.109564]],[[-96.256389,41.109564],[-96.256389,41.109566]],[[-96.256389,41.109566],[-96.256391,41.109567]]]}},{"type":"Feature","properties":{"type":"drawing","level":"LEVEL 1","Layer":"A-WALL","source":"LEVEL_1.dxf","SubClasses":"AcDbEntity:AcDbLine","EntityHandle":"19D","interactive":false},"geometry":{"type":"MultiLineString","coordinates":[[[-96.256199,41.109349],[-96.256199,41.109408]]]}},{"type":"Feature","properties":{"type":"drawing","level":"LEVEL 1","Layer":"A-WALL","source":"LEVEL_1.dxf","SubClasses":"AcDbEntity:AcDbLine","EntityHandle":"19E","interactive":false},"geometry":{"type":"MultiLineString","coordinates":[[[-96.256201,41.109407],[-96.256201,41.109349]]]}},{"type":"Feature","properties":{"type":"drawing","level":"LEVEL 1","Layer":"A-WALL","source":"LEVEL_1.dxf","SubClasses":"AcDbEntity:AcDbLine","EntityHandle":"19F","interactive":false},"geometry":{"type":"MultiLineString","coordinates":[[[-96.256201,41.109425],[-96.256345,41.109425]]]}},{"type":"Feature","properties":{"type":"drawing","level":"LEVEL 1","Layer":"A-WALL","source":"LEVEL_1.dxf","SubClasses":"AcDbEntity:AcDbLine","EntityHandle":"1A0","interactive":false},"geometry":{"type":"MultiLineString","coordinates":[[[-96.256345,41.109425],[-96.256345,41.109423]]]}},{"type":"Feature","properties":{"type":"drawing","level":"LEVEL 1","Layer":"A-WALL","source":"LEVEL_1.dxf","SubClasses":"AcDbEntity:AcDbLine","EntityHandle":"1A1","interactive":false},"geometry":{"type":"MultiLineString","coordinates":[[[-96.256345,41.109423],[-96.256291,41.109423]]]}},{"type":"Feature","properties":{"type":"drawing","level":"LEVEL 1","Layer":"A-WALL","source":"LEVEL_1.dxf","SubClasses":"AcDbEntity:AcDbLine","EntityHandle":"1A2","interactive":false},"geometry":{"type":"MultiLineString","coordinates":[[[-96.256289,41.109423],[-96.256212,41.109423]]]}},{"type":"Feature","properties":{"type":"drawing","level":"LEVEL 1","Layer":"A-WALL","source":"LEVEL_1.dxf","SubClasses":"AcDbEntity:AcDbLine","EntityHandle":"1A3","interactive":false},"geometry":{"type":"MultiLineString","coordinates":[[[-96.25621,41.109423],[-96.256201,41.109423]]]}},{"type":"Feature","properties":{"type":"drawing","level":"LEVEL 1","Layer":"A-WALL","source":"LEVEL_1.dxf","SubClasses":"AcDbEntity:AcDbLine","EntityHandle":"1A4","interactive":false},"geometry":{"type":"MultiLineString","coordinates":[[[-96.256201,41.109423],[-96.256201,41.109425]]]}},{"type":"Feature","properties":{"type":"drawing","level":"LEVEL 1","Layer":"A-WALL","source":"LEVEL_1.dxf","SubClasses":"AcDbEntity:AcDbLine","EntityHandle":"1A5","interactive":false},"geometry":{"type":"MultiLineString","coordinates":[[[-96.256357,41.109425],[-96.256386,41.109425]]]}},{"type":"Feature","properties":{"type":"drawing","level":"LEVEL 1","Layer":"A-WALL","source":"LEVEL_1.dxf","SubClasses":"AcDbEntity:AcDbLine","EntityHandle":"1A6","interactive":false},"geometry":{"type":"MultiLineString","coordinates":[[[-96.256386,41.109423],[-96.256381,41.109423]]]}},{"type":"Feature","properties":{"type":"drawing","level":"LEVEL 1","Layer":"A-WALL","source":"LEVEL_1.dxf","SubClasses":"AcDbEntity:AcDbLine","EntityHandle":"1A7","interactive":false},"geometry":{"type":"MultiLineString","coordinates":[[[-96.256379,41.109423],[-96.256357,41.109423]]]}},{"type":"Feature","properties":{"type":"drawing","level":"LEVEL 1","Layer":"A-WALL","source":"LEVEL_1.dxf","SubClasses":"AcDbEntity:AcDbLine","EntityHandle":"1A8","interactive":false},"geometry":{"type":"MultiLineString","coordinates":[[[-96.256357,41.109423],[-96.256357,41.109425]]]}},{"type":"Feature","properties":{"type":"drawing","level":"LEVEL 1","Layer":"A-WALL","source":"LEVEL_1.dxf","SubClasses":"AcDbEntity:AcDbLine","EntityHandle":"1A9","interactive":false},"geometry":{"type":"MultiLineString","coordinates":[[[-96.255928,41.109625],[-96.255938,41.109625]]]}},{"type":"Feature","properties":{"type":"drawing","level":"LEVEL 1","Layer":"A-WALL","source":"LEVEL_1.dxf","SubClasses":"AcDbEntity:AcDbLine","EntityHandle":"1AA","interactive":false},"geometry":{"type":"MultiLineString","coordinates":[[[-96.255938,41.109625],[-96.255938,41.109623]]]}},{"type":"Feature","properties":{"type":"drawing","level":"LEVEL 1","Layer":"A-WALL","source":"LEVEL_1.dxf","SubClasses":"AcDbEntity:AcDbLine","EntityHandle":"1AB","interactive":false},"geometry":{"type":"MultiLineString","coordinates":[[[-96.255938,41.109623],[-96.255928,41.109623]]]}},{"type":"Feature","properties":{"type":"drawing","level":"LEVEL 1","Layer":"A-WALL","source":"LEVEL_1.dxf","SubClasses":"AcDbEntity:AcDbLine","EntityHandle":"1AC","interactive":false},"geometry":{"type":"MultiLineString","coordinates":[[[-96.25595,41.109625],[-96.256365,41.109625]]]}},{"type":"Feature","properties":{"type":"drawing","level":"LEVEL 1","Layer":"A-WALL","source":"LEVEL_1.dxf","SubClasses":"AcDbEntity:AcDbLine","EntityHandle":"1AD","interactive":false},"geometry":{"type":"MultiLineString","coordinates":[[[-96.256365,41.109625],[-96.256365,41.109623]]]}},{"type":"Feature","properties":{"type":"drawing","level":"LEVEL 1","Layer":"A-WALL","source":"LEVEL_1.dxf","SubClasses":"AcDbEntity:AcDbLine","EntityHandle":"1AE","interactive":false},"geometry":{"type":"MultiLineString","coordinates":[[[-96.256365,41.109623],[-96.25595,41.109623]]]}},{"type":"Feature","properties":{"type":"drawing","level":"LEVEL 1","Layer":"A-WALL","source":"LEVEL_1.dxf","SubClasses":"AcDbEntity:AcDbLine","EntityHandle":"1AF","interactive":false},"geometry":{"type":"MultiLineString","coordinates":[[[-96.25595,41.109623],[-96.25595,41.109625]]]}},{"type":"Feature","properties":{"type":"drawing","level":"LEVEL 1","Layer":"A-WALL","source":"LEVEL_1.dxf","SubClasses":"AcDbEntity:AcDbLine","EntityHandle":"1B0","interactive":false},"geometry":{"type":"MultiLineString","coordinates":[[[-96.256377,41.109625],[-96.256386,41.109625]]]}},{"type":"Feature","properties":{"type":"drawing","level":"LEVEL 1","Layer":"A-WALL","source":"LEVEL_1.dxf","SubClasses":"AcDbEntity:AcDbLine","EntityHandle":"1B1","interactive":false},"geometry":{"type":"MultiLineString","coordinates":[[[-96.256386,41.109623],[-96.256377,41.109623]]]}},{"type":"Feature","properties":{"type":"drawing","level":"LEVEL 1","Layer":"A-WALL","source":"LEVEL_1.dxf","SubClasses":"AcDbEntity:AcDbLine","EntityHandle":"1B2","interactive":false},"geometry":{"type":"MultiLineString","coordinates":[[[-96.256377,41.109623],[-96.256377,41.109625]]]}},{"type":"Feature","properties":{"type":"drawing","level":"LEVEL 1","Layer":"A-DOOR","source":"LEVEL_1.dxf","SubClasses":"AcDbEntity:AcDbBlockReference","EntityHandle":"1B3","interactive":false},"geometry":{"type":"MultiLineString","coordinates":[[[-96.256376,41.109633],[-96.256375,41.109633],[-96.256375,41.109633],[-96.256374,41.109633],[-96.256373,41.109633],[-96.256372,41.109633],[-96.256372,41.109633],[-96.256371,41.109632],[-96.25637,41.109632],[-96.25637,41.109632],[-96.256369,41.109632],[-96.256369,41.109631],[-96.256368,41.109631],[-96.256368,41.10963],[-96.256367,41.10963],[-96.256367,41.109629],[-96.256366,41.109629],[-96.256366,41.109628],[-96.256366,41.109628],[-96.256366,41.109627],[-96.256365,41.109627],[-96.256365,41.109626],[-96.256365,41.109626],[-96.256365,41.109625]],[[-96.256376,41.109625],[-96.256376,41.109633]],[[-96.256376,41.109633],[-96.256376,41.109633]],[[-96.256376,41.109633],[-96.256376,41.109625]],[[-96.256376,41.109625],[-96.256376,41.109625]],[[-96.256376,41.109633],[-96.256375,41.109633],[-96.256375,41.109633],[-96.256374,41.109633],[-96.256373,41.109633],[-96.256372,41.109633],[-96.256372,41.109633],[-96.256371,41.109632],[-96.25637,41.109632],[-96.25637,41.109632],[-96.256369,41.109632],[-96.256369,41.109631],[-96.256368,41.109631],[-96.256368,41.10963],[-96.256367,41.10963],[-96.256367,41.109629],[-96.256366,41.109629],[-96.256366,41.109628],[-96.256366,41.109628],[-96.256366,41.109627],[-96.256365,41.109627],[-96.256365,41.109626],[-96.256365,41.109626],[-96.256365,41.109625]],[[-96.256365,41.109625],[-96.256365,41.109625]],[[-96.256365,41.109625],[-96.256365,41.109625]],[[-96.256365,41.109624],[-96.256365,41.109625]],[[-96.256365,41.109624],[-96.256365,41.109624]],[[-96.256365,41.109623],[-96.256365,41.109624]],[[-96.256365,41.109623],[-96.256365,41.109623]],[[-96.256365,41.109625],[-96.256365,41.109623]],[[-96.256365,41.109625],[-96.256365,41.109625]],[[-96.256377,41.109623],[-96.256377,41.109625]],[[-96.256376,41.109623],[-96.256377,41.109623]],[[-96.256376,41.109624],[-96.256376,41.109623]],[[-96.256376,41.109624],[-96.256376,41.109624]],[[-96.256376,41.109625],[-96.256376,41.109624]],[[-96.256376,41.109625],[-96.256376,41.109625]],[[-96.256376,41.109625],[-96.256376,41.109625]],[[-96.256377,41.109625],[-96.256376,41.109625]],[[-96.256376,41.109633],[-96.256376,41.109633]],[[-96.256376,41.109625],[-96.256376,41.109633]],[[-96.256376,41.109633],[-96.256376,41.109625]],[[-96.256376,41.109625],[-96.256376,41.109625]],[[-96.256376,41.109633],[-96.256375,41.109633],[-96.256375,41.109633],[-96.256374,41.109633],[-96.256373,41.109633],[-96.256372,41.109633],[-96.256372,41.109633],[-96.256371,41.109632],[-96.25637,41.109632],[-96.25637,41.109632],[-96.256369,41.109632],[-96.256369,41.109631],[-96.256368,41.109631],[-96.256368,41.10963],[-96.256367,41.10963],[-96.256367,41.109629],[-96.256366,41.109629],[-96.256366,41.109628],[-96.256366,41.109628],[-96.256366,41.109627],[-96.256365,41.109627],[-96.256365,41.109626],[-96.256365,41.109626],[-96.256365,41.109625]],[[-96.256376,41.109633],[-96.256375,41.109633],[-96.256375,41.109633],[-96.256374,41.109633],[-96.256373,41.109633],[-96.256372,41.109633],[-96.256372,41.109633],[-96.256371,41.109632],[-96.25637,41.109632],[-96.25637,41.109632],[-96.256369,41.109632],[-96.256369,41.109631],[-96.256368,41.109631],[-96.256368,41.10963],[-96.256367,41.10963],[-96.256367,41.109629],[-96.256366,41.109629],[-96.256366,41.109628],[-96.256366,41.109628],[-96.256366,41.109627],[-96.256365,41.109627],[-96.256365,41.109626],[-96.256365,41.109626],[-96.256365,41.109625]]]}},{"type":"Feature","properties":{"type":"drawing","level":"LEVEL 1","Layer":"A-DOOR","source":"LEVEL_1.dxf","SubClasses":"AcDbEntity:AcDbBlockReference","EntityHandle":"1B4","interactive":false},"geometry":{"type":"MultiLineString","coordinates":[[[-96.255949,41.109625],[-96.255949,41.109626],[-96.255949,41.109626],[-96.255949,41.109627],[-96.255949,41.109627],[-96.255949,41.109628],[-96.255949,41.109628],[-96.255948,41.109629],[-96.255948,41.109629],[-96.255948,41.10963],[-96.255947,41.10963],[-96.255947,41.109631],[-96.255946,41.109631],[-96.255945,41.109632],[-96.255945,41.109632],[-96.255944,41.109632],[-96.255944,41.109632],[-96.255943,41.109633],[-96.255942,41.109633],[-96.255942,41.109633],[-96.255941,41.109633],[-96.25594,41.109633],[-96.255939,41.109633],[-96.255939,41.109633]],[[-96.255939,41.109625],[-96.255939,41.109633]],[[-96.255939,41.109633],[-96.255939,41.109633]],[[-96.255939,41.109633],[-96.255939,41.109625]],[[-96.255939,41.109625],[-96.255939,41.109625]],[[-96.255949,41.109625],[-96.255949,41.109626],[-96.255949,41.109626],[-96.255949,41.109627],[-96.255949,41.109627],[-96.255949,41.109628],[-96.255949,41.109628],[-96.255948,41.109629],[-96.255948,41.109629],[-96.255948,41.10963],[-96.255947,41.10963],[-96.255947,41.109631],[-96.255946,41.109631],[-96.255945,41.109632],[-96.255945,41.109632],[-96.255944,41.109632],[-96.255944,41.109632],[-96.255943,41.109633],[-96.255942,41.109633],[-96.255942,41.109633],[-96.255941,41.109633],[-96.25594,41.109633],[-96.255939,41.109633],[-96.255939,41.109633]],[[-96.255949,41.109625],[-96.25595,41.109625]],[[-96.25595,41.109625],[-96.25595,41.109623]],[[-96.25595,41.109623],[-96.255949,41.109623]],[[-96.255949,41.109623],[-96.255949,41.109624]],[[-96.255949,41.109624],[-96.255949,41.109624]],[[-96.255949,41.109624],[-96.255949,41.109625]],[[-96.255949,41.109625],[-96.255949,41.109625]],[[-96.255949,41.109625],[-96.255949,41.109625]],[[-96.255938,41.109625],[-96.255939,41.109625]],[[-96.255939,41.109625],[-96.255939,41.109625]],[[-96.255939,41.109625],[-96.255939,41.109625]],[[-96.255939,41.109625],[-96.255939,41.109624]],[[-96.255939,41.109624],[-96.255939,41.109624]],[[-96.255939,41.109624],[-96.255939,41.109623]],[[-96.255939,41.109623],[-96.255938,41.109623]],[[-96.255938,41.109623],[-96.255938,41.109625]],[[-96.255939,41.109633],[-96.255939,41.109633]],[[-96.255939,41.109625],[-96.255939,41.109633]],[[-96.255939,41.109633],[-96.255939,41.109625]],[[-96.255939,41.109625],[-96.255939,41.109625]],[[-96.255949,41.109625],[-96.255949,41.109626],[-96.255949,41.109626],[-96.255949,41.109627],[-96.255949,41.109627],[-96.255949,41.109628],[-96.255949,41.109628],[-96.255948,41.109629],[-96.255948,41.109629],[-96.255948,41.10963],[-96.255947,41.10963],[-96.255947,41.109631],[-96.255946,41.109631],[-96.255945,41.109632],[-96.255945,41.109632],[-96.255944,41.109632],[-96.255944,41.109632],[-96.255943,41.109633],[-96.255942,41.109633],[-96.255942,41.109633],[-96.255941,41.109633],[-96.25594,41.109633],[-96.255939,41.109633],[-96.255939,41.109633]],[[-96.255949,41.109625],[-96.255949,41.109626],[-96.255949,41.109626],[-96.255949,41.109627],[-96.255949,41.109627],[-96.255949,41.109628],[-96.255949,41.109628],[-96.255948,41.109629],[-96.255948,41.109629],[-96.255948,41.10963],[-96.255947,41.10963],[-96.255947,41.109631],[-96.255946,41.109631],[-96.255945,41.109632],[-96.255945,41.109632],[-96.255944,41.109632],[-96.255944,41.109632],[-96.255943,41.109633],[-96.255942,41.109633],[-96.255942,41.109633],[-96.255941,41.109633],[-96.25594,41.109633],[-96.255939,41.109633],[-96.255939,41.109633]]]}},{"type":"Feature","properties":{"type":"drawing","level":"LEVEL 1","Layer":"A-WALL","source":"LEVEL_1.dxf","SubClasses":"AcDbEntity:AcDbLine","EntityHandle":"1B5","interactive":false},"geometry":{"type":"MultiLineString","coordinates":[[[-96.256291,41.109423],[-96.256291,41.109422]]]}},{"type":"Feature","properties":{"type":"drawing","level":"LEVEL 1","Layer":"A-WALL","source":"LEVEL_1.dxf","SubClasses":"AcDbEntity:AcDbLine","EntityHandle":"1B6","interactive":false},"geometry":{"type":"MultiLineString","coordinates":[[[-96.256291,41.109422],[-96.256289,41.109422]]]}},{"type":"Feature","properties":{"type":"drawing","level":"LEVEL 1","Layer":"A-WALL","source":"LEVEL_1.dxf","SubClasses":"AcDbEntity:AcDbLine","EntityHandle":"1B7","interactive":false},"geometry":{"type":"MultiLineString","coordinates":[[[-96.256289,41.109422],[-96.256289,41.109423]]]}},{"type":"Feature","properties":{"type":"drawing","level":"LEVEL 1","Layer":"A-WALL","source":"LEVEL_1.dxf","SubClasses":"AcDbEntity:AcDbLine","EntityHandle":"1B8","interactive":false},"geometry":{"type":"MultiLineString","coordinates":[[[-96.256291,41.109412],[-96.256291,41.109377]]]}},{"type":"Feature","properties":{"type":"drawing","level":"LEVEL 1","Layer":"A-WALL","source":"LEVEL_1.dxf","SubClasses":"AcDbEntity:AcDbLine","EntityHandle":"1B9","interactive":false},"geometry":{"type":"MultiLineString","coordinates":[[[-96.256291,41.109375],[-96.256291,41.109362]]]}},{"type":"Feature","properties":{"type":"drawing","level":"LEVEL 1","Layer":"A-WALL","source":"LEVEL_1.dxf","SubClasses":"AcDbEntity:AcDbLine","EntityHandle":"1BA","interactive":false},"geometry":{"type":"MultiLineString","coordinates":[[[-96.256291,41.109362],[-96.256289,41.109362]]]}},{"type":"Feature","properties":{"type":"drawing","level":"LEVEL 1","Layer":"A-WALL","source":"LEVEL_1.dxf","SubClasses":"AcDbEntity:AcDbLine","EntityHandle":"1BB","interactive":false},"geometry":{"type":"MultiLineString","coordinates":[[[-96.256289,41.109362],[-96.256289,41.109412]]]}},{"type":"Feature","properties":{"type":"drawing","level":"LEVEL 1","Layer":"A-WALL","source":"LEVEL_1.dxf","SubClasses":"AcDbEntity:AcDbLine","EntityHandle":"1BC","interactive":false},"geometry":{"type":"MultiLineString","coordinates":[[[-96.256289,41.109412],[-96.256291,41.109412]]]}},{"type":"Feature","properties":{"type":"drawing","level":"LEVEL 1","Layer":"A-WALL","source":"LEVEL_1.dxf","SubClasses":"AcDbEntity:AcDbLine","EntityHandle":"1BD","interactive":false},"geometry":{"type":"MultiLineString","coordinates":[[[-96.256291,41.109352],[-96.256291,41.109349]]]}},{"type":"Feature","properties":{"type":"drawing","level":"LEVEL 1","Layer":"A-WALL","source":"LEVEL_1.dxf","SubClasses":"AcDbEntity:AcDbLine","EntityHandle":"1BE","interactive":false},"geometry":{"type":"MultiLineString","coordinates":[[[-96.256289,41.109349],[-96.256289,41.109353]]]}},{"type":"Feature","properties":{"type":"drawing","level":"LEVEL 1","Layer":"A-WALL","source":"LEVEL_1.dxf","SubClasses":"AcDbEntity:AcDbLine","EntityHandle":"1C0","interactive":false},"geometry":{"type":"MultiLineString","coordinates":[[[-96.256291,41.109377],[-96.256337,41.109377]]]}},{"type":"Feature","properties":{"type":"drawing","level":"LEVEL 1","Layer":"A-WALL","source":"LEVEL_1.dxf","SubClasses":"AcDbEntity:AcDbLine","EntityHandle":"1C1","interactive":false},"geometry":{"type":"MultiLineString","coordinates":[[[-96.256358,41.109377],[-96.256386,41.109377]]]}},{"type":"Feature","properties":{"type":"drawing","level":"LEVEL 1","Layer":"A-WALL","source":"LEVEL_1.dxf","SubClasses":"AcDbEntity:AcDbLine","EntityHandle":"1C2","interactive":false},"geometry":{"type":"MultiLineString","coordinates":[[[-96.256386,41.109375],[-96.256358,41.109375]]]}},{"type":"Feature","properties":{"type":"drawing","level":"LEVEL 1","Layer":"A-WALL","source":"LEVEL_1.dxf","SubClasses":"AcDbEntity:AcDbLine","EntityHandle":"1C3","interactive":false},"geometry":{"type":"MultiLineString","coordinates":[[[-96.256337,41.109375],[-96.256291,41.109375]]]}},{"type":"Feature","properties":{"type":"drawing","level":"LEVEL 1","Layer":"A-DOOR","source":"LEVEL_1.dxf","SubClasses":"AcDbEntity:AcDbBlockReference","EntityHandle":"1C4","interactive":false},"geometry":{"type":"MultiLineString","coordinates":[[[-96.256389,41.109431],[-96.25639,41.109431],[-96.25639,41.109431],[-96.256391,41.109432],[-96.256392,41.109432],[-96.256393,41.109432],[-96.256393,41.109432],[-96.256394,41.109432],[-96.256395,41.109433],[-96.256395,41.109433],[-96.256396,41.109433],[-96.256396,41.109434],[-96.256397,41.109434],[-96.256397,41.109434],[-96.256398,41.109435],[-96.256398,41.109435],[-96.256399,41.109436],[-96.256399,41.109436],[-96.256399,41.109437],[-96.2564,41.109437],[-96.2564,41.109438],[-96.2564,41.109438],[-96.2564,41.109439],[-96.2564,41.10944]],[[-96.256389,41.10944],[-96.2564,41.10944]],[[-96.2564,41.10944],[-96.2564,41.109439]],[[-96.2564,41.109439],[-96.256389,41.109439]],[[-96.256389,41.109439],[-96.256389,41.10944]],[[-96.256389,41.109431],[-96.25639,41.109431],[-96.25639,41.109431],[-96.256391,41.109432],[-96.256392,41.109432],[-96.256393,41.109432],[-96.256393,41.109432],[-96.256394,41.109432],[-96.256395,41.109433],[-96.256395,41.109433],[-96.256396,41.109433],[-96.256396,41.109434],[-96.256397,41.109434],[-96.256397,41.109434],[-96.256398,41.109435],[-96.256398,41.109435],[-96.256399,41.109436],[-96.256399,41.109436],[-96.256399,41.109437],[-96.2564,41.109437],[-96.2564,41.109438],[-96.2564,41.109438],[-96.2564,41.109439],[-96.2564,41.10944]],[[-96.256389,41.109431],[-96.256389,41.109431]],[[-96.256389,41.109431],[-96.256386,41.109431]],[[-96.256386,41.109431],[-96.256386,41.109431]],[[-96.256386,41.109431],[-96.256388,41.109431]],[[-96.256388,41.109431],[-96.256388,41.109431]],[[-96.256388,41.109431],[-96.256388,41.109431]],[[-96.256388,41.109431],[-96.256388,41.109431]],[[-96.256388,41.109431],[-96.256389,41.109431]],[[-96.256389,41.10944],[-96.256389,41.10944]],[[-96.256389,41.10944],[-96.256388,41.10944]],[[-96.256388,41.10944],[-96.256388,41.109439]],[[-96.256388,41.109439],[-96.256388,41.109439]],[[-96.256388,41.109439],[-96.256388,41.10944]],[[-96.256388,41.10944],[-96.256386,41.10944]],[[-96.256386,41.10944],[-96.256386,41.10944]],[[-96.256386,41.10944],[-96.256389,41.10944]],[[-96.2564,41.10944],[-96.2564,41.109439]],[[-96.256389,41.10944],[-96.2564,41.10944]],[[-96.2564,41.109439],[-96.256389,41.109439]],[[-96.256389,41.10944],[-96.256389,41.109439]],[[-96.256389,41.109431],[-96.25639,41.109431],[-96.25639,41.109431],[-96.256391,41.109432],[-96.256392,41.109432],[-96.256393,41.109432],[-96.256393,41.109432],[-96.256394,41.109432],[-96.256395,41.109433],[-96.256395,41.109433],[-96.256396,41.109433],[-96.256396,41.109434],[-96.256397,41.109434],[-96.256397,41.109434],[-96.256398,41.109435],[-96.256398,41.109435],[-96.256399,41.109436],[-96.256399,41.109436],[-96.256399,41.109437],[-96.2564,41.109437],[-96.2564,41.109438],[-96.2564,41.109438],[-96.2564,41.109439],[-96.2564,41.10944]],[[-96.256389,41.109431],[-96.25639,41.109431],[-96.25639,41.109431],[-96.256391,41.109432],[-96.256392,41.109432],[-96.256393,41.109432],[-96.256393,41.109432],[-96.256394,41.109432],[-96.256395,41.109433],[-96.256395,41.109433],[-96.256396,41.109433],[-96.256396,41.109434],[-96.256397,41.109434],[-96.256397,41.109434],[-96.256398,41.109435],[-96.256398,41.109435],[-96.256399,41.109436],[-96.256399,41.109436],[-96.256399,41.109437],[-96.2564,41.109437],[-96.2564,41.109438],[-96.2564,41.109438],[-96.2564,41.109439],[-96.2564,41.10944]]]}},{"type":"Feature","properties":{"type":"drawing","level":"LEVEL 1","Layer":"A-WALL","source":"LEVEL_1.dxf","SubClasses":"AcDbEntity:AcDbLine","EntityHandle":"1C5","interactive":false},"geometry":{"type":"MultiLineString","coordinates":[[[-96.256212,41.109423],[-96.256212,41.109422]]]}},{"type":"Feature","properties":{"type":"drawing","level":"LEVEL 1","Layer":"A-WALL","source":"LEVEL_1.dxf","SubClasses":"AcDbEntity:AcDbLine","EntityHandle":"1C6","interactive":false},"geometry":{"type":"MultiLineString","coordinates":[[[-96.256212,41.109422],[-96.25621,41.109422]]]}},{"type":"Feature","properties":{"type":"drawing","level":"LEVEL 1","Layer":"A-WALL","source":"LEVEL_1.dxf","SubClasses":"AcDbEntity:AcDbLine","EntityHandle":"1C7","interactive":false},"geometry":{"type":"MultiLineString","coordinates":[[[-96.25621,41.109422],[-96.25621,41.109423]]]}},{"type":"Feature","properties":{"type":"drawing","level":"LEVEL 1","Layer":"A-WALL","source":"LEVEL_1.dxf","SubClasses":"AcDbEntity:AcDbLine","EntityHandle":"1C8","interactive":false},"geometry":{"type":"MultiLineString","coordinates":[[[-96.256212,41.109412],[-96.256212,41.109407]]]}},{"type":"Feature","properties":{"type":"drawing","level":"LEVEL 1","Layer":"A-WALL","source":"LEVEL_1.dxf","SubClasses":"AcDbEntity:AcDbLine","EntityHandle":"1CA","interactive":false},"geometry":{"type":"MultiLineString","coordinates":[[[-96.25621,41.109408],[-96.25621,41.109412]]]}},{"type":"Feature","properties":{"type":"drawing","level":"LEVEL 1","Layer":"A-WALL","source":"LEVEL_1.dxf","SubClasses":"AcDbEntity:AcDbLine","EntityHandle":"1CB","interactive":false},"geometry":{"type":"MultiLineString","coordinates":[[[-96.25621,41.109412],[-96.256212,41.109412]]]}},{"type":"Feature","properties":{"type":"drawing","level":"LEVEL 1","Layer":"A-WALL","source":"LEVEL_1.dxf","SubClasses":"AcDbEntity:AcDbLine","EntityHandle":"1CC","interactive":false},"geometry":{"type":"MultiLineString","coordinates":[[[-96.256212,41.109407],[-96.256201,41.109407]]]}},{"type":"Feature","properties":{"type":"drawing","level":"LEVEL 1","Layer":"A-WALL","source":"LEVEL_1.dxf","SubClasses":"AcDbEntity:AcDbLine","EntityHandle":"1CE","interactive":false},"geometry":{"type":"MultiLineString","coordinates":[[[-96.256199,41.109408],[-96.25621,41.109408]]]}},{"type":"Feature","properties":{"type":"drawing","level":"LEVEL 1","Layer":"A-DOOR","source":"LEVEL_1.dxf","SubClasses":"AcDbEntity:AcDbBlockReference","EntityHandle":"1CF","interactive":false},"geometry":{"type":"MultiLineString","coordinates":[[[-96.256199,41.109421],[-96.256199,41.109421],[-96.256199,41.10942],[-96.256199,41.109419],[-96.256199,41.109419],[-96.256199,41.109418],[-96.2562,41.109418],[-96.2562,41.109417],[-96.2562,41.109417],[-96.256201,41.109416],[-96.256201,41.109416],[-96.256202,41.109416],[-96.256202,41.109415],[-96.256203,41.109415],[-96.256203,41.109414],[-96.256204,41.109414],[-96.256205,41.109414],[-96.256205,41.109414],[-96.256206,41.109413],[-96.256207,41.109413],[-96.256207,41.109413],[-96.256208,41.109413],[-96.256209,41.109413],[-96.25621,41.109413]],[[-96.25621,41.109421],[-96.256199,41.109421]],[[-96.256199,41.109421],[-96.256199,41.109421]],[[-96.256199,41.109421],[-96.25621,41.109421]],[[-96.25621,41.109421],[-96.25621,41.109421]],[[-96.256199,41.109421],[-96.256199,41.109421],[-96.256199,41.10942],[-96.256199,41.109419],[-96.256199,41.109419],[-96.256199,41.109418],[-96.2562,41.109418],[-96.2562,41.109417],[-96.2562,41.109417],[-96.256201,41.109416],[-96.256201,41.109416],[-96.256202,41.109416],[-96.256202,41.109415],[-96.256203,41.109415],[-96.256203,41.109414],[-96.256204,41.109414],[-96.256205,41.109414],[-96.256205,41.109414],[-96.256206,41.109413],[-96.256207,41.109413],[-96.256207,41.109413],[-96.256208,41.109413],[-96.256209,41.109413],[-96.25621,41.109413]],[[-96.25621,41.109413],[-96.25621,41.109413]],[[-96.25621,41.109413],[-96.25621,41.109413]],[[-96.256211,41.109413],[-96.25621,41.109413]],[[-96.256211,41.109413],[-96.256211,41.109413]],[[-96.256212,41.109413],[-96.256211,41.109413]],[[-96.256212,41.109412],[-96.256212,41.109413]],[[-96.25621,41.109412],[-96.256212,41.109412]],[[-96.25621,41.109413],[-96.25621,41.109412]],[[-96.256212,41.109422],[-96.25621,41.109422]],[[-96.256212,41.109421],[-96.256212,41.109422]],[[-96.256211,41.109421],[-96.256212,41.109421]],[[-96.256211,41.109421],[-96.256211,41.109421]],[[-96.25621,41.109421],[-96.256211,41.109421]],[[-96.25621,41.109421],[-96.25621,41.109421]],[[-96.25621,41.109421],[-96.25621,41.109421]],[[-96.25621,41.109422],[-96.25621,41.109421]],[[-96.256199,41.109421],[-96.256199,41.109421]],[[-96.25621,41.109421],[-96.256199,41.109421]],[[-96.256199,41.109421],[-96.25621,41.109421]],[[-96.25621,41.109421],[-96.25621,41.109421]],[[-96.256199,41.109421],[-96.256199,41.109421],[-96.256199,41.10942],[-96.256199,41.109419],[-96.256199,41.109419],[-96.256199,41.109418],[-96.2562,41.109418],[-96.2562,41.109417],[-96.2562,41.109417],[-96.256201,41.109416],[-96.256201,41.109416],[-96.256202,41.109416],[-96.256202,41.109415],[-96.256203,41.109415],[-96.256203,41.109414],[-96.256204,41.109414],[-96.256205,41.109414],[-96.256205,41.109414],[-96.256206,41.109413],[-96.256207,41.109413],[-96.256207,41.109413],[-96.256208,41.109413],[-96.256209,41.109413],[-96.25621,41.109413]],[[-96.256199,41.109421],[-96.256199,41.109421],[-96.256199,41.10942],[-96.256199,41.109419],[-96.256199,41.109419],[-96.256199,41.109418],[-96.2562,41.109418],[-96.2562,41.109417],[-96.2562,41.109417],[-96.256201,41.109416],[-96.256201,41.109416],[-96.256202,41.109416],[-96.256202,41.109415],[-96.256203,41.109415],[-96.256203,41.109414],[-96.256204,41.109414],[-96.256205,41.109414],[-96.256205,41.109414],[-96.256206,41.109413],[-96.256207,41.109413],[-96.256207,41.109413],[-96.256208,41.109413],[-96.256209,41.109413],[-96.25621,41.109413]]]}},{"type":"Feature","properties":{"type":"drawing","level":"LEVEL 1","Layer":"A-DOOR","source":"LEVEL_1.dxf","SubClasses":"AcDbEntity:AcDbBlockReference","EntityHandle":"1D0","interactive":false},"geometry":{"type":"MultiLineString","coordinates":[[[-96.256291,41.109413],[-96.256292,41.109413],[-96.256293,41.109413],[-96.256293,41.109413],[-96.256294,41.109413],[-96.256295,41.109413],[-96.256296,41.109414],[-96.256296,41.109414],[-96.256297,41.109414],[-96.256298,41.109414],[-96.256298,41.109415],[-96.256299,41.109415],[-96.256299,41.109416],[-96.2563,41.109416],[-96.2563,41.109416],[-96.256301,41.109417],[-96.256301,41.109417],[-96.256301,41.109418],[-96.256302,41.109418],[-96.256302,41.109419],[-96.256302,41.109419],[-96.256302,41.10942],[-96.256302,41.109421],[-96.256302,41.109421]],[[-96.256291,41.109421],[-96.256302,41.109421]],[[-96.256302,41.109421],[-96.256302,41.109421]],[[-96.256302,41.109421],[-96.256291,41.109421]],[[-96.256291,41.109421],[-96.256291,41.109421]],[[-96.256291,41.109413],[-96.256292,41.109413],[-96.256293,41.109413],[-96.256293,41.109413],[-96.256294,41.109413],[-96.256295,41.109413],[-96.256296,41.109414],[-96.256296,41.109414],[-96.256297,41.109414],[-96.256298,41.109414],[-96.256298,41.109415],[-96.256299,41.109415],[-96.256299,41.109416],[-96.2563,41.109416],[-96.2563,41.109416],[-96.256301,41.109417],[-96.256301,41.109417],[-96.256301,41.109418],[-96.256302,41.109418],[-96.256302,41.109419],[-96.256302,41.109419],[-96.256302,41.10942],[-96.256302,41.109421],[-96.256302,41.109421]],[[-96.256291,41.109413],[-96.256291,41.109412]],[[-96.256291,41.109412],[-96.256289,41.109412]],[[-96.256289,41.109412],[-96.256289,41.109413]],[[-96.256289,41.109413],[-96.25629,41.109413]],[[-96.25629,41.109413],[-96.25629,41.109413]],[[-96.25629,41.109413],[-96.256291,41.109413]],[[-96.256291,41.109413],[-96.256291,41.109413]],[[-96.256291,41.109413],[-96.256291,41.109413]],[[-96.256291,41.109422],[-96.256291,41.109421]],[[-96.256291,41.109421],[-96.256291,41.109421]],[[-96.256291,41.109421],[-96.256291,41.109421]],[[-96.256291,41.109421],[-96.25629,41.109421]],[[-96.25629,41.109421],[-96.25629,41.109421]],[[-96.25629,41.109421],[-96.256289,41.109421]],[[-96.256289,41.109421],[-96.256289,41.109422]],[[-96.256289,41.109422],[-96.256291,41.109422]],[[-96.256302,41.109421],[-96.256302,41.109421]],[[-96.256291,41.109421],[-96.256302,41.109421]],[[-96.256302,41.109421],[-96.256291,41.109421]],[[-96.256291,41.109421],[-96.256291,41.109421]],[[-96.256291,41.109413],[-96.256292,41.109413],[-96.256293,41.109413],[-96.256293,41.109413],[-96.256294,41.109413],[-96.256295,41.109413],[-96.256296,41.109414],[-96.256296,41.109414],[-96.256297,41.109414],[-96.256298,41.109414],[-96.256298,41.109415],[-96.256299,41.109415],[-96.256299,41.109416],[-96.2563,41.109416],[-96.2563,41.109416],[-96.256301,41.109417],[-96.256301,41.109417],[-96.256301,41.109418],[-96.256302,41.109418],[-96.256302,41.109419],[-96.256302,41.109419],[-96.256302,41.10942],[-96.256302,41.109421],[-96.256302,41.109421]],[[-96.256291,41.109413],[-96.256292,41.109413],[-96.256293,41.109413],[-96.256293,41.109413],[-96.256294,41.109413],[-96.256295,41.109413],[-96.256296,41.109414],[-96.256296,41.109414],[-96.256297,41.109414],[-96.256298,41.109414],[-96.256298,41.109415],[-96.256299,41.109415],[-96.256299,41.109416],[-96.2563,41.109416],[-96.2563,41.109416],[-96.256301,41.109417],[-96.256301,41.109417],[-96.256301,41.109418],[-96.256302,41.109418],[-96.256302,41.109419],[-96.256302,41.109419],[-96.256302,41.10942],[-96.256302,41.109421],[-96.256302,41.109421]]]}},{"type":"Feature","properties":{"type":"drawing","level":"LEVEL 1","Layer":"A-WALL","source":"LEVEL_1.dxf","SubClasses":"AcDbEntity:AcDbLine","EntityHandle":"1D1","interactive":false},"geometry":{"type":"MultiLineString","coordinates":[[[-96.25634,41.109412],[-96.25634,41.109406]]]}},{"type":"Feature","properties":{"type":"drawing","level":"LEVEL 1","Layer":"A-WALL","source":"LEVEL_1.dxf","SubClasses":"AcDbEntity:AcDbLine","EntityHandle":"1D2","interactive":false},"geometry":{"type":"MultiLineString","coordinates":[[[-96.25634,41.109405],[-96.25634,41.109401]]]}},{"type":"Feature","properties":{"type":"drawing","level":"LEVEL 1","Layer":"A-WALL","source":"LEVEL_1.dxf","SubClasses":"AcDbEntity:AcDbLine","EntityHandle":"1D3","interactive":false},"geometry":{"type":"MultiLineString","coordinates":[[[-96.25634,41.109401],[-96.25634,41.109398]]]}},{"type":"Feature","properties":{"type":"drawing","level":"LEVEL 1","Layer":"A-WALL","source":"LEVEL_1.dxf","SubClasses":"AcDbEntity:AcDbLine","EntityHandle":"1D4","interactive":false},"geometry":{"type":"MultiLineString","coordinates":[[[-96.25634,41.109398],[-96.25634,41.109391]]]}},{"type":"Feature","properties":{"type":"drawing","level":"LEVEL 1","Layer":"A-WALL","source":"LEVEL_1.dxf","SubClasses":"AcDbEntity:AcDbLine","EntityHandle":"1D5","interactive":false},"geometry":{"type":"MultiLineString","coordinates":[[[-96.25634,41.109391],[-96.25634,41.109377]]]}},{"type":"Feature","properties":{"type":"drawing","level":"LEVEL 1","Layer":"A-WALL","source":"LEVEL_1.dxf","SubClasses":"AcDbEntity:AcDbLine","EntityHandle":"1D6","interactive":false},"geometry":{"type":"MultiLineString","coordinates":[[[-96.256337,41.109377],[-96.256337,41.109385]]]}},{"type":"Feature","properties":{"type":"drawing","level":"LEVEL 1","Layer":"A-WALL","source":"LEVEL_1.dxf","SubClasses":"AcDbEntity:AcDbLine","EntityHandle":"1D7","interactive":false},"geometry":{"type":"MultiLineString","coordinates":[[[-96.256337,41.109387],[-96.256337,41.109412]]]}},{"type":"Feature","properties":{"type":"drawing","level":"LEVEL 1","Layer":"A-WALL","source":"LEVEL_1.dxf","SubClasses":"AcDbEntity:AcDbLine","EntityHandle":"1D8","interactive":false},"geometry":{"type":"MultiLineString","coordinates":[[[-96.256337,41.109412],[-96.25634,41.109412]]]}},{"type":"Feature","properties":{"type":"drawing","level":"LEVEL 1","Layer":"A-WALL","source":"LEVEL_1.dxf","SubClasses":"AcDbEntity:AcDbLine","EntityHandle":"1D9","interactive":false},"geometry":{"type":"MultiLineString","coordinates":[[[-96.25634,41.109375],[-96.25634,41.109362]]]}},{"type":"Feature","properties":{"type":"drawing","level":"LEVEL 1","Layer":"A-WALL","source":"LEVEL_1.dxf","SubClasses":"AcDbEntity:AcDbLine","EntityHandle":"1DA","interactive":false},"geometry":{"type":"MultiLineString","coordinates":[[[-96.25634,41.109361],[-96.25634,41.109359]]]}},{"type":"Feature","properties":{"type":"drawing","level":"LEVEL 1","Layer":"A-WALL","source":"LEVEL_1.dxf","SubClasses":"AcDbEntity:AcDbLine","EntityHandle":"1DB","interactive":false},"geometry":{"type":"MultiLineString","coordinates":[[[-96.25634,41.109359],[-96.256337,41.109359]]]}},{"type":"Feature","properties":{"type":"drawing","level":"LEVEL 1","Layer":"A-WALL","source":"LEVEL_1.dxf","SubClasses":"AcDbEntity:AcDbLine","EntityHandle":"1DC","interactive":false},"geometry":{"type":"MultiLineString","coordinates":[[[-96.256337,41.109359],[-96.256337,41.109366]]]}},{"type":"Feature","properties":{"type":"drawing","level":"LEVEL 1","Layer":"A-WALL","source":"LEVEL_1.dxf","SubClasses":"AcDbEntity:AcDbLine","EntityHandle":"1DD","interactive":false},"geometry":{"type":"MultiLineString","coordinates":[[[-96.256337,41.109367],[-96.256337,41.109375]]]}},{"type":"Feature","properties":{"type":"drawing","level":"LEVEL 1","Layer":"A-DOOR","source":"LEVEL_1.dxf","SubClasses":"AcDbEntity:AcDbBlockReference","EntityHandle":"1DE","interactive":false},"geometry":{"type":"MultiLineString","coordinates":[[[-96.256302,41.109354],[-96.256302,41.109354],[-96.256302,41.109355],[-96.256302,41.109355],[-96.256302,41.109356],[-96.256302,41.109356],[-96.256301,41.109357],[-96.256301,41.109357],[-96.256301,41.109358],[-96.2563,41.109358],[-96.2563,41.109359],[-96.256299,41.109359],[-96.256299,41.10936],[-96.256298,41.10936],[-96.256298,41.10936],[-96.256297,41.109361],[-96.256296,41.109361],[-96.256296,41.109361],[-96.256295,41.109361],[-96.256294,41.109361],[-96.256293,41.109362],[-96.256293,41.109362],[-96.256292,41.109362],[-96.256291,41.109362]],[[-96.256291,41.109354],[-96.256302,41.109354]],[[-96.256302,41.109354],[-96.256302,41.109354]],[[-96.256302,41.109354],[-96.256291,41.109354]],[[-96.256291,41.109354],[-96.256291,41.109354]],[[-96.256302,41.109354],[-96.256302,41.109354],[-96.256302,41.109355],[-96.256302,41.109355],[-96.256302,41.109356],[-96.256302,41.109356],[-96.256301,41.109357],[-96.256301,41.109357],[-96.256301,41.109358],[-96.2563,41.109358],[-96.2563,41.109359],[-96.256299,41.109359],[-96.256299,41.10936],[-96.256298,41.10936],[-96.256298,41.10936],[-96.256297,41.109361],[-96.256296,41.109361],[-96.256296,41.109361],[-96.256295,41.109361],[-96.256294,41.109361],[-96.256293,41.109362],[-96.256293,41.109362],[-96.256292,41.109362],[-96.256291,41.109362]],[[-96.256291,41.109362],[-96.256291,41.109362]],[[-96.256291,41.109362],[-96.256291,41.109362]],[[-96.25629,41.109362],[-96.256291,41.109362]],[[-96.25629,41.109362],[-96.25629,41.109362]],[[-96.256289,41.109362],[-96.25629,41.109362]],[[-96.256289,41.109362],[-96.256289,41.109362]],[[-96.256291,41.109362],[-96.256289,41.109362]],[[-96.256291,41.109362],[-96.256291,41.109362]],[[-96.256289,41.109353],[-96.256291,41.109353]],[[-96.256289,41.109354],[-96.256289,41.109353]],[[-96.25629,41.109354],[-96.256289,41.109354]],[[-96.25629,41.109354],[-96.25629,41.109354]],[[-96.256291,41.109354],[-96.25629,41.109354]],[[-96.256291,41.109354],[-96.256291,41.109354]],[[-96.256291,41.109354],[-96.256291,41.109354]],[[-96.256291,41.109353],[-96.256291,41.109354]],[[-96.256302,41.109354],[-96.256302,41.109354]],[[-96.256291,41.109354],[-96.256302,41.109354]],[[-96.256302,41.109354],[-96.256291,41.109354]],[[-96.256291,41.109354],[-96.256291,41.109354]],[[-96.256302,41.109354],[-96.256302,41.109354],[-96.256302,41.109355],[-96.256302,41.109355],[-96.256302,41.109356],[-96.256302,41.109356],[-96.256301,41.109357],[-96.256301,41.109357],[-96.256301,41.109358],[-96.2563,41.109358],[-96.2563,41.109359],[-96.256299,41.109359],[-96.256299,41.10936],[-96.256298,41.10936],[-96.256298,41.10936],[-96.256297,41.109361],[-96.256296,41.109361],[-96.256296,41.109361],[-96.256295,41.109361],[-96.256294,41.109361],[-96.256293,41.109362],[-96.256293,41.109362],[-96.256292,41.109362],[-96.256291,41.109362]],[[-96.256302,41.109354],[-96.256302,41.109354],[-96.256302,41.109355],[-96.256302,41.109355],[-96.256302,41.109356],[-96.256302,41.109356],[-96.256301,41.109357],[-96.256301,41.109357],[-96.256301,41.109358],[-96.2563,41.109358],[-96.2563,41.109359],[-96.256299,41.109359],[-96.256299,41.10936],[-96.256298,41.10936],[-96.256298,41.10936],[-96.256297,41.109361],[-96.256296,41.109361],[-96.256296,41.109361],[-96.256295,41.109361],[-96.256294,41.109361],[-96.256293,41.109362],[-96.256293,41.109362],[-96.256292,41.109362],[-96.256291,41.109362]]]}},{"type":"Feature","properties":{"type":"drawing","level":"LEVEL 1","Layer":"A-WALL","source":"LEVEL_1.dxf","SubClasses":"AcDbEntity:AcDbLine","EntityHandle":"1DF","interactive":false},"geometry":{"type":"MultiLineString","coordinates":[[[-96.256289,41.109353],[-96.256308,41.109353]]]}},{"type":"Feature","properties":{"type":"drawing","level":"LEVEL 1","Layer":"A-WALL","source":"LEVEL_1.dxf","SubClasses":"AcDbEntity:AcDbLine","EntityHandle":"1E1","interactive":false},"geometry":{"type":"MultiLineString","coordinates":[[[-96.256306,41.109352],[-96.256291,41.109352]]]}},{"type":"Feature","properties":{"type":"drawing","level":"LEVEL 1","Layer":"A-WALL","source":"LEVEL_1.dxf","SubClasses":"AcDbEntity:AcDbLine","EntityHandle":"1E2","interactive":false},"geometry":{"type":"MultiLineString","coordinates":[[[-96.256308,41.109353],[-96.256308,41.109349]]]}},{"type":"Feature","properties":{"type":"drawing","level":"LEVEL 1","Layer":"A-WALL","source":"LEVEL_1.dxf","SubClasses":"AcDbEntity:AcDbLine","EntityHandle":"1E3","interactive":false},"geometry":{"type":"MultiLineString","coordinates":[[[-96.256306,41.109349],[-96.256306,41.109352]]]}},{"type":"Feature","properties":{"type":"drawing","level":"LEVEL 1","Layer":"A-WALL","source":"LEVEL_1.dxf","SubClasses":"AcDbEntity:AcDbLine","EntityHandle":"1E5","interactive":false},"geometry":{"type":"MultiLineString","coordinates":[[[-96.256389,41.10933],[-96.256386,41.10933]]]}},{"type":"Feature","properties":{"type":"drawing","level":"LEVEL 1","Layer":"A-WALL","source":"LEVEL_1.dxf","SubClasses":"AcDbEntity:AcDbLine","EntityHandle":"1E6","interactive":false},"geometry":{"type":"MultiLineString","coordinates":[[[-96.256386,41.10933],[-96.256386,41.109348]]]}},{"type":"Feature","properties":{"type":"drawing","level":"LEVEL 1","Layer":"A-WALL","source":"LEVEL_1.dxf","SubClasses":"AcDbEntity:AcDbLine","EntityHandle":"1E7","interactive":false},"geometry":{"type":"MultiLineString","coordinates":[[[-96.256389,41.109312],[-96.256389,41.109279]]]}},{"type":"Feature","properties":{"type":"drawing","level":"LEVEL 1","Layer":"A-WALL","source":"LEVEL_1.dxf","SubClasses":"AcDbEntity:AcDbLine","EntityHandle":"1E9","interactive":false},"geometry":{"type":"MultiLineString","coordinates":[[[-96.256386,41.109281],[-96.256386,41.109309]]]}},{"type":"Feature","properties":{"type":"drawing","level":"LEVEL 1","Layer":"A-WALL","source":"LEVEL_1.dxf","SubClasses":"AcDbEntity:AcDbLine","EntityHandle":"1EA","interactive":false},"geometry":{"type":"MultiLineString","coordinates":[[[-96.256386,41.109311],[-96.256386,41.109312]]]}},{"type":"Feature","properties":{"type":"drawing","level":"LEVEL 1","Layer":"A-WALL","source":"LEVEL_1.dxf","SubClasses":"AcDbEntity:AcDbLine","EntityHandle":"1EB","interactive":false},"geometry":{"type":"MultiLineString","coordinates":[[[-96.256386,41.109312],[-96.256389,41.109312]]]}},{"type":"Feature","properties":{"type":"drawing","level":"LEVEL 1","Layer":"A-WALL","source":"LEVEL_1.dxf","SubClasses":"AcDbEntity:AcDbLine","EntityHandle":"1EC","interactive":false},"geometry":{"type":"MultiLineString","coordinates":[[[-96.256389,41.109279],[-96.256381,41.109279]]]}},{"type":"Feature","properties":{"type":"drawing","level":"LEVEL 1","Layer":"A-WALL","source":"LEVEL_1.dxf","SubClasses":"AcDbEntity:AcDbLine","EntityHandle":"1ED","interactive":false},"geometry":{"type":"MultiLineString","coordinates":[[[-96.256381,41.109279],[-96.256381,41.109281]]]}},{"type":"Feature","properties":{"type":"drawing","level":"LEVEL 1","Layer":"A-WALL","source":"LEVEL_1.dxf","SubClasses":"AcDbEntity:AcDbLine","EntityHandle":"1EE","interactive":false},"geometry":{"type":"MultiLineString","coordinates":[[[-96.256381,41.109281],[-96.256386,41.109281]]]}},{"type":"Feature","properties":{"type":"drawing","level":"LEVEL 1","Layer":"A-WALL","source":"LEVEL_1.dxf","SubClasses":"AcDbEntity:AcDbLine","EntityHandle":"1EF","interactive":false},"geometry":{"type":"MultiLineString","coordinates":[[[-96.256359,41.109279],[-96.256325,41.109279]]]}},{"type":"Feature","properties":{"type":"drawing","level":"LEVEL 1","Layer":"A-WALL","source":"LEVEL_1.dxf","SubClasses":"AcDbEntity:AcDbLine","EntityHandle":"1F0","interactive":false},"geometry":{"type":"MultiLineString","coordinates":[[[-96.256325,41.109279],[-96.256325,41.109281]]]}},{"type":"Feature","properties":{"type":"drawing","level":"LEVEL 1","Layer":"A-WALL","source":"LEVEL_1.dxf","SubClasses":"AcDbEntity:AcDbLine","EntityHandle":"1F1","interactive":false},"geometry":{"type":"MultiLineString","coordinates":[[[-96.256325,41.109281],[-96.256334,41.109281]]]}},{"type":"Feature","properties":{"type":"drawing","level":"LEVEL 1","Layer":"A-WALL","source":"LEVEL_1.dxf","SubClasses":"AcDbEntity:AcDbLine","EntityHandle":"1F2","interactive":false},"geometry":{"type":"MultiLineString","coordinates":[[[-96.256336,41.109281],[-96.256359,41.109281]]]}},{"type":"Feature","properties":{"type":"drawing","level":"LEVEL 1","Layer":"A-WALL","source":"LEVEL_1.dxf","SubClasses":"AcDbEntity:AcDbLine","EntityHandle":"1F3","interactive":false},"geometry":{"type":"MultiLineString","coordinates":[[[-96.256359,41.109281],[-96.256359,41.109279]]]}},{"type":"Feature","properties":{"type":"drawing","level":"LEVEL 1","Layer":"A-WALL","source":"LEVEL_1.dxf","SubClasses":"AcDbEntity:AcDbLine","EntityHandle":"1F4","interactive":false},"geometry":{"type":"MultiLineString","coordinates":[[[-96.256303,41.109279],[-96.256284,41.109279]]]}},{"type":"Feature","properties":{"type":"drawing","level":"LEVEL 1","Layer":"A-WALL","source":"LEVEL_1.dxf","SubClasses":"AcDbEntity:AcDbLine","EntityHandle":"1F5","interactive":false},"geometry":{"type":"MultiLineString","coordinates":[[[-96.256284,41.109279],[-96.256284,41.109281]]]}},{"type":"Feature","properties":{"type":"drawing","level":"LEVEL 1","Layer":"A-WALL","source":"LEVEL_1.dxf","SubClasses":"AcDbEntity:AcDbLine","EntityHandle":"1F6","interactive":false},"geometry":{"type":"MultiLineString","coordinates":[[[-96.256284,41.109281],[-96.256303,41.109281]]]}},{"type":"Feature","properties":{"type":"drawing","level":"LEVEL 1","Layer":"A-WALL","source":"LEVEL_1.dxf","SubClasses":"AcDbEntity:AcDbLine","EntityHandle":"1F7","interactive":false},"geometry":{"type":"MultiLineString","coordinates":[[[-96.256303,41.109281],[-96.256303,41.109279]]]}},{"type":"Feature","properties":{"type":"drawing","level":"LEVEL 1","Layer":"A-WALL","source":"LEVEL_1.dxf","SubClasses":"AcDbEntity:AcDbLine","EntityHandle":"1F8","interactive":false},"geometry":{"type":"MultiLineString","coordinates":[[[-96.256263,41.109279],[-96.25623,41.109279]]]}},{"type":"Feature","properties":{"type":"drawing","level":"LEVEL 1","Layer":"A-WALL","source":"LEVEL_1.dxf","SubClasses":"AcDbEntity:AcDbLine","EntityHandle":"1F9","interactive":false},"geometry":{"type":"MultiLineString","coordinates":[[[-96.25623,41.109279],[-96.25623,41.109281]]]}},{"type":"Feature","properties":{"type":"drawing","level":"LEVEL 1","Layer":"A-WALL","source":"LEVEL_1.dxf","SubClasses":"AcDbEntity:AcDbLine","EntityHandle":"1FA","interactive":false},"geometry":{"type":"MultiLineString","coordinates":[[[-96.25623,41.109281],[-96.256263,41.109281]]]}},{"type":"Feature","properties":{"type":"drawing","level":"LEVEL 1","Layer":"A-WALL","source":"LEVEL_1.dxf","SubClasses":"AcDbEntity:AcDbLine","EntityHandle":"1FB","interactive":false},"geometry":{"type":"MultiLineString","coordinates":[[[-96.256263,41.109281],[-96.256263,41.109279]]]}},{"type":"Feature","properties":{"type":"drawing","level":"LEVEL 1","Layer":"A-WALL","source":"LEVEL_1.dxf","SubClasses":"AcDbEntity:AcDbLine","EntityHandle":"1FC","interactive":false},"geometry":{"type":"MultiLineString","coordinates":[[[-96.256208,41.109279],[-96.256199,41.109279]]]}},{"type":"Feature","properties":{"type":"drawing","level":"LEVEL 1","Layer":"A-WALL","source":"LEVEL_1.dxf","SubClasses":"AcDbEntity:AcDbLine","EntityHandle":"1FE","interactive":false},"geometry":{"type":"MultiLineString","coordinates":[[[-96.256201,41.109281],[-96.256208,41.109281]]]}},{"type":"Feature","properties":{"type":"drawing","level":"LEVEL 1","Layer":"A-WALL","source":"LEVEL_1.dxf","SubClasses":"AcDbEntity:AcDbLine","EntityHandle":"1FF","interactive":false},"geometry":{"type":"MultiLineString","coordinates":[[[-96.256208,41.109281],[-96.256208,41.109279]]]}},{"type":"Feature","properties":{"type":"drawing","level":"LEVEL 1","Layer":"A-WALL","source":"LEVEL_1.dxf","SubClasses":"AcDbEntity:AcDbLine","EntityHandle":"200","interactive":false},"geometry":{"type":"MultiLineString","coordinates":[[[-96.256208,41.109279],[-96.25623,41.109279]]]}},{"type":"Feature","properties":{"type":"drawing","level":"LEVEL 1","Layer":"A-WALL","source":"LEVEL_1.dxf","SubClasses":"AcDbEntity:AcDbLine","EntityHandle":"201","interactive":false},"geometry":{"type":"MultiLineString","coordinates":[[[-96.256263,41.109279],[-96.256284,41.109279]]]}},{"type":"Feature","properties":{"type":"drawing","level":"LEVEL 1","Layer":"A-WALL","source":"LEVEL_1.dxf","SubClasses":"AcDbEntity:AcDbLine","EntityHandle":"202","interactive":false},"geometry":{"type":"MultiLineString","coordinates":[[[-96.256303,41.109279],[-96.256325,41.109279]]]}},{"type":"Feature","properties":{"type":"drawing","level":"LEVEL 1","Layer":"A-WALL","source":"LEVEL_1.dxf","SubClasses":"AcDbEntity:AcDbLine","EntityHandle":"203","interactive":false},"geometry":{"type":"MultiLineString","coordinates":[[[-96.256359,41.109279],[-96.256381,41.109279]]]}},{"type":"Feature","properties":{"type":"drawing","level":"LEVEL 1","Layer":"A-WALL","source":"LEVEL_1.dxf","SubClasses":"AcDbEntity:AcDbLine","EntityHandle":"204","interactive":false},"geometry":{"type":"MultiLineString","coordinates":[[[-96.256381,41.109281],[-96.256359,41.109281]]]}},{"type":"Feature","properties":{"type":"drawing","level":"LEVEL 1","Layer":"A-WALL","source":"LEVEL_1.dxf","SubClasses":"AcDbEntity:AcDbLine","EntityHandle":"205","interactive":false},"geometry":{"type":"MultiLineString","coordinates":[[[-96.256325,41.109281],[-96.256303,41.109281]]]}},{"type":"Feature","properties":{"type":"drawing","level":"LEVEL 1","Layer":"A-WALL","source":"LEVEL_1.dxf","SubClasses":"AcDbEntity:AcDbLine","EntityHandle":"206","interactive":false},"geometry":{"type":"MultiLineString","coordinates":[[[-96.256284,41.109281],[-96.256263,41.109281]]]}},{"type":"Feature","properties":{"type":"drawing","level":"LEVEL 1","Layer":"A-WALL","source":"LEVEL_1.dxf","SubClasses":"AcDbEntity:AcDbLine","EntityHandle":"207","interactive":false},"geometry":{"type":"MultiLineString","coordinates":[[[-96.25623,41.109281],[-96.256208,41.109281]]]}},{"type":"Feature","properties":{"type":"drawing","level":"LEVEL 1","Layer":"A-WALL","source":"LEVEL_1.dxf","SubClasses":"AcDbEntity:AcDbLine","EntityHandle":"208","interactive":false},"geometry":{"type":"MultiLineString","coordinates":[[[-96.256199,41.109279],[-96.256199,41.109286]]]}},{"type":"Feature","properties":{"type":"drawing","level":"LEVEL 1","Layer":"A-WALL","source":"LEVEL_1.dxf","SubClasses":"AcDbEntity:AcDbLine","EntityHandle":"209","interactive":false},"geometry":{"type":"MultiLineString","coordinates":[[[-96.256199,41.109286],[-96.256201,41.109286]]]}},{"type":"Feature","properties":{"type":"drawing","level":"LEVEL 1","Layer":"A-WALL","source":"LEVEL_1.dxf","SubClasses":"AcDbEntity:AcDbLine","EntityHandle":"20A","interactive":false},"geometry":{"type":"MultiLineString","coordinates":[[[-96.256201,41.109286],[-96.256201,41.109281]]]}},{"type":"Feature","properties":{"type":"drawing","level":"LEVEL 1","Layer":"A-WALL","source":"LEVEL_1.dxf","SubClasses":"AcDbEntity:AcDbLine","EntityHandle":"20B","interactive":false},"geometry":{"type":"MultiLineString","coordinates":[[[-96.256199,41.109302],[-96.256199,41.109331]]]}},{"type":"Feature","properties":{"type":"drawing","level":"LEVEL 1","Layer":"A-WALL","source":"LEVEL_1.dxf","SubClasses":"AcDbEntity:AcDbLine","EntityHandle":"20C","interactive":false},"geometry":{"type":"MultiLineString","coordinates":[[[-96.256201,41.10933],[-96.256201,41.109302]]]}},{"type":"Feature","properties":{"type":"drawing","level":"LEVEL 1","Layer":"A-WALL","source":"LEVEL_1.dxf","SubClasses":"AcDbEntity:AcDbLine","EntityHandle":"20D","interactive":false},"geometry":{"type":"MultiLineString","coordinates":[[[-96.256201,41.109302],[-96.256199,41.109302]]]}},{"type":"Feature","properties":{"type":"drawing","level":"LEVEL 1","Layer":"A-WALL","source":"LEVEL_1.dxf","SubClasses":"AcDbEntity:AcDbLine","EntityHandle":"20E","interactive":false},"geometry":{"type":"MultiLineString","coordinates":[[[-96.256199,41.109302],[-96.256199,41.109286]]]}},{"type":"Feature","properties":{"type":"drawing","level":"LEVEL 1","Layer":"A-WALL","source":"LEVEL_1.dxf","SubClasses":"AcDbEntity:AcDbLine","EntityHandle":"20F","interactive":false},"geometry":{"type":"MultiLineString","coordinates":[[[-96.256201,41.109286],[-96.256201,41.109302]]]}},{"type":"Feature","properties":{"type":"drawing","level":"LEVEL 1","Layer":"A-WALL","source":"LEVEL_1.dxf","SubClasses":"AcDbEntity:AcDbLine","EntityHandle":"210","interactive":false},"geometry":{"type":"MultiLineString","coordinates":[[[-96.256386,41.109309],[-96.256336,41.109309]]]}},{"type":"Feature","properties":{"type":"drawing","level":"LEVEL 1","Layer":"A-WALL","source":"LEVEL_1.dxf","SubClasses":"AcDbEntity:AcDbLine","EntityHandle":"211","interactive":false},"geometry":{"type":"MultiLineString","coordinates":[[[-96.256339,41.109311],[-96.256386,41.109311]]]}},{"type":"Feature","properties":{"type":"drawing","level":"LEVEL 1","Layer":"A-WALL","source":"LEVEL_1.dxf","SubClasses":"AcDbEntity:AcDbLine","EntityHandle":"212","interactive":false},"geometry":{"type":"MultiLineString","coordinates":[[[-96.256336,41.10931],[-96.256336,41.109348]]]}},{"type":"Feature","properties":{"type":"drawing","level":"LEVEL 1","Layer":"A-WALL","source":"LEVEL_1.dxf","SubClasses":"AcDbEntity:AcDbLine","EntityHandle":"213","interactive":false},"geometry":{"type":"MultiLineString","coordinates":[[[-96.256339,41.109348],[-96.256339,41.109311]]]}},{"type":"Feature","properties":{"type":"drawing","level":"LEVEL 1","Layer":"A-WALL","source":"LEVEL_1.dxf","SubClasses":"AcDbEntity:AcDbLine","EntityHandle":"215","interactive":false},"geometry":{"type":"MultiLineString","coordinates":[[[-96.256199,41.109331],[-96.25621,41.109331]]]}},{"type":"Feature","properties":{"type":"drawing","level":"LEVEL 1","Layer":"A-WALL","source":"LEVEL_1.dxf","SubClasses":"AcDbEntity:AcDbLine","EntityHandle":"216","interactive":false},"geometry":{"type":"MultiLineString","coordinates":[[[-96.256212,41.109331],[-96.256243,41.109331]]]}},{"type":"Feature","properties":{"type":"drawing","level":"LEVEL 1","Layer":"A-WALL","source":"LEVEL_1.dxf","SubClasses":"AcDbEntity:AcDbLine","EntityHandle":"217","interactive":false},"geometry":{"type":"MultiLineString","coordinates":[[[-96.256245,41.109331],[-96.256289,41.109331]]]}},{"type":"Feature","properties":{"type":"drawing","level":"LEVEL 1","Layer":"A-WALL","source":"LEVEL_1.dxf","SubClasses":"AcDbEntity:AcDbLine","EntityHandle":"218","interactive":false},"geometry":{"type":"MultiLineString","coordinates":[[[-96.256289,41.10933],[-96.256201,41.10933]]]}},{"type":"Feature","properties":{"type":"drawing","level":"LEVEL 1","Layer":"A-WALL","source":"LEVEL_1.dxf","SubClasses":"AcDbEntity:AcDbLine","EntityHandle":"21A","interactive":false},"geometry":{"type":"MultiLineString","coordinates":[[[-96.256212,41.109348],[-96.256212,41.109347]]]}},{"type":"Feature","properties":{"type":"drawing","level":"LEVEL 1","Layer":"A-WALL","source":"LEVEL_1.dxf","SubClasses":"AcDbEntity:AcDbLine","EntityHandle":"21B","interactive":false},"geometry":{"type":"MultiLineString","coordinates":[[[-96.256212,41.109347],[-96.25621,41.109347]]]}},{"type":"Feature","properties":{"type":"drawing","level":"LEVEL 1","Layer":"A-WALL","source":"LEVEL_1.dxf","SubClasses":"AcDbEntity:AcDbLine","EntityHandle":"21C","interactive":false},"geometry":{"type":"MultiLineString","coordinates":[[[-96.25621,41.109347],[-96.25621,41.109348]]]}},{"type":"Feature","properties":{"type":"drawing","level":"LEVEL 1","Layer":"A-WALL","source":"LEVEL_1.dxf","SubClasses":"AcDbEntity:AcDbLine","EntityHandle":"21D","interactive":false},"geometry":{"type":"MultiLineString","coordinates":[[[-96.256212,41.109338],[-96.256212,41.109331]]]}},{"type":"Feature","properties":{"type":"drawing","level":"LEVEL 1","Layer":"A-WALL","source":"LEVEL_1.dxf","SubClasses":"AcDbEntity:AcDbLine","EntityHandle":"21E","interactive":false},"geometry":{"type":"MultiLineString","coordinates":[[[-96.25621,41.109331],[-96.25621,41.109338]]]}},{"type":"Feature","properties":{"type":"drawing","level":"LEVEL 1","Layer":"A-WALL","source":"LEVEL_1.dxf","SubClasses":"AcDbEntity:AcDbLine","EntityHandle":"21F","interactive":false},"geometry":{"type":"MultiLineString","coordinates":[[[-96.25621,41.109338],[-96.256212,41.109338]]]}},{"type":"Feature","properties":{"type":"drawing","level":"LEVEL 1","Layer":"A-WALL","source":"LEVEL_1.dxf","SubClasses":"AcDbEntity:AcDbLine","EntityHandle":"220","interactive":false},"geometry":{"type":"MultiLineString","coordinates":[[[-96.256245,41.109348],[-96.256245,41.109347]]]}},{"type":"Feature","properties":{"type":"drawing","level":"LEVEL 1","Layer":"A-WALL","source":"LEVEL_1.dxf","SubClasses":"AcDbEntity:AcDbLine","EntityHandle":"221","interactive":false},"geometry":{"type":"MultiLineString","coordinates":[[[-96.256245,41.109347],[-96.256243,41.109347]]]}},{"type":"Feature","properties":{"type":"drawing","level":"LEVEL 1","Layer":"A-WALL","source":"LEVEL_1.dxf","SubClasses":"AcDbEntity:AcDbLine","EntityHandle":"222","interactive":false},"geometry":{"type":"MultiLineString","coordinates":[[[-96.256243,41.109347],[-96.256243,41.109348]]]}},{"type":"Feature","properties":{"type":"drawing","level":"LEVEL 1","Layer":"A-WALL","source":"LEVEL_1.dxf","SubClasses":"AcDbEntity:AcDbLine","EntityHandle":"223","interactive":false},"geometry":{"type":"MultiLineString","coordinates":[[[-96.256245,41.109338],[-96.256245,41.109331]]]}},{"type":"Feature","properties":{"type":"drawing","level":"LEVEL 1","Layer":"A-WALL","source":"LEVEL_1.dxf","SubClasses":"AcDbEntity:AcDbLine","EntityHandle":"224","interactive":false},"geometry":{"type":"MultiLineString","coordinates":[[[-96.256243,41.109331],[-96.256243,41.109338]]]}},{"type":"Feature","properties":{"type":"drawing","level":"LEVEL 1","Layer":"A-WALL","source":"LEVEL_1.dxf","SubClasses":"AcDbEntity:AcDbLine","EntityHandle":"225","interactive":false},"geometry":{"type":"MultiLineString","coordinates":[[[-96.256243,41.109338],[-96.256245,41.109338]]]}},{"type":"Feature","properties":{"type":"drawing","level":"LEVEL 1","Layer":"A-DOOR","source":"LEVEL_1.dxf","SubClasses":"AcDbEntity:AcDbBlockReference","EntityHandle":"245","interactive":false},"geometry":{"type":"MultiLineString","coordinates":[[[-96.256199,41.109346],[-96.256199,41.109346],[-96.256199,41.109345],[-96.256199,41.109345],[-96.2562,41.109344],[-96.2562,41.109344],[-96.2562,41.109343],[-96.256201,41.109343],[-96.256201,41.109342],[-96.256201,41.109342],[-96.256202,41.109341],[-96.256202,41.109341],[-96.256203,41.10934],[-96.256203,41.10934],[-96.256204,41.10934],[-96.256205,41.109339],[-96.256205,41.109339],[-96.256206,41.109339],[-96.256207,41.109339],[-96.256207,41.109338],[-96.256208,41.109338],[-96.256209,41.109338],[-96.25621,41.109338],[-96.25621,41.109338]],[[-96.25621,41.109346],[-96.256199,41.109346]],[[-96.256199,41.109346],[-96.256199,41.109346]],[[-96.256199,41.109346],[-96.25621,41.109346]],[[-96.25621,41.109346],[-96.25621,41.109346]],[[-96.256199,41.109346],[-96.256199,41.109346],[-96.256199,41.109345],[-96.256199,41.109345],[-96.2562,41.109344],[-96.2562,41.109344],[-96.2562,41.109343],[-96.256201,41.109343],[-96.256201,41.109342],[-96.256201,41.109342],[-96.256202,41.109341],[-96.256202,41.109341],[-96.256203,41.10934],[-96.256203,41.10934],[-96.256204,41.10934],[-96.256205,41.109339],[-96.256205,41.109339],[-96.256206,41.109339],[-96.256207,41.109339],[-96.256207,41.109338],[-96.256208,41.109338],[-96.256209,41.109338],[-96.25621,41.109338],[-96.25621,41.109338]],[[-96.256211,41.109338],[-96.25621,41.109338]],[[-96.256211,41.109338],[-96.256211,41.109338]],[[-96.256211,41.109338],[-96.256211,41.109338]],[[-96.256211,41.109338],[-96.256211,41.109338]],[[-96.256212,41.109338],[-96.256211,41.109338]],[[-96.256212,41.109338],[-96.256212,41.109338]],[[-96.25621,41.109338],[-96.256212,41.109338]],[[-96.25621,41.109338],[-96.25621,41.109338]],[[-96.256212,41.109347],[-96.25621,41.109347]],[[-96.256212,41.109346],[-96.256212,41.109347]],[[-96.256211,41.109346],[-96.256212,41.109346]],[[-96.256211,41.109346],[-96.256211,41.109346]],[[-96.256211,41.109346],[-96.256211,41.109346]],[[-96.256211,41.109346],[-96.256211,41.109346]],[[-96.25621,41.109346],[-96.256211,41.109346]],[[-96.25621,41.109347],[-96.25621,41.109346]],[[-96.256199,41.109346],[-96.256199,41.109346]],[[-96.25621,41.109346],[-96.256199,41.109346]],[[-96.256199,41.109346],[-96.25621,41.109346]],[[-96.25621,41.109346],[-96.25621,41.109346]],[[-96.256199,41.109346],[-96.256199,41.109346],[-96.256199,41.109345],[-96.256199,41.109345],[-96.2562,41.109344],[-96.2562,41.109344],[-96.2562,41.109343],[-96.256201,41.109343],[-96.256201,41.109342],[-96.256201,41.109342],[-96.256202,41.109341],[-96.256202,41.109341],[-96.256203,41.10934],[-96.256203,41.10934],[-96.256204,41.10934],[-96.256205,41.109339],[-96.256205,41.109339],[-96.256206,41.109339],[-96.256207,41.109339],[-96.256207,41.109338],[-96.256208,41.109338],[-96.256209,41.109338],[-96.25621,41.109338],[-96.25621,41.109338]],[[-96.256199,41.109346],[-96.256199,41.109346],[-96.256199,41.109345],[-96.256199,41.109345],[-96.2562,41.109344],[-96.2562,41.109344],[-96.2562,41.109343],[-96.256201,41.109343],[-96.256201,41.109342],[-96.256201,41.109342],[-96.256202,41.109341],[-96.256202,41.109341],[-96.256203,41.10934],[-96.256203,41.10934],[-96.256204,41.10934],[-96.256205,41.109339],[-96.256205,41.109339],[-96.256206,41.109339],[-96.256207,41.109339],[-96.256207,41.109338],[-96.256208,41.109338],[-96.256209,41.109338],[-96.25621,41.109338],[-96.25621,41.109338]]]}},{"type":"Feature","properties":{"type":"drawing","level":"LEVEL 1","Layer":"A-DOOR","source":"LEVEL_1.dxf","SubClasses":"AcDbEntity:AcDbBlockReference","EntityHandle":"246","interactive":false},"geometry":{"type":"MultiLineString","coordinates":[[[-96.256232,41.109346],[-96.256232,41.109346],[-96.256232,41.109345],[-96.256232,41.109345],[-96.256232,41.109344],[-96.256233,41.109344],[-96.256233,41.109343],[-96.256233,41.109343],[-96.256234,41.109342],[-96.256234,41.109342],[-96.256235,41.109341],[-96.256235,41.109341],[-96.256236,41.10934],[-96.256236,41.10934],[-96.256237,41.10934],[-96.256237,41.109339],[-96.256238,41.109339],[-96.256239,41.109339],[-96.256239,41.109339],[-96.25624,41.109338],[-96.256241,41.109338],[-96.256242,41.109338],[-96.256242,41.109338],[-96.256243,41.109338]],[[-96.256243,41.109346],[-96.256232,41.109346]],[[-96.256232,41.109346],[-96.256232,41.109346]],[[-96.256232,41.109346],[-96.256243,41.109346]],[[-96.256243,41.109346],[-96.256243,41.109346]],[[-96.256232,41.109346],[-96.256232,41.109346],[-96.256232,41.109345],[-96.256232,41.109345],[-96.256232,41.109344],[-96.256233,41.109344],[-96.256233,41.109343],[-96.256233,41.109343],[-96.256234,41.109342],[-96.256234,41.109342],[-96.256235,41.109341],[-96.256235,41.109341],[-96.256236,41.10934],[-96.256236,41.10934],[-96.256237,41.10934],[-96.256237,41.109339],[-96.256238,41.109339],[-96.256239,41.109339],[-96.256239,41.109339],[-96.25624,41.109338],[-96.256241,41.109338],[-96.256242,41.109338],[-96.256242,41.109338],[-96.256243,41.109338]],[[-96.256244,41.109338],[-96.256243,41.109338]],[[-96.256244,41.109338],[-96.256244,41.109338]],[[-96.256244,41.109338],[-96.256244,41.109338]],[[-96.256244,41.109338],[-96.256244,41.109338]],[[-96.256245,41.109338],[-96.256244,41.109338]],[[-96.256245,41.109338],[-96.256245,41.109338]],[[-96.256243,41.109338],[-96.256245,41.109338]],[[-96.256243,41.109338],[-96.256243,41.109338]],[[-96.256245,41.109347],[-96.256243,41.109347]],[[-96.256245,41.109346],[-96.256245,41.109347]],[[-96.256244,41.109346],[-96.256245,41.109346]],[[-96.256244,41.109346],[-96.256244,41.109346]],[[-96.256244,41.109346],[-96.256244,41.109346]],[[-96.256244,41.109346],[-96.256244,41.109346]],[[-96.256243,41.109346],[-96.256244,41.109346]],[[-96.256243,41.109347],[-96.256243,41.109346]],[[-96.256232,41.109346],[-96.256232,41.109346]],[[-96.256243,41.109346],[-96.256232,41.109346]],[[-96.256232,41.109346],[-96.256243,41.109346]],[[-96.256243,41.109346],[-96.256243,41.109346]],[[-96.256232,41.109346],[-96.256232,41.109346],[-96.256232,41.109345],[-96.256232,41.109345],[-96.256232,41.109344],[-96.256233,41.109344],[-96.256233,41.109343],[-96.256233,41.109343],[-96.256234,41.109342],[-96.256234,41.109342],[-96.256235,41.109341],[-96.256235,41.109341],[-96.256236,41.10934],[-96.256236,41.10934],[-96.256237,41.10934],[-96.256237,41.109339],[-96.256238,41.109339],[-96.256239,41.109339],[-96.256239,41.109339],[-96.25624,41.109338],[-96.256241,41.109338],[-96.256242,41.109338],[-96.256242,41.109338],[-96.256243,41.109338]],[[-96.256232,41.109346],[-96.256232,41.109346],[-96.256232,41.109345],[-96.256232,41.109345],[-96.256232,41.109344],[-96.256233,41.109344],[-96.256233,41.109343],[-96.256233,41.109343],[-96.256234,41.109342],[-96.256234,41.109342],[-96.256235,41.109341],[-96.256235,41.109341],[-96.256236,41.10934],[-96.256236,41.10934],[-96.256237,41.10934],[-96.256237,41.109339],[-96.256238,41.109339],[-96.256239,41.109339],[-96.256239,41.109339],[-96.25624,41.109338],[-96.256241,41.109338],[-96.256242,41.109338],[-96.256242,41.109338],[-96.256243,41.109338]]]}},{"type":"Feature","properties":{"type":"drawing","level":"LEVEL 1","Layer":"A-WALL","source":"LEVEL_1.dxf","SubClasses":"AcDbEntity:AcDbLine","EntityHandle":"247","interactive":false},"geometry":{"type":"MultiLineString","coordinates":[[[-96.256291,41.109348],[-96.256291,41.109347]]]}},{"type":"Feature","properties":{"type":"drawing","level":"LEVEL 1","Layer":"A-WALL","source":"LEVEL_1.dxf","SubClasses":"AcDbEntity:AcDbLine","EntityHandle":"248","interactive":false},"geometry":{"type":"MultiLineString","coordinates":[[[-96.256291,41.109347],[-96.256289,41.109347]]]}},{"type":"Feature","properties":{"type":"drawing","level":"LEVEL 1","Layer":"A-WALL","source":"LEVEL_1.dxf","SubClasses":"AcDbEntity:AcDbLine","EntityHandle":"249","interactive":false},"geometry":{"type":"MultiLineString","coordinates":[[[-96.256289,41.109347],[-96.256289,41.109348]]]}},{"type":"Feature","properties":{"type":"drawing","level":"LEVEL 1","Layer":"A-WALL","source":"LEVEL_1.dxf","SubClasses":"AcDbEntity:AcDbLine","EntityHandle":"24A","interactive":false},"geometry":{"type":"MultiLineString","coordinates":[[[-96.256291,41.109338],[-96.256291,41.109326]]]}},{"type":"Feature","properties":{"type":"drawing","level":"LEVEL 1","Layer":"A-WALL","source":"LEVEL_1.dxf","SubClasses":"AcDbEntity:AcDbLine","EntityHandle":"24B","interactive":false},"geometry":{"type":"MultiLineString","coordinates":[[[-96.256291,41.109324],[-96.256291,41.10931]]]}},{"type":"Feature","properties":{"type":"drawing","level":"LEVEL 1","Layer":"A-WALL","source":"LEVEL_1.dxf","SubClasses":"AcDbEntity:AcDbLine","EntityHandle":"24D","interactive":false},"geometry":{"type":"MultiLineString","coordinates":[[[-96.256289,41.109309],[-96.256289,41.10933]]]}},{"type":"Feature","properties":{"type":"drawing","level":"LEVEL 1","Layer":"A-WALL","source":"LEVEL_1.dxf","SubClasses":"AcDbEntity:AcDbLine","EntityHandle":"24E","interactive":false},"geometry":{"type":"MultiLineString","coordinates":[[[-96.256289,41.109331],[-96.256289,41.109338]]]}},{"type":"Feature","properties":{"type":"drawing","level":"LEVEL 1","Layer":"A-WALL","source":"LEVEL_1.dxf","SubClasses":"AcDbEntity:AcDbLine","EntityHandle":"24F","interactive":false},"geometry":{"type":"MultiLineString","coordinates":[[[-96.256289,41.109338],[-96.256291,41.109338]]]}},{"type":"Feature","properties":{"type":"drawing","level":"LEVEL 1","Layer":"A-WALL","source":"LEVEL_1.dxf","SubClasses":"AcDbEntity:AcDbLine","EntityHandle":"250","interactive":false},"geometry":{"type":"MultiLineString","coordinates":[[[-96.256291,41.10931],[-96.256301,41.10931]]]}},{"type":"Feature","properties":{"type":"drawing","level":"LEVEL 1","Layer":"A-WALL","source":"LEVEL_1.dxf","SubClasses":"AcDbEntity:AcDbLine","EntityHandle":"251","interactive":false},"geometry":{"type":"MultiLineString","coordinates":[[[-96.256301,41.10931],[-96.256301,41.109309]]]}},{"type":"Feature","properties":{"type":"drawing","level":"LEVEL 1","Layer":"A-WALL","source":"LEVEL_1.dxf","SubClasses":"AcDbEntity:AcDbLine","EntityHandle":"252","interactive":false},"geometry":{"type":"MultiLineString","coordinates":[[[-96.256301,41.109309],[-96.256289,41.109309]]]}},{"type":"Feature","properties":{"type":"drawing","level":"LEVEL 1","Layer":"A-WALL","source":"LEVEL_1.dxf","SubClasses":"AcDbEntity:AcDbLine","EntityHandle":"253","interactive":false},"geometry":{"type":"MultiLineString","coordinates":[[[-96.256313,41.10931],[-96.256314,41.10931]]]}},{"type":"Feature","properties":{"type":"drawing","level":"LEVEL 1","Layer":"A-WALL","source":"LEVEL_1.dxf","SubClasses":"AcDbEntity:AcDbLine","EntityHandle":"254","interactive":false},"geometry":{"type":"MultiLineString","coordinates":[[[-96.256316,41.10931],[-96.256317,41.10931]]]}},{"type":"Feature","properties":{"type":"drawing","level":"LEVEL 1","Layer":"A-WALL","source":"LEVEL_1.dxf","SubClasses":"AcDbEntity:AcDbLine","EntityHandle":"255","interactive":false},"geometry":{"type":"MultiLineString","coordinates":[[[-96.256317,41.10931],[-96.256317,41.109309]]]}},{"type":"Feature","properties":{"type":"drawing","level":"LEVEL 1","Layer":"A-WALL","source":"LEVEL_1.dxf","SubClasses":"AcDbEntity:AcDbLine","EntityHandle":"256","interactive":false},"geometry":{"type":"MultiLineString","coordinates":[[[-96.256317,41.109309],[-96.256313,41.109309]]]}},{"type":"Feature","properties":{"type":"drawing","level":"LEVEL 1","Layer":"A-WALL","source":"LEVEL_1.dxf","SubClasses":"AcDbEntity:AcDbLine","EntityHandle":"257","interactive":false},"geometry":{"type":"MultiLineString","coordinates":[[[-96.256313,41.109309],[-96.256313,41.10931]]]}},{"type":"Feature","properties":{"type":"drawing","level":"LEVEL 1","Layer":"A-WALL","source":"LEVEL_1.dxf","SubClasses":"AcDbEntity:AcDbLine","EntityHandle":"258","interactive":false},"geometry":{"type":"MultiLineString","coordinates":[[[-96.256329,41.10931],[-96.256336,41.10931]]]}},{"type":"Feature","properties":{"type":"drawing","level":"LEVEL 1","Layer":"A-WALL","source":"LEVEL_1.dxf","SubClasses":"AcDbEntity:AcDbLine","EntityHandle":"259","interactive":false},"geometry":{"type":"MultiLineString","coordinates":[[[-96.256334,41.109309],[-96.256329,41.109309]]]}},{"type":"Feature","properties":{"type":"drawing","level":"LEVEL 1","Layer":"A-WALL","source":"LEVEL_1.dxf","SubClasses":"AcDbEntity:AcDbLine","EntityHandle":"25A","interactive":false},"geometry":{"type":"MultiLineString","coordinates":[[[-96.256329,41.109309],[-96.256329,41.10931]]]}},{"type":"Feature","properties":{"type":"drawing","level":"LEVEL 1","Layer":"A-WALL","source":"LEVEL_1.dxf","SubClasses":"AcDbEntity:AcDbLine","EntityHandle":"25B","interactive":false},"geometry":{"type":"MultiLineString","coordinates":[[[-96.256314,41.10931],[-96.256314,41.109324]]]}},{"type":"Feature","properties":{"type":"drawing","level":"LEVEL 1","Layer":"A-WALL","source":"LEVEL_1.dxf","SubClasses":"AcDbEntity:AcDbLine","EntityHandle":"25C","interactive":false},"geometry":{"type":"MultiLineString","coordinates":[[[-96.256314,41.109326],[-96.256314,41.109348]]]}},{"type":"Feature","properties":{"type":"drawing","level":"LEVEL 1","Layer":"A-WALL","source":"LEVEL_1.dxf","SubClasses":"AcDbEntity:AcDbLine","EntityHandle":"25D","interactive":false},"geometry":{"type":"MultiLineString","coordinates":[[[-96.256316,41.109348],[-96.256316,41.10931]]]}},{"type":"Feature","properties":{"type":"drawing","level":"LEVEL 1","Layer":"A-WALL","source":"LEVEL_1.dxf","SubClasses":"AcDbEntity:AcDbLine","EntityHandle":"25E","interactive":false},"geometry":{"type":"MultiLineString","coordinates":[[[-96.256336,41.109309],[-96.256336,41.109291]]]}},{"type":"Feature","properties":{"type":"drawing","level":"LEVEL 1","Layer":"A-WALL","source":"LEVEL_1.dxf","SubClasses":"AcDbEntity:AcDbLine","EntityHandle":"25F","interactive":false},"geometry":{"type":"MultiLineString","coordinates":[[[-96.256336,41.109291],[-96.256334,41.109291]]]}},{"type":"Feature","properties":{"type":"drawing","level":"LEVEL 1","Layer":"A-WALL","source":"LEVEL_1.dxf","SubClasses":"AcDbEntity:AcDbLine","EntityHandle":"260","interactive":false},"geometry":{"type":"MultiLineString","coordinates":[[[-96.256334,41.109291],[-96.256334,41.109309]]]}},{"type":"Feature","properties":{"type":"drawing","level":"LEVEL 1","Layer":"A-WALL","source":"LEVEL_1.dxf","SubClasses":"AcDbEntity:AcDbLine","EntityHandle":"261","interactive":false},"geometry":{"type":"MultiLineString","coordinates":[[[-96.256336,41.109281],[-96.256336,41.109281]]]}},{"type":"Feature","properties":{"type":"drawing","level":"LEVEL 1","Layer":"A-WALL","source":"LEVEL_1.dxf","SubClasses":"AcDbEntity:AcDbLine","EntityHandle":"262","interactive":false},"geometry":{"type":"MultiLineString","coordinates":[[[-96.256334,41.109281],[-96.256334,41.109281]]]}},{"type":"Feature","properties":{"type":"drawing","level":"LEVEL 1","Layer":"A-WALL","source":"LEVEL_1.dxf","SubClasses":"AcDbEntity:AcDbLine","EntityHandle":"263","interactive":false},"geometry":{"type":"MultiLineString","coordinates":[[[-96.256334,41.109281],[-96.256336,41.109281]]]}},{"type":"Feature","properties":{"type":"drawing","level":"LEVEL 1","Layer":"A-DOOR","source":"LEVEL_1.dxf","SubClasses":"AcDbEntity:AcDbBlockReference","EntityHandle":"264","interactive":false},"geometry":{"type":"MultiLineString","coordinates":[[[-96.256318,41.109301],[-96.256318,41.109301],[-96.256319,41.109301],[-96.25632,41.109301],[-96.256321,41.109301],[-96.256321,41.109301],[-96.256322,41.109301],[-96.256323,41.109302],[-96.256323,41.109302],[-96.256324,41.109302],[-96.256325,41.109303],[-96.256325,41.109303],[-96.256326,41.109303],[-96.256326,41.109304],[-96.256327,41.109304],[-96.256327,41.109305],[-96.256327,41.109305],[-96.256328,41.109306],[-96.256328,41.109306],[-96.256328,41.109307],[-96.256328,41.109307],[-96.256328,41.109308],[-96.256329,41.109308],[-96.256329,41.109309]],[[-96.256318,41.109309],[-96.256318,41.109301]],[[-96.256318,41.109301],[-96.256318,41.109301]],[[-96.256318,41.109301],[-96.256318,41.109309]],[[-96.256318,41.109309],[-96.256318,41.109309]],[[-96.256318,41.109301],[-96.256318,41.109301],[-96.256319,41.109301],[-96.25632,41.109301],[-96.256321,41.109301],[-96.256321,41.109301],[-96.256322,41.109301],[-96.256323,41.109302],[-96.256323,41.109302],[-96.256324,41.109302],[-96.256325,41.109303],[-96.256325,41.109303],[-96.256326,41.109303],[-96.256326,41.109304],[-96.256327,41.109304],[-96.256327,41.109305],[-96.256327,41.109305],[-96.256328,41.109306],[-96.256328,41.109306],[-96.256328,41.109307],[-96.256328,41.109307],[-96.256328,41.109308],[-96.256329,41.109308],[-96.256329,41.109309]],[[-96.256329,41.109309],[-96.256329,41.109309]],[[-96.256328,41.109309],[-96.256329,41.109309]],[[-96.256328,41.10931],[-96.256328,41.109309]],[[-96.256329,41.10931],[-96.256328,41.10931]],[[-96.256329,41.109311],[-96.256329,41.10931]],[[-96.256329,41.109311],[-96.256329,41.109311]],[[-96.256329,41.109309],[-96.256329,41.109311]],[[-96.256329,41.109309],[-96.256329,41.109309]],[[-96.256317,41.109311],[-96.256317,41.109309]],[[-96.256318,41.109311],[-96.256317,41.109311]],[[-96.256318,41.10931],[-96.256318,41.109311]],[[-96.256318,41.10931],[-96.256318,41.10931]],[[-96.256318,41.109309],[-96.256318,41.10931]],[[-96.256318,41.109309],[-96.256318,41.109309]],[[-96.256318,41.109309],[-96.256318,41.109309]],[[-96.256317,41.109309],[-96.256318,41.109309]],[[-96.256318,41.109301],[-96.256318,41.109301]],[[-96.256318,41.109309],[-96.256318,41.109301]],[[-96.256318,41.109301],[-96.256318,41.109309]],[[-96.256318,41.109309],[-96.256318,41.109309]],[[-96.256318,41.109301],[-96.256318,41.109301],[-96.256319,41.109301],[-96.25632,41.109301],[-96.256321,41.109301],[-96.256321,41.109301],[-96.256322,41.109301],[-96.256323,41.109302],[-96.256323,41.109302],[-96.256324,41.109302],[-96.256325,41.109303],[-96.256325,41.109303],[-96.256326,41.109303],[-96.256326,41.109304],[-96.256327,41.109304],[-96.256327,41.109305],[-96.256327,41.109305],[-96.256328,41.109306],[-96.256328,41.109306],[-96.256328,41.109307],[-96.256328,41.109307],[-96.256328,41.109308],[-96.256329,41.109308],[-96.256329,41.109309]],[[-96.256318,41.109301],[-96.256318,41.109301],[-96.256319,41.109301],[-96.25632,41.109301],[-96.256321,41.109301],[-96.256321,41.109301],[-96.256322,41.109301],[-96.256323,41.109302],[-96.256323,41.109302],[-96.256324,41.109302],[-96.256325,41.109303],[-96.256325,41.109303],[-96.256326,41.109303],[-96.256326,41.109304],[-96.256327,41.109304],[-96.256327,41.109305],[-96.256327,41.109305],[-96.256328,41.109306],[-96.256328,41.109306],[-96.256328,41.109307],[-96.256328,41.109307],[-96.256328,41.109308],[-96.256329,41.109308],[-96.256329,41.109309]]]}},{"type":"Feature","properties":{"type":"drawing","level":"LEVEL 1","Layer":"A-DOOR","source":"LEVEL_1.dxf","SubClasses":"AcDbEntity:AcDbBlockReference","EntityHandle":"284","interactive":false},"geometry":{"type":"MultiLineString","coordinates":[[[-96.256301,41.109309],[-96.256301,41.109308],[-96.256301,41.109308],[-96.256301,41.109307],[-96.256302,41.109307],[-96.256302,41.109306],[-96.256302,41.109306],[-96.256302,41.109305],[-96.256303,41.109305],[-96.256303,41.109304],[-96.256304,41.109304],[-96.256304,41.109303],[-96.256305,41.109303],[-96.256305,41.109303],[-96.256306,41.109302],[-96.256306,41.109302],[-96.256307,41.109302],[-96.256308,41.109301],[-96.256308,41.109301],[-96.256309,41.109301],[-96.25631,41.109301],[-96.256311,41.109301],[-96.256311,41.109301],[-96.256312,41.109301]],[[-96.256312,41.109309],[-96.256312,41.109301]],[[-96.256312,41.109301],[-96.256312,41.109301]],[[-96.256312,41.109301],[-96.256312,41.109309]],[[-96.256312,41.109309],[-96.256312,41.109309]],[[-96.256301,41.109309],[-96.256301,41.109308],[-96.256301,41.109308],[-96.256301,41.109307],[-96.256302,41.109307],[-96.256302,41.109306],[-96.256302,41.109306],[-96.256302,41.109305],[-96.256303,41.109305],[-96.256303,41.109304],[-96.256304,41.109304],[-96.256304,41.109303],[-96.256305,41.109303],[-96.256305,41.109303],[-96.256306,41.109302],[-96.256306,41.109302],[-96.256307,41.109302],[-96.256308,41.109301],[-96.256308,41.109301],[-96.256309,41.109301],[-96.25631,41.109301],[-96.256311,41.109301],[-96.256311,41.109301],[-96.256312,41.109301]],[[-96.256301,41.109309],[-96.256301,41.109309]],[[-96.256301,41.109309],[-96.256301,41.109311]],[[-96.256301,41.109311],[-96.256301,41.109311]],[[-96.256301,41.109311],[-96.256301,41.10931]],[[-96.256301,41.10931],[-96.256301,41.10931]],[[-96.256301,41.10931],[-96.256301,41.109309]],[[-96.256301,41.109309],[-96.256301,41.109309]],[[-96.256301,41.109309],[-96.256301,41.109309]],[[-96.256313,41.109309],[-96.256312,41.109309]],[[-96.256312,41.109309],[-96.256312,41.109309]],[[-96.256312,41.109309],[-96.256312,41.109309]],[[-96.256312,41.109309],[-96.256312,41.10931]],[[-96.256312,41.10931],[-96.256312,41.10931]],[[-96.256312,41.10931],[-96.256312,41.109311]],[[-96.256312,41.109311],[-96.256313,41.109311]],[[-96.256313,41.109311],[-96.256313,41.109309]],[[-96.256312,41.109301],[-96.256312,41.109301]],[[-96.256312,41.109309],[-96.256312,41.109301]],[[-96.256312,41.109301],[-96.256312,41.109309]],[[-96.256312,41.109309],[-96.256312,41.109309]],[[-96.256301,41.109309],[-96.256301,41.109308],[-96.256301,41.109308],[-96.256301,41.109307],[-96.256302,41.109307],[-96.256302,41.109306],[-96.256302,41.109306],[-96.256302,41.109305],[-96.256303,41.109305],[-96.256303,41.109304],[-96.256304,41.109304],[-96.256304,41.109303],[-96.256305,41.109303],[-96.256305,41.109303],[-96.256306,41.109302],[-96.256306,41.109302],[-96.256307,41.109302],[-96.256308,41.109301],[-96.256308,41.109301],[-96.256309,41.109301],[-96.25631,41.109301],[-96.256311,41.109301],[-96.256311,41.109301],[-96.256312,41.109301]],[[-96.256301,41.109309],[-96.256301,41.109308],[-96.256301,41.109308],[-96.256301,41.109307],[-96.256302,41.109307],[-96.256302,41.109306],[-96.256302,41.109306],[-96.256302,41.109305],[-96.256303,41.109305],[-96.256303,41.109304],[-96.256304,41.109304],[-96.256304,41.109303],[-96.256305,41.109303],[-96.256305,41.109303],[-96.256306,41.109302],[-96.256306,41.109302],[-96.256307,41.109302],[-96.256308,41.109301],[-96.256308,41.109301],[-96.256309,41.109301],[-96.25631,41.109301],[-96.256311,41.109301],[-96.256311,41.109301],[-96.256312,41.109301]]]}},{"type":"Feature","properties":{"type":"drawing","level":"LEVEL 1","Layer":"A-DOOR","source":"LEVEL_1.dxf","SubClasses":"AcDbEntity:AcDbBlockReference","EntityHandle":"285","interactive":false},"geometry":{"type":"MultiLineString","coordinates":[[[-96.256291,41.109338],[-96.256291,41.109338],[-96.256292,41.109338],[-96.256293,41.109338],[-96.256294,41.109338],[-96.256294,41.109339],[-96.256295,41.109339],[-96.256296,41.109339],[-96.256296,41.109339],[-96.256297,41.10934],[-96.256298,41.10934],[-96.256298,41.10934],[-96.256299,41.109341],[-96.256299,41.109341],[-96.2563,41.109342],[-96.2563,41.109342],[-96.2563,41.109343],[-96.256301,41.109343],[-96.256301,41.109344],[-96.256301,41.109344],[-96.256301,41.109345],[-96.256302,41.109345],[-96.256302,41.109346],[-96.256302,41.109346]],[[-96.256291,41.109346],[-96.256302,41.109346]],[[-96.256302,41.109346],[-96.256302,41.109346]],[[-96.256302,41.109346],[-96.256291,41.109346]],[[-96.256291,41.109346],[-96.256291,41.109346]],[[-96.256291,41.109338],[-96.256291,41.109338],[-96.256292,41.109338],[-96.256293,41.109338],[-96.256294,41.109338],[-96.256294,41.109339],[-96.256295,41.109339],[-96.256296,41.109339],[-96.256296,41.109339],[-96.256297,41.10934],[-96.256298,41.10934],[-96.256298,41.10934],[-96.256299,41.109341],[-96.256299,41.109341],[-96.2563,41.109342],[-96.2563,41.109342],[-96.2563,41.109343],[-96.256301,41.109343],[-96.256301,41.109344],[-96.256301,41.109344],[-96.256301,41.109345],[-96.256302,41.109345],[-96.256302,41.109346],[-96.256302,41.109346]],[[-96.256291,41.109338],[-96.256291,41.109338]],[[-96.256291,41.109338],[-96.256289,41.109338]],[[-96.256289,41.109338],[-96.256289,41.109338]],[[-96.256289,41.109338],[-96.25629,41.109338]],[[-96.25629,41.109338],[-96.25629,41.109338]],[[-96.25629,41.109338],[-96.25629,41.109338]],[[-96.25629,41.109338],[-96.25629,41.109338]],[[-96.25629,41.109338],[-96.256291,41.109338]],[[-96.256291,41.109347],[-96.256291,41.109346]],[[-96.256291,41.109346],[-96.25629,41.109346]],[[-96.25629,41.109346],[-96.25629,41.109346]],[[-96.25629,41.109346],[-96.25629,41.109346]],[[-96.25629,41.109346],[-96.25629,41.109346]],[[-96.25629,41.109346],[-96.256289,41.109346]],[[-96.256289,41.109346],[-96.256289,41.109347]],[[-96.256289,41.109347],[-96.256291,41.109347]],[[-96.256302,41.109346],[-96.256302,41.109346]],[[-96.256291,41.109346],[-96.256302,41.109346]],[[-96.256302,41.109346],[-96.256291,41.109346]],[[-96.256291,41.109346],[-96.256291,41.109346]],[[-96.256291,41.109338],[-96.256291,41.109338],[-96.256292,41.109338],[-96.256293,41.109338],[-96.256294,41.109338],[-96.256294,41.109339],[-96.256295,41.109339],[-96.256296,41.109339],[-96.256296,41.109339],[-96.256297,41.10934],[-96.256298,41.10934],[-96.256298,41.10934],[-96.256299,41.109341],[-96.256299,41.109341],[-96.2563,41.109342],[-96.2563,41.109342],[-96.2563,41.109343],[-96.256301,41.109343],[-96.256301,41.109344],[-96.256301,41.109344],[-96.256301,41.109345],[-96.256302,41.109345],[-96.256302,41.109346],[-96.256302,41.109346]],[[-96.256291,41.109338],[-96.256291,41.109338],[-96.256292,41.109338],[-96.256293,41.109338],[-96.256294,41.109338],[-96.256294,41.109339],[-96.256295,41.109339],[-96.256296,41.109339],[-96.256296,41.109339],[-96.256297,41.10934],[-96.256298,41.10934],[-96.256298,41.10934],[-96.256299,41.109341],[-96.256299,41.109341],[-96.2563,41.109342],[-96.2563,41.109342],[-96.2563,41.109343],[-96.256301,41.109343],[-96.256301,41.109344],[-96.256301,41.109344],[-96.256301,41.109345],[-96.256302,41.109345],[-96.256302,41.109346],[-96.256302,41.109346]]]}},{"type":"Feature","properties":{"type":"drawing","level":"LEVEL 1","Layer":"A-WALL","source":"LEVEL_1.dxf","SubClasses":"AcDbEntity:AcDbLine","EntityHandle":"286","interactive":false},"geometry":{"type":"MultiLineString","coordinates":[[[-96.256291,41.109326],[-96.256314,41.109326]]]}},{"type":"Feature","properties":{"type":"drawing","level":"LEVEL 1","Layer":"A-WALL","source":"LEVEL_1.dxf","SubClasses":"AcDbEntity:AcDbLine","EntityHandle":"287","interactive":false},"geometry":{"type":"MultiLineString","coordinates":[[[-96.256314,41.109324],[-96.256291,41.109324]]]}},{"type":"Feature","properties":{"type":"drawing","level":"LEVEL 1","Layer":"A-DOOR","source":"LEVEL_1.dxf","SubClasses":"AcDbEntity:AcDbBlockReference","EntityHandle":"288","interactive":false},"geometry":{"type":"MultiLineString","coordinates":[[[-96.256347,41.109282],[-96.256347,41.109282],[-96.256347,41.109283],[-96.256347,41.109284],[-96.256347,41.109284],[-96.256347,41.109285],[-96.256346,41.109285],[-96.256346,41.109286],[-96.256346,41.109286],[-96.256345,41.109287],[-96.256345,41.109287],[-96.256344,41.109288],[-96.256344,41.109288],[-96.256343,41.109288],[-96.256343,41.109289],[-96.256342,41.109289],[-96.256341,41.109289],[-96.256341,41.109289],[-96.25634,41.10929],[-96.256339,41.10929],[-96.256339,41.10929],[-96.256338,41.10929],[-96.256337,41.10929],[-96.256336,41.10929]],[[-96.256336,41.109282],[-96.256347,41.109282]],[[-96.256347,41.109282],[-96.256347,41.109282]],[[-96.256347,41.109282],[-96.256336,41.109282]],[[-96.256336,41.109282],[-96.256336,41.109282]],[[-96.256347,41.109282],[-96.256347,41.109282],[-96.256347,41.109283],[-96.256347,41.109284],[-96.256347,41.109284],[-96.256347,41.109285],[-96.256346,41.109285],[-96.256346,41.109286],[-96.256346,41.109286],[-96.256345,41.109287],[-96.256345,41.109287],[-96.256344,41.109288],[-96.256344,41.109288],[-96.256343,41.109288],[-96.256343,41.109289],[-96.256342,41.109289],[-96.256341,41.109289],[-96.256341,41.109289],[-96.25634,41.10929],[-96.256339,41.10929],[-96.256339,41.10929],[-96.256338,41.10929],[-96.256337,41.10929],[-96.256336,41.10929]],[[-96.256336,41.10929],[-96.256336,41.10929]],[[-96.256336,41.10929],[-96.256336,41.10929]],[[-96.256335,41.10929],[-96.256336,41.10929]],[[-96.256335,41.10929],[-96.256335,41.10929]],[[-96.256334,41.10929],[-96.256335,41.10929]],[[-96.256334,41.109291],[-96.256334,41.10929]],[[-96.256336,41.109291],[-96.256334,41.109291]],[[-96.256336,41.10929],[-96.256336,41.109291]],[[-96.256334,41.109281],[-96.256336,41.109281]],[[-96.256334,41.109282],[-96.256334,41.109281]],[[-96.256335,41.109282],[-96.256334,41.109282]],[[-96.256335,41.109282],[-96.256335,41.109282]],[[-96.256336,41.109282],[-96.256335,41.109282]],[[-96.256336,41.109282],[-96.256336,41.109282]],[[-96.256336,41.109282],[-96.256336,41.109282]],[[-96.256336,41.109281],[-96.256336,41.109282]],[[-96.256347,41.109282],[-96.256347,41.109282]],[[-96.256336,41.109282],[-96.256347,41.109282]],[[-96.256347,41.109282],[-96.256336,41.109282]],[[-96.256336,41.109282],[-96.256336,41.109282]],[[-96.256347,41.109282],[-96.256347,41.109282],[-96.256347,41.109283],[-96.256347,41.109284],[-96.256347,41.109284],[-96.256347,41.109285],[-96.256346,41.109285],[-96.256346,41.109286],[-96.256346,41.109286],[-96.256345,41.109287],[-96.256345,41.109287],[-96.256344,41.109288],[-96.256344,41.109288],[-96.256343,41.109288],[-96.256343,41.109289],[-96.256342,41.109289],[-96.256341,41.109289],[-96.256341,41.109289],[-96.25634,41.10929],[-96.256339,41.10929],[-96.256339,41.10929],[-96.256338,41.10929],[-96.256337,41.10929],[-96.256336,41.10929]],[[-96.256347,41.109282],[-96.256347,41.109282],[-96.256347,41.109283],[-96.256347,41.109284],[-96.256347,41.109284],[-96.256347,41.109285],[-96.256346,41.109285],[-96.256346,41.109286],[-96.256346,41.109286],[-96.256345,41.109287],[-96.256345,41.109287],[-96.256344,41.109288],[-96.256344,41.109288],[-96.256343,41.109288],[-96.256343,41.109289],[-96.256342,41.109289],[-96.256341,41.109289],[-96.256341,41.109289],[-96.25634,41.10929],[-96.256339,41.10929],[-96.256339,41.10929],[-96.256338,41.10929],[-96.256337,41.10929],[-96.256336,41.10929]]]}},{"type":"Feature","properties":{"type":"drawing","level":"LEVEL 1","Layer":"A-DOOR","source":"LEVEL_1.dxf","SubClasses":"AcDbEntity:AcDbBlockReference","EntityHandle":"2AA","interactive":false},"geometry":{"type":"MultiLineString","coordinates":[[[-96.2564,41.109329],[-96.2564,41.109329]],[[-96.2564,41.109329],[-96.256389,41.109329]],[[-96.256389,41.109329],[-96.256389,41.109329]],[[-96.256389,41.109329],[-96.2564,41.109329]],[[-96.2564,41.109313],[-96.256389,41.109313]],[[-96.256389,41.109313],[-96.256389,41.109313]],[[-96.256389,41.109313],[-96.2564,41.109313]],[[-96.2564,41.109313],[-96.2564,41.109313]],[[-96.256389,41.109329],[-96.2564,41.109329]],[[-96.256389,41.109313],[-96.2564,41.109313]],[[-96.2564,41.109313],[-96.2564,41.109313],[-96.2564,41.109314],[-96.2564,41.109314],[-96.2564,41.109315],[-96.256399,41.109316],[-96.256399,41.109316],[-96.256399,41.109317],[-96.256398,41.109317],[-96.256398,41.109318],[-96.256397,41.109318],[-96.256397,41.109318],[-96.256396,41.109319],[-96.256396,41.109319],[-96.256395,41.10932],[-96.256395,41.10932],[-96.256394,41.10932],[-96.256393,41.10932],[-96.256393,41.109321],[-96.256392,41.109321],[-96.256391,41.109321],[-96.25639,41.109321],[-96.25639,41.109321],[-96.256389,41.109321]],[[-96.256389,41.109321],[-96.25639,41.109321],[-96.25639,41.109321],[-96.256391,41.109321],[-96.256392,41.109321],[-96.256393,41.109321],[-96.256393,41.109322],[-96.256394,41.109322],[-96.256395,41.109322],[-96.256395,41.109322],[-96.256396,41.109323],[-96.256396,41.109323],[-96.256397,41.109324],[-96.256397,41.109324],[-96.256398,41.109324],[-96.256398,41.109325],[-96.256399,41.109325],[-96.256399,41.109326],[-96.256399,41.109326],[-96.2564,41.109327],[-96.2564,41.109328],[-96.2564,41.109328],[-96.2564,41.109329],[-96.2564,41.109329]],[[-96.2564,41.109313],[-96.2564,41.109314],[-96.2564,41.109314],[-96.2564,41.109315],[-96.256399,41.109315],[-96.256399,41.109316],[-96.256399,41.109316],[-96.256398,41.109317],[-96.256398,41.109317],[-96.256398,41.109318],[-96.256397,41.109318],[-96.256397,41.109319],[-96.256396,41.109319],[-96.256395,41.109319],[-96.256395,41.10932],[-96.256394,41.10932],[-96.256393,41.10932],[-96.256393,41.109321],[-96.256392,41.109321],[-96.256391,41.109321],[-96.25639,41.109321],[-96.25639,41.109321],[-96.256389,41.109321]],[[-96.256389,41.109321],[-96.25639,41.109321],[-96.25639,41.109321],[-96.256391,41.109321],[-96.256392,41.109321],[-96.256393,41.109321],[-96.256393,41.109322],[-96.256394,41.109322],[-96.256395,41.109322],[-96.256395,41.109323],[-96.256396,41.109323],[-96.256397,41.109323],[-96.256397,41.109324],[-96.256398,41.109324],[-96.256398,41.109325],[-96.256398,41.109325],[-96.256399,41.109326],[-96.256399,41.109326],[-96.256399,41.109327],[-96.2564,41.109327],[-96.2564,41.109328],[-96.2564,41.109328],[-96.2564,41.109329]],[[-96.256389,41.109313],[-96.256389,41.109312]],[[-96.256389,41.109312],[-96.256386,41.109312]],[[-96.256386,41.109312],[-96.256386,41.109313]],[[-96.256386,41.109313],[-96.256388,41.109313]],[[-96.256388,41.109313],[-96.256388,41.109313]],[[-96.256388,41.109313],[-96.256388,41.109313]],[[-96.256388,41.109313],[-96.256388,41.109313]],[[-96.256388,41.109313],[-96.256389,41.109313]],[[-96.256389,41.10933],[-96.256389,41.109329]],[[-96.256389,41.109329],[-96.256388,41.109329]],[[-96.256388,41.109329],[-96.256388,41.109329]],[[-96.256388,41.109329],[-96.256388,41.109329]],[[-96.256388,41.109329],[-96.256388,41.109329]],[[-96.256388,41.109329],[-96.256386,41.109329]],[[-96.256386,41.109329],[-96.256386,41.10933]],[[-96.256386,41.10933],[-96.256389,41.10933]]]}},{"type":"Feature","properties":{"type":"drawing","level":"LEVEL 1","Layer":"A-DOOR","source":"LEVEL_1.dxf","SubClasses":"AcDbEntity:AcDbBlockReference","EntityHandle":"2AB","interactive":false},"geometry":{"type":"MultiLineString","coordinates":[[[-96.256346,41.109423],[-96.256346,41.109422],[-96.256346,41.109422],[-96.256346,41.109421],[-96.256346,41.109421],[-96.256346,41.10942],[-96.256347,41.10942],[-96.256347,41.109419],[-96.256347,41.109419],[-96.256348,41.109418],[-96.256348,41.109418],[-96.256349,41.109417],[-96.256349,41.109417],[-96.25635,41.109417],[-96.25635,41.109416],[-96.256351,41.109416],[-96.256352,41.109416],[-96.256352,41.109415],[-96.256353,41.109415],[-96.256354,41.109415],[-96.256354,41.109415],[-96.256355,41.109415],[-96.256356,41.109415],[-96.256357,41.109415]],[[-96.256357,41.109423],[-96.256357,41.109415]],[[-96.256357,41.109415],[-96.256356,41.109415]],[[-96.256356,41.109415],[-96.256356,41.109423]],[[-96.256356,41.109423],[-96.256357,41.109423]],[[-96.256346,41.109423],[-96.256346,41.109422],[-96.256346,41.109422],[-96.256346,41.109421],[-96.256346,41.109421],[-96.256346,41.10942],[-96.256347,41.10942],[-96.256347,41.109419],[-96.256347,41.109419],[-96.256348,41.109418],[-96.256348,41.109418],[-96.256349,41.109417],[-96.256349,41.109417],[-96.25635,41.109417],[-96.25635,41.109416],[-96.256351,41.109416],[-96.256352,41.109416],[-96.256352,41.109415],[-96.256353,41.109415],[-96.256354,41.109415],[-96.256354,41.109415],[-96.256355,41.109415],[-96.256356,41.109415],[-96.256357,41.109415]],[[-96.256346,41.109423],[-96.256345,41.109423]],[[-96.256345,41.109423],[-96.256345,41.109425]],[[-96.256345,41.109425],[-96.256346,41.109425]],[[-96.256346,41.109425],[-96.256346,41.109424]],[[-96.256346,41.109424],[-96.256346,41.109424]],[[-96.256346,41.109424],[-96.256346,41.109423]],[[-96.256346,41.109423],[-96.256346,41.109423]],[[-96.256346,41.109423],[-96.256346,41.109423]],[[-96.256357,41.109423],[-96.256357,41.109423]],[[-96.256357,41.109423],[-96.256357,41.109423]],[[-96.256357,41.109423],[-96.256357,41.109423]],[[-96.256357,41.109423],[-96.256357,41.109424]],[[-96.256357,41.109424],[-96.256357,41.109424]],[[-96.256357,41.109424],[-96.256357,41.109425]],[[-96.256357,41.109425],[-96.256357,41.109425]],[[-96.256357,41.109425],[-96.256357,41.109423]],[[-96.256357,41.109415],[-96.256356,41.109415]],[[-96.256357,41.109423],[-96.256357,41.109415]],[[-96.256356,41.109415],[-96.256356,41.109423]],[[-96.256357,41.109423],[-96.256356,41.109423]],[[-96.256346,41.109423],[-96.256346,41.109422],[-96.256346,41.109422],[-96.256346,41.109421],[-96.256346,41.109421],[-96.256346,41.10942],[-96.256347,41.10942],[-96.256347,41.109419],[-96.256347,41.109419],[-96.256348,41.109418],[-96.256348,41.109418],[-96.256349,41.109417],[-96.256349,41.109417],[-96.25635,41.109417],[-96.25635,41.109416],[-96.256351,41.109416],[-96.256352,41.109416],[-96.256352,41.109415],[-96.256353,41.109415],[-96.256354,41.109415],[-96.256354,41.109415],[-96.256355,41.109415],[-96.256356,41.109415],[-96.256357,41.109415]],[[-96.256346,41.109423],[-96.256346,41.109422],[-96.256346,41.109422],[-96.256346,41.109421],[-96.256346,41.109421],[-96.256346,41.10942],[-96.256347,41.10942],[-96.256347,41.109419],[-96.256347,41.109419],[-96.256348,41.109418],[-96.256348,41.109418],[-96.256349,41.109417],[-96.256349,41.109417],[-96.25635,41.109417],[-96.25635,41.109416],[-96.256351,41.109416],[-96.256352,41.109416],[-96.256352,41.109415],[-96.256353,41.109415],[-96.256354,41.109415],[-96.256354,41.109415],[-96.256355,41.109415],[-96.256356,41.109415],[-96.256357,41.109415]]]}},{"type":"Feature","properties":{"type":"drawing","level":"LEVEL 1","Layer":"A-WALL","source":"LEVEL_1.dxf","SubClasses":"AcDbEntity:AcDbLine","EntityHandle":"2AC","interactive":false},"geometry":{"type":"MultiLineString","coordinates":[[[-96.25627,41.109348],[-96.256245,41.109348]]]}},{"type":"Feature","properties":{"type":"drawing","level":"LEVEL 1","Layer":"A-WALL","source":"LEVEL_1.dxf","SubClasses":"AcDbEntity:AcDbLine","EntityHandle":"2AD","interactive":false},"geometry":{"type":"MultiLineString","coordinates":[[[-96.256243,41.109348],[-96.256212,41.109348]]]}},{"type":"Feature","properties":{"type":"drawing","level":"LEVEL 1","Layer":"A-WALL","source":"LEVEL_1.dxf","SubClasses":"AcDbEntity:AcDbLine","EntityHandle":"2AE","interactive":false},"geometry":{"type":"MultiLineString","coordinates":[[[-96.25621,41.109348],[-96.255951,41.109348]]]}},{"type":"Feature","properties":{"type":"drawing","level":"LEVEL 1","Layer":"A-WALL","source":"LEVEL_1.dxf","SubClasses":"AcDbEntity:AcDbLine","EntityHandle":"2AF","interactive":false},"geometry":{"type":"MultiLineString","coordinates":[[[-96.255951,41.109348],[-96.255951,41.109349]]]}},{"type":"Feature","properties":{"type":"drawing","level":"LEVEL 1","Layer":"A-WALL","source":"LEVEL_1.dxf","SubClasses":"AcDbEntity:AcDbLine","EntityHandle":"2B0","interactive":false},"geometry":{"type":"MultiLineString","coordinates":[[[-96.255951,41.109349],[-96.256199,41.109349]]]}},{"type":"Feature","properties":{"type":"drawing","level":"LEVEL 1","Layer":"A-WALL","source":"LEVEL_1.dxf","SubClasses":"AcDbEntity:AcDbLine","EntityHandle":"2B1","interactive":false},"geometry":{"type":"MultiLineString","coordinates":[[[-96.256201,41.109349],[-96.25627,41.109349]]]}},{"type":"Feature","properties":{"type":"drawing","level":"LEVEL 1","Layer":"A-WALL","source":"LEVEL_1.dxf","SubClasses":"AcDbEntity:AcDbLine","EntityHandle":"2B2","interactive":false},"geometry":{"type":"MultiLineString","coordinates":[[[-96.25627,41.109349],[-96.25627,41.109348]]]}},{"type":"Feature","properties":{"type":"drawing","level":"LEVEL 1","Layer":"A-WALL","source":"LEVEL_1.dxf","SubClasses":"AcDbEntity:AcDbLine","EntityHandle":"2B3","interactive":false},"geometry":{"type":"MultiLineString","coordinates":[[[-96.255939,41.109348],[-96.255926,41.109348]]]}},{"type":"Feature","properties":{"type":"drawing","level":"LEVEL 1","Layer":"A-WALL","source":"LEVEL_1.dxf","SubClasses":"AcDbEntity:AcDbLine","EntityHandle":"2B5","interactive":false},"geometry":{"type":"MultiLineString","coordinates":[[[-96.255928,41.109349],[-96.255939,41.109349]]]}},{"type":"Feature","properties":{"type":"drawing","level":"LEVEL 1","Layer":"A-WALL","source":"LEVEL_1.dxf","SubClasses":"AcDbEntity:AcDbLine","EntityHandle":"2B6","interactive":false},"geometry":{"type":"MultiLineString","coordinates":[[[-96.255939,41.109349],[-96.255939,41.109348]]]}},{"type":"Feature","properties":{"type":"drawing","level":"LEVEL 1","Layer":"A-GLAZ-CURT","source":"LEVEL_1.dxf","SubClasses":"AcDbEntity:AcDbBlockReference","EntityHandle":"2BE","interactive":false},"geometry":{"type":"MultiLineString","coordinates":[[[-96.2562,41.109286],[-96.2562,41.109294]],[[-96.2562,41.109294],[-96.2562,41.109294]],[[-96.2562,41.109294],[-96.2562,41.109286]],[[-96.2562,41.109286],[-96.2562,41.109286]]]}},{"type":"Feature","properties":{"type":"drawing","level":"LEVEL 1","Layer":"A-GLAZ-CWMG","source":"LEVEL_1.dxf","SubClasses":"AcDbEntity:AcDbBlockReference","EntityHandle":"2C4","interactive":false},"geometry":{"type":"MultiLineString","coordinates":[[[-96.256199,41.109294],[-96.256199,41.109286]],[[-96.256201,41.109294],[-96.256201,41.109286]]]}},{"type":"Feature","properties":{"type":"drawing","level":"LEVEL 1","Layer":"A-GLAZ-CWMG","source":"LEVEL_1.dxf","SubClasses":"AcDbEntity:AcDbBlockReference","EntityHandle":"2CC","interactive":false},"geometry":{"type":"MultiLineString","coordinates":[[[-96.256199,41.109302],[-96.256199,41.109302]],[[-96.256199,41.109302],[-96.256201,41.109302]],[[-96.256201,41.109302],[-96.256201,41.109302]],[[-96.256201,41.109302],[-96.256199,41.109302]]]}},{"type":"Feature","properties":{"type":"drawing","level":"LEVEL 1","Layer":"A-GLAZ-CURT","source":"LEVEL_1.dxf","SubClasses":"AcDbEntity:AcDbBlockReference","EntityHandle":"2CD","interactive":false},"geometry":{"type":"MultiLineString","coordinates":[[[-96.2562,41.109294],[-96.2562,41.109302]],[[-96.2562,41.109302],[-96.2562,41.109302]],[[-96.2562,41.109302],[-96.2562,41.109294]],[[-96.2562,41.109294],[-96.2562,41.109294]]]}},{"type":"Feature","properties":{"type":"drawing","level":"LEVEL 1","Layer":"A-GLAZ-CWMG","source":"LEVEL_1.dxf","SubClasses":"AcDbEntity:AcDbBlockReference","EntityHandle":"2CE","interactive":false},"geometry":{"type":"MultiLineString","coordinates":[[[-96.256199,41.109302],[-96.256199,41.109294]],[[-96.256201,41.109302],[-96.256201,41.109294]]]}},{"type":"Feature","properties":{"type":"drawing","level":"LEVEL 1","Layer":"A-GLAZ-CWMG","source":"LEVEL_1.dxf","SubClasses":"AcDbEntity:AcDbBlockReference","EntityHandle":"2D6","interactive":false},"geometry":{"type":"MultiLineString","coordinates":[[[-96.256199,41.109294],[-96.256199,41.109294]],[[-96.256199,41.109294],[-96.256201,41.109294]],[[-96.256201,41.109294],[-96.256201,41.109294]],[[-96.256201,41.109294],[-96.256199,41.109294]]]}},{"type":"Feature","properties":{"type":"drawing","level":"LEVEL 1","Layer":"A-GLAZ-CWMG","source":"LEVEL_1.dxf","SubClasses":"AcDbEntity:AcDbBlockReference","EntityHandle":"2DE","interactive":false},"geometry":{"type":"MultiLineString","coordinates":[[[-96.256199,41.109286],[-96.256199,41.109286]],[[-96.256199,41.109286],[-96.256201,41.109286]],[[-96.256201,41.109286],[-96.256201,41.109286]],[[-96.256201,41.109286],[-96.256199,41.109286]]]}},{"type":"Feature","properties":{"type":"drawing","level":"LEVEL 1","Layer":"A-GLAZ-CURT","source":"LEVEL_1.dxf","SubClasses":"AcDbEntity:AcDbBlockReference","EntityHandle":"2E6","interactive":false},"geometry":{"type":"MultiLineString","coordinates":[[[-96.256209,41.10928],[-96.256219,41.10928]],[[-96.256219,41.10928],[-96.256219,41.10928]],[[-96.256219,41.10928],[-96.256209,41.10928]],[[-96.256209,41.10928],[-96.256209,41.10928]]]}},{"type":"Feature","properties":{"type":"drawing","level":"LEVEL 1","Layer":"A-GLAZ-CWMG","source":"LEVEL_1.dxf","SubClasses":"AcDbEntity:AcDbBlockReference","EntityHandle":"2EC","interactive":false},"geometry":{"type":"MultiLineString","coordinates":[[[-96.256219,41.109281],[-96.256209,41.109281]],[[-96.256219,41.109279],[-96.256209,41.109279]]]}},{"type":"Feature","properties":{"type":"drawing","level":"LEVEL 1","Layer":"A-GLAZ-CWMG","source":"LEVEL_1.dxf","SubClasses":"AcDbEntity:AcDbBlockReference","EntityHandle":"2F4","interactive":false},"geometry":{"type":"MultiLineString","coordinates":[[[-96.256229,41.109281],[-96.25623,41.109281]],[[-96.25623,41.109281],[-96.25623,41.109279]],[[-96.25623,41.109279],[-96.256229,41.109279]],[[-96.256229,41.109279],[-96.256229,41.109281]]]}},{"type":"Feature","properties":{"type":"drawing","level":"LEVEL 1","Layer":"A-GLAZ-CURT","source":"LEVEL_1.dxf","SubClasses":"AcDbEntity:AcDbBlockReference","EntityHandle":"2F5","interactive":false},"geometry":{"type":"MultiLineString","coordinates":[[[-96.256219,41.10928],[-96.256229,41.10928]],[[-96.256229,41.10928],[-96.256229,41.10928]],[[-96.256229,41.10928],[-96.256219,41.10928]],[[-96.256219,41.10928],[-96.256219,41.10928]]]}},{"type":"Feature","properties":{"type":"drawing","level":"LEVEL 1","Layer":"A-GLAZ-CWMG","source":"LEVEL_1.dxf","SubClasses":"AcDbEntity:AcDbBlockReference","EntityHandle":"2F6","interactive":false},"geometry":{"type":"MultiLineString","coordinates":[[[-96.256229,41.109281],[-96.256219,41.109281]],[[-96.256229,41.109279],[-96.256219,41.109279]]]}},{"type":"Feature","properties":{"type":"drawing","level":"LEVEL 1","Layer":"A-GLAZ-CWMG","source":"LEVEL_1.dxf","SubClasses":"AcDbEntity:AcDbBlockReference","EntityHandle":"2FE","interactive":false},"geometry":{"type":"MultiLineString","coordinates":[[[-96.256219,41.109281],[-96.256219,41.109281]],[[-96.256219,41.109281],[-96.256219,41.109279]],[[-96.256219,41.109279],[-96.256219,41.109279]],[[-96.256219,41.109279],[-96.256219,41.109281]]]}},{"type":"Feature","properties":{"type":"drawing","level":"LEVEL 1","Layer":"A-GLAZ-CWMG","source":"LEVEL_1.dxf","SubClasses":"AcDbEntity:AcDbBlockReference","EntityHandle":"306","interactive":false},"geometry":{"type":"MultiLineString","coordinates":[[[-96.256208,41.109281],[-96.256209,41.109281]],[[-96.256209,41.109281],[-96.256209,41.109279]],[[-96.256209,41.109279],[-96.256208,41.109279]],[[-96.256208,41.109279],[-96.256208,41.109281]]]}},{"type":"Feature","properties":{"type":"drawing","level":"LEVEL 1","Layer":"A-GLAZ-CURT","source":"LEVEL_1.dxf","SubClasses":"AcDbEntity:AcDbBlockReference","EntityHandle":"307","interactive":false},"geometry":{"type":"MultiLineString","coordinates":[[[-96.256284,41.10928],[-96.256274,41.10928]],[[-96.256274,41.10928],[-96.256274,41.10928]],[[-96.256274,41.10928],[-96.256284,41.10928]],[[-96.256284,41.10928],[-96.256284,41.10928]]]}},{"type":"Feature","properties":{"type":"drawing","level":"LEVEL 1","Layer":"A-GLAZ-CWMG","source":"LEVEL_1.dxf","SubClasses":"AcDbEntity:AcDbBlockReference","EntityHandle":"308","interactive":false},"geometry":{"type":"MultiLineString","coordinates":[[[-96.256274,41.109279],[-96.256284,41.109279]],[[-96.256274,41.109281],[-96.256284,41.109281]]]}},{"type":"Feature","properties":{"type":"drawing","level":"LEVEL 1","Layer":"A-GLAZ-CWMG","source":"LEVEL_1.dxf","SubClasses":"AcDbEntity:AcDbBlockReference","EntityHandle":"309","interactive":false},"geometry":{"type":"MultiLineString","coordinates":[[[-96.256263,41.109279],[-96.256263,41.109279]],[[-96.256263,41.109279],[-96.256263,41.109281]],[[-96.256263,41.109281],[-96.256263,41.109281]],[[-96.256263,41.109281],[-96.256263,41.109279]]]}},{"type":"Feature","properties":{"type":"drawing","level":"LEVEL 1","Layer":"A-GLAZ-CURT","source":"LEVEL_1.dxf","SubClasses":"AcDbEntity:AcDbBlockReference","EntityHandle":"30A","interactive":false},"geometry":{"type":"MultiLineString","coordinates":[[[-96.256273,41.10928],[-96.256263,41.10928]],[[-96.256263,41.10928],[-96.256263,41.10928]],[[-96.256263,41.10928],[-96.256273,41.10928]],[[-96.256273,41.10928],[-96.256273,41.10928]]]}},{"type":"Feature","properties":{"type":"drawing","level":"LEVEL 1","Layer":"A-GLAZ-CWMG","source":"LEVEL_1.dxf","SubClasses":"AcDbEntity:AcDbBlockReference","EntityHandle":"30B","interactive":false},"geometry":{"type":"MultiLineString","coordinates":[[[-96.256263,41.109279],[-96.256273,41.109279]],[[-96.256263,41.109281],[-96.256273,41.109281]]]}},{"type":"Feature","properties":{"type":"drawing","level":"LEVEL 1","Layer":"A-GLAZ-CWMG","source":"LEVEL_1.dxf","SubClasses":"AcDbEntity:AcDbBlockReference","EntityHandle":"30C","interactive":false},"geometry":{"type":"MultiLineString","coordinates":[[[-96.256274,41.109279],[-96.256273,41.109279]],[[-96.256273,41.109279],[-96.256273,41.109281]],[[-96.256273,41.109281],[-96.256274,41.109281]],[[-96.256274,41.109281],[-96.256274,41.109279]]]}},{"type":"Feature","properties":{"type":"drawing","level":"LEVEL 1","Layer":"A-GLAZ-CWMG","source":"LEVEL_1.dxf","SubClasses":"AcDbEntity:AcDbBlockReference","EntityHandle":"30D","interactive":false},"geometry":{"type":"MultiLineString","coordinates":[[[-96.256284,41.109279],[-96.256284,41.109279]],[[-96.256284,41.109279],[-96.256284,41.109281]],[[-96.256284,41.109281],[-96.256284,41.109281]],[[-96.256284,41.109281],[-96.256284,41.109279]]]}},{"type":"Feature","properties":{"type":"drawing","level":"LEVEL 1","Layer":"A-GLAZ-CURT","source":"LEVEL_1.dxf","SubClasses":"AcDbEntity:AcDbBlockReference","EntityHandle":"30E","interactive":false},"geometry":{"type":"MultiLineString","coordinates":[[[-96.256303,41.10928],[-96.256313,41.10928]],[[-96.256313,41.10928],[-96.256313,41.10928]],[[-96.256313,41.10928],[-96.256303,41.10928]],[[-96.256303,41.10928],[-96.256303,41.10928]]]}},{"type":"Feature","properties":{"type":"drawing","level":"LEVEL 1","Layer":"A-GLAZ-CWMG","source":"LEVEL_1.dxf","SubClasses":"AcDbEntity:AcDbBlockReference","EntityHandle":"30F","interactive":false},"geometry":{"type":"MultiLineString","coordinates":[[[-96.256313,41.109281],[-96.256303,41.109281]],[[-96.256313,41.109279],[-96.256303,41.109279]]]}},{"type":"Feature","properties":{"type":"drawing","level":"LEVEL 1","Layer":"A-GLAZ-CWMG","source":"LEVEL_1.dxf","SubClasses":"AcDbEntity:AcDbBlockReference","EntityHandle":"310","interactive":false},"geometry":{"type":"MultiLineString","coordinates":[[[-96.256324,41.109281],[-96.256325,41.109281]],[[-96.256325,41.109281],[-96.256325,41.109279]],[[-96.256325,41.109279],[-96.256324,41.109279]],[[-96.256324,41.109279],[-96.256324,41.109281]]]}},{"type":"Feature","properties":{"type":"drawing","level":"LEVEL 1","Layer":"A-GLAZ-CURT","source":"LEVEL_1.dxf","SubClasses":"AcDbEntity:AcDbBlockReference","EntityHandle":"311","interactive":false},"geometry":{"type":"MultiLineString","coordinates":[[[-96.256314,41.10928],[-96.256324,41.10928]],[[-96.256324,41.10928],[-96.256324,41.10928]],[[-96.256324,41.10928],[-96.256314,41.10928]],[[-96.256314,41.10928],[-96.256314,41.10928]]]}},{"type":"Feature","properties":{"type":"drawing","level":"LEVEL 1","Layer":"A-GLAZ-CWMG","source":"LEVEL_1.dxf","SubClasses":"AcDbEntity:AcDbBlockReference","EntityHandle":"312","interactive":false},"geometry":{"type":"MultiLineString","coordinates":[[[-96.256324,41.109281],[-96.256314,41.109281]],[[-96.256324,41.109279],[-96.256314,41.109279]]]}},{"type":"Feature","properties":{"type":"drawing","level":"LEVEL 1","Layer":"A-GLAZ-CWMG","source":"LEVEL_1.dxf","SubClasses":"AcDbEntity:AcDbBlockReference","EntityHandle":"313","interactive":false},"geometry":{"type":"MultiLineString","coordinates":[[[-96.256313,41.109281],[-96.256314,41.109281]],[[-96.256314,41.109281],[-96.256314,41.109279]],[[-96.256314,41.109279],[-96.256313,41.109279]],[[-96.256313,41.109279],[-96.256313,41.109281]]]}},{"type":"Feature","properties":{"type":"drawing","level":"LEVEL 1","Layer":"A-GLAZ-CWMG","source":"LEVEL_1.dxf","SubClasses":"AcDbEntity:AcDbBlockReference","EntityHandle":"314","interactive":false},"geometry":{"type":"MultiLineString","coordinates":[[[-96.256303,41.109281],[-96.256303,41.109281]],[[-96.256303,41.109281],[-96.256303,41.109279]],[[-96.256303,41.109279],[-96.256303,41.109279]],[[-96.256303,41.109279],[-96.256303,41.109281]]]}},{"type":"Feature","properties":{"type":"drawing","level":"LEVEL 1","Layer":"A-GLAZ-CURT","source":"LEVEL_1.dxf","SubClasses":"AcDbEntity:AcDbBlockReference","EntityHandle":"315","interactive":false},"geometry":{"type":"MultiLineString","coordinates":[[[-96.25638,41.10928],[-96.25637,41.10928]],[[-96.25637,41.10928],[-96.25637,41.10928]],[[-96.25637,41.10928],[-96.25638,41.10928]],[[-96.25638,41.10928],[-96.25638,41.10928]]]}},{"type":"Feature","properties":{"type":"drawing","level":"LEVEL 1","Layer":"A-GLAZ-CWMG","source":"LEVEL_1.dxf","SubClasses":"AcDbEntity:AcDbBlockReference","EntityHandle":"316","interactive":false},"geometry":{"type":"MultiLineString","coordinates":[[[-96.25637,41.109279],[-96.25638,41.109279]],[[-96.25637,41.109281],[-96.25638,41.109281]]]}},{"type":"Feature","properties":{"type":"drawing","level":"LEVEL 1","Layer":"A-GLAZ-CWMG","source":"LEVEL_1.dxf","SubClasses":"AcDbEntity:AcDbBlockReference","EntityHandle":"317","interactive":false},"geometry":{"type":"MultiLineString","coordinates":[[[-96.25636,41.109279],[-96.256359,41.109279]],[[-96.256359,41.109279],[-96.256359,41.109281]],[[-96.256359,41.109281],[-96.25636,41.109281]],[[-96.25636,41.109281],[-96.25636,41.109279]]]}},{"type":"Feature","properties":{"type":"drawing","level":"LEVEL 1","Layer":"A-GLAZ-CURT","source":"LEVEL_1.dxf","SubClasses":"AcDbEntity:AcDbBlockReference","EntityHandle":"318","interactive":false},"geometry":{"type":"MultiLineString","coordinates":[[[-96.25637,41.10928],[-96.25636,41.10928]],[[-96.25636,41.10928],[-96.25636,41.10928]],[[-96.25636,41.10928],[-96.25637,41.10928]],[[-96.25637,41.10928],[-96.25637,41.10928]]]}},{"type":"Feature","properties":{"type":"drawing","level":"LEVEL 1","Layer":"A-GLAZ-CWMG","source":"LEVEL_1.dxf","SubClasses":"AcDbEntity:AcDbBlockReference","EntityHandle":"319","interactive":false},"geometry":{"type":"MultiLineString","coordinates":[[[-96.25636,41.109279],[-96.25637,41.109279]],[[-96.25636,41.109281],[-96.25637,41.109281]]]}},{"type":"Feature","properties":{"type":"drawing","level":"LEVEL 1","Layer":"A-GLAZ-CWMG","source":"LEVEL_1.dxf","SubClasses":"AcDbEntity:AcDbBlockReference","EntityHandle":"31A","interactive":false},"geometry":{"type":"MultiLineString","coordinates":[[[-96.25637,41.109279],[-96.25637,41.109279]],[[-96.25637,41.109279],[-96.25637,41.109281]],[[-96.25637,41.109281],[-96.25637,41.109281]],[[-96.25637,41.109281],[-96.25637,41.109279]]]}},{"type":"Feature","properties":{"type":"drawing","level":"LEVEL 1","Layer":"A-GLAZ-CWMG","source":"LEVEL_1.dxf","SubClasses":"AcDbEntity:AcDbBlockReference","EntityHandle":"31B","interactive":false},"geometry":{"type":"MultiLineString","coordinates":[[[-96.256381,41.109279],[-96.25638,41.109279]],[[-96.25638,41.109279],[-96.25638,41.109281]],[[-96.25638,41.109281],[-96.256381,41.109281]],[[-96.256381,41.109281],[-96.256381,41.109279]]]}},{"type":"Feature","properties":{"type":"drawing","level":"LEVEL 1","Layer":"A-WALL","source":"LEVEL_1.dxf","SubClasses":"AcDbEntity:AcDbLine","EntityHandle":"32B","interactive":false},"geometry":{"type":"MultiLineString","coordinates":[[[-96.256337,41.109366],[-96.256326,41.109366]]]}},{"type":"Feature","properties":{"type":"drawing","level":"LEVEL 1","Layer":"A-WALL","source":"LEVEL_1.dxf","SubClasses":"AcDbEntity:AcDbLine","EntityHandle":"32C","interactive":false},"geometry":{"type":"MultiLineString","coordinates":[[[-96.256326,41.109366],[-96.256326,41.109367]]]}},{"type":"Feature","properties":{"type":"drawing","level":"LEVEL 1","Layer":"A-WALL","source":"LEVEL_1.dxf","SubClasses":"AcDbEntity:AcDbLine","EntityHandle":"32D","interactive":false},"geometry":{"type":"MultiLineString","coordinates":[[[-96.256326,41.109367],[-96.256337,41.109367]]]}},{"type":"Feature","properties":{"type":"drawing","level":"LEVEL 1","Layer":"A-WALL","source":"LEVEL_1.dxf","SubClasses":"AcDbEntity:AcDbLine","EntityHandle":"32E","interactive":false},"geometry":{"type":"MultiLineString","coordinates":[[[-96.256386,41.109352],[-96.256381,41.109352]]]}},{"type":"Feature","properties":{"type":"drawing","level":"LEVEL 1","Layer":"A-WALL","source":"LEVEL_1.dxf","SubClasses":"AcDbEntity:AcDbLine","EntityHandle":"330","interactive":false},"geometry":{"type":"MultiLineString","coordinates":[[[-96.256379,41.109353],[-96.256386,41.109353]]]}},{"type":"Feature","properties":{"type":"drawing","level":"LEVEL 1","Layer":"A-WALL","source":"LEVEL_1.dxf","SubClasses":"AcDbEntity:AcDbLine","EntityHandle":"331","interactive":false},"geometry":{"type":"MultiLineString","coordinates":[[[-96.256381,41.109352],[-96.256381,41.109349]]]}},{"type":"Feature","properties":{"type":"drawing","level":"LEVEL 1","Layer":"A-WALL","source":"LEVEL_1.dxf","SubClasses":"AcDbEntity:AcDbLine","EntityHandle":"332","interactive":false},"geometry":{"type":"MultiLineString","coordinates":[[[-96.256379,41.109349],[-96.256379,41.109353]]]}},{"type":"Feature","properties":{"type":"drawing","level":"LEVEL 1","Layer":"A-WALL","source":"LEVEL_1.dxf","SubClasses":"AcDbEntity:AcDbLine","EntityHandle":"333","interactive":false},"geometry":{"type":"MultiLineString","coordinates":[[[-96.256381,41.109423],[-96.256381,41.109415]]]}},{"type":"Feature","properties":{"type":"drawing","level":"LEVEL 1","Layer":"A-WALL","source":"LEVEL_1.dxf","SubClasses":"AcDbEntity:AcDbLine","EntityHandle":"335","interactive":false},"geometry":{"type":"MultiLineString","coordinates":[[[-96.256379,41.109414],[-96.256379,41.109423]]]}},{"type":"Feature","properties":{"type":"drawing","level":"LEVEL 1","Layer":"A-WALL","source":"LEVEL_1.dxf","SubClasses":"AcDbEntity:AcDbLine","EntityHandle":"336","interactive":false},"geometry":{"type":"MultiLineString","coordinates":[[[-96.256381,41.109415],[-96.256386,41.109415]]]}},{"type":"Feature","properties":{"type":"drawing","level":"LEVEL 1","Layer":"A-WALL","source":"LEVEL_1.dxf","SubClasses":"AcDbEntity:AcDbLine","EntityHandle":"337","interactive":false},"geometry":{"type":"MultiLineString","coordinates":[[[-96.256386,41.109414],[-96.256379,41.109414]]]}},{"type":"Feature","properties":{"type":"drawing","level":"LEVEL 1","Layer":"A-WALL","source":"LEVEL_1.dxf","SubClasses":"AcDbEntity:AcDbLine","EntityHandle":"338","interactive":false},"geometry":{"type":"MultiLineString","coordinates":[[[-96.256337,41.109385],[-96.256326,41.109385]]]}},{"type":"Feature","properties":{"type":"drawing","level":"LEVEL 1","Layer":"A-WALL","source":"LEVEL_1.dxf","SubClasses":"AcDbEntity:AcDbLine","EntityHandle":"339","interactive":false},"geometry":{"type":"MultiLineString","coordinates":[[[-96.256326,41.109385],[-96.256326,41.109387]]]}},{"type":"Feature","properties":{"type":"drawing","level":"LEVEL 1","Layer":"A-WALL","source":"LEVEL_1.dxf","SubClasses":"AcDbEntity:AcDbLine","EntityHandle":"33A","interactive":false},"geometry":{"type":"MultiLineString","coordinates":[[[-96.256326,41.109387],[-96.256337,41.109387]]]}},{"type":"Feature","properties":{"type":"drawing","level":"LEVEL 1","Layer":"I-FURN","source":"LEVEL_1.dxf","SubClasses":"AcDbEntity:AcDbBlockReference","EntityHandle":"358","interactive":false},"geometry":{"type":"MultiLineString","coordinates":[[[-96.256344,41.109296],[-96.256344,41.109296],[-96.256344,41.109296],[-96.256344,41.109296],[-96.256344,41.109296],[-96.256344,41.109296],[-96.256344,41.109296],[-96.256344,41.109296],[-96.256344,41.109296],[-96.256344,41.109296],[-96.256344,41.109296],[-96.256344,41.109296],[-96.256344,41.109296],[-96.256343,41.109296],[-96.256343,41.109296],[-96.256343,41.109296],[-96.256343,41.109296],[-96.256343,41.109296],[-96.256343,41.109296],[-96.256343,41.109296],[-96.256343,41.109296],[-96.256343,41.109296],[-96.256343,41.109295],[-96.256343,41.109295],[-96.256343,41.109295],[-96.256343,41.109295],[-96.256343,41.109295],[-96.256343,41.109295],[-96.256343,41.109295],[-96.256343,41.109295],[-96.256343,41.109295],[-96.256343,41.109295],[-96.256343,41.109295],[-96.256343,41.109295],[-96.256343,41.109295],[-96.256343,41.109295],[-96.256343,41.109295],[-96.256343,41.109295],[-96.256343,41.109295],[-96.256343,41.109295],[-96.256343,41.109295]],[[-96.256343,41.109295],[-96.256337,41.109295]],[[-96.256337,41.109295],[-96.256337,41.109295],[-96.256337,41.109295],[-96.256337,41.109295],[-96.256337,41.109295],[-96.256337,41.109295],[-96.256337,41.109295],[-96.256337,41.109295],[-96.256337,41.109295],[-96.256337,41.109295],[-96.256337,41.109295],[-96.256337,41.109295],[-96.256337,41.109295],[-96.256337,41.109295],[-96.256337,41.109295],[-96.256337,41.109295],[-96.256337,41.109295],[-96.256337,41.109295],[-96.256337,41.109296],[-96.256337,41.109296],[-96.256337,41.109296],[-96.256336,41.109296],[-96.256336,41.109296],[-96.256336,41.109296],[-96.256336,41.109296],[-96.256336,41.109296],[-96.256336,41.109296],[-96.256336,41.109296],[-96.256336,41.109296],[-96.256336,41.109296],[-96.256336,41.109296],[-96.256336,41.109296],[-96.256336,41.109296],[-96.256336,41.109296],[-96.256336,41.109296],[-96.256336,41.109296],[-96.256336,41.109296],[-96.256336,41.109296],[-96.256336,41.109296],[-96.256336,41.109296]],[[-96.256336,41.109309],[-96.256336,41.109309],[-96.256336,41.109309],[-96.256336,41.109309],[-96.256336,41.109309],[-96.256336,41.109309],[-96.256336,41.109309],[-96.256336,41.109309],[-96.256336,41.109309],[-96.256336,41.109309],[-96.256336,41.109309],[-96.256336,41.109309],[-96.256336,41.109309],[-96.256336,41.109309],[-96.256336,41.109309],[-96.256336,41.109309],[-96.256336,41.109309],[-96.256336,41.109309],[-96.256336,41.109309],[-96.256336,41.109309],[-96.256337,41.109309],[-96.256337,41.109309],[-96.256337,41.109309],[-96.256337,41.109309],[-96.256337,41.109309],[-96.256337,41.109309],[-96.256337,41.109309],[-96.256337,41.109309],[-96.256337,41.109309],[-96.256337,41.109309],[-96.256337,41.109309],[-96.256337,41.109309],[-96.256337,41.109309],[-96.256337,41.109309],[-96.256337,41.109309],[-96.256337,41.109309],[-96.256337,41.109309],[-96.256337,41.109309],[-96.256337,41.109309],[-96.256337,41.109309]],[[-96.256343,41.109309],[-96.256343,41.109309],[-96.256343,41.109309],[-96.256343,41.109309],[-96.256343,41.109309],[-96.256343,41.109309],[-96.256343,41.109309],[-96.256343,41.109309],[-96.256343,41.109309],[-96.256343,41.109309],[-96.256343,41.109309],[-96.256343,41.109309],[-96.256343,41.109309],[-96.256343,41.109309],[-96.256343,41.109309],[-96.256343,41.109309],[-96.256343,41.109309],[-96.256343,41.109309],[-96.256343,41.109309],[-96.256343,41.109309],[-96.256343,41.109309],[-96.256343,41.109309],[-96.256343,41.109309],[-96.256343,41.109309],[-96.256343,41.109309],[-96.256343,41.109309],[-96.256343,41.109309],[-96.256344,41.109309],[-96.256344,41.109309],[-96.256344,41.109309],[-96.256344,41.109309],[-96.256344,41.109309],[-96.256344,41.109309],[-96.256344,41.109309],[-96.256344,41.109309],[-96.256344,41.109309],[-96.256344,41.109309],[-96.256344,41.109309],[-96.256344,41.109309],[-96.256344,41.109309],[-96.256344,41.109309]],[[-96.256344,41.109309],[-96.256344,41.109296]],[[-96.256343,41.109295],[-96.256343,41.109295],[-96.256343,41.109295],[-96.256343,41.109295],[-96.256343,41.109295],[-96.256343,41.109295],[-96.256343,41.109295],[-96.256343,41.109296],[-96.256343,41.109296],[-96.256343,41.109296],[-96.256343,41.109296],[-96.256343,41.109296],[-96.256343,41.109296],[-96.256343,41.109296],[-96.256343,41.109296],[-96.256343,41.109296],[-96.256343,41.109296],[-96.256343,41.109296],[-96.256343,41.109296],[-96.256343,41.109296],[-96.256343,41.109296],[-96.256343,41.109296],[-96.256343,41.109296],[-96.256343,41.109296]],[[-96.256337,41.109295],[-96.256343,41.109295]],[[-96.256336,41.109296],[-96.256336,41.109296],[-96.256336,41.109296],[-96.256336,41.109296],[-96.256336,41.109296],[-96.256336,41.109296],[-96.256336,41.109296],[-96.256336,41.109296],[-96.256337,41.109296],[-96.256337,41.109296],[-96.256337,41.109296],[-96.256337,41.109296],[-96.256337,41.109296],[-96.256337,41.109296],[-96.256337,41.109296],[-96.256337,41.109296],[-96.256337,41.109296],[-96.256337,41.109295],[-96.256337,41.109295],[-96.256337,41.109295],[-96.256337,41.109295],[-96.256337,41.109295],[-96.256337,41.109295],[-96.256337,41.109295]],[[-96.256336,41.109309],[-96.256336,41.109296]],[[-96.256337,41.109309],[-96.256337,41.109309],[-96.256337,41.109309],[-96.256337,41.109309],[-96.256337,41.109309],[-96.256337,41.109309],[-96.256337,41.109309],[-96.256337,41.109309],[-96.256337,41.109309],[-96.256337,41.109309],[-96.256337,41.109309],[-96.256337,41.109309],[-96.256337,41.109309],[-96.256337,41.109309],[-96.256337,41.109309],[-96.256337,41.109309],[-96.256336,41.109309],[-96.256336,41.109309],[-96.256336,41.109309],[-96.256336,41.109309],[-96.256336,41.109309],[-96.256336,41.109309],[-96.256336,41.109309],[-96.256336,41.109309]],[[-96.256343,41.109309],[-96.256337,41.109309]],[[-96.256343,41.109309],[-96.256343,41.109309],[-96.256343,41.109309],[-96.256343,41.109309],[-96.256343,41.109309],[-96.256343,41.109309],[-96.256343,41.109309],[-96.256343,41.109309],[-96.256343,41.109309],[-96.256343,41.109309],[-96.256343,41.109309],[-96.256343,41.109309],[-96.256343,41.109309],[-96.256343,41.109309],[-96.256343,41.109309],[-96.256343,41.109309],[-96.256343,41.109309],[-96.256343,41.109309],[-96.256343,41.109309],[-96.256343,41.109309],[-96.256343,41.109309],[-96.256343,41.109309],[-96.256343,41.109309],[-96.256343,41.109309]],[[-96.256343,41.109296],[-96.256343,41.109309]],[[-96.256343,41.109309],[-96.256343,41.109296]],[[-96.256343,41.109295],[-96.256343,41.109295],[-96.256343,41.109295],[-96.256343,41.109295],[-96.256343,41.109295],[-96.256343,41.109295],[-96.256343,41.109295],[-96.256343,41.109296],[-96.256343,41.109296],[-96.256343,41.109296],[-96.256343,41.109296],[-96.256343,41.109296],[-96.256343,41.109296],[-96.256343,41.109296],[-96.256343,41.109296],[-96.256343,41.109296],[-96.256343,41.109296],[-96.256343,41.109296],[-96.256343,41.109296],[-96.256343,41.109296],[-96.256343,41.109296],[-96.256343,41.109296],[-96.256343,41.109296],[-96.256343,41.109296]],[[-96.256343,41.109295],[-96.256337,41.109295]],[[-96.256336,41.109296],[-96.256336,41.109296],[-96.256336,41.109296],[-96.256336,41.109296],[-96.256336,41.109296],[-96.256336,41.109296],[-96.256336,41.109296],[-96.256336,41.109296],[-96.256337,41.109296],[-96.256337,41.109296],[-96.256337,41.109296],[-96.256337,41.109296],[-96.256337,41.109296],[-96.256337,41.109296],[-96.256337,41.109296],[-96.256337,41.109296],[-96.256337,41.109296],[-96.256337,41.109295],[-96.256337,41.109295],[-96.256337,41.109295],[-96.256337,41.109295],[-96.256337,41.109295],[-96.256337,41.109295],[-96.256337,41.109295]],[[-96.256336,41.109296],[-96.256336,41.109309]],[[-96.256337,41.109309],[-96.256337,41.109309],[-96.256337,41.109309],[-96.256337,41.109309],[-96.256337,41.109309],[-96.256337,41.109309],[-96.256337,41.109309],[-96.256337,41.109309],[-96.256337,41.109309],[-96.256337,41.109309],[-96.256337,41.109309],[-96.256337,41.109309],[-96.256337,41.109309],[-96.256337,41.109309],[-96.256337,41.109309],[-96.256337,41.109309],[-96.256336,41.109309],[-96.256336,41.109309],[-96.256336,41.109309],[-96.256336,41.109309],[-96.256336,41.109309],[-96.256336,41.109309],[-96.256336,41.109309],[-96.256336,41.109309]],[[-96.256337,41.109309],[-96.256343,41.109309]],[[-96.256343,41.109309],[-96.256343,41.109309],[-96.256343,41.109309],[-96.256343,41.109309],[-96.256343,41.109309],[-96.256343,41.109309],[-96.256343,41.109309],[-96.256343,41.109309],[-96.256343,41.109309],[-96.256343,41.109309],[-96.256343,41.109309],[-96.256343,41.109309],[-96.256343,41.109309],[-96.256343,41.109309],[-96.256343,41.109309],[-96.256343,41.109309],[-96.256343,41.109309],[-96.256343,41.109309],[-96.256343,41.109309],[-96.256343,41.109309],[-96.256343,41.109309],[-96.256343,41.109309],[-96.256343,41.109309],[-96.256343,41.109309]],[[-96.256344,41.109309],[-96.256344,41.109309],[-96.256344,41.109309],[-96.256344,41.109309],[-96.256344,41.109309],[-96.256344,41.109309],[-96.256344,41.109309],[-96.256344,41.109309],[-96.256344,41.109309],[-96.256344,41.109309],[-96.256344,41.109309],[-96.256344,41.109309],[-96.256344,41.109309],[-96.256344,41.109309],[-96.256344,41.109309],[-96.256344,41.109309],[-96.256344,41.109309],[-96.256344,41.109309],[-96.256344,41.109309],[-96.256344,41.109309],[-96.256344,41.109309],[-96.256344,41.109309],[-96.256344,41.109309],[-96.256344,41.109309],[-96.256344,41.109309],[-96.256344,41.109309],[-96.256344,41.109309],[-96.256344,41.109309],[-96.256344,41.109309],[-96.256344,41.109309],[-96.256344,41.109309],[-96.256344,41.109309],[-96.256344,41.109309],[-96.256344,41.109309],[-96.256344,41.109309],[-96.256344,41.109309],[-96.256344,41.109309],[-96.256344,41.109309],[-96.256344,41.109309],[-96.256344,41.109309],[-96.256344,41.109309],[-96.256344,41.109309],[-96.256344,41.109309],[-96.256344,41.109309],[-96.256344,41.109309],[-96.256344,41.109309],[-96.256344,41.109309],[-96.256344,41.109309],[-96.256344,41.109309],[-96.256344,41.109309],[-96.256344,41.109309],[-96.256344,41.109309],[-96.256344,41.109309],[-96.256344,41.109309],[-96.256344,41.109309],[-96.256344,41.109309],[-96.256344,41.109309],[-96.256344,41.109309],[-96.256344,41.109309],[-96.256344,41.109309],[-96.256344,41.109309],[-96.256344,41.109309],[-96.256344,41.109309],[-96.256344,41.109309]],[[-96.256344,41.109309],[-96.256344,41.109309],[-96.256344,41.109309],[-96.256344,41.109309],[-96.256344,41.109309],[-96.256344,41.109309],[-96.256344,41.109309],[-96.256344,41.109309],[-96.256344,41.109309],[-96.256344,41.109309],[-96.256344,41.109309],[-96.256344,41.109308],[-96.256344,41.109308],[-96.256344,41.109308],[-96.256344,41.109308],[-96.256344,41.109308],[-96.256344,41.109308],[-96.256344,41.109308],[-96.256344,41.109308],[-96.256344,41.109308],[-96.256344,41.109308],[-96.256344,41.109308],[-96.256344,41.109308],[-96.256344,41.109308],[-96.256344,41.109308],[-96.256344,41.109308],[-96.256344,41.109308],[-96.256344,41.109308],[-96.256344,41.109308],[-96.256344,41.109308],[-96.256344,41.109308],[-96.256344,41.109308],[-96.256344,41.109308],[-96.256344,41.109308],[-96.256344,41.109308],[-96.256344,41.109308],[-96.256344,41.109308],[-96.256344,41.109308],[-96.256344,41.109308],[-96.256344,41.109308],[-96.256344,41.109308],[-96.256344,41.109308],[-96.256344,41.109308],[-96.256344,41.109308],[-96.256344,41.109308],[-96.256344,41.109308],[-96.256344,41.109308],[-96.256344,41.109308],[-96.256344,41.109308],[-96.256344,41.109308],[-96.256344,41.109308],[-96.256344,41.109308],[-96.256344,41.109308],[-96.256344,41.109308],[-96.256344,41.109308],[-96.256344,41.109308]],[[-96.256344,41.109296],[-96.256344,41.109296],[-96.256344,41.109296],[-96.256344,41.109296],[-96.256344,41.109296],[-96.256344,41.109296],[-96.256344,41.109296],[-96.256344,41.109296],[-96.256344,41.109296],[-96.256344,41.109296],[-96.256344,41.109296],[-96.256344,41.109296],[-96.256344,41.109296],[-96.256344,41.109296],[-96.256344,41.109296],[-96.256344,41.109296],[-96.256344,41.109296],[-96.256344,41.109296],[-96.256344,41.109296],[-96.256344,41.109296],[-96.256344,41.109296],[-96.256344,41.109296],[-96.256344,41.109296],[-96.256344,41.109296],[-96.256344,41.109296],[-96.256344,41.109296],[-96.256344,41.109296],[-96.256344,41.109296],[-96.256344,41.109296],[-96.256344,41.109296],[-96.256344,41.109296],[-96.256344,41.109296],[-96.256344,41.109296],[-96.256344,41.109296],[-96.256344,41.109296],[-96.256344,41.109296],[-96.256344,41.109296],[-96.256344,41.109296],[-96.256344,41.109296],[-96.256344,41.109296],[-96.256344,41.109296],[-96.256344,41.109296],[-96.256344,41.109296],[-96.256344,41.109296],[-96.256344,41.109296],[-96.256344,41.109296],[-96.256344,41.109296],[-96.256344,41.109296],[-96.256344,41.109296],[-96.256344,41.109296],[-96.256344,41.109296],[-96.256344,41.109296],[-96.256344,41.109296],[-96.256344,41.109296],[-96.256344,41.109296],[-96.256344,41.109296]],[[-96.256344,41.109296],[-96.256344,41.109296],[-96.256344,41.109296],[-96.256344,41.109296],[-96.256344,41.109296],[-96.256344,41.109296],[-96.256344,41.109296],[-96.256344,41.109296],[-96.256344,41.109296],[-96.256344,41.109296],[-96.256344,41.109296],[-96.256344,41.109296],[-96.256344,41.109296],[-96.256344,41.109296],[-96.256344,41.109296],[-96.256344,41.109296],[-96.256344,41.109296],[-96.256344,41.109296],[-96.256344,41.109296],[-96.256344,41.109296],[-96.256344,41.109296],[-96.256344,41.109296],[-96.256344,41.109296],[-96.256344,41.109296],[-96.256344,41.109296],[-96.256344,41.109296],[-96.256344,41.109296],[-96.256344,41.109296],[-96.256344,41.109296],[-96.256344,41.109296],[-96.256344,41.109296],[-96.256344,41.109296],[-96.256344,41.109296],[-96.256344,41.109296],[-96.256344,41.109296],[-96.256344,41.109296],[-96.256344,41.109296],[-96.256344,41.109296],[-96.256344,41.109296],[-96.256344,41.109296],[-96.256344,41.109296],[-96.256344,41.109296],[-96.256344,41.109296],[-96.256344,41.109296],[-96.256344,41.109296],[-96.256344,41.109296],[-96.256344,41.109296],[-96.256344,41.109296],[-96.256344,41.109296],[-96.256344,41.109296],[-96.256344,41.109296],[-96.256344,41.109296],[-96.256344,41.109296],[-96.256344,41.109296],[-96.256344,41.109296],[-96.256344,41.109296],[-96.256344,41.109296],[-96.256344,41.109296],[-96.256344,41.109296],[-96.256344,41.109296],[-96.256344,41.109296],[-96.256344,41.109296],[-96.256344,41.109296],[-96.256344,41.109296],[-96.256344,41.109296],[-96.256344,41.109296],[-96.256344,41.109296],[-96.256344,41.109296],[-96.256344,41.109296],[-96.256344,41.109296],[-96.256344,41.109296],[-96.256344,41.109296]]]}},{"type":"Feature","properties":{"type":"drawing","level":"LEVEL 1","Layer":"I-FURN","source":"LEVEL_1.dxf","SubClasses":"AcDbEntity:AcDbBlockReference","EntityHandle":"376","interactive":false},"geometry":{"type":"MultiLineString","coordinates":[[[-96.256386,41.109286],[-96.256386,41.109286],[-96.256386,41.109286],[-96.256386,41.109286],[-96.256386,41.109286],[-96.256386,41.109286],[-96.256386,41.109286],[-96.256386,41.109286],[-96.256386,41.109286],[-96.256386,41.109286],[-96.256386,41.109286],[-96.256386,41.109286],[-96.256386,41.109286],[-96.256386,41.109286],[-96.256386,41.109286],[-96.256386,41.109286],[-96.256386,41.109286],[-96.256386,41.109286],[-96.256386,41.109286],[-96.256386,41.109286],[-96.256386,41.109286],[-96.256386,41.109286],[-96.256386,41.109286],[-96.256386,41.109286],[-96.256386,41.109286],[-96.256386,41.109286],[-96.256386,41.109286],[-96.256386,41.109286],[-96.256386,41.109286],[-96.256386,41.109286],[-96.256386,41.109286],[-96.256386,41.109286],[-96.256386,41.109286],[-96.256386,41.109286],[-96.256386,41.109286],[-96.256386,41.109286],[-96.256386,41.109286],[-96.256386,41.109286],[-96.256386,41.109286],[-96.256386,41.109286]],[[-96.256386,41.109281],[-96.256386,41.109281],[-96.256386,41.109281],[-96.256386,41.109281],[-96.256386,41.109281],[-96.256386,41.109281],[-96.256386,41.109281],[-96.256386,41.109281],[-96.256386,41.109281],[-96.256386,41.109281],[-96.256386,41.109281],[-96.256386,41.109281],[-96.256386,41.109281],[-96.256386,41.109281],[-96.256386,41.109281],[-96.256386,41.109281],[-96.256386,41.109281],[-96.256386,41.109281],[-96.256386,41.109281],[-96.256386,41.109281],[-96.256386,41.109281],[-96.256386,41.109281],[-96.256386,41.109281],[-96.256386,41.109281],[-96.256386,41.109281],[-96.256386,41.109281],[-96.256386,41.109281],[-96.256386,41.109281],[-96.256386,41.109281],[-96.256386,41.109281],[-96.256386,41.109281],[-96.256386,41.109281],[-96.256386,41.109281],[-96.256386,41.109281],[-96.256386,41.109281],[-96.256386,41.109281],[-96.256386,41.109281],[-96.256386,41.109281],[-96.256386,41.109281],[-96.256386,41.109281]],[[-96.256369,41.109281],[-96.256369,41.109281],[-96.256369,41.109281],[-96.256369,41.109281],[-96.256369,41.109281],[-96.256369,41.109281],[-96.256369,41.109281],[-96.256369,41.109281],[-96.256369,41.109281],[-96.256369,41.109281],[-96.256369,41.109281],[-96.256369,41.109281],[-96.256369,41.109281],[-96.256369,41.109281],[-96.256369,41.109281],[-96.256369,41.109281],[-96.256368,41.109281],[-96.256368,41.109281],[-96.256368,41.109281],[-96.256368,41.109281],[-96.256368,41.109281],[-96.256368,41.109281],[-96.256368,41.109281],[-96.256368,41.109281],[-96.256368,41.109281],[-96.256368,41.109281],[-96.256368,41.109281],[-96.256368,41.109281],[-96.256368,41.109281],[-96.256368,41.109281],[-96.256368,41.109281],[-96.256368,41.109281],[-96.256368,41.109281],[-96.256368,41.109281],[-96.256368,41.109281],[-96.256368,41.109281],[-96.256368,41.109281],[-96.256368,41.109281],[-96.256368,41.109281],[-96.256368,41.109281],[-96.256368,41.109281]],[[-96.256368,41.109281],[-96.256368,41.109286]],[[-96.256368,41.109286],[-96.256368,41.109286],[-96.256368,41.109286],[-96.256368,41.109286],[-96.256368,41.109286],[-96.256368,41.109286],[-96.256368,41.109286],[-96.256368,41.109286],[-96.256368,41.109286],[-96.256368,41.109286],[-96.256368,41.109286],[-96.256368,41.109286],[-96.256368,41.109286],[-96.256368,41.109286],[-96.256368,41.109286],[-96.256368,41.109286],[-96.256368,41.109286],[-96.256368,41.109286],[-96.256368,41.109286],[-96.256368,41.109286],[-96.256368,41.109286],[-96.256368,41.109286],[-96.256368,41.109286],[-96.256368,41.109286],[-96.256369,41.109286],[-96.256369,41.109286],[-96.256369,41.109286],[-96.256369,41.109286],[-96.256369,41.109286],[-96.256369,41.109286],[-96.256369,41.109286],[-96.256369,41.109286],[-96.256369,41.109286],[-96.256369,41.109286],[-96.256369,41.109286],[-96.256369,41.109286],[-96.256369,41.109286],[-96.256369,41.109286],[-96.256369,41.109286],[-96.256369,41.109286],[-96.256369,41.109286]],[[-96.256369,41.109286],[-96.256386,41.109286]],[[-96.256386,41.109286],[-96.256386,41.109286],[-96.256386,41.109286],[-96.256386,41.109286],[-96.256386,41.109286],[-96.256386,41.109286],[-96.256386,41.109286],[-96.256386,41.109286],[-96.256386,41.109286],[-96.256386,41.109286],[-96.256386,41.109286],[-96.256386,41.109286],[-96.256386,41.109286],[-96.256386,41.109286],[-96.256386,41.109286],[-96.256386,41.109286],[-96.256386,41.109286],[-96.256386,41.109286],[-96.256386,41.109286],[-96.256386,41.109286],[-96.256386,41.109286],[-96.256386,41.109286],[-96.256386,41.109286],[-96.256386,41.109286]],[[-96.256386,41.109281],[-96.256386,41.109286]],[[-96.256386,41.109281],[-96.256386,41.109281],[-96.256386,41.109281],[-96.256386,41.109281],[-96.256386,41.109281],[-96.256386,41.109281],[-96.256386,41.109281],[-96.256386,41.109281],[-96.256386,41.109281],[-96.256386,41.109281],[-96.256386,41.109281],[-96.256386,41.109281],[-96.256386,41.109281],[-96.256386,41.109281],[-96.256386,41.109281],[-96.256386,41.109281],[-96.256386,41.109281],[-96.256386,41.109281],[-96.256386,41.109281],[-96.256386,41.109281],[-96.256386,41.109281],[-96.256386,41.109281],[-96.256386,41.109281],[-96.256386,41.109281]],[[-96.256369,41.109281],[-96.256386,41.109281]],[[-96.256368,41.109281],[-96.256368,41.109281],[-96.256368,41.109281],[-96.256368,41.109281],[-96.256368,41.109281],[-96.256368,41.109281],[-96.256368,41.109281],[-96.256368,41.109281],[-96.256368,41.109281],[-96.256368,41.109281],[-96.256368,41.109281],[-96.256368,41.109281],[-96.256369,41.109281],[-96.256369,41.109281],[-96.256369,41.109281],[-96.256369,41.109281],[-96.256369,41.109281],[-96.256369,41.109281],[-96.256369,41.109281],[-96.256369,41.109281],[-96.256369,41.109281],[-96.256369,41.109281],[-96.256369,41.109281],[-96.256369,41.109281]],[[-96.256368,41.109286],[-96.256368,41.109281]],[[-96.256369,41.109286],[-96.256369,41.109286],[-96.256369,41.109286],[-96.256369,41.109286],[-96.256369,41.109286],[-96.256369,41.109286],[-96.256369,41.109286],[-96.256369,41.109286],[-96.256369,41.109286],[-96.256369,41.109286],[-96.256369,41.109286],[-96.256369,41.109286],[-96.256368,41.109286],[-96.256368,41.109286],[-96.256368,41.109286],[-96.256368,41.109286],[-96.256368,41.109286],[-96.256368,41.109286],[-96.256368,41.109286],[-96.256368,41.109286],[-96.256368,41.109286],[-96.256368,41.109286],[-96.256368,41.109286],[-96.256368,41.109286]],[[-96.256386,41.109286],[-96.256369,41.109286]],[[-96.256369,41.109286],[-96.256386,41.109286]],[[-96.256386,41.109286],[-96.256386,41.109286],[-96.256386,41.109286],[-96.256386,41.109286],[-96.256386,41.109286],[-96.256386,41.109286],[-96.256386,41.109286],[-96.256386,41.109286],[-96.256386,41.109286],[-96.256386,41.109286],[-96.256386,41.109286],[-96.256386,41.109286],[-96.256386,41.109286],[-96.256386,41.109286],[-96.256386,41.109286],[-96.256386,41.109286],[-96.256386,41.109286],[-96.256386,41.109286],[-96.256386,41.109286],[-96.256386,41.109286],[-96.256386,41.109286],[-96.256386,41.109286],[-96.256386,41.109286],[-96.256386,41.109286]],[[-96.256386,41.109286],[-96.256386,41.109281]],[[-96.256386,41.109281],[-96.256386,41.109281],[-96.256386,41.109281],[-96.256386,41.109281],[-96.256386,41.109281],[-96.256386,41.109281],[-96.256386,41.109281],[-96.256386,41.109281],[-96.256386,41.109281],[-96.256386,41.109281],[-96.256386,41.109281],[-96.256386,41.109281],[-96.256386,41.109281],[-96.256386,41.109281],[-96.256386,41.109281],[-96.256386,41.109281],[-96.256386,41.109281],[-96.256386,41.109281],[-96.256386,41.109281],[-96.256386,41.109281],[-96.256386,41.109281],[-96.256386,41.109281],[-96.256386,41.109281],[-96.256386,41.109281]],[[-96.256386,41.109281],[-96.256369,41.109281]],[[-96.256368,41.109281],[-96.256368,41.109281],[-96.256368,41.109281],[-96.256368,41.109281],[-96.256368,41.109281],[-96.256368,41.109281],[-96.256368,41.109281],[-96.256368,41.109281],[-96.256368,41.109281],[-96.256368,41.109281],[-96.256368,41.109281],[-96.256368,41.109281],[-96.256369,41.109281],[-96.256369,41.109281],[-96.256369,41.109281],[-96.256369,41.109281],[-96.256369,41.109281],[-96.256369,41.109281],[-96.256369,41.109281],[-96.256369,41.109281],[-96.256369,41.109281],[-96.256369,41.109281],[-96.256369,41.109281],[-96.256369,41.109281]],[[-96.256368,41.109281],[-96.256368,41.109286]],[[-96.256369,41.109286],[-96.256369,41.109286],[-96.256369,41.109286],[-96.256369,41.109286],[-96.256369,41.109286],[-96.256369,41.109286],[-96.256369,41.109286],[-96.256369,41.109286],[-96.256369,41.109286],[-96.256369,41.109286],[-96.256369,41.109286],[-96.256369,41.109286],[-96.256368,41.109286],[-96.256368,41.109286],[-96.256368,41.109286],[-96.256368,41.109286],[-96.256368,41.109286],[-96.256368,41.109286],[-96.256368,41.109286],[-96.256368,41.109286],[-96.256368,41.109286],[-96.256368,41.109286],[-96.256368,41.109286],[-96.256368,41.109286]],[[-96.256369,41.109286],[-96.256369,41.109286],[-96.256369,41.109286],[-96.256369,41.109286],[-96.256369,41.109286],[-96.256369,41.109286],[-96.256369,41.109286],[-96.256369,41.109286],[-96.256369,41.109286],[-96.256369,41.109286],[-96.256369,41.109286],[-96.256369,41.109286],[-96.256369,41.109286],[-96.256369,41.109286],[-96.256369,41.109286],[-96.256369,41.109286],[-96.256369,41.109286],[-96.256369,41.109286],[-96.256369,41.109286],[-96.256369,41.109286],[-96.256369,41.109286],[-96.256369,41.109286],[-96.256369,41.109286],[-96.256369,41.109286],[-96.256369,41.109286],[-96.256369,41.109286],[-96.256369,41.109286],[-96.256369,41.109286],[-96.256369,41.109286],[-96.256369,41.109286],[-96.256369,41.109286],[-96.256369,41.109286],[-96.256369,41.109286],[-96.256369,41.109286],[-96.256369,41.109286],[-96.256369,41.109286],[-96.256369,41.109286],[-96.256369,41.109286],[-96.256369,41.109286],[-96.256369,41.109286],[-96.256369,41.109286],[-96.256369,41.109286],[-96.256369,41.109286],[-96.256369,41.109286],[-96.256369,41.109286],[-96.256369,41.109286],[-96.256369,41.109286],[-96.256369,41.109286],[-96.256369,41.109286],[-96.256369,41.109286],[-96.256369,41.109286],[-96.256369,41.109286],[-96.256369,41.109286],[-96.256369,41.109286],[-96.256369,41.109286],[-96.256369,41.109286],[-96.256369,41.109286],[-96.256369,41.109286],[-96.256369,41.109286],[-96.256369,41.109286],[-96.256369,41.109286],[-96.256369,41.109286],[-96.256369,41.109286],[-96.256369,41.109286]],[[-96.256369,41.109286],[-96.256369,41.109286],[-96.256369,41.109286],[-96.256369,41.109286],[-96.256369,41.109286],[-96.256369,41.109286],[-96.256369,41.109286],[-96.256369,41.109286],[-96.256369,41.109286],[-96.256369,41.109286],[-96.256369,41.109286],[-96.256369,41.109286],[-96.256369,41.109286],[-96.256369,41.109286],[-96.256369,41.109286],[-96.256369,41.109286],[-96.256369,41.109286],[-96.256369,41.109286],[-96.256369,41.109286],[-96.256369,41.109286],[-96.256369,41.109286],[-96.256369,41.109286],[-96.256369,41.109286],[-96.256369,41.109286],[-96.256369,41.109286],[-96.256369,41.109286],[-96.256369,41.109286],[-96.256369,41.109286],[-96.256369,41.109286],[-96.256369,41.109286],[-96.256369,41.109286],[-96.256369,41.109286],[-96.256369,41.109286],[-96.256369,41.109286],[-96.256369,41.109286],[-96.256369,41.109286],[-96.256369,41.109286],[-96.256369,41.109286],[-96.256369,41.109286],[-96.256369,41.109286],[-96.256369,41.109286],[-96.256369,41.109286],[-96.256369,41.109286],[-96.256369,41.109286],[-96.256369,41.109286],[-96.256369,41.109286],[-96.256369,41.109286],[-96.256369,41.109286],[-96.256369,41.109286],[-96.256369,41.109286],[-96.256369,41.109286],[-96.256369,41.109286],[-96.256369,41.109286],[-96.256369,41.109286],[-96.256369,41.109286],[-96.256369,41.109286]],[[-96.256386,41.109286],[-96.256386,41.109286],[-96.256386,41.109286],[-96.256386,41.109286],[-96.256386,41.109286],[-96.256386,41.109286],[-96.256386,41.109286],[-96.256386,41.109286],[-96.256386,41.109286],[-96.256386,41.109286],[-96.256386,41.109286],[-96.256386,41.109286],[-96.256386,41.109286],[-96.256386,41.109286],[-96.256386,41.109286],[-96.256386,41.109286],[-96.256386,41.109286],[-96.256386,41.109286],[-96.256386,41.109286],[-96.256386,41.109286],[-96.256386,41.109286],[-96.256386,41.109286],[-96.256386,41.109286],[-96.256386,41.109286],[-96.256386,41.109286],[-96.256386,41.109286],[-96.256386,41.109286],[-96.256386,41.109286],[-96.256386,41.109286],[-96.256386,41.109286],[-96.256386,41.109286],[-96.256386,41.109286],[-96.256386,41.109286],[-96.256386,41.109286],[-96.256386,41.109286],[-96.256386,41.109286],[-96.256386,41.109286],[-96.256386,41.109286],[-96.256386,41.109286],[-96.256386,41.109286],[-96.256386,41.109286],[-96.256386,41.109286],[-96.256386,41.109286],[-96.256386,41.109286],[-96.256386,41.109286],[-96.256386,41.109286],[-96.256386,41.109286],[-96.256386,41.109286],[-96.256386,41.109286],[-96.256386,41.109286],[-96.256386,41.109286],[-96.256386,41.109286],[-96.256386,41.109286],[-96.256386,41.109286],[-96.256386,41.109286],[-96.256386,41.109286]],[[-96.256386,41.109286],[-96.256386,41.109286],[-96.256386,41.109286],[-96.256386,41.109286],[-96.256386,41.109286],[-96.256386,41.109286],[-96.256386,41.109286],[-96.256386,41.109286],[-96.256386,41.109286],[-96.256386,41.109286],[-96.256386,41.109286],[-96.256386,41.109286],[-96.256386,41.109286],[-96.256386,41.109286],[-96.256386,41.109286],[-96.256386,41.109286],[-96.256386,41.109286],[-96.256386,41.109286],[-96.256386,41.109286],[-96.256386,41.109286],[-96.256386,41.109286],[-96.256386,41.109286],[-96.256386,41.109286],[-96.256386,41.109286],[-96.256386,41.109286],[-96.256386,41.109286],[-96.256386,41.109286],[-96.256386,41.109286],[-96.256386,41.109286],[-96.256386,41.109286],[-96.256386,41.109286],[-96.256386,41.109286],[-96.256386,41.109286],[-96.256386,41.109286],[-96.256386,41.109286],[-96.256386,41.109286],[-96.256386,41.109286],[-96.256386,41.109286],[-96.256386,41.109286],[-96.256386,41.109286],[-96.256386,41.109286],[-96.256386,41.109286],[-96.256386,41.109286],[-96.256386,41.109286],[-96.256386,41.109286],[-96.256386,41.109286],[-96.256386,41.109286],[-96.256386,41.109286],[-96.256386,41.109286],[-96.256386,41.109286],[-96.256386,41.109286],[-96.256386,41.109286],[-96.256386,41.109286],[-96.256386,41.109286],[-96.256386,41.109286],[-96.256386,41.109286],[-96.256386,41.109286],[-96.256386,41.109286],[-96.256386,41.109286],[-96.256386,41.109286],[-96.256386,41.109286],[-96.256386,41.109286],[-96.256386,41.109286],[-96.256386,41.109286],[-96.256386,41.109286],[-96.256386,41.109286],[-96.256386,41.109286],[-96.256386,41.109286],[-96.256386,41.109286],[-96.256386,41.109286],[-96.256386,41.109286],[-96.256386,41.109286]]]}},{"type":"Feature","properties":{"type":"drawing","level":"LEVEL 1","Layer":"I-FURN","source":"LEVEL_1.dxf","SubClasses":"AcDbEntity:AcDbBlockReference","EntityHandle":"445","interactive":false},"geometry":{"type":"MultiLineString","coordinates":[[[-96.256374,41.109289],[-96.256374,41.109289],[-96.256374,41.109289],[-96.256374,41.109289],[-96.256374,41.109289],[-96.256374,41.109289],[-96.256374,41.109289],[-96.256374,41.109289],[-96.256374,41.109289],[-96.256374,41.109289],[-96.256374,41.109289],[-96.256374,41.109289],[-96.256374,41.109289],[-96.256374,41.109289],[-96.256374,41.109289],[-96.256374,41.109289],[-96.256374,41.109289],[-96.256374,41.109289],[-96.256374,41.109289],[-96.256374,41.109289]],[[-96.256375,41.109289],[-96.256375,41.109289],[-96.256375,41.109289],[-96.256374,41.109289],[-96.256374,41.109289],[-96.256374,41.109289]],[[-96.256375,41.109289],[-96.256375,41.109289],[-96.256375,41.109289],[-96.256375,41.109289],[-96.256375,41.109289],[-96.256375,41.109289],[-96.256375,41.109289],[-96.256375,41.109289],[-96.256375,41.109289],[-96.256375,41.109289],[-96.256375,41.109289],[-96.256375,41.109289],[-96.256375,41.109289],[-96.256375,41.109289],[-96.256375,41.109289],[-96.256375,41.109289],[-96.256375,41.109289],[-96.256375,41.109289]],[[-96.256375,41.109289],[-96.256375,41.109289],[-96.256375,41.109289],[-96.256375,41.109289],[-96.256375,41.109289],[-96.256375,41.109289],[-96.256374,41.109289],[-96.256374,41.109289],[-96.256374,41.109289]],[[-96.256374,41.109288],[-96.256374,41.109289]],[[-96.256374,41.109288],[-96.256374,41.109289]],[[-96.256375,41.109286],[-96.256375,41.109286],[-96.256375,41.109286],[-96.256375,41.109286],[-96.256375,41.109286],[-96.256375,41.109286],[-96.256375,41.109286],[-96.256375,41.109286],[-96.256375,41.109286],[-96.256375,41.109286],[-96.256375,41.109286],[-96.256375,41.109286],[-96.256375,41.109286],[-96.256375,41.109286],[-96.256375,41.109286],[-96.256375,41.109286],[-96.256375,41.109286],[-96.256375,41.109286],[-96.256375,41.109286],[-96.256375,41.109286],[-96.256375,41.109286],[-96.256375,41.109286],[-96.256375,41.109286],[-96.256375,41.109286],[-96.256375,41.109286],[-96.256375,41.109286],[-96.256375,41.109286],[-96.256375,41.109286],[-96.256375,41.109286]],[[-96.256374,41.109286],[-96.256374,41.109286],[-96.256374,41.109286],[-96.256374,41.109286],[-96.256374,41.109286],[-96.256374,41.109286],[-96.256374,41.109286],[-96.256374,41.109286],[-96.256374,41.109286],[-96.256374,41.109286],[-96.256374,41.109286],[-96.256374,41.109286],[-96.256374,41.109286],[-96.256374,41.109286],[-96.256374,41.109286],[-96.256374,41.109286],[-96.256374,41.109286],[-96.256374,41.109286],[-96.256374,41.109286]],[[-96.256374,41.109288],[-96.256374,41.109288],[-96.256374,41.109288],[-96.256374,41.109288],[-96.256374,41.109288],[-96.256374,41.109288],[-96.256374,41.109288],[-96.256374,41.109288],[-96.256374,41.109288],[-96.256374,41.109288],[-96.256374,41.109288],[-96.256374,41.109288],[-96.256374,41.109288],[-96.256374,41.109288],[-96.256374,41.109288],[-96.256374,41.109288],[-96.256374,41.109288],[-96.256374,41.109288],[-96.256374,41.109288],[-96.256374,41.109288]],[[-96.256375,41.109288],[-96.256375,41.109288],[-96.256375,41.109288],[-96.256375,41.109288],[-96.256375,41.109288],[-96.256375,41.109288],[-96.256375,41.109288],[-96.256375,41.109288],[-96.256375,41.109288],[-96.256375,41.109288],[-96.256375,41.109288],[-96.256375,41.109288],[-96.256375,41.109288],[-96.256375,41.109288],[-96.256375,41.109288],[-96.256375,41.109288],[-96.256375,41.109288],[-96.256375,41.109288],[-96.256375,41.109288],[-96.256375,41.109288],[-96.256375,41.109288],[-96.256375,41.109288],[-96.256375,41.109288],[-96.256375,41.109288],[-96.256375,41.109288],[-96.256375,41.109288],[-96.256375,41.109288],[-96.256375,41.109288]],[[-96.256374,41.109286],[-96.256375,41.109286]],[[-96.256375,41.109288],[-96.256374,41.109288]],[[-96.256375,41.109286],[-96.256375,41.109288]],[[-96.256374,41.109288],[-96.256374,41.109286]],[[-96.256381,41.109289],[-96.256381,41.109289],[-96.256381,41.109289],[-96.256381,41.109289],[-96.256381,41.109289],[-96.256381,41.109289],[-96.256381,41.109289],[-96.256381,41.109289],[-96.256381,41.109289],[-96.256381,41.109289],[-96.256381,41.109289],[-96.256381,41.109289],[-96.256381,41.109289],[-96.256381,41.109289],[-96.256381,41.109289],[-96.25638,41.109289],[-96.25638,41.109289],[-96.25638,41.109289],[-96.25638,41.109289],[-96.25638,41.109289]],[[-96.25638,41.109289],[-96.25638,41.109289],[-96.25638,41.109289],[-96.25638,41.109289],[-96.25638,41.109289],[-96.25638,41.109289]],[[-96.25638,41.109289],[-96.25638,41.109289],[-96.25638,41.109289],[-96.25638,41.109289],[-96.25638,41.109289],[-96.25638,41.109289],[-96.25638,41.109289],[-96.25638,41.109289],[-96.25638,41.109289],[-96.25638,41.109289],[-96.25638,41.109289],[-96.25638,41.109289],[-96.25638,41.109289],[-96.25638,41.109289],[-96.25638,41.109289],[-96.25638,41.109289],[-96.25638,41.109289],[-96.25638,41.109289]],[[-96.25638,41.109289],[-96.25638,41.109289],[-96.25638,41.109289],[-96.25638,41.109289],[-96.25638,41.109289],[-96.25638,41.109289],[-96.25638,41.109289],[-96.25638,41.109289],[-96.25638,41.109289]],[[-96.25638,41.109288],[-96.25638,41.109289]],[[-96.256381,41.109288],[-96.256381,41.109289]],[[-96.25638,41.109286],[-96.25638,41.109286],[-96.25638,41.109286],[-96.25638,41.109286],[-96.25638,41.109286],[-96.25638,41.109286],[-96.25638,41.109286],[-96.25638,41.109286],[-96.25638,41.109286],[-96.25638,41.109286],[-96.25638,41.109286],[-96.25638,41.109286],[-96.25638,41.109286],[-96.25638,41.109286],[-96.25638,41.109286],[-96.25638,41.109286],[-96.25638,41.109286],[-96.25638,41.109286],[-96.25638,41.109286],[-96.25638,41.109286],[-96.25638,41.109286],[-96.25638,41.109286],[-96.25638,41.109286],[-96.25638,41.109286],[-96.25638,41.109286],[-96.25638,41.109286],[-96.25638,41.109286],[-96.25638,41.109286],[-96.25638,41.109286]],[[-96.256381,41.109286],[-96.256381,41.109286],[-96.256381,41.109286],[-96.256381,41.109286],[-96.256381,41.109286],[-96.256381,41.109286],[-96.256381,41.109286],[-96.256381,41.109286],[-96.256381,41.109286],[-96.256381,41.109286],[-96.256381,41.109286],[-96.256381,41.109286],[-96.256381,41.109286],[-96.256381,41.109286],[-96.256381,41.109286],[-96.256381,41.109286],[-96.256381,41.109286],[-96.256381,41.109286],[-96.256381,41.109286]],[[-96.256381,41.109288],[-96.256381,41.109288],[-96.256381,41.109288],[-96.256381,41.109288],[-96.256381,41.109288],[-96.256381,41.109288],[-96.256381,41.109288],[-96.256381,41.109288],[-96.256381,41.109288],[-96.256381,41.109288],[-96.256381,41.109288],[-96.256381,41.109288],[-96.256381,41.109288],[-96.256381,41.109288],[-96.256381,41.109288],[-96.256381,41.109288],[-96.256381,41.109288],[-96.256381,41.109288],[-96.256381,41.109288],[-96.256381,41.109288]],[[-96.25638,41.109288],[-96.25638,41.109288],[-96.25638,41.109288],[-96.25638,41.109288],[-96.25638,41.109288],[-96.25638,41.109288],[-96.25638,41.109288],[-96.25638,41.109288],[-96.25638,41.109288],[-96.25638,41.109288],[-96.25638,41.109288],[-96.25638,41.109288],[-96.25638,41.109288],[-96.25638,41.109288],[-96.25638,41.109288],[-96.25638,41.109288],[-96.25638,41.109288],[-96.25638,41.109288],[-96.25638,41.109288],[-96.25638,41.109288],[-96.25638,41.109288],[-96.25638,41.109288],[-96.25638,41.109288],[-96.25638,41.109288],[-96.25638,41.109288],[-96.25638,41.109288],[-96.25638,41.109288],[-96.25638,41.109288]],[[-96.256381,41.109286],[-96.25638,41.109286]],[[-96.25638,41.109288],[-96.256381,41.109288]],[[-96.25638,41.109286],[-96.25638,41.109288]],[[-96.256381,41.109288],[-96.256381,41.109286]],[[-96.25638,41.109285],[-96.25638,41.109285],[-96.25638,41.109285],[-96.25638,41.109285],[-96.25638,41.109285],[-96.25638,41.109285],[-96.25638,41.109285],[-96.25638,41.109285],[-96.25638,41.109285],[-96.25638,41.109285],[-96.25638,41.109285],[-96.25638,41.109285],[-96.25638,41.109285],[-96.25638,41.109285],[-96.25638,41.109285],[-96.25638,41.109285],[-96.25638,41.109285],[-96.25638,41.109285],[-96.25638,41.109285]],[[-96.25638,41.109285],[-96.25638,41.109285],[-96.25638,41.109286],[-96.25638,41.109286],[-96.25638,41.109287],[-96.25638,41.109287],[-96.25638,41.109287],[-96.25638,41.109288]],[[-96.25638,41.109288],[-96.25638,41.109288],[-96.25638,41.109288],[-96.25638,41.109288],[-96.25638,41.109288],[-96.25638,41.109288],[-96.25638,41.109288],[-96.25638,41.109288],[-96.25638,41.109288],[-96.25638,41.109289],[-96.25638,41.109289]],[[-96.256375,41.109285],[-96.256375,41.109285],[-96.256375,41.109285],[-96.256375,41.109285],[-96.256375,41.109285],[-96.256375,41.109285],[-96.256375,41.109285],[-96.256375,41.109285],[-96.256375,41.109285],[-96.256375,41.109285],[-96.256375,41.109285],[-96.256375,41.109285],[-96.256375,41.109285],[-96.256375,41.109285],[-96.256375,41.109285],[-96.256375,41.109285],[-96.256375,41.109285],[-96.256375,41.109285],[-96.256375,41.109285]],[[-96.256375,41.109285],[-96.256377,41.109285],[-96.25638,41.109285]],[[-96.256374,41.109288],[-96.256374,41.109287],[-96.256374,41.109287],[-96.256374,41.109287],[-96.256374,41.109286],[-96.256374,41.109286],[-96.256374,41.109285],[-96.256375,41.109285]],[[-96.256375,41.109289],[-96.256375,41.109289],[-96.256375,41.109288],[-96.256375,41.109288],[-96.256374,41.109288],[-96.256374,41.109288],[-96.256374,41.109288],[-96.256374,41.109288],[-96.256374,41.109288],[-96.256374,41.109288],[-96.256374,41.109288]],[[-96.25638,41.109288],[-96.25638,41.109288],[-96.25638,41.109288],[-96.25638,41.109288],[-96.25638,41.109288],[-96.25638,41.109288],[-96.25638,41.109288],[-96.25638,41.109288],[-96.25638,41.109288],[-96.25638,41.109288],[-96.25638,41.109288],[-96.25638,41.109288],[-96.25638,41.109288],[-96.25638,41.109288],[-96.25638,41.109288],[-96.25638,41.109288],[-96.25638,41.109288],[-96.25638,41.109288],[-96.25638,41.109288],[-96.25638,41.109288],[-96.25638,41.109288],[-96.25638,41.109288],[-96.25638,41.109288],[-96.25638,41.109288],[-96.25638,41.109288]],[[-96.256379,41.10929],[-96.256379,41.10929],[-96.256379,41.10929],[-96.256379,41.10929],[-96.256379,41.10929],[-96.256379,41.10929],[-96.256379,41.10929],[-96.256379,41.10929],[-96.256379,41.10929],[-96.256379,41.10929],[-96.256379,41.10929],[-96.256379,41.10929],[-96.256379,41.10929],[-96.256379,41.10929],[-96.256379,41.10929]],[[-96.25638,41.109288],[-96.25638,41.109289],[-96.25638,41.109289],[-96.25638,41.109289],[-96.25638,41.109289],[-96.25638,41.109289],[-96.25638,41.109289],[-96.25638,41.10929],[-96.256379,41.10929]],[[-96.256375,41.109288],[-96.256375,41.109288],[-96.256375,41.109288],[-96.256375,41.109288],[-96.256375,41.109288],[-96.256375,41.109288],[-96.256375,41.109288],[-96.256375,41.109288],[-96.256375,41.109288],[-96.256375,41.109288],[-96.256375,41.109288],[-96.256375,41.109288],[-96.256375,41.109288],[-96.256375,41.109288],[-96.256375,41.109288],[-96.256375,41.109288],[-96.256375,41.109288],[-96.256375,41.109288],[-96.256375,41.109288],[-96.256375,41.109288],[-96.256375,41.109288],[-96.256375,41.109288],[-96.256375,41.109288],[-96.256375,41.109288],[-96.256375,41.109288]],[[-96.256375,41.10929],[-96.256375,41.10929],[-96.256375,41.10929],[-96.256375,41.10929],[-96.256375,41.10929],[-96.256375,41.10929],[-96.256375,41.10929],[-96.256375,41.10929],[-96.256375,41.10929],[-96.256375,41.10929],[-96.256375,41.10929],[-96.256375,41.10929],[-96.256375,41.10929],[-96.256375,41.10929],[-96.256375,41.10929]],[[-96.256375,41.10929],[-96.256375,41.10929],[-96.256375,41.109289],[-96.256375,41.109289],[-96.256375,41.109289],[-96.256375,41.109289],[-96.256375,41.109289],[-96.256375,41.109289],[-96.256375,41.109288]],[[-96.25638,41.109288],[-96.256379,41.109288],[-96.256378,41.109288],[-96.256377,41.109288],[-96.256376,41.109288],[-96.256375,41.109288]],[[-96.256379,41.10929],[-96.256379,41.10929],[-96.256378,41.10929],[-96.256377,41.10929],[-96.256376,41.10929],[-96.256375,41.10929]],[[-96.256375,41.109289],[-96.256375,41.109289]],[[-96.25638,41.109289],[-96.25638,41.109289]],[[-96.256375,41.109289],[-96.256375,41.109289]],[[-96.25638,41.109289],[-96.25638,41.109289]],[[-96.256375,41.109289],[-96.256375,41.109289],[-96.256375,41.109289],[-96.256375,41.109289],[-96.256375,41.109289],[-96.256375,41.109289],[-96.256375,41.109289],[-96.256375,41.109289],[-96.256375,41.109289],[-96.256375,41.109289],[-96.256375,41.109289],[-96.256375,41.109289],[-96.256375,41.109289],[-96.256375,41.109289],[-96.256375,41.109289],[-96.256375,41.109289],[-96.256375,41.109289],[-96.256375,41.109289],[-96.256375,41.109289],[-96.256375,41.109289],[-96.256375,41.109289],[-96.256375,41.109289],[-96.256375,41.109289],[-96.256375,41.109289],[-96.256375,41.109289],[-96.256375,41.109289],[-96.256375,41.109289],[-96.256375,41.109289],[-96.256375,41.109289],[-96.256375,41.109289],[-96.256375,41.109289],[-96.256375,41.109289],[-96.256375,41.109289],[-96.256375,41.109289],[-96.256375,41.109289],[-96.256375,41.109289],[-96.256375,41.109289],[-96.256375,41.109289],[-96.256375,41.109289],[-96.256375,41.109289],[-96.256375,41.109289],[-96.256375,41.109289],[-96.256375,41.109289],[-96.256375,41.109289],[-96.256375,41.109289],[-96.256375,41.109289],[-96.256375,41.109289],[-96.256375,41.109289]],[[-96.25638,41.109289],[-96.25638,41.109289],[-96.25638,41.109289],[-96.25638,41.109289],[-96.25638,41.109289],[-96.25638,41.109289],[-96.25638,41.109289],[-96.25638,41.109289],[-96.25638,41.109289],[-96.25638,41.109289],[-96.25638,41.109289],[-96.25638,41.109289],[-96.25638,41.109289],[-96.25638,41.109289],[-96.25638,41.109289],[-96.25638,41.109289],[-96.25638,41.109289],[-96.25638,41.109289],[-96.25638,41.109289],[-96.25638,41.109289],[-96.25638,41.109289],[-96.25638,41.109289],[-96.25638,41.109289],[-96.25638,41.109289],[-96.25638,41.109289],[-96.25638,41.109289],[-96.25638,41.109289],[-96.25638,41.109289],[-96.25638,41.109289],[-96.25638,41.109289],[-96.25638,41.109289],[-96.25638,41.109289],[-96.25638,41.109289],[-96.25638,41.109289],[-96.25638,41.109289],[-96.25638,41.109289],[-96.25638,41.109289],[-96.25638,41.109289],[-96.25638,41.109289],[-96.25638,41.109289],[-96.25638,41.109289],[-96.25638,41.109289],[-96.25638,41.109289],[-96.25638,41.109289],[-96.25638,41.109289],[-96.25638,41.109289],[-96.25638,41.109289],[-96.25638,41.109289]],[[-96.256375,41.109289],[-96.256375,41.109289],[-96.256375,41.109289],[-96.256375,41.109289],[-96.256375,41.109289],[-96.256375,41.109289],[-96.256375,41.109289],[-96.256375,41.109289],[-96.256375,41.109289],[-96.256375,41.109289],[-96.256375,41.109289],[-96.256375,41.109289],[-96.256375,41.109289],[-96.256375,41.109289],[-96.256375,41.109289],[-96.256375,41.109289],[-96.256375,41.109289],[-96.256375,41.109289],[-96.256375,41.109289],[-96.256375,41.109289],[-96.256375,41.109289],[-96.256375,41.109289],[-96.256375,41.109289],[-96.256375,41.109289],[-96.256375,41.109289],[-96.256375,41.109289],[-96.256375,41.109289],[-96.256375,41.109289],[-96.256375,41.109289],[-96.256375,41.109289],[-96.256375,41.109289],[-96.256375,41.109289],[-96.256375,41.109289],[-96.256375,41.109289],[-96.256375,41.109289],[-96.256375,41.109289],[-96.256375,41.109289],[-96.256375,41.109289],[-96.256375,41.109289],[-96.256375,41.109289]],[[-96.256375,41.109289],[-96.256375,41.109289],[-96.256375,41.109289],[-96.256375,41.109289],[-96.256375,41.109289],[-96.256375,41.109289],[-96.256375,41.109289],[-96.256375,41.109289],[-96.256375,41.109289],[-96.256375,41.109289],[-96.256375,41.109289],[-96.256375,41.109289],[-96.256375,41.109289],[-96.256375,41.109289],[-96.256375,41.109289],[-96.256375,41.109289],[-96.256375,41.109289],[-96.256375,41.109289],[-96.256375,41.109289],[-96.256375,41.109289],[-96.256375,41.109289],[-96.256375,41.109289],[-96.256375,41.109289],[-96.256375,41.109289],[-96.256375,41.109289],[-96.256375,41.109289],[-96.256375,41.109289],[-96.256375,41.109289],[-96.256375,41.109289],[-96.256375,41.109289],[-96.256375,41.109289],[-96.256375,41.109289]],[[-96.25638,41.109289],[-96.25638,41.109289],[-96.25638,41.109289],[-96.25638,41.109289],[-96.25638,41.109289],[-96.25638,41.109289],[-96.25638,41.109289],[-96.25638,41.109289],[-96.25638,41.109289],[-96.25638,41.109289],[-96.25638,41.109289],[-96.25638,41.109289],[-96.25638,41.109289],[-96.25638,41.109289],[-96.25638,41.109289],[-96.25638,41.109289],[-96.25638,41.109289],[-96.25638,41.109289],[-96.25638,41.109289],[-96.25638,41.109289],[-96.25638,41.109289],[-96.25638,41.109289],[-96.25638,41.109289],[-96.25638,41.109289],[-96.25638,41.109289],[-96.25638,41.109289],[-96.25638,41.109289],[-96.25638,41.109289],[-96.25638,41.109289],[-96.25638,41.109289],[-96.25638,41.109289],[-96.25638,41.109289]],[[-96.25638,41.109289],[-96.25638,41.109289],[-96.25638,41.109289],[-96.25638,41.109289],[-96.25638,41.109289],[-96.25638,41.109289],[-96.25638,41.109289],[-96.25638,41.109289],[-96.25638,41.109289],[-96.25638,41.109289],[-96.25638,41.109289],[-96.25638,41.109289],[-96.25638,41.109289],[-96.25638,41.109289],[-96.25638,41.109289],[-96.25638,41.109289],[-96.25638,41.109289],[-96.25638,41.109289],[-96.25638,41.109289],[-96.25638,41.109289],[-96.25638,41.109289],[-96.25638,41.109289],[-96.25638,41.109289],[-96.25638,41.109289],[-96.25638,41.109289],[-96.25638,41.109289],[-96.25638,41.109289],[-96.25638,41.109289],[-96.25638,41.109289],[-96.25638,41.109289],[-96.25638,41.109289],[-96.25638,41.109289],[-96.25638,41.109289],[-96.25638,41.109289],[-96.25638,41.109289],[-96.25638,41.109289],[-96.25638,41.109289],[-96.25638,41.109289],[-96.25638,41.109289],[-96.25638,41.109289]],[[-96.256375,41.109289],[-96.256375,41.109289],[-96.256375,41.109289],[-96.256375,41.109289],[-96.256375,41.109289],[-96.256375,41.109289],[-96.256375,41.109289],[-96.256375,41.109289],[-96.256375,41.109289],[-96.256375,41.109289],[-96.256375,41.109289],[-96.256375,41.109289],[-96.256375,41.109289],[-96.256375,41.109289],[-96.256375,41.109289],[-96.256375,41.109289],[-96.256375,41.109289],[-96.256375,41.109289],[-96.256375,41.109289],[-96.256375,41.109289],[-96.256375,41.109289],[-96.256375,41.109289],[-96.256375,41.109289],[-96.256375,41.109289],[-96.256375,41.109289],[-96.256375,41.109289],[-96.256375,41.109289],[-96.256375,41.109289],[-96.256375,41.109289],[-96.256375,41.109289],[-96.256375,41.109289],[-96.256375,41.109289]],[[-96.256375,41.109289],[-96.256375,41.109289],[-96.256375,41.109289],[-96.256375,41.109289],[-96.256375,41.109289],[-96.256375,41.109289],[-96.256375,41.109289],[-96.256375,41.109289],[-96.256375,41.109289],[-96.256375,41.109289],[-96.256375,41.109289],[-96.256375,41.109289],[-96.256375,41.109289],[-96.256375,41.109289],[-96.256375,41.109289],[-96.256375,41.109289],[-96.256375,41.109289],[-96.256375,41.109289],[-96.256375,41.109289],[-96.256375,41.109289],[-96.256375,41.109289],[-96.256375,41.109289],[-96.256375,41.109289],[-96.256375,41.109289],[-96.256375,41.109289],[-96.256375,41.109289],[-96.256375,41.109289],[-96.256375,41.109289],[-96.256375,41.109289],[-96.256375,41.109289],[-96.256375,41.109289],[-96.256375,41.109289],[-96.256375,41.109289],[-96.256375,41.109289],[-96.256375,41.109289],[-96.256375,41.109289],[-96.256375,41.109289],[-96.256375,41.109289],[-96.256375,41.109289],[-96.256375,41.109289]],[[-96.25638,41.109289],[-96.25638,41.109289],[-96.25638,41.109289],[-96.25638,41.109289],[-96.25638,41.109289],[-96.25638,41.109289],[-96.25638,41.109289],[-96.25638,41.109289],[-96.25638,41.109289],[-96.25638,41.109289],[-96.25638,41.109289],[-96.25638,41.109289],[-96.25638,41.109289],[-96.25638,41.109289],[-96.25638,41.109289],[-96.25638,41.109289],[-96.25638,41.109289],[-96.25638,41.109289],[-96.25638,41.109289],[-96.25638,41.109289],[-96.25638,41.109289],[-96.25638,41.109289],[-96.25638,41.109289],[-96.25638,41.109289],[-96.25638,41.109289],[-96.25638,41.109289],[-96.25638,41.109289],[-96.25638,41.109289],[-96.25638,41.109289],[-96.25638,41.109289],[-96.25638,41.109289],[-96.25638,41.109289],[-96.25638,41.109289],[-96.25638,41.109289],[-96.25638,41.109289],[-96.25638,41.109289],[-96.25638,41.109289],[-96.25638,41.109289],[-96.25638,41.109289],[-96.25638,41.109289]],[[-96.25638,41.109289],[-96.25638,41.109289],[-96.25638,41.109289],[-96.25638,41.109289],[-96.25638,41.109289],[-96.25638,41.109289],[-96.25638,41.109289],[-96.25638,41.109289],[-96.25638,41.109289],[-96.25638,41.109289],[-96.25638,41.109289],[-96.25638,41.109289],[-96.25638,41.109289],[-96.25638,41.109289],[-96.25638,41.109289],[-96.25638,41.109289],[-96.25638,41.109289],[-96.25638,41.109289],[-96.25638,41.109289],[-96.25638,41.109289],[-96.25638,41.109289],[-96.25638,41.109289],[-96.25638,41.109289],[-96.25638,41.109289],[-96.25638,41.109289],[-96.25638,41.109289],[-96.25638,41.109289],[-96.25638,41.109289],[-96.25638,41.109289],[-96.25638,41.109289],[-96.25638,41.109289],[-96.25638,41.109289]],[[-96.256375,41.109289],[-96.256375,41.109289],[-96.256375,41.109289],[-96.256375,41.109289],[-96.256375,41.109289],[-96.256375,41.109289],[-96.256375,41.109289],[-96.256375,41.109289],[-96.256375,41.109289],[-96.256375,41.109289],[-96.256375,41.109289],[-96.256375,41.109289],[-96.256375,41.109289],[-96.256375,41.109289],[-96.256375,41.109289],[-96.256375,41.109289],[-96.256375,41.109289],[-96.256375,41.109289],[-96.256375,41.109289],[-96.256375,41.109289],[-96.256375,41.109289],[-96.256375,41.109289],[-96.256375,41.109289],[-96.256375,41.109289],[-96.256375,41.109289],[-96.256375,41.109289],[-96.256375,41.109289],[-96.256375,41.109289],[-96.256375,41.109289],[-96.256375,41.109289],[-96.256375,41.109289],[-96.256375,41.109289],[-96.256375,41.109289],[-96.256375,41.109289],[-96.256375,41.109289],[-96.256375,41.109289],[-96.256375,41.109289],[-96.256375,41.109289],[-96.256375,41.109289],[-96.256375,41.109289],[-96.256375,41.109289],[-96.256375,41.109289],[-96.256375,41.109289],[-96.256375,41.109289],[-96.256375,41.109289],[-96.256375,41.109289],[-96.256375,41.109289],[-96.256375,41.109289]],[[-96.25638,41.109289],[-96.25638,41.109289],[-96.25638,41.109289],[-96.25638,41.109289],[-96.25638,41.109289],[-96.25638,41.109289],[-96.25638,41.109289],[-96.25638,41.109289],[-96.25638,41.109289],[-96.25638,41.109289],[-96.25638,41.109289],[-96.25638,41.109289],[-96.25638,41.109289],[-96.25638,41.109289],[-96.25638,41.109289],[-96.25638,41.109289],[-96.25638,41.109289],[-96.25638,41.109289],[-96.25638,41.109289],[-96.25638,41.109289],[-96.25638,41.109289],[-96.25638,41.109289],[-96.25638,41.109289],[-96.25638,41.109289],[-96.25638,41.109289],[-96.25638,41.109289],[-96.25638,41.109289],[-96.25638,41.109289],[-96.25638,41.109289],[-96.25638,41.109289],[-96.25638,41.109289],[-96.25638,41.109289],[-96.25638,41.109289],[-96.25638,41.109289],[-96.25638,41.109289],[-96.25638,41.109289],[-96.25638,41.109289],[-96.25638,41.109289],[-96.25638,41.109289],[-96.25638,41.109289],[-96.25638,41.109289],[-96.25638,41.109289],[-96.25638,41.109289],[-96.25638,41.109289],[-96.25638,41.109289],[-96.25638,41.109289],[-96.25638,41.109289],[-96.25638,41.109289]],[[-96.256375,41.109289],[-96.256375,41.109289],[-96.256375,41.109289],[-96.256375,41.109289],[-96.256375,41.109289],[-96.256375,41.109289],[-96.256375,41.109289],[-96.256375,41.109289],[-96.256375,41.109289],[-96.256375,41.109289],[-96.256375,41.109289],[-96.256375,41.109289],[-96.256375,41.109289],[-96.256375,41.109289],[-96.256375,41.109289],[-96.256375,41.109289],[-96.256375,41.109289],[-96.256375,41.109289],[-96.256375,41.109289],[-96.256375,41.109289],[-96.256375,41.109289],[-96.256375,41.109289],[-96.256375,41.109289],[-96.256375,41.109289],[-96.256375,41.109289],[-96.256375,41.109289],[-96.256375,41.109289],[-96.256375,41.109289],[-96.256375,41.109289],[-96.256375,41.109289],[-96.256375,41.109289],[-96.256375,41.109289],[-96.256375,41.109289],[-96.256375,41.109289],[-96.256375,41.109289],[-96.256375,41.109289],[-96.256375,41.109289],[-96.256375,41.109289],[-96.256375,41.109289],[-96.256375,41.109289],[-96.256375,41.109289],[-96.256375,41.109289],[-96.256375,41.109289],[-96.256375,41.109289],[-96.256375,41.109289],[-96.256375,41.109289],[-96.256375,41.109289],[-96.256375,41.10929],[-96.256375,41.10929],[-96.256375,41.10929],[-96.256375,41.10929],[-96.256375,41.10929],[-96.256375,41.10929],[-96.256375,41.10929],[-96.256375,41.10929],[-96.256375,41.10929]],[[-96.256375,41.10929],[-96.256375,41.10929],[-96.256375,41.10929],[-96.256375,41.10929],[-96.256375,41.10929],[-96.256375,41.10929],[-96.256375,41.10929],[-96.256375,41.10929],[-96.256375,41.10929],[-96.256375,41.10929],[-96.256375,41.10929],[-96.256375,41.10929],[-96.256375,41.10929],[-96.256375,41.10929],[-96.256375,41.10929],[-96.256375,41.10929],[-96.256375,41.10929],[-96.256375,41.10929],[-96.256375,41.10929],[-96.256375,41.10929],[-96.256375,41.10929],[-96.256375,41.10929],[-96.256375,41.10929],[-96.256375,41.10929],[-96.256375,41.10929],[-96.256375,41.10929],[-96.256375,41.10929],[-96.256375,41.10929],[-96.256375,41.10929],[-96.256375,41.10929],[-96.256375,41.10929],[-96.256375,41.10929]],[[-96.256379,41.10929],[-96.256379,41.10929],[-96.25638,41.10929],[-96.25638,41.10929],[-96.25638,41.10929],[-96.25638,41.10929],[-96.25638,41.10929],[-96.25638,41.10929],[-96.25638,41.10929],[-96.25638,41.10929],[-96.25638,41.10929],[-96.25638,41.10929],[-96.25638,41.10929],[-96.25638,41.10929],[-96.25638,41.10929],[-96.25638,41.10929],[-96.25638,41.10929],[-96.25638,41.10929],[-96.25638,41.10929],[-96.25638,41.10929],[-96.25638,41.10929],[-96.25638,41.10929],[-96.25638,41.10929],[-96.25638,41.10929],[-96.25638,41.10929],[-96.25638,41.10929],[-96.25638,41.10929],[-96.25638,41.10929],[-96.25638,41.10929],[-96.25638,41.10929],[-96.25638,41.10929],[-96.25638,41.10929],[-96.25638,41.10929],[-96.25638,41.10929],[-96.25638,41.10929],[-96.25638,41.10929],[-96.25638,41.10929],[-96.25638,41.10929],[-96.25638,41.10929],[-96.25638,41.10929]],[[-96.25638,41.10929],[-96.25638,41.10929],[-96.25638,41.10929],[-96.25638,41.10929],[-96.25638,41.10929],[-96.25638,41.10929],[-96.25638,41.10929],[-96.25638,41.10929],[-96.25638,41.10929],[-96.25638,41.10929],[-96.25638,41.109289],[-96.25638,41.109289],[-96.25638,41.109289],[-96.25638,41.109289],[-96.25638,41.109289],[-96.25638,41.109289],[-96.25638,41.109289],[-96.25638,41.109289],[-96.25638,41.109289],[-96.25638,41.109289],[-96.25638,41.109289],[-96.25638,41.109289],[-96.25638,41.109289],[-96.25638,41.109289],[-96.25638,41.109289],[-96.25638,41.109289],[-96.25638,41.109289],[-96.25638,41.109289],[-96.25638,41.109289],[-96.25638,41.109289],[-96.25638,41.109289],[-96.25638,41.109289],[-96.25638,41.109289],[-96.25638,41.109289],[-96.25638,41.109289],[-96.25638,41.109289],[-96.25638,41.109289],[-96.25638,41.109289],[-96.25638,41.109289],[-96.25638,41.109289],[-96.25638,41.109289],[-96.25638,41.109289],[-96.25638,41.109289],[-96.25638,41.109289],[-96.25638,41.109289],[-96.25638,41.109289],[-96.25638,41.109289],[-96.25638,41.109289],[-96.25638,41.109289],[-96.25638,41.109289],[-96.25638,41.109289],[-96.25638,41.109289],[-96.25638,41.109289],[-96.25638,41.109289],[-96.25638,41.109289],[-96.25638,41.109289]],[[-96.25638,41.109289],[-96.25638,41.109289],[-96.25638,41.109289],[-96.25638,41.109289],[-96.25638,41.109289],[-96.25638,41.109289],[-96.25638,41.109289],[-96.25638,41.109289],[-96.25638,41.109289],[-96.25638,41.109289],[-96.25638,41.109289],[-96.25638,41.109289],[-96.25638,41.109289],[-96.25638,41.109289],[-96.25638,41.109289],[-96.25638,41.109289],[-96.25638,41.109289],[-96.25638,41.109289],[-96.25638,41.109289],[-96.25638,41.109289],[-96.25638,41.109289],[-96.25638,41.109289],[-96.25638,41.109289],[-96.25638,41.109289],[-96.25638,41.109289],[-96.25638,41.109289],[-96.25638,41.109289],[-96.25638,41.109289],[-96.25638,41.109289],[-96.25638,41.109289],[-96.25638,41.109289],[-96.25638,41.109289],[-96.25638,41.109289],[-96.25638,41.109289],[-96.25638,41.109289],[-96.25638,41.109289],[-96.25638,41.109289],[-96.25638,41.109289],[-96.25638,41.109289],[-96.25638,41.109289]],[[-96.25638,41.109289],[-96.25638,41.109289],[-96.25638,41.109289],[-96.25638,41.109289],[-96.25638,41.109289],[-96.25638,41.109289],[-96.25638,41.109289],[-96.25638,41.109289],[-96.25638,41.109289],[-96.25638,41.109289],[-96.25638,41.109289],[-96.25638,41.109289],[-96.25638,41.109289],[-96.25638,41.109289],[-96.25638,41.109289],[-96.25638,41.109289],[-96.25638,41.109289],[-96.25638,41.109289],[-96.25638,41.109289],[-96.25638,41.109289],[-96.25638,41.109289],[-96.25638,41.109289],[-96.25638,41.109289],[-96.25638,41.109289],[-96.25638,41.109289],[-96.25638,41.109289],[-96.25638,41.109289],[-96.25638,41.109289],[-96.25638,41.109289],[-96.25638,41.109289],[-96.25638,41.109289],[-96.25638,41.109289],[-96.25638,41.109289],[-96.25638,41.109289],[-96.25638,41.109289],[-96.25638,41.109289],[-96.25638,41.109289],[-96.25638,41.109289],[-96.25638,41.109289],[-96.25638,41.109289]],[[-96.25638,41.109289],[-96.25638,41.109289],[-96.25638,41.109289],[-96.25638,41.109289],[-96.25638,41.109289],[-96.25638,41.109289],[-96.25638,41.109289],[-96.25638,41.109289],[-96.25638,41.109289],[-96.25638,41.109289],[-96.25638,41.109289],[-96.25638,41.109289],[-96.25638,41.109289],[-96.25638,41.109289],[-96.25638,41.10929],[-96.25638,41.10929],[-96.25638,41.10929],[-96.25638,41.10929],[-96.25638,41.10929],[-96.25638,41.10929],[-96.25638,41.10929],[-96.25638,41.10929],[-96.25638,41.10929],[-96.25638,41.10929],[-96.25638,41.10929],[-96.25638,41.10929],[-96.25638,41.10929],[-96.25638,41.10929],[-96.25638,41.10929],[-96.25638,41.10929],[-96.25638,41.10929],[-96.25638,41.10929],[-96.25638,41.10929],[-96.25638,41.10929],[-96.25638,41.10929],[-96.25638,41.10929],[-96.25638,41.10929],[-96.25638,41.10929],[-96.25638,41.10929],[-96.25638,41.10929]],[[-96.25638,41.10929],[-96.25638,41.10929],[-96.25638,41.10929],[-96.25638,41.10929],[-96.25638,41.10929],[-96.25638,41.10929],[-96.25638,41.10929],[-96.25638,41.10929],[-96.25638,41.10929],[-96.25638,41.10929],[-96.25638,41.10929],[-96.25638,41.10929],[-96.25638,41.10929],[-96.25638,41.10929],[-96.25638,41.10929],[-96.25638,41.10929],[-96.25638,41.10929],[-96.25638,41.10929],[-96.25638,41.10929],[-96.25638,41.10929],[-96.25638,41.10929],[-96.25638,41.10929],[-96.25638,41.10929],[-96.25638,41.10929],[-96.25638,41.10929],[-96.25638,41.10929],[-96.25638,41.10929],[-96.25638,41.10929],[-96.25638,41.10929],[-96.25638,41.10929],[-96.25638,41.10929],[-96.25638,41.10929]],[[-96.25638,41.10929],[-96.25638,41.10929],[-96.25638,41.10929],[-96.25638,41.10929],[-96.25638,41.10929],[-96.25638,41.10929],[-96.25638,41.10929],[-96.25638,41.10929],[-96.25638,41.10929],[-96.25638,41.10929],[-96.25638,41.10929],[-96.25638,41.10929],[-96.25638,41.10929],[-96.25638,41.10929],[-96.25638,41.10929],[-96.25638,41.10929],[-96.25638,41.10929],[-96.25638,41.10929],[-96.25638,41.10929],[-96.25638,41.10929],[-96.25638,41.10929],[-96.25638,41.10929],[-96.25638,41.10929],[-96.25638,41.10929],[-96.25638,41.10929],[-96.25638,41.10929],[-96.25638,41.10929],[-96.25638,41.10929],[-96.25638,41.10929],[-96.25638,41.10929],[-96.25638,41.10929],[-96.256379,41.10929],[-96.256379,41.10929],[-96.256379,41.10929],[-96.256379,41.10929],[-96.256379,41.10929],[-96.256379,41.10929],[-96.256379,41.10929],[-96.256379,41.10929],[-96.256379,41.10929]],[[-96.256375,41.10929],[-96.256375,41.10929],[-96.256375,41.10929],[-96.256375,41.10929],[-96.256375,41.10929],[-96.256375,41.10929],[-96.256375,41.10929],[-96.256375,41.10929],[-96.256375,41.10929],[-96.256375,41.10929],[-96.256375,41.10929],[-96.256375,41.10929],[-96.256375,41.10929],[-96.256375,41.10929],[-96.256375,41.10929],[-96.256375,41.10929],[-96.256375,41.10929],[-96.256375,41.10929],[-96.256375,41.10929],[-96.256375,41.10929],[-96.256375,41.10929],[-96.256375,41.10929],[-96.256375,41.10929],[-96.256375,41.10929],[-96.256375,41.10929],[-96.256375,41.10929],[-96.256375,41.10929],[-96.256375,41.10929],[-96.256375,41.10929],[-96.256375,41.10929],[-96.256375,41.10929],[-96.256375,41.10929],[-96.256375,41.10929],[-96.256375,41.10929],[-96.256375,41.10929],[-96.256375,41.10929],[-96.256375,41.10929],[-96.256375,41.10929],[-96.256375,41.10929],[-96.256375,41.10929]],[[-96.256375,41.10929],[-96.256375,41.10929],[-96.256375,41.10929],[-96.256375,41.10929],[-96.256375,41.10929],[-96.256375,41.10929],[-96.256375,41.10929],[-96.256375,41.10929],[-96.256375,41.10929],[-96.256375,41.10929],[-96.256375,41.10929],[-96.256375,41.10929],[-96.256375,41.10929],[-96.256375,41.10929],[-96.256375,41.109289],[-96.256375,41.109289],[-96.256375,41.109289],[-96.256375,41.109289],[-96.256375,41.109289],[-96.256375,41.109289],[-96.256375,41.109289],[-96.256375,41.109289],[-96.256375,41.109289],[-96.256375,41.109289],[-96.256375,41.109289],[-96.256375,41.109289],[-96.256375,41.109289],[-96.256375,41.109289],[-96.256375,41.109289],[-96.256375,41.109289],[-96.256375,41.109289],[-96.256375,41.109289],[-96.256375,41.109289],[-96.256375,41.109289],[-96.256375,41.109289],[-96.256375,41.109289],[-96.256375,41.109289],[-96.256375,41.109289],[-96.256375,41.109289],[-96.256375,41.109289],[-96.256375,41.109289],[-96.256375,41.109289],[-96.256375,41.109289],[-96.256375,41.109289],[-96.256375,41.109289],[-96.256375,41.109289],[-96.256375,41.109289],[-96.256375,41.109289],[-96.256375,41.109289],[-96.256375,41.109289],[-96.256375,41.109289],[-96.256375,41.109289],[-96.256375,41.109289],[-96.256375,41.109289],[-96.256375,41.109289],[-96.256375,41.109289]],[[-96.25638,41.109288],[-96.256379,41.109288],[-96.256379,41.109288],[-96.256378,41.109288],[-96.256377,41.109288],[-96.256376,41.109288],[-96.256376,41.109288],[-96.256375,41.109288],[-96.256375,41.109288]],[[-96.256375,41.10929],[-96.256375,41.10929]],[[-96.256375,41.10929],[-96.256376,41.10929],[-96.256377,41.10929],[-96.256377,41.10929],[-96.256378,41.10929],[-96.256379,41.10929],[-96.256379,41.10929]],[[-96.256379,41.10929],[-96.256379,41.10929]],[[-96.256375,41.10929],[-96.256376,41.10929],[-96.256377,41.10929],[-96.256377,41.10929],[-96.256378,41.10929],[-96.256379,41.10929],[-96.256379,41.10929]],[[-96.256375,41.109288],[-96.256375,41.109289]],[[-96.25638,41.109289],[-96.25638,41.109288]],[[-96.256375,41.109289],[-96.256375,41.109289],[-96.256375,41.109289],[-96.256375,41.109289],[-96.256375,41.109289],[-96.256375,41.109289],[-96.256375,41.109289],[-96.256375,41.109289],[-96.256375,41.109289],[-96.256375,41.109289],[-96.256375,41.109289],[-96.256375,41.109289],[-96.256375,41.109289],[-96.256375,41.109289],[-96.256375,41.109289],[-96.256375,41.109289],[-96.256375,41.109289],[-96.256375,41.109289],[-96.256375,41.109289],[-96.256375,41.109289],[-96.256375,41.109289],[-96.256375,41.109289],[-96.256375,41.109289],[-96.256375,41.10929],[-96.256375,41.10929],[-96.256375,41.10929],[-96.256375,41.10929],[-96.256375,41.10929],[-96.256375,41.10929],[-96.256375,41.10929],[-96.256375,41.10929],[-96.256375,41.10929],[-96.256375,41.10929],[-96.256375,41.10929],[-96.256375,41.10929],[-96.256375,41.10929],[-96.256375,41.10929],[-96.256375,41.10929],[-96.256375,41.10929],[-96.256375,41.10929],[-96.256375,41.10929],[-96.256375,41.10929],[-96.256375,41.10929],[-96.256375,41.10929],[-96.256375,41.10929],[-96.256375,41.10929],[-96.256375,41.10929],[-96.256375,41.10929]],[[-96.256379,41.10929],[-96.256379,41.10929],[-96.256379,41.10929],[-96.25638,41.10929],[-96.25638,41.10929],[-96.25638,41.10929],[-96.25638,41.10929],[-96.25638,41.10929],[-96.25638,41.10929],[-96.25638,41.10929],[-96.25638,41.10929],[-96.25638,41.10929],[-96.25638,41.10929],[-96.25638,41.10929],[-96.25638,41.10929],[-96.25638,41.10929],[-96.25638,41.10929],[-96.25638,41.10929],[-96.25638,41.10929],[-96.25638,41.10929],[-96.25638,41.10929],[-96.25638,41.10929],[-96.25638,41.10929],[-96.25638,41.10929],[-96.25638,41.10929],[-96.25638,41.10929],[-96.25638,41.10929],[-96.25638,41.10929],[-96.25638,41.10929],[-96.25638,41.10929],[-96.25638,41.10929],[-96.25638,41.10929],[-96.25638,41.10929],[-96.25638,41.10929],[-96.25638,41.10929],[-96.25638,41.10929],[-96.25638,41.10929],[-96.25638,41.10929],[-96.25638,41.10929],[-96.25638,41.10929]],[[-96.25638,41.109289],[-96.25638,41.109289],[-96.25638,41.109289],[-96.25638,41.109289],[-96.25638,41.109289],[-96.25638,41.109289],[-96.25638,41.109289],[-96.25638,41.109289],[-96.25638,41.109289],[-96.25638,41.109289],[-96.25638,41.109289],[-96.25638,41.109289],[-96.25638,41.109289],[-96.25638,41.109289],[-96.25638,41.109289],[-96.25638,41.109289],[-96.25638,41.109289],[-96.25638,41.109289],[-96.25638,41.109289],[-96.25638,41.109289],[-96.25638,41.109289],[-96.25638,41.109289],[-96.25638,41.109289],[-96.25638,41.109289],[-96.25638,41.109289],[-96.25638,41.109289],[-96.25638,41.109289],[-96.25638,41.109289],[-96.25638,41.109289],[-96.25638,41.109289],[-96.25638,41.109289],[-96.25638,41.109289],[-96.25638,41.109289],[-96.25638,41.109289],[-96.25638,41.109289],[-96.25638,41.109289],[-96.25638,41.109289],[-96.25638,41.109289],[-96.25638,41.109289],[-96.25638,41.109289]],[[-96.25638,41.109289],[-96.25638,41.109289],[-96.25638,41.109289],[-96.25638,41.109289],[-96.25638,41.109289],[-96.25638,41.109289],[-96.25638,41.109289],[-96.25638,41.109289],[-96.25638,41.109289],[-96.25638,41.109289],[-96.25638,41.109289],[-96.25638,41.109289],[-96.25638,41.109289],[-96.25638,41.109289],[-96.25638,41.109289],[-96.25638,41.109289],[-96.25638,41.109289],[-96.25638,41.109289],[-96.25638,41.109289],[-96.25638,41.109289],[-96.25638,41.109289],[-96.25638,41.109289],[-96.25638,41.109289],[-96.25638,41.109289],[-96.25638,41.109289],[-96.25638,41.109289],[-96.25638,41.109289],[-96.25638,41.109289],[-96.25638,41.109289],[-96.25638,41.109289],[-96.25638,41.109289],[-96.25638,41.109289]],[[-96.256375,41.10929],[-96.256375,41.10929],[-96.256375,41.10929],[-96.256375,41.10929],[-96.256375,41.10929],[-96.256375,41.10929],[-96.256375,41.10929],[-96.256375,41.10929],[-96.256375,41.10929],[-96.256375,41.10929],[-96.256375,41.10929],[-96.256375,41.10929],[-96.256375,41.10929],[-96.256375,41.10929],[-96.256375,41.10929],[-96.256375,41.10929],[-96.256375,41.10929],[-96.256375,41.10929],[-96.256375,41.10929],[-96.256375,41.10929],[-96.256375,41.10929],[-96.256375,41.10929],[-96.256375,41.10929],[-96.256375,41.10929],[-96.256375,41.10929],[-96.256375,41.10929],[-96.256375,41.10929],[-96.256375,41.10929],[-96.256375,41.10929],[-96.256375,41.10929],[-96.256375,41.10929],[-96.256375,41.10929],[-96.256375,41.109289],[-96.256375,41.109289],[-96.256375,41.109289],[-96.256375,41.109289],[-96.256375,41.109289],[-96.256375,41.109289],[-96.256375,41.109289],[-96.256375,41.109289]],[[-96.25638,41.109289],[-96.25638,41.109289],[-96.25638,41.109289],[-96.25638,41.109289],[-96.25638,41.109289],[-96.25638,41.109289],[-96.25638,41.109289],[-96.25638,41.109289],[-96.25638,41.10929],[-96.25638,41.10929],[-96.25638,41.10929],[-96.25638,41.10929],[-96.25638,41.10929],[-96.25638,41.10929],[-96.25638,41.10929],[-96.25638,41.10929],[-96.25638,41.10929],[-96.25638,41.10929],[-96.25638,41.10929],[-96.25638,41.10929],[-96.25638,41.10929],[-96.25638,41.10929],[-96.25638,41.10929],[-96.25638,41.10929],[-96.25638,41.10929],[-96.25638,41.10929],[-96.25638,41.10929],[-96.25638,41.10929],[-96.25638,41.10929],[-96.25638,41.10929],[-96.25638,41.10929],[-96.25638,41.10929],[-96.25638,41.10929],[-96.25638,41.10929],[-96.25638,41.10929],[-96.25638,41.10929],[-96.25638,41.10929],[-96.25638,41.10929],[-96.25638,41.10929],[-96.256379,41.10929]],[[-96.256375,41.10929],[-96.256375,41.10929]],[[-96.256379,41.10929],[-96.256379,41.10929]],[[-96.256375,41.10929],[-96.256375,41.10929]],[[-96.256379,41.10929],[-96.256379,41.10929]],[[-96.256375,41.109289],[-96.256375,41.109289],[-96.256375,41.109289],[-96.256375,41.109289],[-96.256375,41.109289],[-96.256375,41.109289],[-96.256375,41.109289],[-96.256375,41.109289],[-96.256375,41.109289],[-96.256375,41.109289],[-96.256375,41.109289],[-96.256375,41.109289],[-96.256375,41.109289],[-96.256375,41.109289],[-96.256375,41.109289],[-96.256375,41.109289],[-96.256375,41.109289],[-96.256375,41.109289],[-96.256375,41.109289],[-96.256375,41.109289],[-96.256375,41.109289],[-96.256375,41.109289],[-96.256375,41.109289],[-96.256375,41.109289],[-96.256375,41.109289],[-96.256375,41.109289],[-96.256375,41.109289],[-96.256375,41.109289],[-96.256375,41.109289],[-96.256375,41.109289],[-96.256375,41.109289],[-96.256375,41.109289],[-96.256375,41.109289],[-96.256375,41.109289],[-96.256375,41.109289],[-96.256375,41.109289],[-96.256375,41.109289],[-96.256375,41.109289],[-96.256375,41.109289],[-96.256375,41.109289],[-96.256375,41.109289],[-96.256375,41.109289],[-96.256375,41.109289],[-96.256375,41.109289],[-96.256375,41.109289],[-96.256375,41.109289],[-96.256375,41.109289],[-96.256375,41.109289],[-96.256375,41.109289],[-96.256375,41.109289],[-96.256375,41.109289],[-96.256375,41.109289],[-96.256375,41.109289],[-96.256375,41.109289],[-96.256375,41.109289],[-96.256375,41.109289],[-96.256375,41.109289],[-96.256375,41.109289],[-96.256375,41.109289],[-96.256375,41.109289],[-96.256375,41.109289],[-96.256375,41.109289],[-96.256375,41.109289],[-96.256375,41.109289],[-96.256375,41.109289],[-96.256375,41.109289],[-96.256375,41.109289],[-96.256375,41.109289],[-96.256375,41.109289],[-96.256375,41.109289],[-96.256375,41.109289],[-96.256375,41.109289]],[[-96.25638,41.109289],[-96.25638,41.109289],[-96.25638,41.109289],[-96.25638,41.109289],[-96.25638,41.109289],[-96.25638,41.109289],[-96.25638,41.109289],[-96.25638,41.109289],[-96.25638,41.109289],[-96.25638,41.109289],[-96.25638,41.109289],[-96.25638,41.109289],[-96.25638,41.109289],[-96.25638,41.109289],[-96.25638,41.109289],[-96.25638,41.109289],[-96.25638,41.109289],[-96.25638,41.109289],[-96.25638,41.109289],[-96.25638,41.109289],[-96.25638,41.109289],[-96.25638,41.109289],[-96.25638,41.109289],[-96.25638,41.109289],[-96.25638,41.109289],[-96.25638,41.109289],[-96.25638,41.109289],[-96.25638,41.109289],[-96.25638,41.109289],[-96.25638,41.109289],[-96.25638,41.109289],[-96.25638,41.109289],[-96.25638,41.109289],[-96.25638,41.109289],[-96.25638,41.109289],[-96.25638,41.109289],[-96.25638,41.109289],[-96.25638,41.109289],[-96.25638,41.109289],[-96.25638,41.109289],[-96.25638,41.109289],[-96.25638,41.109289],[-96.25638,41.109289],[-96.25638,41.109289],[-96.25638,41.109289],[-96.25638,41.109289],[-96.25638,41.109289],[-96.25638,41.109289],[-96.25638,41.109289],[-96.25638,41.109289],[-96.25638,41.109289],[-96.25638,41.109289],[-96.25638,41.109289],[-96.25638,41.109289],[-96.25638,41.109289],[-96.25638,41.109289],[-96.25638,41.109289],[-96.25638,41.109289],[-96.25638,41.109289],[-96.25638,41.109289],[-96.25638,41.109289],[-96.25638,41.109289],[-96.25638,41.109289],[-96.25638,41.109289],[-96.25638,41.109289],[-96.25638,41.109289],[-96.25638,41.109289],[-96.25638,41.109289],[-96.25638,41.109289],[-96.25638,41.109289],[-96.25638,41.109289],[-96.25638,41.109289]],[[-96.25638,41.109289],[-96.25638,41.109289],[-96.25638,41.109289],[-96.25638,41.109289],[-96.25638,41.109289],[-96.25638,41.109289],[-96.25638,41.109289],[-96.25638,41.109289],[-96.25638,41.109289],[-96.25638,41.109289],[-96.25638,41.109289],[-96.25638,41.109289],[-96.25638,41.109289],[-96.25638,41.109289],[-96.25638,41.109289],[-96.25638,41.109289],[-96.25638,41.109289],[-96.25638,41.109289],[-96.25638,41.109289],[-96.25638,41.109289],[-96.25638,41.109289],[-96.25638,41.109289],[-96.25638,41.109289],[-96.25638,41.109289],[-96.25638,41.109289],[-96.25638,41.109289],[-96.25638,41.109289],[-96.25638,41.109289],[-96.25638,41.109289],[-96.25638,41.109289],[-96.25638,41.109289],[-96.25638,41.109289],[-96.25638,41.109289],[-96.25638,41.109289],[-96.25638,41.109289],[-96.25638,41.109289],[-96.25638,41.109289],[-96.25638,41.109289],[-96.25638,41.109289],[-96.25638,41.109289]],[[-96.256375,41.109289],[-96.256375,41.109289]],[[-96.25638,41.109289],[-96.25638,41.109289]],[[-96.256375,41.109289],[-96.256375,41.109289],[-96.256375,41.109289],[-96.256375,41.109289],[-96.256375,41.109289],[-96.256375,41.109289],[-96.256375,41.109289],[-96.256375,41.109289],[-96.256375,41.109289],[-96.256375,41.109289],[-96.256375,41.109289],[-96.256375,41.109289],[-96.256375,41.109289],[-96.256375,41.109289],[-96.256375,41.109289],[-96.256375,41.109289],[-96.256375,41.109289],[-96.256375,41.109289],[-96.256375,41.109289],[-96.256375,41.109289],[-96.256375,41.109289],[-96.256375,41.109289],[-96.256375,41.109289],[-96.256375,41.109289],[-96.256375,41.109289],[-96.256375,41.109289],[-96.256375,41.109289],[-96.256375,41.109289],[-96.256375,41.109289],[-96.256375,41.109289],[-96.256375,41.109289],[-96.256375,41.109289],[-96.256375,41.109289],[-96.256375,41.109289],[-96.256375,41.109289],[-96.256375,41.109289],[-96.256375,41.109289],[-96.256375,41.109289],[-96.256375,41.109289],[-96.256375,41.109289]],[[-96.256375,41.10929],[-96.256375,41.10929],[-96.256375,41.10929],[-96.256375,41.10929],[-96.256375,41.10929],[-96.256375,41.10929],[-96.256375,41.10929],[-96.256375,41.10929],[-96.256375,41.10929],[-96.256375,41.10929],[-96.256375,41.10929],[-96.256375,41.10929],[-96.256375,41.10929],[-96.256375,41.10929],[-96.256375,41.109289],[-96.256375,41.109289],[-96.256375,41.109289],[-96.256375,41.109289],[-96.256375,41.109289],[-96.256375,41.109289],[-96.256375,41.109289],[-96.256375,41.109289],[-96.256375,41.109289],[-96.256375,41.109289],[-96.256375,41.109289],[-96.256375,41.109289],[-96.256375,41.109289],[-96.256375,41.109289],[-96.256375,41.109289],[-96.256375,41.109289],[-96.256375,41.109289],[-96.256375,41.109289],[-96.256375,41.109289],[-96.256375,41.109289],[-96.256375,41.109289],[-96.256375,41.109289],[-96.256375,41.109289],[-96.256375,41.109289],[-96.256375,41.109289],[-96.256375,41.109289],[-96.256375,41.109289],[-96.256375,41.109289],[-96.256375,41.109289],[-96.256375,41.109289],[-96.256375,41.109289],[-96.256375,41.109289],[-96.256375,41.109289],[-96.256375,41.109289],[-96.256375,41.109289],[-96.256375,41.109289],[-96.256375,41.109289],[-96.256375,41.109289],[-96.256375,41.109289],[-96.256375,41.109289],[-96.256375,41.109289],[-96.256375,41.109289]],[[-96.25638,41.109289],[-96.25638,41.109289],[-96.25638,41.109289],[-96.25638,41.109289],[-96.25638,41.109289],[-96.25638,41.109289],[-96.25638,41.109289],[-96.25638,41.109289],[-96.25638,41.109289],[-96.25638,41.109289],[-96.25638,41.109289],[-96.25638,41.109289],[-96.25638,41.109289],[-96.25638,41.109289],[-96.25638,41.109289],[-96.25638,41.109289],[-96.25638,41.109289],[-96.25638,41.109289],[-96.25638,41.109289],[-96.25638,41.109289],[-96.25638,41.109289],[-96.25638,41.109289],[-96.25638,41.109289],[-96.25638,41.109289],[-96.25638,41.109289],[-96.25638,41.109289],[-96.25638,41.109289],[-96.25638,41.109289],[-96.25638,41.109289],[-96.25638,41.109289],[-96.25638,41.109289],[-96.25638,41.109289],[-96.25638,41.109289],[-96.25638,41.109289],[-96.25638,41.109289],[-96.25638,41.109289],[-96.25638,41.109289],[-96.25638,41.109289],[-96.25638,41.109289],[-96.25638,41.109289],[-96.25638,41.109289],[-96.25638,41.109289],[-96.25638,41.10929],[-96.25638,41.10929],[-96.25638,41.10929],[-96.25638,41.10929],[-96.25638,41.10929],[-96.25638,41.10929],[-96.25638,41.10929],[-96.25638,41.10929],[-96.25638,41.10929],[-96.25638,41.10929],[-96.25638,41.10929],[-96.256379,41.10929],[-96.256379,41.10929],[-96.256379,41.10929]],[[-96.256375,41.109289],[-96.256375,41.109289],[-96.256375,41.109289],[-96.256375,41.109289],[-96.256375,41.109289],[-96.256375,41.109289],[-96.256375,41.109289],[-96.256375,41.109289],[-96.256375,41.109289],[-96.256375,41.109289],[-96.256375,41.109289],[-96.256375,41.109289],[-96.256375,41.109289],[-96.256375,41.109289],[-96.256375,41.109289],[-96.256375,41.109289],[-96.256375,41.109289],[-96.256375,41.109289],[-96.256375,41.109289],[-96.256375,41.109289],[-96.256375,41.109289],[-96.256375,41.109289],[-96.256375,41.109289],[-96.256375,41.109289],[-96.256375,41.109289],[-96.256375,41.109289],[-96.256375,41.109289],[-96.256375,41.109289],[-96.256375,41.109289],[-96.256375,41.109289],[-96.256375,41.109289],[-96.256375,41.109289],[-96.256375,41.109289],[-96.256375,41.109289],[-96.256375,41.109289],[-96.256375,41.109289],[-96.256375,41.109289],[-96.256375,41.109289],[-96.256375,41.109289],[-96.256375,41.109289],[-96.256375,41.109289],[-96.256375,41.109289],[-96.256375,41.109289],[-96.256375,41.109289],[-96.256375,41.109289],[-96.256375,41.109289],[-96.256375,41.109289],[-96.256375,41.109289]],[[-96.25638,41.109289],[-96.25638,41.109289],[-96.25638,41.109289],[-96.25638,41.109289],[-96.25638,41.109289],[-96.25638,41.109289],[-96.25638,41.109289],[-96.25638,41.109289],[-96.25638,41.109289],[-96.25638,41.109289],[-96.25638,41.109289],[-96.25638,41.109289],[-96.25638,41.109289],[-96.25638,41.109289],[-96.25638,41.109289],[-96.25638,41.109289],[-96.25638,41.109289],[-96.25638,41.109289],[-96.25638,41.109289],[-96.25638,41.109289],[-96.25638,41.109289],[-96.25638,41.109289],[-96.25638,41.109289],[-96.25638,41.109289],[-96.25638,41.109289],[-96.25638,41.109289],[-96.25638,41.109289],[-96.25638,41.109289],[-96.25638,41.109289],[-96.25638,41.109289],[-96.25638,41.109289],[-96.25638,41.109289],[-96.25638,41.109289],[-96.25638,41.109289],[-96.25638,41.109289],[-96.25638,41.109289],[-96.25638,41.109289],[-96.25638,41.109289],[-96.25638,41.109289],[-96.25638,41.109289],[-96.25638,41.109289],[-96.25638,41.109289],[-96.25638,41.109289],[-96.25638,41.109289],[-96.25638,41.109289],[-96.25638,41.109289],[-96.25638,41.109289],[-96.25638,41.109289]],[[-96.256375,41.109289],[-96.256375,41.109289],[-96.256375,41.109289],[-96.256375,41.109289],[-96.256375,41.109289],[-96.256375,41.109289],[-96.256375,41.109289],[-96.256375,41.109289],[-96.256375,41.109289],[-96.256375,41.109289],[-96.256375,41.109289],[-96.256375,41.109289],[-96.256375,41.109289],[-96.256375,41.109289],[-96.256375,41.109289],[-96.256375,41.109289],[-96.256375,41.109289],[-96.256375,41.109289],[-96.256375,41.109289],[-96.256375,41.109289],[-96.256375,41.109289],[-96.256375,41.109289],[-96.256375,41.109289],[-96.256375,41.109289],[-96.256375,41.109289],[-96.256375,41.109289],[-96.256375,41.109289],[-96.256375,41.109289],[-96.256375,41.109289],[-96.256375,41.109289],[-96.256375,41.109289],[-96.256375,41.109289],[-96.256375,41.109289],[-96.256375,41.109289],[-96.256375,41.109289],[-96.256375,41.109289],[-96.256375,41.109289],[-96.256375,41.109289],[-96.256375,41.109289],[-96.256375,41.109289]],[[-96.256375,41.109289],[-96.256375,41.109289],[-96.256375,41.109289],[-96.256375,41.109289],[-96.256375,41.109289],[-96.256375,41.109289],[-96.256375,41.109289],[-96.256375,41.109289],[-96.256375,41.109289],[-96.256375,41.109289],[-96.256375,41.109289],[-96.256375,41.109289],[-96.256375,41.109289],[-96.256375,41.109289],[-96.256375,41.109289],[-96.256375,41.109289],[-96.256375,41.109289],[-96.256375,41.109289],[-96.256375,41.109289],[-96.256375,41.109289],[-96.256375,41.109289],[-96.256375,41.109289],[-96.256375,41.109289],[-96.256375,41.109289],[-96.256375,41.109289],[-96.256375,41.109289],[-96.256375,41.109289],[-96.256375,41.109289],[-96.256375,41.109289],[-96.256375,41.109289],[-96.256375,41.109289],[-96.256375,41.109289]],[[-96.25638,41.109289],[-96.25638,41.109289],[-96.25638,41.109289],[-96.25638,41.109289],[-96.25638,41.109289],[-96.25638,41.109289],[-96.25638,41.109289],[-96.25638,41.109289],[-96.25638,41.109289],[-96.25638,41.109289],[-96.25638,41.109289],[-96.25638,41.109289],[-96.25638,41.109289],[-96.25638,41.109289],[-96.25638,41.109289],[-96.25638,41.109289],[-96.25638,41.109289],[-96.25638,41.109289],[-96.25638,41.109289],[-96.25638,41.109289],[-96.25638,41.109289],[-96.25638,41.109289],[-96.25638,41.109289],[-96.25638,41.109289],[-96.25638,41.109289],[-96.25638,41.109289],[-96.25638,41.109289],[-96.25638,41.109289],[-96.25638,41.109289],[-96.25638,41.109289],[-96.25638,41.109289],[-96.25638,41.109289]],[[-96.25638,41.109289],[-96.25638,41.109289],[-96.25638,41.109289],[-96.25638,41.109289],[-96.25638,41.109289],[-96.25638,41.109289],[-96.25638,41.109289],[-96.25638,41.109289],[-96.25638,41.109289],[-96.25638,41.109289],[-96.25638,41.109289],[-96.25638,41.109289],[-96.25638,41.109289],[-96.25638,41.109289],[-96.25638,41.109289],[-96.25638,41.109289],[-96.25638,41.109289],[-96.25638,41.109289],[-96.25638,41.109289],[-96.25638,41.109289],[-96.25638,41.109289],[-96.25638,41.109289],[-96.25638,41.109289],[-96.25638,41.109289],[-96.25638,41.109289],[-96.25638,41.109289],[-96.25638,41.109289],[-96.25638,41.109289],[-96.25638,41.109289],[-96.25638,41.109289],[-96.25638,41.109289],[-96.25638,41.109289],[-96.25638,41.109289],[-96.25638,41.109289],[-96.25638,41.109289],[-96.25638,41.109289],[-96.25638,41.109289],[-96.25638,41.109289],[-96.25638,41.109289],[-96.25638,41.109289]],[[-96.256375,41.109288],[-96.256375,41.109288],[-96.256375,41.109288],[-96.256375,41.109288],[-96.256375,41.109288],[-96.256375,41.109288],[-96.256375,41.109288],[-96.256375,41.109288],[-96.256375,41.109288],[-96.256375,41.109288],[-96.256375,41.109288],[-96.256375,41.109288],[-96.256375,41.109288],[-96.256375,41.109288],[-96.256375,41.109288],[-96.256375,41.109288],[-96.256375,41.109288],[-96.256375,41.109288],[-96.256375,41.109288],[-96.256375,41.109288],[-96.256375,41.109288],[-96.256375,41.109288],[-96.256375,41.109288],[-96.256375,41.109288],[-96.256375,41.109288],[-96.256375,41.109288],[-96.256375,41.109288],[-96.256375,41.109288],[-96.256375,41.109288],[-96.256375,41.109288],[-96.256375,41.109288],[-96.256375,41.109288]],[[-96.256375,41.109288],[-96.256375,41.109288],[-96.256375,41.109288],[-96.256375,41.109288],[-96.256375,41.109288],[-96.256375,41.109288],[-96.256375,41.109288],[-96.256375,41.109288],[-96.256375,41.109288],[-96.256375,41.109288],[-96.256375,41.109288],[-96.256375,41.109288],[-96.256375,41.109288],[-96.256375,41.109288],[-96.256375,41.109288],[-96.256375,41.109288],[-96.256375,41.109288],[-96.256375,41.109288],[-96.256375,41.109288],[-96.256375,41.109288],[-96.256375,41.109288],[-96.256375,41.109288],[-96.256375,41.109288],[-96.256375,41.109288],[-96.256375,41.109288],[-96.256375,41.109288],[-96.256375,41.109288],[-96.256375,41.109288],[-96.256375,41.109288],[-96.256375,41.109288],[-96.256375,41.109288],[-96.256375,41.109288],[-96.256375,41.109288],[-96.256375,41.109288],[-96.256375,41.109288],[-96.256375,41.109288],[-96.256375,41.109288],[-96.256375,41.109288],[-96.256375,41.109288],[-96.256375,41.109288]],[[-96.25638,41.109288],[-96.25638,41.109288],[-96.25638,41.109288],[-96.25638,41.109288],[-96.25638,41.109288],[-96.25638,41.109288],[-96.25638,41.109288],[-96.25638,41.109288],[-96.25638,41.109288],[-96.25638,41.109288],[-96.25638,41.109288],[-96.25638,41.109288],[-96.25638,41.109288],[-96.25638,41.109288],[-96.25638,41.109288],[-96.25638,41.109288],[-96.25638,41.109288],[-96.25638,41.109288],[-96.25638,41.109288],[-96.25638,41.109288],[-96.25638,41.109288],[-96.25638,41.109288],[-96.25638,41.109288],[-96.25638,41.109288],[-96.25638,41.109288],[-96.25638,41.109288],[-96.25638,41.109288],[-96.25638,41.109288],[-96.25638,41.109288],[-96.25638,41.109288],[-96.25638,41.109288],[-96.25638,41.109288],[-96.25638,41.109288],[-96.25638,41.109288],[-96.25638,41.109288],[-96.25638,41.109288],[-96.25638,41.109288],[-96.25638,41.109288],[-96.25638,41.109288],[-96.25638,41.109288]],[[-96.25638,41.109288],[-96.25638,41.109288],[-96.25638,41.109288],[-96.25638,41.109288],[-96.25638,41.109288],[-96.25638,41.109288],[-96.25638,41.109288],[-96.25638,41.109288],[-96.25638,41.109288],[-96.25638,41.109288],[-96.25638,41.109288],[-96.25638,41.109288],[-96.25638,41.109288],[-96.25638,41.109288],[-96.25638,41.109288],[-96.25638,41.109288],[-96.25638,41.109288],[-96.25638,41.109288],[-96.25638,41.109288],[-96.25638,41.109288],[-96.25638,41.109288],[-96.25638,41.109288],[-96.25638,41.109288],[-96.25638,41.109288],[-96.25638,41.109288],[-96.25638,41.109288],[-96.25638,41.109288],[-96.25638,41.109288],[-96.25638,41.109288],[-96.25638,41.109288],[-96.25638,41.109288],[-96.25638,41.109288]],[[-96.256375,41.109288],[-96.256375,41.109288],[-96.256375,41.109288],[-96.256375,41.109288],[-96.256375,41.109288],[-96.256375,41.109288],[-96.256375,41.109288],[-96.256375,41.109288],[-96.256375,41.109288],[-96.256375,41.109288],[-96.256375,41.109288],[-96.256375,41.109288],[-96.256375,41.109288],[-96.256375,41.109288],[-96.256375,41.109288],[-96.256375,41.109288],[-96.256375,41.109288],[-96.256375,41.109288],[-96.256375,41.109288],[-96.256375,41.109288],[-96.256375,41.109288],[-96.256375,41.109288],[-96.256375,41.109288],[-96.256375,41.109288],[-96.256375,41.109289],[-96.256375,41.109289],[-96.256375,41.109289],[-96.256375,41.109289],[-96.256375,41.109289],[-96.256375,41.109289],[-96.256375,41.109289],[-96.256375,41.109289],[-96.256375,41.109289],[-96.256375,41.109289],[-96.256375,41.109289],[-96.256375,41.109289],[-96.256375,41.109289],[-96.256375,41.109289],[-96.256375,41.109289],[-96.256375,41.109289]],[[-96.25638,41.109289],[-96.25638,41.109289],[-96.25638,41.109289],[-96.25638,41.109289],[-96.25638,41.109289],[-96.25638,41.109289],[-96.25638,41.109289],[-96.25638,41.109289],[-96.25638,41.109289],[-96.25638,41.109289],[-96.25638,41.109289],[-96.25638,41.109289],[-96.25638,41.109289],[-96.25638,41.109289],[-96.25638,41.109289],[-96.25638,41.109289],[-96.25638,41.109288],[-96.25638,41.109288],[-96.25638,41.109288],[-96.25638,41.109288],[-96.25638,41.109288],[-96.25638,41.109288],[-96.25638,41.109288],[-96.25638,41.109288],[-96.25638,41.109288],[-96.25638,41.109288],[-96.25638,41.109288],[-96.25638,41.109288],[-96.25638,41.109288],[-96.25638,41.109288],[-96.25638,41.109288],[-96.25638,41.109288],[-96.25638,41.109288],[-96.25638,41.109288],[-96.25638,41.109288],[-96.25638,41.109288],[-96.25638,41.109288],[-96.25638,41.109288],[-96.25638,41.109288],[-96.25638,41.109288]],[[-96.256375,41.109289],[-96.256375,41.109289],[-96.256375,41.109289],[-96.256375,41.109289],[-96.256375,41.109289],[-96.256375,41.109289],[-96.256375,41.109289],[-96.256375,41.109289],[-96.256375,41.109289],[-96.256375,41.109289],[-96.256375,41.109289],[-96.256375,41.109289],[-96.256375,41.109289],[-96.256375,41.109289],[-96.256375,41.109289],[-96.256375,41.109289],[-96.256375,41.109289],[-96.256375,41.109289],[-96.256375,41.109289],[-96.256375,41.109289],[-96.256375,41.109289],[-96.256375,41.109289],[-96.256375,41.109289],[-96.256375,41.109289],[-96.256375,41.109289],[-96.256375,41.109289],[-96.256375,41.109289],[-96.256375,41.109289],[-96.256375,41.109289],[-96.256375,41.109289],[-96.256375,41.109289],[-96.256375,41.109289],[-96.256375,41.109289],[-96.256375,41.109289],[-96.256375,41.109289],[-96.256375,41.109289],[-96.256375,41.109289],[-96.256375,41.109289],[-96.256375,41.109289],[-96.256375,41.109289]],[[-96.25638,41.109289],[-96.25638,41.109289],[-96.25638,41.109289],[-96.25638,41.109289],[-96.25638,41.109289],[-96.25638,41.109289],[-96.25638,41.109289],[-96.25638,41.109289],[-96.25638,41.109289],[-96.25638,41.109289],[-96.25638,41.109289],[-96.25638,41.109289],[-96.25638,41.109289],[-96.25638,41.109289],[-96.25638,41.109289],[-96.25638,41.109289],[-96.25638,41.109289],[-96.25638,41.109289],[-96.25638,41.109289],[-96.25638,41.109289],[-96.25638,41.109289],[-96.25638,41.109289],[-96.25638,41.109289],[-96.25638,41.109289],[-96.25638,41.109289],[-96.25638,41.109289],[-96.25638,41.109289],[-96.25638,41.109289],[-96.25638,41.109289],[-96.25638,41.109289],[-96.25638,41.109289],[-96.25638,41.109289],[-96.25638,41.109289],[-96.25638,41.109289],[-96.25638,41.109289],[-96.25638,41.109289],[-96.25638,41.109289],[-96.25638,41.109289],[-96.25638,41.109289],[-96.25638,41.109289]],[[-96.256375,41.109289],[-96.256375,41.109289],[-96.256375,41.109289],[-96.256375,41.109289],[-96.256375,41.109289],[-96.256375,41.109289],[-96.256375,41.109289],[-96.256375,41.109289],[-96.256375,41.109289],[-96.256375,41.109289],[-96.256375,41.109289],[-96.256375,41.109289],[-96.256375,41.10929],[-96.256375,41.10929],[-96.256375,41.10929],[-96.256375,41.10929],[-96.256375,41.10929],[-96.256375,41.10929],[-96.256375,41.10929],[-96.256375,41.10929],[-96.256375,41.10929],[-96.256375,41.10929],[-96.256375,41.10929],[-96.256375,41.10929],[-96.256375,41.10929],[-96.256375,41.10929],[-96.256375,41.10929],[-96.256375,41.10929],[-96.256375,41.10929],[-96.256375,41.10929],[-96.256375,41.10929],[-96.256375,41.10929],[-96.256375,41.10929],[-96.256375,41.10929],[-96.256375,41.10929],[-96.256375,41.10929],[-96.256375,41.10929],[-96.256375,41.10929],[-96.256375,41.10929],[-96.256375,41.10929]],[[-96.256379,41.10929],[-96.256379,41.10929],[-96.256379,41.10929],[-96.256379,41.10929],[-96.256379,41.10929],[-96.256379,41.10929],[-96.256379,41.10929],[-96.256379,41.10929],[-96.256379,41.10929],[-96.256379,41.10929],[-96.256379,41.10929],[-96.256379,41.10929],[-96.256379,41.10929],[-96.256379,41.10929],[-96.256379,41.10929],[-96.256379,41.10929],[-96.256379,41.10929],[-96.256379,41.10929],[-96.256379,41.10929],[-96.256379,41.10929],[-96.256379,41.10929],[-96.25638,41.10929],[-96.25638,41.10929],[-96.25638,41.10929],[-96.25638,41.10929],[-96.25638,41.10929],[-96.25638,41.10929],[-96.25638,41.109289],[-96.25638,41.109289],[-96.25638,41.109289],[-96.25638,41.109289],[-96.25638,41.109289],[-96.25638,41.109289],[-96.25638,41.109289],[-96.25638,41.109289],[-96.25638,41.109289],[-96.25638,41.109289],[-96.25638,41.109289],[-96.25638,41.109289],[-96.25638,41.109289]],[[-96.256379,41.10929],[-96.256379,41.10929],[-96.256379,41.10929],[-96.256379,41.10929],[-96.256379,41.10929],[-96.256379,41.10929],[-96.256379,41.10929],[-96.256379,41.10929],[-96.256379,41.10929],[-96.256379,41.10929],[-96.256379,41.10929],[-96.256379,41.10929],[-96.256379,41.10929],[-96.256379,41.10929],[-96.256379,41.10929],[-96.256379,41.10929],[-96.256379,41.10929],[-96.256379,41.10929],[-96.256379,41.10929],[-96.256379,41.10929],[-96.256379,41.10929],[-96.256379,41.10929],[-96.256379,41.10929],[-96.256379,41.10929],[-96.256379,41.10929],[-96.256379,41.10929],[-96.256379,41.10929],[-96.256379,41.10929],[-96.256379,41.10929],[-96.256379,41.10929],[-96.256379,41.10929],[-96.256379,41.10929],[-96.256379,41.10929],[-96.256379,41.10929],[-96.256379,41.10929],[-96.256379,41.10929],[-96.256379,41.10929],[-96.256379,41.10929],[-96.256379,41.10929],[-96.256379,41.10929],[-96.256379,41.10929],[-96.256379,41.10929],[-96.256379,41.10929],[-96.256379,41.10929],[-96.256379,41.10929],[-96.256379,41.10929],[-96.256379,41.10929],[-96.256379,41.10929],[-96.256379,41.10929],[-96.256379,41.10929],[-96.256379,41.10929],[-96.256379,41.10929],[-96.256379,41.10929],[-96.256379,41.10929],[-96.256379,41.10929],[-96.256379,41.10929],[-96.256379,41.10929],[-96.256379,41.10929],[-96.256379,41.10929],[-96.256379,41.10929],[-96.256379,41.10929],[-96.256379,41.10929],[-96.256379,41.10929],[-96.256379,41.10929]],[[-96.256379,41.10929],[-96.256379,41.10929],[-96.256379,41.10929],[-96.256379,41.10929],[-96.256379,41.10929],[-96.256379,41.10929],[-96.256379,41.10929],[-96.256379,41.10929],[-96.256379,41.10929],[-96.256379,41.10929],[-96.256379,41.10929],[-96.256379,41.10929],[-96.256379,41.10929],[-96.256379,41.10929],[-96.256379,41.10929],[-96.256379,41.10929],[-96.256379,41.10929],[-96.256379,41.10929],[-96.256379,41.10929],[-96.256379,41.10929],[-96.256379,41.10929],[-96.256379,41.10929],[-96.256379,41.10929],[-96.256379,41.10929],[-96.256379,41.10929],[-96.256379,41.10929],[-96.256379,41.10929],[-96.256379,41.10929],[-96.256379,41.10929],[-96.256379,41.10929],[-96.256379,41.10929],[-96.256379,41.10929]],[[-96.256375,41.10929],[-96.256375,41.10929],[-96.256375,41.10929],[-96.256375,41.10929],[-96.256375,41.10929],[-96.256375,41.10929],[-96.256375,41.10929],[-96.256375,41.10929],[-96.256375,41.10929],[-96.256375,41.10929],[-96.256375,41.10929],[-96.256375,41.10929],[-96.256375,41.10929],[-96.256375,41.10929],[-96.256375,41.10929],[-96.256375,41.10929],[-96.256375,41.10929],[-96.256375,41.10929],[-96.256375,41.10929],[-96.256375,41.10929],[-96.256375,41.10929],[-96.256375,41.10929],[-96.256375,41.10929],[-96.256375,41.10929],[-96.256375,41.10929],[-96.256375,41.10929],[-96.256375,41.10929],[-96.256375,41.10929],[-96.256375,41.10929],[-96.256375,41.10929],[-96.256375,41.10929],[-96.256375,41.10929]],[[-96.256375,41.10929],[-96.256375,41.10929],[-96.256375,41.10929],[-96.256375,41.10929],[-96.256375,41.10929],[-96.256375,41.10929],[-96.256375,41.10929],[-96.256375,41.10929],[-96.256375,41.10929],[-96.256375,41.10929],[-96.256375,41.10929],[-96.256375,41.10929],[-96.256375,41.10929],[-96.256375,41.10929],[-96.256375,41.10929],[-96.256375,41.10929],[-96.256375,41.10929],[-96.256375,41.10929],[-96.256375,41.10929],[-96.256375,41.10929],[-96.256375,41.10929],[-96.256375,41.10929],[-96.256375,41.10929],[-96.256375,41.10929],[-96.256375,41.10929],[-96.256375,41.10929],[-96.256375,41.10929],[-96.256375,41.10929],[-96.256375,41.10929],[-96.256375,41.10929],[-96.256375,41.10929],[-96.256375,41.10929],[-96.256375,41.10929],[-96.256375,41.10929],[-96.256375,41.10929],[-96.256375,41.10929],[-96.256375,41.10929],[-96.256375,41.10929],[-96.256375,41.10929],[-96.256375,41.10929],[-96.256375,41.10929],[-96.256375,41.10929],[-96.256375,41.10929],[-96.256375,41.10929],[-96.256375,41.10929],[-96.256375,41.10929],[-96.256375,41.10929],[-96.256375,41.10929],[-96.256375,41.10929],[-96.256375,41.10929],[-96.256375,41.10929],[-96.256375,41.10929],[-96.256375,41.10929],[-96.256375,41.10929],[-96.256375,41.10929],[-96.256375,41.10929],[-96.256375,41.10929],[-96.256375,41.10929],[-96.256375,41.10929],[-96.256375,41.10929],[-96.256375,41.10929],[-96.256375,41.10929],[-96.256375,41.10929],[-96.256375,41.10929]],[[-96.256379,41.10929],[-96.256379,41.10929],[-96.256379,41.10929],[-96.256379,41.10929],[-96.256379,41.10929],[-96.256379,41.10929],[-96.256379,41.10929],[-96.256379,41.10929],[-96.256379,41.10929],[-96.256379,41.10929],[-96.256379,41.10929],[-96.256379,41.10929],[-96.256379,41.10929],[-96.256379,41.10929],[-96.256379,41.10929],[-96.256379,41.10929],[-96.256379,41.10929],[-96.256379,41.10929],[-96.256379,41.10929],[-96.256379,41.10929],[-96.256379,41.10929],[-96.256379,41.10929],[-96.256379,41.10929],[-96.256379,41.10929],[-96.256379,41.10929],[-96.256379,41.10929],[-96.256379,41.10929],[-96.256379,41.10929],[-96.256379,41.10929],[-96.256379,41.10929],[-96.256379,41.10929],[-96.256379,41.10929],[-96.256379,41.10929],[-96.256379,41.10929],[-96.256379,41.10929],[-96.256379,41.10929],[-96.256379,41.10929],[-96.256379,41.10929],[-96.256379,41.10929],[-96.256379,41.10929],[-96.256379,41.10929],[-96.256379,41.10929],[-96.256379,41.10929],[-96.256379,41.10929],[-96.256379,41.10929],[-96.256379,41.10929],[-96.256379,41.10929],[-96.256379,41.10929],[-96.256379,41.10929],[-96.256379,41.10929],[-96.256379,41.10929],[-96.256379,41.10929],[-96.256379,41.10929],[-96.256379,41.10929],[-96.256379,41.10929],[-96.256379,41.10929]],[[-96.256375,41.10929],[-96.256375,41.10929],[-96.256375,41.10929],[-96.256375,41.10929],[-96.256375,41.10929],[-96.256375,41.10929],[-96.256375,41.10929],[-96.256375,41.10929],[-96.256375,41.10929],[-96.256375,41.10929],[-96.256375,41.10929],[-96.256375,41.10929],[-96.256375,41.10929],[-96.256375,41.10929],[-96.256375,41.10929],[-96.256375,41.10929],[-96.256375,41.10929],[-96.256375,41.10929],[-96.256375,41.10929],[-96.256375,41.10929],[-96.256375,41.10929],[-96.256375,41.10929],[-96.256375,41.10929],[-96.256375,41.10929],[-96.256375,41.10929],[-96.256375,41.10929],[-96.256375,41.10929],[-96.256375,41.10929],[-96.256375,41.10929],[-96.256375,41.10929],[-96.256375,41.10929],[-96.256375,41.10929],[-96.256375,41.10929],[-96.256375,41.10929],[-96.256375,41.10929],[-96.256375,41.10929],[-96.256375,41.10929],[-96.256375,41.10929],[-96.256375,41.10929],[-96.256375,41.10929],[-96.256375,41.10929],[-96.256375,41.10929],[-96.256375,41.10929],[-96.256375,41.10929],[-96.256375,41.10929],[-96.256375,41.10929],[-96.256375,41.10929],[-96.256375,41.10929],[-96.256375,41.10929],[-96.256375,41.10929],[-96.256375,41.10929],[-96.256375,41.10929],[-96.256375,41.10929],[-96.256375,41.10929],[-96.256375,41.10929],[-96.256375,41.10929]],[[-96.256379,41.10929],[-96.256379,41.10929],[-96.256379,41.10929],[-96.256379,41.10929],[-96.256379,41.10929],[-96.256379,41.10929],[-96.256379,41.10929],[-96.256379,41.10929],[-96.256379,41.10929],[-96.256379,41.10929],[-96.256379,41.10929],[-96.256379,41.10929],[-96.256379,41.10929],[-96.256379,41.10929],[-96.256379,41.10929],[-96.256379,41.10929],[-96.256379,41.10929],[-96.256379,41.10929],[-96.256379,41.10929],[-96.256379,41.10929],[-96.256379,41.10929],[-96.256379,41.10929],[-96.256379,41.10929],[-96.256379,41.10929],[-96.256379,41.10929],[-96.256379,41.10929],[-96.256379,41.10929],[-96.256379,41.10929],[-96.256379,41.10929],[-96.256379,41.10929],[-96.256379,41.10929],[-96.256379,41.10929],[-96.256379,41.10929],[-96.256379,41.10929],[-96.256379,41.10929],[-96.256379,41.10929],[-96.256379,41.10929],[-96.256379,41.10929],[-96.256379,41.10929],[-96.256379,41.10929],[-96.256379,41.10929],[-96.256379,41.10929],[-96.256379,41.10929],[-96.256379,41.10929],[-96.256379,41.10929],[-96.256379,41.10929],[-96.256379,41.10929],[-96.256379,41.10929],[-96.256379,41.10929],[-96.256379,41.10929],[-96.256379,41.10929],[-96.256379,41.10929],[-96.256379,41.10929],[-96.256379,41.10929],[-96.256379,41.10929],[-96.256379,41.10929],[-96.256379,41.10929],[-96.256379,41.10929],[-96.256379,41.10929],[-96.256379,41.10929],[-96.256379,41.10929],[-96.256379,41.10929],[-96.256379,41.10929],[-96.256379,41.10929],[-96.256379,41.10929],[-96.256379,41.10929],[-96.256379,41.10929],[-96.256379,41.10929],[-96.256379,41.10929],[-96.256379,41.10929],[-96.256379,41.10929],[-96.256379,41.10929],[-96.256379,41.10929],[-96.256379,41.10929],[-96.256379,41.10929],[-96.256379,41.10929],[-96.256379,41.10929],[-96.256379,41.10929],[-96.256379,41.10929],[-96.256379,41.10929],[-96.256379,41.10929],[-96.256379,41.10929],[-96.256379,41.10929],[-96.256379,41.10929],[-96.256379,41.10929],[-96.256379,41.10929],[-96.256379,41.10929],[-96.256379,41.10929]],[[-96.256375,41.10929],[-96.256375,41.10929],[-96.256375,41.10929],[-96.256375,41.10929],[-96.256375,41.10929],[-96.256375,41.10929],[-96.256375,41.10929],[-96.256375,41.10929],[-96.256375,41.10929],[-96.256375,41.10929],[-96.256375,41.10929],[-96.256375,41.10929],[-96.256375,41.10929],[-96.256375,41.10929],[-96.256375,41.10929],[-96.256375,41.10929],[-96.256375,41.10929],[-96.256375,41.10929],[-96.256375,41.10929],[-96.256375,41.10929],[-96.256375,41.10929],[-96.256375,41.10929],[-96.256375,41.10929],[-96.256375,41.10929],[-96.256375,41.10929],[-96.256375,41.10929],[-96.256375,41.10929],[-96.256375,41.10929],[-96.256375,41.10929],[-96.256375,41.10929],[-96.256375,41.10929],[-96.256375,41.10929],[-96.256375,41.10929],[-96.256375,41.10929],[-96.256375,41.10929],[-96.256375,41.10929],[-96.256375,41.10929],[-96.256375,41.10929],[-96.256375,41.10929],[-96.256375,41.10929],[-96.256375,41.10929],[-96.256375,41.10929],[-96.256375,41.10929],[-96.256375,41.10929],[-96.256375,41.10929],[-96.256375,41.10929],[-96.256375,41.10929],[-96.256375,41.10929],[-96.256375,41.10929],[-96.256375,41.10929],[-96.256375,41.10929],[-96.256375,41.10929],[-96.256375,41.10929],[-96.256375,41.10929],[-96.256375,41.10929],[-96.256375,41.10929],[-96.256375,41.10929],[-96.256375,41.10929],[-96.256375,41.10929],[-96.256375,41.10929],[-96.256375,41.10929],[-96.256375,41.10929],[-96.256375,41.10929],[-96.256375,41.10929],[-96.256375,41.10929],[-96.256375,41.10929],[-96.256375,41.10929],[-96.256375,41.10929],[-96.256375,41.10929],[-96.256375,41.10929],[-96.256375,41.10929],[-96.256375,41.10929],[-96.256375,41.10929],[-96.256375,41.10929],[-96.256375,41.10929],[-96.256375,41.10929],[-96.256375,41.10929],[-96.256375,41.10929],[-96.256375,41.10929],[-96.256375,41.10929],[-96.256375,41.10929],[-96.256375,41.10929],[-96.256375,41.10929],[-96.256375,41.10929],[-96.256375,41.10929],[-96.256375,41.10929],[-96.256375,41.10929],[-96.256375,41.10929]],[[-96.25638,41.109289],[-96.25638,41.109289]],[[-96.256375,41.109289],[-96.256375,41.109289]],[[-96.256375,41.109289],[-96.256375,41.109289],[-96.256375,41.109289],[-96.256375,41.109289],[-96.256375,41.109289]],[[-96.256375,41.10929],[-96.256375,41.10929],[-96.256375,41.10929],[-96.256375,41.10929],[-96.256375,41.10929],[-96.256375,41.10929],[-96.256375,41.10929],[-96.256375,41.10929],[-96.256375,41.10929],[-96.256375,41.10929],[-96.256375,41.10929],[-96.256375,41.10929],[-96.256375,41.10929],[-96.256375,41.10929],[-96.256375,41.10929],[-96.256375,41.10929],[-96.256375,41.10929],[-96.256375,41.10929],[-96.256375,41.10929],[-96.256375,41.10929],[-96.256375,41.10929],[-96.256375,41.10929],[-96.256375,41.10929],[-96.256375,41.10929],[-96.256375,41.10929],[-96.256375,41.10929],[-96.256375,41.10929],[-96.256375,41.10929],[-96.256375,41.10929],[-96.256375,41.10929],[-96.256375,41.10929],[-96.256375,41.10929],[-96.256375,41.10929],[-96.256375,41.10929],[-96.256375,41.10929],[-96.256375,41.10929],[-96.256375,41.10929],[-96.256375,41.10929],[-96.256375,41.10929],[-96.256375,41.10929]],[[-96.25638,41.109289],[-96.25638,41.109289],[-96.25638,41.109289],[-96.25638,41.109289],[-96.25638,41.109289],[-96.25638,41.109289],[-96.25638,41.109289],[-96.25638,41.109289],[-96.25638,41.109289],[-96.25638,41.109289],[-96.25638,41.109289],[-96.25638,41.109289],[-96.25638,41.109289],[-96.25638,41.109289],[-96.25638,41.109289],[-96.25638,41.109289],[-96.25638,41.109289],[-96.25638,41.109289],[-96.25638,41.109289],[-96.25638,41.109289],[-96.25638,41.109289],[-96.25638,41.109289],[-96.25638,41.109289],[-96.25638,41.109289],[-96.25638,41.109289],[-96.25638,41.109289],[-96.25638,41.109289],[-96.25638,41.109289],[-96.25638,41.109289],[-96.25638,41.109289],[-96.25638,41.109289],[-96.25638,41.109289],[-96.25638,41.109289],[-96.25638,41.109289],[-96.25638,41.109289],[-96.25638,41.109289],[-96.25638,41.109289],[-96.25638,41.109289],[-96.25638,41.109289],[-96.25638,41.109289],[-96.25638,41.109289],[-96.25638,41.109289],[-96.25638,41.109289],[-96.25638,41.109289],[-96.25638,41.109289],[-96.25638,41.109289],[-96.25638,41.109289],[-96.25638,41.109289]],[[-96.256375,41.10929],[-96.256375,41.10929],[-96.256375,41.10929],[-96.256375,41.10929],[-96.256375,41.10929],[-96.256375,41.10929],[-96.256375,41.10929],[-96.256375,41.10929],[-96.256375,41.10929],[-96.256375,41.10929],[-96.256375,41.109289],[-96.256375,41.109289],[-96.256375,41.109289],[-96.256375,41.109289],[-96.256375,41.109289],[-96.256375,41.109289],[-96.256375,41.109289],[-96.256375,41.109289],[-96.256375,41.109289],[-96.256375,41.109289],[-96.256375,41.109289],[-96.256375,41.109289],[-96.256375,41.109289],[-96.256375,41.109289],[-96.256375,41.109289],[-96.256375,41.109289],[-96.256375,41.109289],[-96.256375,41.109289],[-96.256375,41.109289],[-96.256375,41.109289],[-96.256375,41.109289],[-96.256375,41.109289]],[[-96.256375,41.109289],[-96.256375,41.109289],[-96.256375,41.109289],[-96.256375,41.109289],[-96.256375,41.109289],[-96.256375,41.109289],[-96.256375,41.109289],[-96.256375,41.109289],[-96.256375,41.109289],[-96.256375,41.109289],[-96.256375,41.109289],[-96.256375,41.109289],[-96.256375,41.109289],[-96.256375,41.109289],[-96.256375,41.109289],[-96.256375,41.109289],[-96.256375,41.109289],[-96.256375,41.109289],[-96.256375,41.109289],[-96.256375,41.109289],[-96.256375,41.109289],[-96.256375,41.109289],[-96.256375,41.109289],[-96.256375,41.109289],[-96.256375,41.109289],[-96.256375,41.109289],[-96.256375,41.109289],[-96.256375,41.109289],[-96.256375,41.109289],[-96.256375,41.109289],[-96.256375,41.109289],[-96.256375,41.109289],[-96.256375,41.109289],[-96.256375,41.109289],[-96.256375,41.109289],[-96.256375,41.109289],[-96.256375,41.109289],[-96.256375,41.109289],[-96.256375,41.109289],[-96.256375,41.109289],[-96.256375,41.109289],[-96.256375,41.109289],[-96.256375,41.109289],[-96.256375,41.109289],[-96.256375,41.109289],[-96.256375,41.109289],[-96.256375,41.109289],[-96.256375,41.109289]],[[-96.25638,41.109289],[-96.25638,41.109289],[-96.25638,41.109289],[-96.25638,41.109289],[-96.25638,41.109289],[-96.25638,41.109289],[-96.25638,41.109289],[-96.25638,41.109289],[-96.25638,41.109289],[-96.25638,41.109289],[-96.25638,41.109289],[-96.25638,41.109289],[-96.25638,41.109289],[-96.25638,41.109289],[-96.25638,41.109289],[-96.25638,41.109289],[-96.25638,41.109289],[-96.25638,41.109289],[-96.25638,41.109289],[-96.25638,41.109289],[-96.25638,41.109289],[-96.25638,41.109289],[-96.25638,41.109289],[-96.25638,41.109289],[-96.25638,41.109289],[-96.25638,41.109289],[-96.25638,41.109289],[-96.25638,41.109289],[-96.25638,41.109289],[-96.25638,41.109289],[-96.25638,41.109289],[-96.25638,41.109289]],[[-96.25638,41.109289],[-96.25638,41.109289],[-96.25638,41.109289],[-96.25638,41.109289],[-96.25638,41.109289],[-96.25638,41.109289],[-96.25638,41.109289],[-96.25638,41.109289],[-96.25638,41.109289],[-96.25638,41.109289],[-96.25638,41.109289],[-96.25638,41.109289],[-96.25638,41.109289],[-96.25638,41.109289],[-96.25638,41.109289],[-96.25638,41.109289],[-96.25638,41.109289],[-96.25638,41.109289],[-96.25638,41.109288],[-96.25638,41.109288],[-96.25638,41.109288],[-96.25638,41.109288],[-96.25638,41.109288],[-96.25638,41.109288],[-96.25638,41.109288],[-96.25638,41.109288],[-96.25638,41.109288],[-96.25638,41.109288],[-96.25638,41.109288],[-96.25638,41.109288],[-96.25638,41.109288],[-96.25638,41.109288],[-96.25638,41.109288],[-96.25638,41.109288],[-96.25638,41.109288],[-96.25638,41.109288],[-96.25638,41.109288],[-96.25638,41.109288],[-96.25638,41.109288],[-96.25638,41.109288],[-96.25638,41.109288],[-96.25638,41.109288],[-96.25638,41.109288],[-96.25638,41.109288],[-96.25638,41.109288],[-96.25638,41.109288],[-96.25638,41.109288],[-96.25638,41.109288],[-96.25638,41.109288],[-96.25638,41.109288],[-96.25638,41.109288],[-96.25638,41.109288],[-96.25638,41.109288],[-96.25638,41.109288],[-96.25638,41.109288],[-96.25638,41.109288]],[[-96.256375,41.109289],[-96.256375,41.109289],[-96.256375,41.109289],[-96.256375,41.109289],[-96.256375,41.109289],[-96.256375,41.109289],[-96.256375,41.109289],[-96.256375,41.109289],[-96.256375,41.109289],[-96.256375,41.109289],[-96.256375,41.109289],[-96.256375,41.109289],[-96.256375,41.109289],[-96.256375,41.109289],[-96.256375,41.109289],[-96.256375,41.109289],[-96.256375,41.109289],[-96.256375,41.109289],[-96.256375,41.109289],[-96.256375,41.109289],[-96.256375,41.109289],[-96.256375,41.109289],[-96.256375,41.109289],[-96.256375,41.109289],[-96.256375,41.109289],[-96.256375,41.109289],[-96.256375,41.109289],[-96.256375,41.109289],[-96.256375,41.109289],[-96.256375,41.109289],[-96.256375,41.109289],[-96.256375,41.109289]],[[-96.256375,41.109289],[-96.256375,41.109289],[-96.256375,41.109289],[-96.256375,41.109289],[-96.256375,41.109289],[-96.256375,41.109289],[-96.256375,41.109289],[-96.256375,41.109289],[-96.256375,41.109289],[-96.256375,41.109289],[-96.256375,41.109289],[-96.256375,41.109289],[-96.256375,41.109289],[-96.256375,41.109289],[-96.256375,41.109289],[-96.256375,41.109289],[-96.256375,41.109289],[-96.256375,41.109289],[-96.256375,41.109289],[-96.256375,41.109289],[-96.256375,41.109289],[-96.256375,41.109289],[-96.256375,41.109289],[-96.256375,41.109289],[-96.256375,41.109289],[-96.256375,41.109288],[-96.256375,41.109288],[-96.256375,41.109288],[-96.256375,41.109288],[-96.256375,41.109288],[-96.256375,41.109288],[-96.256375,41.109288],[-96.256375,41.109288],[-96.256375,41.109288],[-96.256375,41.109288],[-96.256375,41.109288],[-96.256375,41.109288],[-96.256375,41.109288],[-96.256375,41.109288],[-96.256375,41.109288]],[[-96.25638,41.109288],[-96.25638,41.109288],[-96.25638,41.109288],[-96.25638,41.109288],[-96.25638,41.109288],[-96.25638,41.109288],[-96.25638,41.109288],[-96.25638,41.109288],[-96.25638,41.109288],[-96.25638,41.109288],[-96.25638,41.109288],[-96.25638,41.109288],[-96.25638,41.109288],[-96.25638,41.109288],[-96.25638,41.109288],[-96.25638,41.109288],[-96.25638,41.109288],[-96.25638,41.109288],[-96.25638,41.109288],[-96.25638,41.109288],[-96.25638,41.109288],[-96.25638,41.109288],[-96.25638,41.109288],[-96.25638,41.109288],[-96.25638,41.109288],[-96.25638,41.109288],[-96.25638,41.109288],[-96.25638,41.109288],[-96.25638,41.109288],[-96.25638,41.109288],[-96.25638,41.109288],[-96.25638,41.109288]],[[-96.25638,41.109288],[-96.25638,41.109288],[-96.25638,41.109288],[-96.25638,41.109288],[-96.25638,41.109288],[-96.25638,41.109288],[-96.25638,41.109288],[-96.25638,41.109288],[-96.25638,41.109288],[-96.25638,41.109288],[-96.25638,41.109288],[-96.25638,41.109288],[-96.25638,41.109288],[-96.25638,41.109288],[-96.25638,41.109288],[-96.25638,41.109288],[-96.25638,41.109289],[-96.25638,41.109289],[-96.25638,41.109289],[-96.25638,41.109289],[-96.25638,41.109289],[-96.25638,41.109289],[-96.25638,41.109289],[-96.25638,41.109289],[-96.25638,41.109289],[-96.25638,41.109289],[-96.25638,41.109289],[-96.25638,41.109289],[-96.25638,41.109289],[-96.25638,41.109289],[-96.25638,41.109289],[-96.25638,41.109289],[-96.25638,41.109289],[-96.25638,41.109289],[-96.25638,41.109289],[-96.25638,41.109289],[-96.25638,41.109289],[-96.25638,41.109289],[-96.25638,41.109289],[-96.25638,41.109289]],[[-96.25638,41.109289],[-96.25638,41.109289],[-96.25638,41.109289],[-96.25638,41.109289],[-96.25638,41.109289],[-96.25638,41.109289],[-96.25638,41.109289],[-96.25638,41.109289],[-96.25638,41.109289],[-96.25638,41.109289],[-96.25638,41.109289],[-96.25638,41.109289],[-96.25638,41.109289],[-96.25638,41.109289],[-96.25638,41.109289],[-96.25638,41.109289],[-96.25638,41.109289],[-96.25638,41.109289],[-96.25638,41.109289],[-96.25638,41.109289],[-96.25638,41.109289],[-96.25638,41.109289],[-96.25638,41.109289],[-96.25638,41.109289],[-96.25638,41.109289],[-96.25638,41.109289],[-96.25638,41.109289],[-96.25638,41.109289],[-96.25638,41.109289],[-96.25638,41.109289],[-96.25638,41.109289],[-96.25638,41.109289]],[[-96.25638,41.109288],[-96.25638,41.109288],[-96.25638,41.109288],[-96.25638,41.109288],[-96.25638,41.109288],[-96.25638,41.109288],[-96.25638,41.109288],[-96.25638,41.109288],[-96.25638,41.109288],[-96.25638,41.109288],[-96.25638,41.109288],[-96.25638,41.109288],[-96.25638,41.109288],[-96.25638,41.109288],[-96.25638,41.109288],[-96.25638,41.109288],[-96.25638,41.109288],[-96.25638,41.109288],[-96.25638,41.109288],[-96.25638,41.109288],[-96.25638,41.109288],[-96.25638,41.109288],[-96.25638,41.109288],[-96.25638,41.109288],[-96.25638,41.109288],[-96.25638,41.109288],[-96.25638,41.109288],[-96.25638,41.109288],[-96.25638,41.109288],[-96.25638,41.109288],[-96.25638,41.109288],[-96.25638,41.109288]],[[-96.256374,41.109288],[-96.256375,41.109288],[-96.256375,41.109288],[-96.256375,41.109288],[-96.256375,41.109288],[-96.256375,41.109288],[-96.256375,41.109288],[-96.256375,41.109288],[-96.256375,41.109288],[-96.256375,41.109288],[-96.256375,41.109288],[-96.256375,41.109288],[-96.256375,41.109288],[-96.256375,41.109288],[-96.256375,41.109288],[-96.256375,41.109288],[-96.256375,41.109288],[-96.256375,41.109288],[-96.256375,41.109288],[-96.256375,41.109288],[-96.256375,41.109288],[-96.256375,41.109288],[-96.256375,41.109288],[-96.256375,41.109288],[-96.256375,41.109288],[-96.256375,41.109289],[-96.256375,41.109289],[-96.256375,41.109289],[-96.256375,41.109289],[-96.256375,41.109289],[-96.256375,41.109289],[-96.256375,41.109289],[-96.256375,41.109289],[-96.256375,41.109289],[-96.256375,41.109289],[-96.256375,41.109289],[-96.256375,41.109289],[-96.256375,41.109289],[-96.256375,41.109289],[-96.256375,41.109289]],[[-96.256375,41.109289],[-96.256375,41.109289],[-96.256375,41.109289],[-96.256375,41.109289],[-96.256375,41.109289],[-96.256375,41.109289],[-96.256375,41.109289],[-96.256375,41.109289],[-96.256375,41.109289],[-96.256375,41.109289],[-96.256375,41.109289],[-96.256375,41.109289],[-96.256375,41.109289],[-96.256375,41.109289],[-96.256375,41.109289],[-96.256375,41.109289],[-96.256375,41.109289],[-96.256375,41.109289],[-96.256375,41.109289],[-96.256375,41.109289],[-96.256375,41.109289],[-96.256375,41.109289],[-96.256375,41.109289],[-96.256375,41.109289],[-96.256375,41.109289],[-96.256375,41.109289],[-96.256375,41.109289],[-96.256375,41.109289],[-96.256375,41.109289],[-96.256375,41.109289],[-96.256375,41.109289],[-96.256375,41.109289]],[[-96.25638,41.109288],[-96.25638,41.109288],[-96.25638,41.109288],[-96.25638,41.109288],[-96.25638,41.109288],[-96.25638,41.109288],[-96.25638,41.109288],[-96.25638,41.109288],[-96.25638,41.109288],[-96.25638,41.109288],[-96.25638,41.109288],[-96.25638,41.109288],[-96.25638,41.109288],[-96.25638,41.109288],[-96.25638,41.109288],[-96.25638,41.109288],[-96.25638,41.109288],[-96.25638,41.109288],[-96.25638,41.109288],[-96.25638,41.109288],[-96.25638,41.109288],[-96.25638,41.109288],[-96.25638,41.109288],[-96.25638,41.109288],[-96.25638,41.109288],[-96.25638,41.109288],[-96.25638,41.109288],[-96.25638,41.109288],[-96.25638,41.109288],[-96.25638,41.109288],[-96.25638,41.109288],[-96.25638,41.109288],[-96.25638,41.109288],[-96.25638,41.109288],[-96.25638,41.109288],[-96.25638,41.109288],[-96.25638,41.109288],[-96.25638,41.109288],[-96.25638,41.109288],[-96.25638,41.109288]],[[-96.256378,41.109288],[-96.256378,41.109288],[-96.256378,41.109288]],[[-96.25638,41.109288],[-96.25638,41.109288]],[[-96.25638,41.109289],[-96.25638,41.109289]],[[-96.25638,41.109289],[-96.25638,41.109289],[-96.25638,41.109289],[-96.25638,41.109289],[-96.25638,41.109289],[-96.25638,41.109289],[-96.25638,41.109289],[-96.25638,41.109289],[-96.25638,41.109289],[-96.25638,41.109289],[-96.25638,41.109289],[-96.25638,41.109289],[-96.25638,41.109289],[-96.25638,41.109289],[-96.25638,41.109289],[-96.25638,41.109289],[-96.25638,41.109289],[-96.25638,41.109289],[-96.25638,41.109289],[-96.25638,41.109289],[-96.25638,41.109289],[-96.25638,41.109289],[-96.25638,41.109289],[-96.25638,41.109289],[-96.25638,41.109289],[-96.25638,41.109289],[-96.25638,41.109289],[-96.25638,41.109289],[-96.25638,41.109289],[-96.25638,41.109289],[-96.25638,41.109289],[-96.25638,41.109289],[-96.25638,41.109289],[-96.25638,41.109289],[-96.25638,41.109289],[-96.25638,41.109289],[-96.25638,41.109289],[-96.25638,41.109289],[-96.25638,41.109289],[-96.25638,41.109289],[-96.25638,41.109289],[-96.25638,41.109289],[-96.25638,41.109289],[-96.25638,41.109289],[-96.25638,41.109289],[-96.25638,41.109289],[-96.25638,41.109289],[-96.25638,41.109289],[-96.25638,41.109289],[-96.25638,41.109289],[-96.25638,41.109289],[-96.25638,41.109289],[-96.25638,41.109289],[-96.25638,41.109289],[-96.25638,41.109289],[-96.25638,41.109289],[-96.25638,41.109289],[-96.25638,41.109289],[-96.25638,41.109289],[-96.25638,41.109289],[-96.25638,41.109289],[-96.25638,41.109289],[-96.25638,41.109289],[-96.25638,41.109289]],[[-96.25638,41.109289],[-96.25638,41.109289],[-96.25638,41.109289],[-96.25638,41.109289],[-96.25638,41.109289],[-96.25638,41.109289],[-96.25638,41.109289],[-96.25638,41.109289],[-96.25638,41.109289],[-96.25638,41.109289],[-96.25638,41.109289],[-96.25638,41.109289],[-96.25638,41.109289],[-96.25638,41.109289],[-96.25638,41.109289],[-96.25638,41.109289],[-96.25638,41.109289],[-96.25638,41.109289],[-96.25638,41.109289],[-96.25638,41.109289],[-96.25638,41.109289],[-96.25638,41.109289],[-96.25638,41.109289],[-96.25638,41.109289],[-96.25638,41.109289],[-96.25638,41.109289],[-96.25638,41.109289],[-96.25638,41.109289],[-96.25638,41.109289],[-96.25638,41.109289],[-96.25638,41.109289],[-96.25638,41.109289],[-96.25638,41.109289],[-96.25638,41.109289],[-96.25638,41.109289],[-96.25638,41.109289],[-96.25638,41.109289],[-96.25638,41.109289],[-96.25638,41.109289],[-96.25638,41.109289],[-96.25638,41.109289],[-96.25638,41.109289],[-96.25638,41.109289],[-96.25638,41.109289],[-96.25638,41.109289],[-96.25638,41.109289],[-96.25638,41.109289],[-96.25638,41.109289],[-96.25638,41.109289],[-96.25638,41.109289],[-96.25638,41.109289],[-96.25638,41.109289],[-96.25638,41.109289],[-96.25638,41.109289],[-96.25638,41.109289],[-96.25638,41.109289],[-96.25638,41.109289],[-96.25638,41.109289],[-96.25638,41.109289],[-96.25638,41.109289],[-96.25638,41.109289],[-96.25638,41.109289],[-96.25638,41.109289],[-96.25638,41.109289]],[[-96.256381,41.109289],[-96.256381,41.109289],[-96.256381,41.109289]],[[-96.25638,41.109289],[-96.25638,41.109289],[-96.25638,41.109289],[-96.25638,41.109289]],[[-96.25638,41.109289],[-96.25638,41.109289],[-96.25638,41.109289],[-96.25638,41.109289],[-96.25638,41.109289],[-96.25638,41.109289],[-96.25638,41.109289],[-96.25638,41.109289],[-96.25638,41.109289],[-96.25638,41.109289],[-96.25638,41.109289],[-96.25638,41.109289],[-96.25638,41.109289],[-96.25638,41.109289],[-96.25638,41.109289],[-96.25638,41.109289],[-96.25638,41.109289],[-96.25638,41.109289],[-96.25638,41.109289],[-96.25638,41.109289],[-96.25638,41.109289],[-96.25638,41.109289],[-96.25638,41.109289],[-96.25638,41.109289],[-96.25638,41.109289],[-96.25638,41.109289],[-96.25638,41.109289],[-96.25638,41.109289],[-96.25638,41.109289],[-96.25638,41.109289],[-96.25638,41.109289],[-96.25638,41.109289],[-96.25638,41.109289],[-96.25638,41.109289],[-96.25638,41.109289],[-96.25638,41.109289],[-96.25638,41.109289],[-96.25638,41.109289],[-96.25638,41.109289],[-96.25638,41.109289],[-96.25638,41.109289],[-96.25638,41.109289],[-96.25638,41.109289],[-96.25638,41.109289],[-96.25638,41.109289],[-96.25638,41.109289],[-96.25638,41.109289],[-96.25638,41.109289],[-96.25638,41.109289],[-96.25638,41.109289],[-96.25638,41.109289],[-96.25638,41.109289],[-96.25638,41.109289],[-96.25638,41.109289],[-96.25638,41.109289],[-96.25638,41.109289],[-96.25638,41.109289],[-96.25638,41.109289],[-96.25638,41.109289],[-96.25638,41.109289],[-96.25638,41.109289],[-96.25638,41.109289],[-96.25638,41.109289],[-96.25638,41.109289],[-96.25638,41.109289],[-96.25638,41.109289],[-96.25638,41.109289],[-96.25638,41.109289],[-96.25638,41.109289],[-96.25638,41.109289],[-96.25638,41.109289],[-96.25638,41.109289]],[[-96.25638,41.109289],[-96.25638,41.109289]],[[-96.25638,41.109289],[-96.256381,41.109289],[-96.256381,41.109289],[-96.256381,41.109289]],[[-96.256381,41.109289],[-96.256381,41.109289],[-96.256381,41.109289],[-96.256381,41.109289]],[[-96.256376,41.109288],[-96.256376,41.109288],[-96.256376,41.109288]],[[-96.256375,41.109288],[-96.256375,41.109288]],[[-96.256375,41.109289],[-96.256375,41.109289]],[[-96.256375,41.109289],[-96.256375,41.109289],[-96.256375,41.109289],[-96.256375,41.109289],[-96.256375,41.109289],[-96.256375,41.109289],[-96.256375,41.109289],[-96.256375,41.109289],[-96.256375,41.109289],[-96.256375,41.109289],[-96.256375,41.109289],[-96.256375,41.109289],[-96.256375,41.109289],[-96.256375,41.109289],[-96.256375,41.109289],[-96.256375,41.109289],[-96.256375,41.109289],[-96.256375,41.109289],[-96.256375,41.109289],[-96.256375,41.109289],[-96.256375,41.109289],[-96.256375,41.109289],[-96.256375,41.109289],[-96.256375,41.109289],[-96.256375,41.109289],[-96.256375,41.109289],[-96.256375,41.109289],[-96.256375,41.109289],[-96.256375,41.109289],[-96.256375,41.109289],[-96.256375,41.109289],[-96.256375,41.109289],[-96.256375,41.109289],[-96.256375,41.109289],[-96.256375,41.109289],[-96.256375,41.109289],[-96.256375,41.109289],[-96.256375,41.109289],[-96.256375,41.109289],[-96.256375,41.109289],[-96.256375,41.109289],[-96.256375,41.109289],[-96.256375,41.109289],[-96.256375,41.109289],[-96.256375,41.109289],[-96.256375,41.109289],[-96.256375,41.109289],[-96.256375,41.109289],[-96.256375,41.109289],[-96.256375,41.109289],[-96.256375,41.109289],[-96.256375,41.109289],[-96.256375,41.109289],[-96.256375,41.109289],[-96.256375,41.109289],[-96.256375,41.109289],[-96.256375,41.109289],[-96.256375,41.109289],[-96.256375,41.109289],[-96.256375,41.109289],[-96.256375,41.109289],[-96.256375,41.109289],[-96.256375,41.109289],[-96.256375,41.109289]],[[-96.256375,41.109289],[-96.256375,41.109289],[-96.256375,41.109289],[-96.256375,41.109289],[-96.256375,41.109289],[-96.256375,41.109289],[-96.256375,41.109289],[-96.256375,41.109289],[-96.256375,41.109289],[-96.256375,41.109289],[-96.256375,41.109289],[-96.256375,41.109289],[-96.256375,41.109289],[-96.256375,41.109289],[-96.256375,41.109289],[-96.256375,41.109289],[-96.256375,41.109289],[-96.256375,41.109289],[-96.256375,41.109289],[-96.256375,41.109289],[-96.256375,41.109289],[-96.256375,41.109289],[-96.256375,41.109289],[-96.256375,41.109289],[-96.256375,41.109289],[-96.256375,41.109289],[-96.256375,41.109289],[-96.256375,41.109289],[-96.256375,41.109289],[-96.256375,41.109289],[-96.256375,41.109289],[-96.256375,41.109289],[-96.256375,41.109289],[-96.256375,41.109289],[-96.256375,41.109289],[-96.256375,41.109289],[-96.256375,41.109289],[-96.256375,41.109289],[-96.256375,41.109289],[-96.256375,41.109289],[-96.256375,41.109289],[-96.256375,41.109289],[-96.256375,41.109289],[-96.256375,41.109289],[-96.256375,41.109289],[-96.256375,41.109289],[-96.256375,41.109289],[-96.256375,41.109289],[-96.256375,41.109289],[-96.256375,41.109289],[-96.256375,41.109289],[-96.256375,41.109289],[-96.256375,41.109289],[-96.256375,41.109289],[-96.256375,41.109289],[-96.256375,41.109289],[-96.256375,41.109289],[-96.256375,41.109289],[-96.256375,41.109289],[-96.256375,41.109289],[-96.256375,41.109289],[-96.256375,41.109289],[-96.256375,41.109289],[-96.256375,41.109289],[-96.256375,41.109289],[-96.256375,41.109289],[-96.256375,41.109289],[-96.256375,41.109289],[-96.256375,41.109289],[-96.256375,41.109289],[-96.256375,41.109289],[-96.256375,41.109289]],[[-96.256375,41.109289],[-96.256375,41.109289],[-96.256375,41.109289],[-96.256375,41.109289]],[[-96.256374,41.109289],[-96.256374,41.109289],[-96.256374,41.109289]],[[-96.256375,41.109289],[-96.256375,41.109289],[-96.256375,41.109289],[-96.256375,41.109289],[-96.256375,41.109289],[-96.256375,41.109289],[-96.256375,41.109289],[-96.256375,41.109289],[-96.256375,41.109289],[-96.256375,41.109289],[-96.256375,41.109289],[-96.256375,41.109289],[-96.256375,41.109289],[-96.256375,41.109289],[-96.256375,41.109289],[-96.256375,41.109289],[-96.256375,41.109289],[-96.256375,41.109289],[-96.256375,41.109289],[-96.256375,41.109289],[-96.256375,41.109289],[-96.256375,41.109289],[-96.256375,41.109289],[-96.256375,41.109289],[-96.256375,41.109289],[-96.256375,41.109289],[-96.256375,41.109289],[-96.256375,41.109289],[-96.256375,41.109289],[-96.256375,41.109289],[-96.256375,41.109289],[-96.256375,41.109289],[-96.256375,41.109289],[-96.256375,41.109289],[-96.256375,41.109289],[-96.256375,41.109289],[-96.256375,41.109289],[-96.256375,41.109289],[-96.256375,41.109289],[-96.256375,41.109289],[-96.256375,41.109289],[-96.256375,41.109289],[-96.256375,41.109289],[-96.256375,41.109289],[-96.256375,41.109289],[-96.256375,41.109289],[-96.256375,41.109289],[-96.256375,41.109289],[-96.256375,41.109289],[-96.256375,41.109289],[-96.256375,41.109289],[-96.256375,41.109289],[-96.256375,41.109289],[-96.256375,41.109289],[-96.256375,41.109289],[-96.256375,41.109289],[-96.256375,41.109289],[-96.256375,41.109289],[-96.256375,41.109289],[-96.256375,41.109289],[-96.256375,41.109289],[-96.256375,41.109289],[-96.256375,41.109289],[-96.256375,41.109289],[-96.256375,41.109289],[-96.256375,41.109289],[-96.256375,41.109289],[-96.256375,41.109289],[-96.256375,41.109289],[-96.256375,41.109289],[-96.256375,41.109289],[-96.256375,41.109289],[-96.256375,41.109289],[-96.256375,41.109289],[-96.256375,41.109289],[-96.256375,41.109289],[-96.256375,41.109289],[-96.256375,41.109289],[-96.256375,41.109289],[-96.256375,41.109289]],[[-96.256374,41.109289],[-96.256374,41.109289],[-96.256374,41.109289],[-96.256374,41.109289]],[[-96.256374,41.109289],[-96.256374,41.109289],[-96.256374,41.109289],[-96.256374,41.109289]],[[-96.256375,41.109289],[-96.256375,41.109289]],[[-96.25638,41.109288],[-96.25638,41.109288]],[[-96.256374,41.109289],[-96.256374,41.109289]],[[-96.256375,41.109288],[-96.256375,41.109289]],[[-96.256381,41.109288],[-96.256381,41.109286]],[[-96.256381,41.109288],[-96.256381,41.109288],[-96.256381,41.109288],[-96.256381,41.109288],[-96.256381,41.109288],[-96.256381,41.109288],[-96.256381,41.109288],[-96.256381,41.109288],[-96.256381,41.109288],[-96.256381,41.109288],[-96.256381,41.109288],[-96.256381,41.109288],[-96.256381,41.109288],[-96.256381,41.109288],[-96.256381,41.109288],[-96.256381,41.109288],[-96.256381,41.109288],[-96.256381,41.109288],[-96.256381,41.109288],[-96.256381,41.109288]],[[-96.25638,41.109288],[-96.25638,41.109288]],[[-96.256381,41.109288],[-96.256381,41.109288]],[[-96.25638,41.109288],[-96.25638,41.109288],[-96.25638,41.109288],[-96.25638,41.109288],[-96.25638,41.109288],[-96.25638,41.109288],[-96.25638,41.109288],[-96.25638,41.109288],[-96.25638,41.109288],[-96.25638,41.109288],[-96.25638,41.109288],[-96.25638,41.109288],[-96.25638,41.109288],[-96.25638,41.109288],[-96.25638,41.109288],[-96.25638,41.109288],[-96.25638,41.109288],[-96.25638,41.109288],[-96.25638,41.109288],[-96.25638,41.109288],[-96.25638,41.109288],[-96.25638,41.109288],[-96.25638,41.109288],[-96.25638,41.109288],[-96.25638,41.109288],[-96.25638,41.109288],[-96.25638,41.109288],[-96.25638,41.109288]],[[-96.25638,41.109286],[-96.25638,41.109288]],[[-96.256381,41.109289],[-96.256381,41.109289]],[[-96.25638,41.109289],[-96.25638,41.109289]],[[-96.256381,41.109289],[-96.256381,41.109289],[-96.256381,41.109289]],[[-96.25638,41.109289],[-96.25638,41.109289],[-96.25638,41.109289],[-96.25638,41.109289],[-96.25638,41.109289],[-96.25638,41.109289],[-96.25638,41.109289]],[[-96.25638,41.109289],[-96.25638,41.109289],[-96.25638,41.109289],[-96.25638,41.109289]],[[-96.256381,41.109289],[-96.256381,41.109289],[-96.256381,41.109289],[-96.256381,41.109289],[-96.256381,41.109289],[-96.256381,41.109289],[-96.256381,41.109289],[-96.256381,41.109289]],[[-96.25638,41.109289],[-96.25638,41.109289],[-96.25638,41.109289]],[[-96.256381,41.109289],[-96.256381,41.109289]],[[-96.256381,41.109289],[-96.256381,41.109289],[-96.256381,41.109289]],[[-96.256381,41.109289],[-96.256381,41.109289],[-96.256381,41.109289],[-96.256381,41.109289]],[[-96.25638,41.109289],[-96.25638,41.109289],[-96.25638,41.109289]],[[-96.256381,41.109289],[-96.256381,41.109289]],[[-96.25638,41.109289],[-96.25638,41.109288]],[[-96.256374,41.109286],[-96.256374,41.109288]],[[-96.256374,41.109288],[-96.256374,41.109288],[-96.256374,41.109288],[-96.256374,41.109288],[-96.256374,41.109288],[-96.256374,41.109288],[-96.256374,41.109288],[-96.256374,41.109288],[-96.256374,41.109288],[-96.256374,41.109288],[-96.256374,41.109288],[-96.256374,41.109288],[-96.256374,41.109288],[-96.256374,41.109288],[-96.256374,41.109288],[-96.256374,41.109288],[-96.256374,41.109288],[-96.256374,41.109288],[-96.256374,41.109288],[-96.256374,41.109288]],[[-96.256374,41.109288],[-96.256374,41.109288]],[[-96.256374,41.109288],[-96.256375,41.109288]],[[-96.256375,41.109288],[-96.256375,41.109288],[-96.256375,41.109288],[-96.256375,41.109288],[-96.256375,41.109288],[-96.256375,41.109288],[-96.256375,41.109288],[-96.256375,41.109288],[-96.256375,41.109288],[-96.256375,41.109288],[-96.256375,41.109288],[-96.256375,41.109288],[-96.256375,41.109288],[-96.256375,41.109288],[-96.256375,41.109288],[-96.256375,41.109288],[-96.256375,41.109288],[-96.256375,41.109288],[-96.256375,41.109288],[-96.256375,41.109288],[-96.256375,41.109288],[-96.256375,41.109288],[-96.256375,41.109288],[-96.256375,41.109288],[-96.256375,41.109288],[-96.256375,41.109288],[-96.256375,41.109288],[-96.256375,41.109288]],[[-96.256375,41.109288],[-96.256375,41.109286]],[[-96.256374,41.109289],[-96.256375,41.109289]],[[-96.256374,41.109289],[-96.256374,41.109289]],[[-96.256375,41.109289],[-96.256375,41.109289],[-96.256375,41.109289],[-96.256375,41.109289],[-96.256375,41.109289],[-96.256375,41.109289],[-96.256375,41.109289]],[[-96.256374,41.109289],[-96.256374,41.109289],[-96.256374,41.109289]],[[-96.256374,41.109289],[-96.256374,41.109289],[-96.256374,41.109289],[-96.256374,41.109289],[-96.256374,41.109289],[-96.256374,41.109289],[-96.256374,41.109289],[-96.256374,41.109289]],[[-96.256375,41.109289],[-96.256375,41.109289],[-96.256375,41.109289]],[[-96.256374,41.109289],[-96.256374,41.109289]],[[-96.256375,41.109289],[-96.256375,41.109289],[-96.256375,41.109289]],[[-96.256374,41.109289],[-96.256374,41.109289],[-96.256374,41.109289]],[[-96.256374,41.109289],[-96.256374,41.109289],[-96.256374,41.109289],[-96.256374,41.109289]],[[-96.256374,41.109289],[-96.256374,41.109289],[-96.256374,41.109289]],[[-96.256381,41.109286],[-96.256381,41.109286],[-96.256381,41.109286],[-96.256381,41.109286],[-96.256381,41.109286],[-96.256381,41.109286],[-96.256381,41.109286],[-96.256381,41.109286],[-96.256381,41.109286],[-96.256381,41.109286],[-96.256381,41.109286],[-96.256381,41.109286],[-96.256381,41.109286],[-96.256381,41.109286],[-96.256381,41.109286],[-96.256381,41.109286],[-96.256381,41.109286],[-96.256381,41.109286],[-96.256381,41.109286],[-96.256381,41.109286],[-96.256381,41.109286],[-96.256381,41.109286],[-96.256381,41.109286],[-96.256381,41.109286],[-96.256381,41.109286],[-96.256381,41.109286],[-96.256381,41.109286],[-96.256381,41.109286],[-96.256381,41.109286],[-96.256381,41.109286],[-96.256381,41.109286],[-96.256381,41.109286],[-96.256381,41.109286],[-96.256381,41.109286],[-96.256381,41.109286],[-96.256381,41.109286],[-96.256381,41.109286],[-96.256381,41.109286],[-96.256381,41.109286],[-96.256381,41.109286],[-96.256381,41.109286],[-96.256381,41.109286],[-96.256381,41.109286],[-96.256381,41.109286],[-96.256381,41.109286],[-96.256381,41.109286],[-96.256381,41.109286],[-96.256381,41.109286],[-96.256381,41.109286],[-96.256381,41.109286],[-96.256381,41.109286],[-96.256381,41.109286],[-96.256381,41.109286],[-96.256381,41.109286],[-96.256381,41.109286],[-96.256381,41.109286],[-96.256381,41.109286],[-96.256381,41.109286],[-96.256381,41.109286],[-96.256381,41.109286],[-96.256381,41.109286],[-96.256381,41.109286],[-96.256381,41.109286],[-96.256381,41.109286],[-96.256381,41.109286],[-96.256381,41.109286],[-96.256381,41.109286],[-96.256381,41.109286],[-96.256381,41.109286],[-96.256381,41.109286],[-96.256381,41.109286],[-96.256381,41.109286],[-96.256381,41.109286],[-96.256381,41.109286],[-96.256381,41.109286],[-96.256381,41.109286],[-96.256381,41.109286],[-96.256381,41.109286],[-96.256381,41.109286],[-96.256381,41.109286]],[[-96.256381,41.109286],[-96.256381,41.109286]],[[-96.256381,41.109286],[-96.256381,41.109286]],[[-96.256381,41.109286],[-96.256381,41.109286]],[[-96.256381,41.109286],[-96.256381,41.109286]]]}},{"type":"Feature","properties":{"type":"drawing","level":"LEVEL 1","Layer":"I-FURN","source":"LEVEL_1.dxf","SubClasses":"AcDbEntity:AcDbBlockReference","EntityHandle":"515","interactive":false},"geometry":{"type":"MultiLineString","coordinates":[[[-96.256347,41.109305],[-96.256347,41.109305],[-96.256347,41.109305],[-96.256347,41.109305],[-96.256347,41.109305],[-96.256347,41.109305],[-96.256347,41.109305],[-96.256347,41.109305],[-96.256347,41.109305],[-96.256347,41.109305],[-96.256347,41.109305],[-96.256347,41.109305],[-96.256347,41.109305],[-96.256347,41.109305],[-96.256347,41.109305],[-96.256347,41.109305],[-96.256347,41.109305],[-96.256347,41.109305],[-96.256347,41.109305],[-96.256347,41.109305]],[[-96.256347,41.109304],[-96.256347,41.109304],[-96.256347,41.109304],[-96.256347,41.109304],[-96.256347,41.109304],[-96.256347,41.109305]],[[-96.256347,41.109304],[-96.256347,41.109304],[-96.256347,41.109304],[-96.256347,41.109304],[-96.256347,41.109304],[-96.256347,41.109304],[-96.256347,41.109304],[-96.256347,41.109304],[-96.256347,41.109304],[-96.256347,41.109304],[-96.256347,41.109304],[-96.256347,41.109304],[-96.256347,41.109304],[-96.256347,41.109304],[-96.256347,41.109304],[-96.256347,41.109304],[-96.256347,41.109304],[-96.256347,41.109304]],[[-96.256347,41.109304],[-96.256347,41.109304],[-96.256347,41.109304],[-96.256347,41.109304],[-96.256347,41.109304],[-96.256347,41.109304],[-96.256347,41.109304],[-96.256347,41.109304],[-96.256347,41.109304]],[[-96.256346,41.109304],[-96.256347,41.109304]],[[-96.256346,41.109305],[-96.256347,41.109305]],[[-96.256343,41.109304],[-96.256343,41.109304],[-96.256343,41.109304],[-96.256343,41.109304],[-96.256343,41.109304],[-96.256343,41.109304],[-96.256343,41.109304],[-96.256343,41.109304],[-96.256343,41.109304],[-96.256343,41.109304],[-96.256343,41.109304],[-96.256343,41.109304],[-96.256343,41.109304],[-96.256343,41.109304],[-96.256343,41.109304],[-96.256343,41.109304],[-96.256343,41.109304],[-96.256343,41.109304],[-96.256343,41.109304],[-96.256343,41.109304],[-96.256343,41.109304],[-96.256343,41.109304],[-96.256343,41.109304],[-96.256343,41.109304],[-96.256343,41.109304],[-96.256343,41.109304],[-96.256343,41.109304],[-96.256343,41.109304],[-96.256343,41.109304]],[[-96.256343,41.109305],[-96.256343,41.109305],[-96.256343,41.109305],[-96.256343,41.109305],[-96.256343,41.109305],[-96.256343,41.109305],[-96.256343,41.109305],[-96.256343,41.109305],[-96.256343,41.109305],[-96.256343,41.109305],[-96.256343,41.109305],[-96.256343,41.109305],[-96.256343,41.109305],[-96.256343,41.109305],[-96.256343,41.109305],[-96.256343,41.109305],[-96.256343,41.109305],[-96.256343,41.109305],[-96.256343,41.109305]],[[-96.256346,41.109305],[-96.256346,41.109305],[-96.256346,41.109305],[-96.256346,41.109305],[-96.256346,41.109305],[-96.256346,41.109305],[-96.256346,41.109305],[-96.256346,41.109305],[-96.256346,41.109305],[-96.256346,41.109305],[-96.256346,41.109305],[-96.256346,41.109305],[-96.256346,41.109305],[-96.256346,41.109305],[-96.256346,41.109305],[-96.256346,41.109305],[-96.256346,41.109305],[-96.256346,41.109305],[-96.256346,41.109305],[-96.256346,41.109305]],[[-96.256346,41.109304],[-96.256346,41.109304],[-96.256346,41.109304],[-96.256346,41.109304],[-96.256346,41.109304],[-96.256346,41.109304],[-96.256346,41.109304],[-96.256346,41.109304],[-96.256346,41.109304],[-96.256346,41.109304],[-96.256346,41.109304],[-96.256346,41.109304],[-96.256346,41.109304],[-96.256346,41.109304],[-96.256346,41.109304],[-96.256346,41.109304],[-96.256346,41.109304],[-96.256346,41.109304],[-96.256346,41.109304],[-96.256346,41.109304],[-96.256346,41.109304],[-96.256346,41.109304],[-96.256346,41.109304],[-96.256346,41.109304],[-96.256346,41.109304],[-96.256346,41.109304],[-96.256346,41.109304],[-96.256346,41.109304]],[[-96.256343,41.109305],[-96.256343,41.109304]],[[-96.256346,41.109304],[-96.256346,41.109305]],[[-96.256343,41.109304],[-96.256346,41.109304]],[[-96.256346,41.109305],[-96.256343,41.109305]],[[-96.256347,41.1093],[-96.256347,41.1093],[-96.256347,41.1093],[-96.256347,41.1093],[-96.256347,41.1093],[-96.256347,41.1093],[-96.256347,41.1093],[-96.256347,41.1093],[-96.256347,41.1093],[-96.256347,41.1093],[-96.256347,41.1093],[-96.256347,41.1093],[-96.256347,41.1093],[-96.256347,41.1093],[-96.256347,41.1093],[-96.256347,41.1093],[-96.256347,41.1093],[-96.256347,41.1093],[-96.256347,41.1093],[-96.256347,41.1093]],[[-96.256347,41.1093],[-96.256347,41.1093],[-96.256347,41.1093],[-96.256347,41.1093],[-96.256347,41.1093],[-96.256347,41.1093]],[[-96.256347,41.1093],[-96.256347,41.1093],[-96.256347,41.1093],[-96.256347,41.1093],[-96.256347,41.1093],[-96.256347,41.1093],[-96.256347,41.1093],[-96.256347,41.1093],[-96.256347,41.1093],[-96.256347,41.1093],[-96.256347,41.1093],[-96.256347,41.1093],[-96.256347,41.1093],[-96.256347,41.1093],[-96.256347,41.1093],[-96.256347,41.1093],[-96.256347,41.1093],[-96.256347,41.1093]],[[-96.256347,41.1093],[-96.256347,41.1093],[-96.256347,41.1093],[-96.256347,41.1093],[-96.256347,41.1093],[-96.256347,41.1093],[-96.256347,41.1093],[-96.256347,41.1093],[-96.256347,41.1093]],[[-96.256346,41.1093],[-96.256347,41.1093]],[[-96.256346,41.1093],[-96.256347,41.1093]],[[-96.256343,41.1093],[-96.256343,41.1093],[-96.256343,41.1093],[-96.256343,41.1093],[-96.256343,41.1093],[-96.256343,41.1093],[-96.256343,41.1093],[-96.256343,41.1093],[-96.256343,41.1093],[-96.256343,41.1093],[-96.256343,41.1093],[-96.256343,41.1093],[-96.256343,41.1093],[-96.256343,41.1093],[-96.256343,41.1093],[-96.256343,41.1093],[-96.256343,41.1093],[-96.256343,41.1093],[-96.256343,41.1093],[-96.256343,41.1093],[-96.256343,41.1093],[-96.256343,41.1093],[-96.256343,41.1093],[-96.256343,41.1093],[-96.256343,41.1093],[-96.256343,41.1093],[-96.256343,41.1093],[-96.256343,41.1093],[-96.256343,41.1093]],[[-96.256343,41.1093],[-96.256343,41.1093],[-96.256343,41.1093],[-96.256343,41.1093],[-96.256343,41.1093],[-96.256343,41.1093],[-96.256343,41.1093],[-96.256343,41.1093],[-96.256343,41.1093],[-96.256343,41.1093],[-96.256343,41.1093],[-96.256343,41.1093],[-96.256343,41.1093],[-96.256343,41.1093],[-96.256343,41.1093],[-96.256343,41.1093],[-96.256343,41.1093],[-96.256343,41.1093],[-96.256343,41.1093]],[[-96.256346,41.1093],[-96.256346,41.1093],[-96.256346,41.1093],[-96.256346,41.1093],[-96.256346,41.1093],[-96.256346,41.1093],[-96.256346,41.1093],[-96.256346,41.1093],[-96.256346,41.1093],[-96.256346,41.1093],[-96.256346,41.1093],[-96.256346,41.1093],[-96.256346,41.1093],[-96.256346,41.1093],[-96.256346,41.1093],[-96.256346,41.1093],[-96.256346,41.1093],[-96.256346,41.1093],[-96.256346,41.1093],[-96.256346,41.1093]],[[-96.256346,41.1093],[-96.256346,41.1093],[-96.256346,41.1093],[-96.256346,41.1093],[-96.256346,41.1093],[-96.256346,41.1093],[-96.256346,41.1093],[-96.256346,41.1093],[-96.256346,41.1093],[-96.256346,41.1093],[-96.256346,41.1093],[-96.256346,41.1093],[-96.256346,41.1093],[-96.256346,41.1093],[-96.256346,41.1093],[-96.256346,41.1093],[-96.256346,41.1093],[-96.256346,41.1093],[-96.256346,41.1093],[-96.256346,41.1093],[-96.256346,41.1093],[-96.256346,41.1093],[-96.256346,41.1093],[-96.256346,41.1093],[-96.256346,41.1093],[-96.256346,41.1093],[-96.256346,41.1093],[-96.256346,41.1093]],[[-96.256343,41.1093],[-96.256343,41.1093]],[[-96.256346,41.1093],[-96.256346,41.1093]],[[-96.256343,41.1093],[-96.256346,41.1093]],[[-96.256346,41.1093],[-96.256343,41.1093]],[[-96.256342,41.1093],[-96.256342,41.1093],[-96.256342,41.1093],[-96.256342,41.1093],[-96.256342,41.1093],[-96.256342,41.1093],[-96.256342,41.1093],[-96.256342,41.1093],[-96.256342,41.1093],[-96.256342,41.1093],[-96.256342,41.1093],[-96.256342,41.1093],[-96.256342,41.1093],[-96.256342,41.1093],[-96.256342,41.1093],[-96.256342,41.1093],[-96.256342,41.1093],[-96.256342,41.1093],[-96.256342,41.1093]],[[-96.256342,41.1093],[-96.256342,41.1093],[-96.256343,41.1093],[-96.256343,41.1093],[-96.256344,41.1093],[-96.256344,41.1093],[-96.256345,41.1093],[-96.256345,41.1093]],[[-96.256345,41.1093],[-96.256346,41.1093],[-96.256346,41.1093],[-96.256346,41.1093],[-96.256346,41.1093],[-96.256346,41.1093],[-96.256346,41.1093],[-96.256346,41.1093],[-96.256346,41.1093],[-96.256347,41.1093],[-96.256347,41.1093]],[[-96.256342,41.109304],[-96.256342,41.109304],[-96.256342,41.109304],[-96.256342,41.109304],[-96.256342,41.109304],[-96.256342,41.109304],[-96.256342,41.109304],[-96.256342,41.109304],[-96.256342,41.109304],[-96.256342,41.109304],[-96.256342,41.109304],[-96.256342,41.109304],[-96.256342,41.109304],[-96.256342,41.109304],[-96.256342,41.109304],[-96.256342,41.109304],[-96.256342,41.109304],[-96.256342,41.109304],[-96.256342,41.109304]],[[-96.256342,41.109304],[-96.256342,41.109302],[-96.256342,41.1093]],[[-96.256345,41.109305],[-96.256345,41.109305],[-96.256344,41.109305],[-96.256344,41.109305],[-96.256343,41.109305],[-96.256343,41.109304],[-96.256342,41.109304],[-96.256342,41.109304]],[[-96.256347,41.109304],[-96.256347,41.109304],[-96.256346,41.109304],[-96.256346,41.109304],[-96.256346,41.109304],[-96.256346,41.109304],[-96.256346,41.109304],[-96.256346,41.109305],[-96.256346,41.109305],[-96.256346,41.109305],[-96.256345,41.109305]],[[-96.256346,41.1093],[-96.256346,41.1093],[-96.256346,41.1093],[-96.256346,41.1093],[-96.256346,41.1093],[-96.256346,41.1093],[-96.256346,41.1093],[-96.256346,41.1093],[-96.256346,41.1093],[-96.256346,41.1093],[-96.256346,41.1093],[-96.256346,41.1093],[-96.256346,41.1093],[-96.256346,41.1093],[-96.256346,41.1093],[-96.256346,41.1093],[-96.256346,41.1093],[-96.256346,41.1093],[-96.256346,41.1093],[-96.256346,41.1093],[-96.256346,41.1093],[-96.256346,41.1093],[-96.256346,41.1093],[-96.256346,41.1093],[-96.256346,41.1093]],[[-96.256348,41.109301],[-96.256348,41.109301],[-96.256348,41.109301],[-96.256348,41.109301],[-96.256348,41.109301],[-96.256348,41.109301],[-96.256348,41.109301],[-96.256348,41.109301],[-96.256348,41.109301],[-96.256348,41.109301],[-96.256348,41.109301],[-96.256348,41.109301],[-96.256348,41.109301],[-96.256348,41.109301],[-96.256348,41.109301]],[[-96.256346,41.1093],[-96.256347,41.1093],[-96.256347,41.1093],[-96.256347,41.1093],[-96.256347,41.1093],[-96.256347,41.1093],[-96.256348,41.1093],[-96.256348,41.109301],[-96.256348,41.109301]],[[-96.256346,41.109304],[-96.256346,41.109304],[-96.256346,41.109304],[-96.256346,41.109304],[-96.256346,41.109304],[-96.256346,41.109304],[-96.256346,41.109304],[-96.256346,41.109304],[-96.256346,41.109304],[-96.256346,41.109304],[-96.256346,41.109304],[-96.256346,41.109304],[-96.256346,41.109304],[-96.256346,41.109304],[-96.256346,41.109304],[-96.256346,41.109304],[-96.256346,41.109304],[-96.256346,41.109304],[-96.256346,41.109304],[-96.256346,41.109304],[-96.256346,41.109304],[-96.256346,41.109304],[-96.256346,41.109304],[-96.256346,41.109304],[-96.256346,41.109304]],[[-96.256348,41.109304],[-96.256348,41.109304],[-96.256348,41.109304],[-96.256348,41.109304],[-96.256348,41.109304],[-96.256348,41.109304],[-96.256348,41.109304],[-96.256348,41.109304],[-96.256348,41.109304],[-96.256348,41.109304],[-96.256348,41.109304],[-96.256348,41.109304],[-96.256348,41.109304],[-96.256348,41.109304],[-96.256348,41.109304]],[[-96.256348,41.109304],[-96.256348,41.109304],[-96.256348,41.109304],[-96.256348,41.109304],[-96.256347,41.109304],[-96.256347,41.109304],[-96.256347,41.109304],[-96.256347,41.109304],[-96.256346,41.109304]],[[-96.256346,41.1093],[-96.256346,41.109301],[-96.256346,41.109302],[-96.256346,41.109303],[-96.256346,41.109303],[-96.256346,41.109304]],[[-96.256348,41.109301],[-96.256348,41.109301],[-96.256348,41.109302],[-96.256348,41.109303],[-96.256348,41.109303],[-96.256348,41.109304]],[[-96.256347,41.109304],[-96.256347,41.109304]],[[-96.256347,41.1093],[-96.256347,41.1093]],[[-96.256347,41.109304],[-96.256347,41.109304]],[[-96.256347,41.1093],[-96.256347,41.1093]],[[-96.256347,41.109304],[-96.256347,41.109304],[-96.256347,41.109304],[-96.256347,41.109304],[-96.256347,41.109304],[-96.256347,41.109304],[-96.256347,41.109304],[-96.256347,41.109304],[-96.256347,41.109304],[-96.256347,41.109304],[-96.256347,41.109304],[-96.256347,41.109304],[-96.256347,41.109304],[-96.256347,41.109304],[-96.256347,41.109304],[-96.256347,41.109304],[-96.256347,41.109304],[-96.256347,41.109304],[-96.256347,41.109304],[-96.256347,41.109304],[-96.256347,41.109304],[-96.256347,41.109304],[-96.256347,41.109304],[-96.256347,41.109304],[-96.256347,41.109304],[-96.256347,41.109304],[-96.256347,41.109304],[-96.256347,41.109304],[-96.256347,41.109304],[-96.256347,41.109304],[-96.256347,41.109304],[-96.256347,41.109304],[-96.256347,41.109304],[-96.256347,41.109304],[-96.256347,41.109304],[-96.256347,41.109304],[-96.256347,41.109304],[-96.256347,41.109304],[-96.256347,41.109304],[-96.256347,41.109304],[-96.256347,41.109304],[-96.256347,41.109304],[-96.256347,41.109304],[-96.256347,41.109304],[-96.256347,41.109304],[-96.256347,41.109304],[-96.256347,41.109304],[-96.256347,41.109304]],[[-96.256347,41.1093],[-96.256347,41.1093],[-96.256347,41.1093],[-96.256347,41.1093],[-96.256347,41.1093],[-96.256347,41.1093],[-96.256347,41.1093],[-96.256347,41.1093],[-96.256347,41.1093],[-96.256347,41.1093],[-96.256347,41.1093],[-96.256347,41.1093],[-96.256347,41.1093],[-96.256347,41.1093],[-96.256347,41.1093],[-96.256347,41.1093],[-96.256347,41.1093],[-96.256347,41.1093],[-96.256347,41.1093],[-96.256347,41.1093],[-96.256347,41.1093],[-96.256347,41.1093],[-96.256347,41.1093],[-96.256347,41.1093],[-96.256347,41.1093],[-96.256347,41.1093],[-96.256347,41.1093],[-96.256347,41.1093],[-96.256347,41.1093],[-96.256347,41.1093],[-96.256347,41.1093],[-96.256347,41.1093],[-96.256347,41.1093],[-96.256347,41.1093],[-96.256347,41.1093],[-96.256347,41.1093],[-96.256347,41.1093],[-96.256347,41.1093],[-96.256347,41.1093],[-96.256347,41.1093],[-96.256347,41.1093],[-96.256347,41.1093],[-96.256347,41.1093],[-96.256347,41.1093],[-96.256347,41.1093],[-96.256347,41.1093],[-96.256347,41.1093],[-96.256347,41.1093]],[[-96.256347,41.109304],[-96.256347,41.109304],[-96.256347,41.109304],[-96.256347,41.109304],[-96.256347,41.109304],[-96.256347,41.109304],[-96.256347,41.109304],[-96.256347,41.109304],[-96.256347,41.109304],[-96.256347,41.109304],[-96.256347,41.109304],[-96.256347,41.109304],[-96.256347,41.109304],[-96.256347,41.109304],[-96.256347,41.109304],[-96.256347,41.109304],[-96.256347,41.109304],[-96.256347,41.109304],[-96.256347,41.109304],[-96.256347,41.109304],[-96.256347,41.109304],[-96.256347,41.109304],[-96.256347,41.109304],[-96.256347,41.109304],[-96.256347,41.109304],[-96.256347,41.109304],[-96.256347,41.109304],[-96.256347,41.109304],[-96.256347,41.109304],[-96.256347,41.109304],[-96.256347,41.109304],[-96.256347,41.109304],[-96.256347,41.109304],[-96.256347,41.109304],[-96.256347,41.109304],[-96.256347,41.109304],[-96.256347,41.109304],[-96.256347,41.109304],[-96.256347,41.109304],[-96.256347,41.109304]],[[-96.256347,41.109304],[-96.256347,41.109304],[-96.256347,41.109304],[-96.256347,41.109304],[-96.256347,41.109304],[-96.256347,41.109304],[-96.256347,41.109304],[-96.256347,41.109304],[-96.256347,41.109304],[-96.256347,41.109304],[-96.256347,41.109304],[-96.256347,41.109304],[-96.256347,41.109304],[-96.256347,41.109304],[-96.256347,41.109304],[-96.256347,41.109304],[-96.256347,41.109304],[-96.256347,41.109304],[-96.256347,41.109304],[-96.256347,41.109304],[-96.256347,41.109304],[-96.256347,41.109304],[-96.256347,41.109304],[-96.256347,41.109304],[-96.256347,41.109304],[-96.256347,41.109304],[-96.256347,41.109304],[-96.256347,41.109304],[-96.256347,41.109304],[-96.256347,41.109304],[-96.256347,41.109304],[-96.256347,41.109304]],[[-96.256347,41.1093],[-96.256347,41.1093],[-96.256347,41.1093],[-96.256347,41.1093],[-96.256347,41.1093],[-96.256347,41.1093],[-96.256347,41.1093],[-96.256347,41.1093],[-96.256347,41.1093],[-96.256347,41.1093],[-96.256347,41.1093],[-96.256347,41.1093],[-96.256347,41.1093],[-96.256347,41.1093],[-96.256347,41.1093],[-96.256347,41.1093],[-96.256347,41.1093],[-96.256347,41.1093],[-96.256347,41.1093],[-96.256347,41.1093],[-96.256347,41.1093],[-96.256347,41.1093],[-96.256347,41.1093],[-96.256347,41.1093],[-96.256347,41.1093],[-96.256347,41.1093],[-96.256347,41.1093],[-96.256347,41.1093],[-96.256347,41.1093],[-96.256347,41.1093],[-96.256347,41.1093],[-96.256347,41.1093]],[[-96.256347,41.1093],[-96.256347,41.1093],[-96.256347,41.1093],[-96.256347,41.1093],[-96.256347,41.1093],[-96.256347,41.1093],[-96.256347,41.1093],[-96.256347,41.1093],[-96.256347,41.1093],[-96.256347,41.1093],[-96.256347,41.1093],[-96.256347,41.1093],[-96.256347,41.1093],[-96.256347,41.1093],[-96.256347,41.1093],[-96.256347,41.1093],[-96.256347,41.1093],[-96.256347,41.1093],[-96.256347,41.1093],[-96.256347,41.1093],[-96.256347,41.1093],[-96.256347,41.1093],[-96.256347,41.1093],[-96.256347,41.1093],[-96.256347,41.1093],[-96.256347,41.1093],[-96.256347,41.1093],[-96.256347,41.1093],[-96.256347,41.1093],[-96.256347,41.1093],[-96.256347,41.1093],[-96.256347,41.1093],[-96.256347,41.1093],[-96.256347,41.1093],[-96.256347,41.1093],[-96.256347,41.1093],[-96.256347,41.1093],[-96.256347,41.1093],[-96.256347,41.1093],[-96.256347,41.1093]],[[-96.256347,41.109304],[-96.256347,41.109304],[-96.256347,41.109304],[-96.256347,41.109304],[-96.256347,41.109304],[-96.256347,41.109304],[-96.256347,41.109304],[-96.256347,41.109304],[-96.256347,41.109304],[-96.256347,41.109304],[-96.256347,41.109304],[-96.256347,41.109304],[-96.256347,41.109304],[-96.256347,41.109304],[-96.256347,41.109304],[-96.256347,41.109304],[-96.256347,41.109304],[-96.256347,41.109304],[-96.256347,41.109304],[-96.256347,41.109304],[-96.256347,41.109304],[-96.256347,41.109304],[-96.256347,41.109304],[-96.256347,41.109304],[-96.256347,41.109304],[-96.256347,41.109304],[-96.256347,41.109304],[-96.256347,41.109304],[-96.256347,41.109304],[-96.256347,41.109304],[-96.256347,41.109304],[-96.256347,41.109304]],[[-96.256347,41.109304],[-96.256347,41.109304],[-96.256347,41.109304],[-96.256347,41.109304],[-96.256347,41.109304],[-96.256347,41.109304],[-96.256347,41.109304],[-96.256347,41.109304],[-96.256347,41.109304],[-96.256347,41.109304],[-96.256347,41.109304],[-96.256347,41.109304],[-96.256347,41.109304],[-96.256347,41.109304],[-96.256347,41.109304],[-96.256347,41.109304],[-96.256347,41.109304],[-96.256347,41.109304],[-96.256347,41.109304],[-96.256347,41.109304],[-96.256347,41.109304],[-96.256347,41.109304],[-96.256347,41.109304],[-96.256347,41.109304],[-96.256347,41.109304],[-96.256347,41.109304],[-96.256347,41.109304],[-96.256347,41.109304],[-96.256347,41.109304],[-96.256347,41.109304],[-96.256347,41.109304],[-96.256347,41.109304],[-96.256347,41.109304],[-96.256347,41.109304],[-96.256347,41.109304],[-96.256347,41.109304],[-96.256347,41.109304],[-96.256347,41.109304],[-96.256347,41.109304],[-96.256347,41.109304]],[[-96.256347,41.1093],[-96.256347,41.1093],[-96.256347,41.1093],[-96.256347,41.1093],[-96.256347,41.1093],[-96.256347,41.1093],[-96.256347,41.1093],[-96.256347,41.1093],[-96.256347,41.1093],[-96.256347,41.1093],[-96.256347,41.1093],[-96.256347,41.1093],[-96.256347,41.1093],[-96.256347,41.1093],[-96.256347,41.1093],[-96.256347,41.1093],[-96.256347,41.1093],[-96.256347,41.1093],[-96.256347,41.1093],[-96.256347,41.1093],[-96.256347,41.1093],[-96.256347,41.1093],[-96.256347,41.1093],[-96.256347,41.1093],[-96.256347,41.1093],[-96.256347,41.1093],[-96.256347,41.1093],[-96.256347,41.1093],[-96.256347,41.1093],[-96.256347,41.1093],[-96.256347,41.1093],[-96.256347,41.1093],[-96.256347,41.1093],[-96.256347,41.1093],[-96.256347,41.1093],[-96.256347,41.1093],[-96.256347,41.1093],[-96.256347,41.1093],[-96.256347,41.1093],[-96.256347,41.1093]],[[-96.256347,41.1093],[-96.256347,41.1093],[-96.256347,41.1093],[-96.256347,41.1093],[-96.256347,41.1093],[-96.256347,41.1093],[-96.256347,41.1093],[-96.256347,41.1093],[-96.256347,41.1093],[-96.256347,41.1093],[-96.256347,41.1093],[-96.256347,41.1093],[-96.256347,41.1093],[-96.256347,41.1093],[-96.256347,41.1093],[-96.256347,41.1093],[-96.256347,41.1093],[-96.256347,41.1093],[-96.256347,41.1093],[-96.256347,41.1093],[-96.256347,41.1093],[-96.256347,41.1093],[-96.256347,41.1093],[-96.256347,41.1093],[-96.256347,41.1093],[-96.256347,41.1093],[-96.256347,41.1093],[-96.256347,41.1093],[-96.256347,41.1093],[-96.256347,41.1093],[-96.256347,41.1093],[-96.256347,41.1093]],[[-96.256347,41.109304],[-96.256347,41.109304],[-96.256347,41.109304],[-96.256347,41.109304],[-96.256347,41.109304],[-96.256347,41.109304],[-96.256347,41.109304],[-96.256347,41.109304],[-96.256347,41.109304],[-96.256347,41.109304],[-96.256347,41.109304],[-96.256347,41.109304],[-96.256347,41.109304],[-96.256347,41.109304],[-96.256347,41.109304],[-96.256347,41.109304],[-96.256347,41.109304],[-96.256347,41.109304],[-96.256347,41.109304],[-96.256347,41.109304],[-96.256347,41.109304],[-96.256347,41.109304],[-96.256347,41.109304],[-96.256347,41.109304],[-96.256347,41.109304],[-96.256347,41.109304],[-96.256347,41.109304],[-96.256347,41.109304],[-96.256347,41.109304],[-96.256347,41.109304],[-96.256347,41.109304],[-96.256347,41.109304],[-96.256347,41.109304],[-96.256347,41.109304],[-96.256347,41.109304],[-96.256347,41.109304],[-96.256347,41.109304],[-96.256347,41.109304],[-96.256347,41.109304],[-96.256347,41.109304],[-96.256347,41.109304],[-96.256347,41.109304],[-96.256347,41.109304],[-96.256347,41.109304],[-96.256347,41.109304],[-96.256347,41.109304],[-96.256347,41.109304],[-96.256347,41.109304]],[[-96.256347,41.1093],[-96.256347,41.1093],[-96.256347,41.1093],[-96.256347,41.1093],[-96.256347,41.1093],[-96.256347,41.1093],[-96.256347,41.1093],[-96.256347,41.1093],[-96.256347,41.1093],[-96.256347,41.1093],[-96.256347,41.1093],[-96.256347,41.1093],[-96.256347,41.1093],[-96.256347,41.1093],[-96.256347,41.1093],[-96.256347,41.1093],[-96.256347,41.1093],[-96.256347,41.1093],[-96.256347,41.1093],[-96.256347,41.1093],[-96.256347,41.1093],[-96.256347,41.1093],[-96.256347,41.1093],[-96.256347,41.1093],[-96.256347,41.1093],[-96.256347,41.1093],[-96.256347,41.1093],[-96.256347,41.1093],[-96.256347,41.1093],[-96.256347,41.1093],[-96.256347,41.1093],[-96.256347,41.1093],[-96.256347,41.1093],[-96.256347,41.1093],[-96.256347,41.1093],[-96.256347,41.1093],[-96.256347,41.1093],[-96.256347,41.1093],[-96.256347,41.1093],[-96.256347,41.1093],[-96.256347,41.1093],[-96.256347,41.1093],[-96.256347,41.1093],[-96.256347,41.1093],[-96.256347,41.1093],[-96.256347,41.1093],[-96.256347,41.1093],[-96.256347,41.1093]],[[-96.256347,41.109304],[-96.256347,41.109304],[-96.256347,41.109304],[-96.256347,41.109304],[-96.256347,41.109304],[-96.256347,41.109304],[-96.256347,41.109304],[-96.256347,41.109304],[-96.256347,41.109304],[-96.256347,41.109304],[-96.256347,41.109304],[-96.256347,41.109304],[-96.256347,41.109304],[-96.256347,41.109304],[-96.256347,41.109304],[-96.256347,41.109304],[-96.256347,41.109304],[-96.256347,41.109304],[-96.256347,41.109304],[-96.256347,41.109304],[-96.256347,41.109304],[-96.256347,41.109304],[-96.256347,41.109304],[-96.256347,41.109304],[-96.256347,41.109304],[-96.256347,41.109304],[-96.256347,41.109304],[-96.256347,41.109304],[-96.256347,41.109304],[-96.256347,41.109304],[-96.256348,41.109304],[-96.256348,41.109304],[-96.256348,41.109304],[-96.256348,41.109304],[-96.256348,41.109304],[-96.256348,41.109304],[-96.256348,41.109304],[-96.256348,41.109304],[-96.256348,41.109304],[-96.256348,41.109304],[-96.256348,41.109304],[-96.256348,41.109304],[-96.256348,41.109304],[-96.256348,41.109304],[-96.256348,41.109304],[-96.256348,41.109304],[-96.256348,41.109304],[-96.256348,41.109304],[-96.256348,41.109304],[-96.256348,41.109304],[-96.256348,41.109304],[-96.256348,41.109304],[-96.256348,41.109304],[-96.256348,41.109304],[-96.256348,41.109304],[-96.256348,41.109304]],[[-96.256348,41.109304],[-96.256348,41.109304],[-96.256348,41.109304],[-96.256348,41.109304],[-96.256348,41.109304],[-96.256348,41.109304],[-96.256348,41.109304],[-96.256348,41.109304],[-96.256348,41.109304],[-96.256348,41.109304],[-96.256348,41.109304],[-96.256348,41.109304],[-96.256348,41.109304],[-96.256348,41.109304],[-96.256348,41.109304],[-96.256348,41.109304],[-96.256348,41.109304],[-96.256348,41.109304],[-96.256348,41.109304],[-96.256348,41.109304],[-96.256348,41.109304],[-96.256348,41.109304],[-96.256348,41.109304],[-96.256348,41.109304],[-96.256348,41.109304],[-96.256348,41.109304],[-96.256348,41.109304],[-96.256348,41.109304],[-96.256348,41.109304],[-96.256348,41.109304],[-96.256348,41.109304],[-96.256348,41.109304]],[[-96.256348,41.109301],[-96.256348,41.109301],[-96.256348,41.109301],[-96.256348,41.109301],[-96.256348,41.109301],[-96.256348,41.109301],[-96.256348,41.109301],[-96.256348,41.109301],[-96.256348,41.109301],[-96.256348,41.109301],[-96.256348,41.109301],[-96.256348,41.109301],[-96.256348,41.109301],[-96.256348,41.109301],[-96.256348,41.109301],[-96.256348,41.109301],[-96.256348,41.109301],[-96.256348,41.109301],[-96.256348,41.109301],[-96.256348,41.109301],[-96.256348,41.109301],[-96.256348,41.109301],[-96.256348,41.109301],[-96.256348,41.109301],[-96.256348,41.109301],[-96.256348,41.109301],[-96.256348,41.109301],[-96.256348,41.109301],[-96.256348,41.109301],[-96.256348,41.109301],[-96.256348,41.109301],[-96.256348,41.109301],[-96.256348,41.109301],[-96.256348,41.109301],[-96.256348,41.109301],[-96.256348,41.109301],[-96.256348,41.109301],[-96.256348,41.109301],[-96.256348,41.109301],[-96.256348,41.109301]],[[-96.256348,41.109301],[-96.256348,41.109301],[-96.256348,41.109301],[-96.256348,41.109301],[-96.256348,41.109301],[-96.256348,41.109301],[-96.256348,41.109301],[-96.256348,41.109301],[-96.256348,41.109301],[-96.256348,41.109301],[-96.256348,41.109301],[-96.256348,41.109301],[-96.256348,41.109301],[-96.256348,41.109301],[-96.256348,41.109301],[-96.256348,41.109301],[-96.256348,41.109301],[-96.256348,41.109301],[-96.256348,41.109301],[-96.256348,41.109301],[-96.256348,41.1093],[-96.256348,41.1093],[-96.256348,41.1093],[-96.256348,41.1093],[-96.256348,41.1093],[-96.256348,41.1093],[-96.256348,41.1093],[-96.256347,41.1093],[-96.256347,41.1093],[-96.256347,41.1093],[-96.256347,41.1093],[-96.256347,41.1093],[-96.256347,41.1093],[-96.256347,41.1093],[-96.256347,41.1093],[-96.256347,41.1093],[-96.256347,41.1093],[-96.256347,41.1093],[-96.256347,41.1093],[-96.256347,41.1093],[-96.256347,41.1093],[-96.256347,41.1093],[-96.256347,41.1093],[-96.256347,41.1093],[-96.256347,41.1093],[-96.256347,41.1093],[-96.256347,41.1093],[-96.256347,41.1093],[-96.256347,41.1093],[-96.256347,41.1093],[-96.256347,41.1093],[-96.256347,41.1093],[-96.256347,41.1093],[-96.256347,41.1093],[-96.256347,41.1093],[-96.256347,41.1093]],[[-96.256347,41.1093],[-96.256347,41.1093],[-96.256347,41.1093],[-96.256347,41.1093],[-96.256347,41.1093],[-96.256347,41.1093],[-96.256347,41.1093],[-96.256347,41.1093],[-96.256347,41.1093],[-96.256347,41.1093],[-96.256347,41.1093],[-96.256347,41.1093],[-96.256347,41.1093],[-96.256347,41.1093],[-96.256347,41.1093],[-96.256347,41.1093],[-96.256347,41.1093],[-96.256347,41.1093],[-96.256347,41.1093],[-96.256347,41.1093],[-96.256347,41.1093],[-96.256347,41.1093],[-96.256347,41.1093],[-96.256347,41.1093],[-96.256347,41.1093],[-96.256347,41.1093],[-96.256347,41.1093],[-96.256347,41.1093],[-96.256347,41.1093],[-96.256347,41.1093],[-96.256347,41.1093],[-96.256347,41.1093],[-96.256347,41.1093],[-96.256347,41.1093],[-96.256347,41.1093],[-96.256347,41.1093],[-96.256347,41.1093],[-96.256347,41.1093],[-96.256347,41.1093],[-96.256347,41.1093]],[[-96.256348,41.1093],[-96.256348,41.1093],[-96.256348,41.1093],[-96.256348,41.1093],[-96.256348,41.1093],[-96.256348,41.1093],[-96.256348,41.1093],[-96.256348,41.1093],[-96.256348,41.1093],[-96.256348,41.1093],[-96.256348,41.1093],[-96.256348,41.1093],[-96.256348,41.1093],[-96.256348,41.1093],[-96.256348,41.1093],[-96.256348,41.1093],[-96.256348,41.1093],[-96.256348,41.1093],[-96.256348,41.1093],[-96.256348,41.1093],[-96.256348,41.1093],[-96.256348,41.1093],[-96.256348,41.1093],[-96.256348,41.1093],[-96.256348,41.1093],[-96.256348,41.1093],[-96.256348,41.1093],[-96.256348,41.1093],[-96.256348,41.1093],[-96.256348,41.1093],[-96.256348,41.1093],[-96.256348,41.1093],[-96.256348,41.1093],[-96.256348,41.1093],[-96.256348,41.1093],[-96.256348,41.1093],[-96.256348,41.1093],[-96.256348,41.1093],[-96.256348,41.1093],[-96.256348,41.1093]],[[-96.256348,41.109301],[-96.256348,41.109301],[-96.256348,41.109301],[-96.256348,41.109301],[-96.256348,41.109301],[-96.256348,41.109301],[-96.256348,41.109301],[-96.256348,41.109301],[-96.256348,41.109301],[-96.256348,41.109301],[-96.256348,41.109301],[-96.256348,41.109301],[-96.256348,41.109301],[-96.256348,41.109301],[-96.256348,41.109301],[-96.256348,41.109301],[-96.256348,41.109301],[-96.256348,41.109301],[-96.256348,41.109301],[-96.256348,41.109301],[-96.256348,41.109301],[-96.256348,41.109301],[-96.256348,41.109301],[-96.256348,41.109301],[-96.256348,41.109301],[-96.256348,41.109301],[-96.256348,41.109301],[-96.256348,41.109301],[-96.256348,41.109301],[-96.256348,41.109301],[-96.256348,41.109301],[-96.256348,41.109301],[-96.256348,41.109301],[-96.256348,41.109301],[-96.256348,41.109301],[-96.256348,41.109301],[-96.256348,41.109301],[-96.256348,41.109301],[-96.256348,41.109301],[-96.256348,41.109301]],[[-96.256348,41.109301],[-96.256348,41.109301],[-96.256348,41.109301],[-96.256348,41.109301],[-96.256348,41.109301],[-96.256348,41.109301],[-96.256348,41.109301],[-96.256348,41.109301],[-96.256348,41.109301],[-96.256348,41.109301],[-96.256348,41.109301],[-96.256348,41.109301],[-96.256348,41.109301],[-96.256348,41.109301],[-96.256348,41.109301],[-96.256348,41.109301],[-96.256348,41.109301],[-96.256348,41.109301],[-96.256348,41.109301],[-96.256348,41.109301],[-96.256348,41.109301],[-96.256348,41.109301],[-96.256348,41.109301],[-96.256348,41.109301],[-96.256348,41.109301],[-96.256348,41.109301],[-96.256348,41.109301],[-96.256348,41.109301],[-96.256348,41.109301],[-96.256348,41.109301],[-96.256348,41.109301],[-96.256348,41.109301]],[[-96.256348,41.109301],[-96.256348,41.109301],[-96.256348,41.109301],[-96.256348,41.109301],[-96.256348,41.109301],[-96.256348,41.109301],[-96.256348,41.109301],[-96.256348,41.109301],[-96.256348,41.109301],[-96.256348,41.109301],[-96.256348,41.109301],[-96.256348,41.109301],[-96.256348,41.109301],[-96.256348,41.109301],[-96.256348,41.109301],[-96.256348,41.109301],[-96.256348,41.109301],[-96.256348,41.109301],[-96.256348,41.109301],[-96.256348,41.109301],[-96.256348,41.109301],[-96.256348,41.109301],[-96.256348,41.109301],[-96.256348,41.109301],[-96.256348,41.109301],[-96.256348,41.109301],[-96.256348,41.109301],[-96.256348,41.109301],[-96.256348,41.109301],[-96.256348,41.109301],[-96.256348,41.109301],[-96.256348,41.109301],[-96.256348,41.109301],[-96.256348,41.109301],[-96.256348,41.109301],[-96.256348,41.109301],[-96.256348,41.109301],[-96.256348,41.109301],[-96.256348,41.109301],[-96.256348,41.109301]],[[-96.256348,41.109304],[-96.256348,41.109304],[-96.256348,41.109304],[-96.256348,41.109304],[-96.256348,41.109304],[-96.256348,41.109304],[-96.256348,41.109304],[-96.256348,41.109304],[-96.256348,41.109304],[-96.256348,41.109304],[-96.256348,41.109304],[-96.256348,41.109304],[-96.256348,41.109304],[-96.256348,41.109304],[-96.256348,41.109304],[-96.256348,41.109304],[-96.256348,41.109304],[-96.256348,41.109304],[-96.256348,41.109304],[-96.256348,41.109304],[-96.256348,41.109304],[-96.256348,41.109304],[-96.256348,41.109304],[-96.256348,41.109304],[-96.256348,41.109304],[-96.256348,41.109304],[-96.256348,41.109304],[-96.256348,41.109304],[-96.256348,41.109304],[-96.256348,41.109304],[-96.256348,41.109304],[-96.256348,41.109304],[-96.256348,41.109304],[-96.256348,41.109304],[-96.256348,41.109304],[-96.256348,41.109304],[-96.256348,41.109304],[-96.256348,41.109304],[-96.256348,41.109304],[-96.256348,41.109304]],[[-96.256348,41.109304],[-96.256348,41.109304],[-96.256348,41.109304],[-96.256348,41.109304],[-96.256348,41.109304],[-96.256348,41.109304],[-96.256348,41.109304],[-96.256348,41.109304],[-96.256348,41.109304],[-96.256348,41.109304],[-96.256348,41.109304],[-96.256348,41.109304],[-96.256348,41.109304],[-96.256348,41.109304],[-96.256348,41.109304],[-96.256348,41.109304],[-96.256348,41.109304],[-96.256348,41.109304],[-96.256348,41.109304],[-96.256348,41.109304],[-96.256348,41.109304],[-96.256348,41.109304],[-96.256348,41.109304],[-96.256348,41.109304],[-96.256348,41.109304],[-96.256348,41.109304],[-96.256348,41.109304],[-96.256348,41.109304],[-96.256348,41.109304],[-96.256348,41.109304],[-96.256348,41.109304],[-96.256347,41.109304],[-96.256347,41.109304],[-96.256347,41.109304],[-96.256347,41.109304],[-96.256347,41.109304],[-96.256347,41.109304],[-96.256347,41.109304],[-96.256347,41.109304],[-96.256347,41.109304],[-96.256347,41.109304],[-96.256347,41.109304],[-96.256347,41.109304],[-96.256347,41.109304],[-96.256347,41.109304],[-96.256347,41.109304],[-96.256347,41.109304],[-96.256347,41.109304],[-96.256347,41.109304],[-96.256347,41.109304],[-96.256347,41.109304],[-96.256347,41.109304],[-96.256347,41.109304],[-96.256347,41.109304],[-96.256347,41.109304],[-96.256347,41.109304]],[[-96.256346,41.1093],[-96.256346,41.109301],[-96.256346,41.109301],[-96.256346,41.109302],[-96.256346,41.109302],[-96.256346,41.109303],[-96.256346,41.109303],[-96.256346,41.109304],[-96.256346,41.109304]],[[-96.256348,41.109304],[-96.256348,41.109304]],[[-96.256348,41.109304],[-96.256348,41.109303],[-96.256348,41.109303],[-96.256348,41.109302],[-96.256348,41.109302],[-96.256348,41.109301],[-96.256348,41.109301]],[[-96.256348,41.109301],[-96.256348,41.109301]],[[-96.256348,41.109304],[-96.256348,41.109303],[-96.256348,41.109303],[-96.256348,41.109302],[-96.256348,41.109302],[-96.256348,41.109301],[-96.256348,41.109301]],[[-96.256346,41.109304],[-96.256346,41.109304]],[[-96.256346,41.1093],[-96.256346,41.1093]],[[-96.256347,41.109304],[-96.256347,41.109304],[-96.256347,41.109304],[-96.256347,41.109304],[-96.256348,41.109304],[-96.256348,41.109304],[-96.256348,41.109304],[-96.256348,41.109304],[-96.256348,41.109304],[-96.256348,41.109304],[-96.256348,41.109304],[-96.256348,41.109304],[-96.256348,41.109304],[-96.256348,41.109304],[-96.256348,41.109304],[-96.256348,41.109304],[-96.256348,41.109304],[-96.256348,41.109304],[-96.256348,41.109304],[-96.256348,41.109304],[-96.256348,41.109304],[-96.256348,41.109304],[-96.256348,41.109304],[-96.256348,41.109304],[-96.256348,41.109304],[-96.256348,41.109304],[-96.256348,41.109304],[-96.256348,41.109304],[-96.256348,41.109304],[-96.256348,41.109304],[-96.256348,41.109304],[-96.256348,41.109304],[-96.256348,41.109304],[-96.256348,41.109304],[-96.256348,41.109304],[-96.256348,41.109304],[-96.256348,41.109304],[-96.256348,41.109304],[-96.256348,41.109304],[-96.256348,41.109304],[-96.256348,41.109304],[-96.256348,41.109304],[-96.256348,41.109304],[-96.256348,41.109304],[-96.256348,41.109304],[-96.256348,41.109304],[-96.256348,41.109304],[-96.256348,41.109304]],[[-96.256348,41.109301],[-96.256348,41.109301],[-96.256348,41.109301],[-96.256348,41.109301],[-96.256348,41.109301],[-96.256348,41.109301],[-96.256348,41.109301],[-96.256348,41.109301],[-96.256348,41.109301],[-96.256348,41.109301],[-96.256348,41.109301],[-96.256348,41.109301],[-96.256348,41.109301],[-96.256348,41.109301],[-96.256348,41.109301],[-96.256348,41.109301],[-96.256348,41.109301],[-96.256348,41.109301],[-96.256348,41.109301],[-96.256348,41.109301],[-96.256348,41.109301],[-96.256348,41.109301],[-96.256348,41.109301],[-96.256348,41.109301],[-96.256348,41.109301],[-96.256348,41.109301],[-96.256348,41.109301],[-96.256348,41.109301],[-96.256348,41.109301],[-96.256348,41.109301],[-96.256348,41.109301],[-96.256348,41.109301],[-96.256348,41.109301],[-96.256348,41.109301],[-96.256348,41.109301],[-96.256348,41.109301],[-96.256348,41.109301],[-96.256348,41.109301],[-96.256348,41.109301],[-96.256348,41.109301]],[[-96.256348,41.109301],[-96.256348,41.109301],[-96.256348,41.109301],[-96.256348,41.109301],[-96.256348,41.109301],[-96.256348,41.109301],[-96.256348,41.109301],[-96.256348,41.109301],[-96.256348,41.109301],[-96.256348,41.109301],[-96.256348,41.109301],[-96.256348,41.109301],[-96.256348,41.109301],[-96.256348,41.109301],[-96.256348,41.109301],[-96.256348,41.109301],[-96.256348,41.109301],[-96.256348,41.109301],[-96.256348,41.1093],[-96.256348,41.1093],[-96.256348,41.1093],[-96.256348,41.1093],[-96.256348,41.1093],[-96.256348,41.1093],[-96.256348,41.1093],[-96.256348,41.1093],[-96.256348,41.1093],[-96.256348,41.1093],[-96.256348,41.1093],[-96.256348,41.1093],[-96.256348,41.1093],[-96.256348,41.1093],[-96.256348,41.1093],[-96.256348,41.1093],[-96.256348,41.1093],[-96.256348,41.1093],[-96.256348,41.1093],[-96.256348,41.1093],[-96.256348,41.1093],[-96.256348,41.1093]],[[-96.256348,41.1093],[-96.256348,41.1093],[-96.256348,41.1093],[-96.256348,41.1093],[-96.256347,41.1093],[-96.256347,41.1093],[-96.256347,41.1093],[-96.256347,41.1093],[-96.256347,41.1093],[-96.256347,41.1093],[-96.256347,41.1093],[-96.256347,41.1093],[-96.256347,41.1093],[-96.256347,41.1093],[-96.256347,41.1093],[-96.256347,41.1093],[-96.256347,41.1093],[-96.256347,41.1093],[-96.256347,41.1093],[-96.256347,41.1093],[-96.256347,41.1093],[-96.256347,41.1093],[-96.256347,41.1093],[-96.256347,41.1093],[-96.256347,41.1093],[-96.256347,41.1093],[-96.256347,41.1093],[-96.256347,41.1093],[-96.256347,41.1093],[-96.256347,41.1093],[-96.256347,41.1093],[-96.256347,41.1093]],[[-96.256348,41.109304],[-96.256348,41.109304],[-96.256348,41.109304],[-96.256348,41.109304],[-96.256348,41.109304],[-96.256348,41.109304],[-96.256348,41.109304],[-96.256348,41.109304],[-96.256348,41.109304],[-96.256348,41.109304],[-96.256348,41.109304],[-96.256348,41.109304],[-96.256348,41.109304],[-96.256348,41.109304],[-96.256348,41.109304],[-96.256348,41.109304],[-96.256348,41.109304],[-96.256348,41.109304],[-96.256348,41.109304],[-96.256348,41.109304],[-96.256348,41.109304],[-96.256348,41.109304],[-96.256348,41.109304],[-96.256348,41.109304],[-96.256348,41.109304],[-96.256348,41.109304],[-96.256348,41.109304],[-96.256348,41.109304],[-96.256348,41.109304],[-96.256348,41.109304],[-96.256348,41.109304],[-96.256348,41.109304],[-96.256348,41.109304],[-96.256348,41.109304],[-96.256348,41.109304],[-96.256348,41.109304],[-96.256348,41.109304],[-96.256348,41.109304],[-96.256348,41.109304],[-96.256348,41.109304]],[[-96.256348,41.1093],[-96.256348,41.1093],[-96.256348,41.1093],[-96.256348,41.1093],[-96.256348,41.1093],[-96.256348,41.1093],[-96.256348,41.109301],[-96.256348,41.109301],[-96.256348,41.109301],[-96.256348,41.109301],[-96.256348,41.109301],[-96.256348,41.109301],[-96.256348,41.109301],[-96.256348,41.109301],[-96.256348,41.109301],[-96.256348,41.109301],[-96.256348,41.109301],[-96.256348,41.109301],[-96.256348,41.109301],[-96.256348,41.109301],[-96.256348,41.109301],[-96.256348,41.109301],[-96.256348,41.109301],[-96.256348,41.109301],[-96.256348,41.109301],[-96.256348,41.109301],[-96.256348,41.109301],[-96.256348,41.109301],[-96.256348,41.109301],[-96.256348,41.109301],[-96.256348,41.109301],[-96.256348,41.109301],[-96.256348,41.109301],[-96.256348,41.109301],[-96.256348,41.109301],[-96.256348,41.109301],[-96.256348,41.109301],[-96.256348,41.109301],[-96.256348,41.109301],[-96.256348,41.109301]],[[-96.256348,41.109304],[-96.256348,41.109304]],[[-96.256348,41.109301],[-96.256348,41.109301]],[[-96.256348,41.109304],[-96.256348,41.109304]],[[-96.256348,41.109301],[-96.256348,41.109301]],[[-96.256348,41.109304],[-96.256348,41.109304],[-96.256348,41.109304],[-96.256348,41.109304],[-96.256348,41.109304],[-96.256348,41.109304],[-96.256348,41.109304],[-96.256348,41.109304],[-96.256348,41.109304],[-96.256348,41.109304],[-96.256348,41.109304],[-96.256348,41.109304],[-96.256348,41.109304],[-96.256348,41.109304],[-96.256348,41.109304],[-96.256348,41.109304],[-96.256348,41.109304],[-96.256348,41.109304],[-96.256348,41.109304],[-96.256348,41.109304],[-96.256348,41.109304],[-96.256348,41.109304],[-96.256348,41.109304],[-96.256348,41.109304],[-96.256348,41.109304],[-96.256348,41.109304],[-96.256348,41.109304],[-96.256348,41.109304],[-96.256348,41.109304],[-96.256348,41.109304],[-96.256348,41.109304],[-96.256348,41.109304],[-96.256348,41.109304],[-96.256348,41.109304],[-96.256348,41.109304],[-96.256348,41.109304],[-96.256348,41.109304],[-96.256348,41.109304],[-96.256348,41.109304],[-96.256348,41.109304],[-96.256348,41.109304],[-96.256348,41.109304],[-96.256348,41.109304],[-96.256348,41.109304],[-96.256348,41.109304],[-96.256348,41.109304],[-96.256348,41.109304],[-96.256348,41.109304],[-96.256348,41.109304],[-96.256348,41.109304],[-96.256348,41.109304],[-96.256348,41.109304],[-96.256348,41.109304],[-96.256348,41.109304],[-96.256348,41.109304],[-96.256348,41.109304],[-96.256348,41.109304],[-96.256348,41.109304],[-96.256348,41.109304],[-96.256348,41.109304],[-96.256348,41.109304],[-96.256348,41.109304],[-96.256348,41.109304],[-96.256348,41.109304],[-96.256348,41.109304],[-96.256348,41.109304],[-96.256348,41.109304],[-96.256348,41.109304],[-96.256348,41.109304],[-96.256348,41.109304],[-96.256348,41.109304],[-96.256348,41.109304]],[[-96.256348,41.1093],[-96.256348,41.1093],[-96.256348,41.1093],[-96.256348,41.1093],[-96.256348,41.1093],[-96.256348,41.1093],[-96.256348,41.1093],[-96.256348,41.1093],[-96.256348,41.1093],[-96.256348,41.1093],[-96.256348,41.1093],[-96.256348,41.1093],[-96.256348,41.1093],[-96.256348,41.1093],[-96.256348,41.1093],[-96.256348,41.1093],[-96.256348,41.1093],[-96.256348,41.1093],[-96.256348,41.1093],[-96.256348,41.1093],[-96.256348,41.1093],[-96.256348,41.1093],[-96.256348,41.1093],[-96.256348,41.1093],[-96.256348,41.1093],[-96.256348,41.1093],[-96.256348,41.1093],[-96.256348,41.1093],[-96.256348,41.1093],[-96.256348,41.1093],[-96.256348,41.1093],[-96.256348,41.1093],[-96.256348,41.1093],[-96.256348,41.1093],[-96.256348,41.1093],[-96.256348,41.1093],[-96.256348,41.1093],[-96.256348,41.1093],[-96.256348,41.1093],[-96.256348,41.1093],[-96.256348,41.1093],[-96.256348,41.1093],[-96.256348,41.1093],[-96.256348,41.1093],[-96.256348,41.1093],[-96.256348,41.1093],[-96.256348,41.1093],[-96.256348,41.1093],[-96.256348,41.1093],[-96.256348,41.1093],[-96.256348,41.1093],[-96.256348,41.1093],[-96.256348,41.1093],[-96.256348,41.1093],[-96.256348,41.1093],[-96.256348,41.1093],[-96.256348,41.1093],[-96.256348,41.1093],[-96.256348,41.1093],[-96.256348,41.1093],[-96.256348,41.1093],[-96.256348,41.1093],[-96.256348,41.1093],[-96.256348,41.1093],[-96.256348,41.1093],[-96.256348,41.1093],[-96.256348,41.1093],[-96.256348,41.1093],[-96.256348,41.1093],[-96.256348,41.1093],[-96.256348,41.1093],[-96.256348,41.1093]],[[-96.256347,41.1093],[-96.256347,41.1093],[-96.256347,41.1093],[-96.256347,41.1093],[-96.256347,41.1093],[-96.256347,41.1093],[-96.256348,41.1093],[-96.256348,41.1093],[-96.256348,41.1093],[-96.256348,41.1093],[-96.256348,41.1093],[-96.256348,41.1093],[-96.256348,41.1093],[-96.256348,41.1093],[-96.256348,41.1093],[-96.256348,41.1093],[-96.256348,41.1093],[-96.256348,41.1093],[-96.256348,41.1093],[-96.256348,41.1093],[-96.256348,41.1093],[-96.256348,41.1093],[-96.256348,41.1093],[-96.256348,41.1093],[-96.256348,41.1093],[-96.256348,41.1093],[-96.256348,41.1093],[-96.256348,41.1093],[-96.256348,41.1093],[-96.256348,41.1093],[-96.256348,41.1093],[-96.256348,41.1093],[-96.256348,41.1093],[-96.256348,41.1093],[-96.256348,41.1093],[-96.256348,41.1093],[-96.256348,41.1093],[-96.256348,41.1093],[-96.256348,41.1093],[-96.256348,41.1093]],[[-96.256348,41.109304],[-96.256348,41.109304]],[[-96.256348,41.1093],[-96.256348,41.1093]],[[-96.256348,41.109304],[-96.256348,41.109304],[-96.256348,41.109304],[-96.256348,41.109304],[-96.256348,41.109304],[-96.256348,41.109304],[-96.256348,41.109304],[-96.256348,41.109304],[-96.256348,41.109304],[-96.256348,41.109304],[-96.256348,41.109304],[-96.256348,41.109304],[-96.256348,41.109304],[-96.256348,41.109304],[-96.256348,41.109304],[-96.256348,41.109304],[-96.256348,41.109304],[-96.256348,41.109304],[-96.256348,41.109304],[-96.256348,41.109304],[-96.256348,41.109304],[-96.256348,41.109304],[-96.256348,41.109304],[-96.256348,41.109304],[-96.256348,41.109304],[-96.256348,41.109304],[-96.256348,41.109304],[-96.256348,41.109304],[-96.256348,41.109304],[-96.256348,41.109304],[-96.256348,41.109304],[-96.256348,41.109304],[-96.256348,41.109304],[-96.256348,41.109304],[-96.256347,41.109304],[-96.256347,41.109304],[-96.256347,41.109304],[-96.256347,41.109304],[-96.256347,41.109304],[-96.256347,41.109304]],[[-96.256348,41.109304],[-96.256348,41.109304],[-96.256348,41.109304],[-96.256348,41.109304],[-96.256348,41.109304],[-96.256348,41.109304],[-96.256348,41.109304],[-96.256348,41.109304],[-96.256348,41.109304],[-96.256348,41.109304],[-96.256348,41.109304],[-96.256348,41.109304],[-96.256348,41.109304],[-96.256348,41.109304],[-96.256348,41.109304],[-96.256348,41.109304],[-96.256348,41.109304],[-96.256348,41.109304],[-96.256348,41.109304],[-96.256348,41.109304],[-96.256348,41.109304],[-96.256348,41.109304],[-96.256348,41.109304],[-96.256348,41.109304],[-96.256348,41.109304],[-96.256348,41.109304],[-96.256348,41.109304],[-96.256348,41.109304],[-96.256347,41.109304],[-96.256347,41.109304],[-96.256347,41.109304],[-96.256347,41.109304],[-96.256347,41.109304],[-96.256347,41.109304],[-96.256347,41.109304],[-96.256347,41.109304],[-96.256347,41.109304],[-96.256347,41.109304],[-96.256347,41.109304],[-96.256347,41.109304],[-96.256347,41.109304],[-96.256347,41.109304],[-96.256347,41.109304],[-96.256347,41.109304],[-96.256347,41.109304],[-96.256347,41.109304],[-96.256347,41.109304],[-96.256347,41.109304],[-96.256347,41.109304],[-96.256347,41.109304],[-96.256347,41.109304],[-96.256347,41.109304],[-96.256347,41.109304],[-96.256347,41.109304],[-96.256347,41.109304],[-96.256347,41.109304]],[[-96.256347,41.1093],[-96.256347,41.1093],[-96.256347,41.1093],[-96.256347,41.1093],[-96.256347,41.1093],[-96.256347,41.1093],[-96.256347,41.1093],[-96.256347,41.1093],[-96.256347,41.1093],[-96.256347,41.1093],[-96.256347,41.1093],[-96.256347,41.1093],[-96.256347,41.1093],[-96.256347,41.1093],[-96.256347,41.1093],[-96.256347,41.1093],[-96.256347,41.1093],[-96.256347,41.1093],[-96.256347,41.1093],[-96.256347,41.1093],[-96.256347,41.1093],[-96.256347,41.1093],[-96.256347,41.1093],[-96.256347,41.1093],[-96.256347,41.1093],[-96.256347,41.1093],[-96.256347,41.1093],[-96.256347,41.1093],[-96.256348,41.1093],[-96.256348,41.1093],[-96.256348,41.1093],[-96.256348,41.109301],[-96.256348,41.109301],[-96.256348,41.109301],[-96.256348,41.109301],[-96.256348,41.109301],[-96.256348,41.109301],[-96.256348,41.109301],[-96.256348,41.109301],[-96.256348,41.109301],[-96.256348,41.109301],[-96.256348,41.109301],[-96.256348,41.109301],[-96.256348,41.109301],[-96.256348,41.109301],[-96.256348,41.109301],[-96.256348,41.109301],[-96.256348,41.109301],[-96.256348,41.109301],[-96.256348,41.109301],[-96.256348,41.109301],[-96.256348,41.109301],[-96.256348,41.109301],[-96.256348,41.109301],[-96.256348,41.109301],[-96.256348,41.109301]],[[-96.256347,41.109304],[-96.256347,41.109304],[-96.256347,41.109304],[-96.256347,41.109304],[-96.256347,41.109304],[-96.256347,41.109304],[-96.256347,41.109304],[-96.256347,41.109304],[-96.256347,41.109304],[-96.256347,41.109304],[-96.256347,41.109304],[-96.256347,41.109304],[-96.256347,41.109304],[-96.256347,41.109304],[-96.256347,41.109304],[-96.256347,41.109304],[-96.256347,41.109304],[-96.256347,41.109304],[-96.256347,41.109304],[-96.256347,41.109304],[-96.256347,41.109304],[-96.256347,41.109304],[-96.256347,41.109304],[-96.256347,41.109304],[-96.256347,41.109304],[-96.256347,41.109304],[-96.256347,41.109304],[-96.256347,41.109304],[-96.256347,41.109304],[-96.256347,41.109304],[-96.256347,41.109304],[-96.256347,41.109304],[-96.256347,41.109304],[-96.256347,41.109304],[-96.256347,41.109304],[-96.256347,41.109304],[-96.256347,41.109304],[-96.256347,41.109304],[-96.256347,41.109304],[-96.256347,41.109304],[-96.256347,41.109304],[-96.256347,41.109304],[-96.256347,41.109304],[-96.256347,41.109304],[-96.256347,41.109304],[-96.256347,41.109304],[-96.256347,41.109304],[-96.256347,41.109304]],[[-96.256347,41.1093],[-96.256347,41.1093],[-96.256347,41.1093],[-96.256347,41.1093],[-96.256347,41.1093],[-96.256347,41.1093],[-96.256347,41.1093],[-96.256347,41.1093],[-96.256347,41.1093],[-96.256347,41.1093],[-96.256347,41.1093],[-96.256347,41.1093],[-96.256347,41.1093],[-96.256347,41.1093],[-96.256347,41.1093],[-96.256347,41.1093],[-96.256347,41.1093],[-96.256347,41.1093],[-96.256347,41.1093],[-96.256347,41.1093],[-96.256347,41.1093],[-96.256347,41.1093],[-96.256347,41.1093],[-96.256347,41.1093],[-96.256347,41.1093],[-96.256347,41.1093],[-96.256347,41.1093],[-96.256347,41.1093],[-96.256347,41.1093],[-96.256347,41.1093],[-96.256347,41.1093],[-96.256347,41.1093],[-96.256347,41.1093],[-96.256347,41.1093],[-96.256347,41.1093],[-96.256347,41.1093],[-96.256347,41.1093],[-96.256347,41.1093],[-96.256347,41.1093],[-96.256347,41.1093],[-96.256347,41.1093],[-96.256347,41.1093],[-96.256347,41.1093],[-96.256347,41.1093],[-96.256347,41.1093],[-96.256347,41.1093],[-96.256347,41.1093],[-96.256347,41.1093]],[[-96.256347,41.109304],[-96.256347,41.109304],[-96.256347,41.109304],[-96.256347,41.109304],[-96.256347,41.109304],[-96.256347,41.109304],[-96.256347,41.109304],[-96.256347,41.109304],[-96.256347,41.109304],[-96.256347,41.109304],[-96.256347,41.109304],[-96.256347,41.109304],[-96.256347,41.109304],[-96.256347,41.109304],[-96.256347,41.109304],[-96.256347,41.109304],[-96.256347,41.109304],[-96.256346,41.109304],[-96.256346,41.109304],[-96.256346,41.109304],[-96.256346,41.109304],[-96.256346,41.109304],[-96.256346,41.109304],[-96.256346,41.109304],[-96.256346,41.109304],[-96.256346,41.109304],[-96.256346,41.109304],[-96.256346,41.109304],[-96.256346,41.109304],[-96.256346,41.109304],[-96.256346,41.109304],[-96.256346,41.109304],[-96.256346,41.109304],[-96.256346,41.109304],[-96.256346,41.109304],[-96.256346,41.109304],[-96.256346,41.109304],[-96.256346,41.109304],[-96.256346,41.109304],[-96.256346,41.109304]],[[-96.256346,41.109304],[-96.256346,41.109304],[-96.256346,41.109304],[-96.256346,41.109304],[-96.256346,41.109304],[-96.256346,41.109304],[-96.256346,41.109304],[-96.256346,41.109304],[-96.256346,41.109304],[-96.256346,41.109304],[-96.256346,41.109304],[-96.256346,41.109304],[-96.256346,41.109304],[-96.256346,41.109304],[-96.256346,41.109304],[-96.256346,41.109304],[-96.256346,41.109304],[-96.256346,41.109304],[-96.256346,41.109304],[-96.256346,41.109304],[-96.256346,41.109304],[-96.256346,41.109304],[-96.256346,41.109304],[-96.256346,41.109304],[-96.256346,41.109304],[-96.256346,41.109304],[-96.256346,41.109304],[-96.256346,41.109304],[-96.256346,41.109304],[-96.256346,41.109304],[-96.256346,41.109304],[-96.256346,41.109304]],[[-96.256346,41.1093],[-96.256346,41.1093],[-96.256346,41.1093],[-96.256346,41.1093],[-96.256346,41.1093],[-96.256346,41.1093],[-96.256346,41.1093],[-96.256346,41.1093],[-96.256346,41.1093],[-96.256346,41.1093],[-96.256346,41.1093],[-96.256346,41.1093],[-96.256346,41.1093],[-96.256346,41.1093],[-96.256346,41.1093],[-96.256346,41.1093],[-96.256346,41.1093],[-96.256346,41.1093],[-96.256346,41.1093],[-96.256346,41.1093],[-96.256346,41.1093],[-96.256346,41.1093],[-96.256346,41.1093],[-96.256346,41.1093],[-96.256346,41.1093],[-96.256346,41.1093],[-96.256346,41.1093],[-96.256346,41.1093],[-96.256346,41.1093],[-96.256346,41.1093],[-96.256346,41.1093],[-96.256346,41.1093]],[[-96.256346,41.1093],[-96.256346,41.1093],[-96.256346,41.1093],[-96.256346,41.1093],[-96.256346,41.1093],[-96.256346,41.1093],[-96.256346,41.1093],[-96.256346,41.1093],[-96.256346,41.1093],[-96.256346,41.1093],[-96.256346,41.1093],[-96.256346,41.1093],[-96.256346,41.1093],[-96.256346,41.1093],[-96.256346,41.1093],[-96.256346,41.1093],[-96.256346,41.1093],[-96.256346,41.1093],[-96.256346,41.1093],[-96.256346,41.1093],[-96.256346,41.1093],[-96.256346,41.1093],[-96.256346,41.1093],[-96.256346,41.1093],[-96.256347,41.1093],[-96.256347,41.1093],[-96.256347,41.1093],[-96.256347,41.1093],[-96.256347,41.1093],[-96.256347,41.1093],[-96.256347,41.1093],[-96.256347,41.1093],[-96.256347,41.1093],[-96.256347,41.1093],[-96.256347,41.1093],[-96.256347,41.1093],[-96.256347,41.1093],[-96.256347,41.1093],[-96.256347,41.1093],[-96.256347,41.1093]],[[-96.256346,41.109304],[-96.256346,41.109304],[-96.256346,41.109304],[-96.256346,41.109304],[-96.256346,41.109304],[-96.256346,41.109304],[-96.256346,41.109304],[-96.256346,41.109304],[-96.256346,41.109304],[-96.256346,41.109304],[-96.256346,41.109304],[-96.256346,41.109304],[-96.256346,41.109304],[-96.256346,41.109304],[-96.256346,41.109304],[-96.256346,41.109304],[-96.256346,41.109304],[-96.256346,41.109304],[-96.256346,41.109304],[-96.256346,41.109304],[-96.256346,41.109304],[-96.256346,41.109304],[-96.256346,41.109304],[-96.256346,41.109304],[-96.256346,41.109304],[-96.256346,41.109304],[-96.256346,41.109304],[-96.256346,41.109304],[-96.256346,41.109304],[-96.256346,41.109304],[-96.256346,41.109304],[-96.256346,41.109304]],[[-96.256346,41.109304],[-96.256346,41.109304],[-96.256346,41.109304],[-96.256346,41.109304],[-96.256346,41.109304],[-96.256346,41.109304],[-96.256346,41.109304],[-96.256346,41.109304],[-96.256346,41.109304],[-96.256346,41.109304],[-96.256346,41.109304],[-96.256346,41.109304],[-96.256346,41.109304],[-96.256346,41.109304],[-96.256346,41.109304],[-96.256346,41.109304],[-96.256346,41.109304],[-96.256346,41.109304],[-96.256346,41.109304],[-96.256346,41.109304],[-96.256346,41.109304],[-96.256346,41.109304],[-96.256346,41.109304],[-96.256346,41.109304],[-96.256346,41.109304],[-96.256346,41.109304],[-96.256346,41.109304],[-96.256346,41.109304],[-96.256346,41.109304],[-96.256346,41.109304],[-96.256346,41.109304],[-96.256346,41.109304],[-96.256346,41.109304],[-96.256346,41.109304],[-96.256346,41.109304],[-96.256346,41.109304],[-96.256346,41.109304],[-96.256346,41.109304],[-96.256346,41.109304],[-96.256346,41.109304]],[[-96.256346,41.1093],[-96.256346,41.1093],[-96.256346,41.1093],[-96.256346,41.1093],[-96.256346,41.1093],[-96.256346,41.1093],[-96.256346,41.1093],[-96.256346,41.1093],[-96.256346,41.1093],[-96.256346,41.1093],[-96.256346,41.1093],[-96.256346,41.1093],[-96.256346,41.1093],[-96.256346,41.1093],[-96.256346,41.1093],[-96.256346,41.1093],[-96.256346,41.1093],[-96.256346,41.1093],[-96.256346,41.1093],[-96.256346,41.1093],[-96.256346,41.1093],[-96.256346,41.1093],[-96.256346,41.1093],[-96.256346,41.1093],[-96.256346,41.1093],[-96.256346,41.1093],[-96.256346,41.1093],[-96.256346,41.1093],[-96.256346,41.1093],[-96.256346,41.1093],[-96.256346,41.1093],[-96.256346,41.1093],[-96.256346,41.1093],[-96.256346,41.1093],[-96.256346,41.1093],[-96.256346,41.1093],[-96.256346,41.1093],[-96.256346,41.1093],[-96.256346,41.1093],[-96.256346,41.1093]],[[-96.256346,41.1093],[-96.256346,41.1093],[-96.256346,41.1093],[-96.256346,41.1093],[-96.256346,41.1093],[-96.256346,41.1093],[-96.256346,41.1093],[-96.256346,41.1093],[-96.256346,41.1093],[-96.256346,41.1093],[-96.256346,41.1093],[-96.256346,41.1093],[-96.256346,41.1093],[-96.256346,41.1093],[-96.256346,41.1093],[-96.256346,41.1093],[-96.256346,41.1093],[-96.256346,41.1093],[-96.256346,41.1093],[-96.256346,41.1093],[-96.256346,41.1093],[-96.256346,41.1093],[-96.256346,41.1093],[-96.256346,41.1093],[-96.256346,41.1093],[-96.256346,41.1093],[-96.256346,41.1093],[-96.256346,41.1093],[-96.256346,41.1093],[-96.256346,41.1093],[-96.256346,41.1093],[-96.256346,41.1093]],[[-96.256346,41.109304],[-96.256346,41.109304],[-96.256346,41.109304],[-96.256346,41.109304],[-96.256346,41.109304],[-96.256346,41.109304],[-96.256346,41.109304],[-96.256346,41.109304],[-96.256346,41.109304],[-96.256346,41.109304],[-96.256346,41.109304],[-96.256346,41.109304],[-96.256346,41.109304],[-96.256346,41.109304],[-96.256346,41.109304],[-96.256346,41.109304],[-96.256346,41.109304],[-96.256346,41.109304],[-96.256346,41.109304],[-96.256346,41.109304],[-96.256346,41.109304],[-96.256346,41.109304],[-96.256346,41.109304],[-96.256346,41.109304],[-96.256346,41.109304],[-96.256346,41.109304],[-96.256346,41.109304],[-96.256346,41.109304],[-96.256346,41.109304],[-96.256346,41.109304],[-96.256346,41.109304],[-96.256346,41.109304],[-96.256346,41.109304],[-96.256347,41.109304],[-96.256347,41.109304],[-96.256347,41.109304],[-96.256347,41.109304],[-96.256347,41.109304],[-96.256347,41.109304],[-96.256347,41.109304]],[[-96.256347,41.1093],[-96.256347,41.1093],[-96.256347,41.1093],[-96.256347,41.1093],[-96.256347,41.1093],[-96.256347,41.1093],[-96.256347,41.1093],[-96.256346,41.1093],[-96.256346,41.1093],[-96.256346,41.1093],[-96.256346,41.1093],[-96.256346,41.1093],[-96.256346,41.1093],[-96.256346,41.1093],[-96.256346,41.1093],[-96.256346,41.1093],[-96.256346,41.1093],[-96.256346,41.1093],[-96.256346,41.1093],[-96.256346,41.1093],[-96.256346,41.1093],[-96.256346,41.1093],[-96.256346,41.1093],[-96.256346,41.1093],[-96.256346,41.1093],[-96.256346,41.1093],[-96.256346,41.1093],[-96.256346,41.1093],[-96.256346,41.1093],[-96.256346,41.1093],[-96.256346,41.1093],[-96.256346,41.1093],[-96.256346,41.1093],[-96.256346,41.1093],[-96.256346,41.1093],[-96.256346,41.1093],[-96.256346,41.1093],[-96.256346,41.1093],[-96.256346,41.1093],[-96.256346,41.1093]],[[-96.256347,41.109304],[-96.256347,41.109304],[-96.256347,41.109304],[-96.256347,41.109304],[-96.256347,41.109304],[-96.256347,41.109304],[-96.256347,41.109304],[-96.256347,41.109304],[-96.256347,41.109304],[-96.256347,41.109304],[-96.256347,41.109304],[-96.256347,41.109304],[-96.256347,41.109304],[-96.256347,41.109304],[-96.256347,41.109304],[-96.256347,41.109304],[-96.256347,41.109304],[-96.256347,41.109304],[-96.256347,41.109304],[-96.256347,41.109304],[-96.256347,41.109304],[-96.256347,41.109304],[-96.256347,41.109304],[-96.256347,41.109304],[-96.256347,41.109304],[-96.256347,41.109304],[-96.256347,41.109304],[-96.256347,41.109304],[-96.256347,41.109304],[-96.256347,41.109304],[-96.256347,41.109304],[-96.256347,41.109304],[-96.256347,41.109304],[-96.256348,41.109304],[-96.256348,41.109304],[-96.256348,41.109304],[-96.256348,41.109304],[-96.256348,41.109304],[-96.256348,41.109304],[-96.256348,41.109304]],[[-96.256348,41.109301],[-96.256348,41.109301],[-96.256348,41.109301],[-96.256348,41.109301],[-96.256348,41.109301],[-96.256348,41.109301],[-96.256348,41.109301],[-96.256347,41.109301],[-96.256347,41.109301],[-96.256347,41.109301],[-96.256347,41.109301],[-96.256347,41.109301],[-96.256347,41.109301],[-96.256347,41.109301],[-96.256347,41.1093],[-96.256347,41.1093],[-96.256347,41.1093],[-96.256347,41.1093],[-96.256347,41.1093],[-96.256347,41.1093],[-96.256347,41.1093],[-96.256347,41.1093],[-96.256347,41.1093],[-96.256347,41.1093],[-96.256347,41.1093],[-96.256347,41.1093],[-96.256347,41.1093],[-96.256347,41.1093],[-96.256347,41.1093],[-96.256347,41.1093],[-96.256347,41.1093],[-96.256347,41.1093],[-96.256347,41.1093],[-96.256347,41.1093],[-96.256347,41.1093],[-96.256347,41.1093],[-96.256347,41.1093],[-96.256347,41.1093],[-96.256347,41.1093],[-96.256347,41.1093]],[[-96.256348,41.109304],[-96.256348,41.109304],[-96.256348,41.109304],[-96.256348,41.109304],[-96.256348,41.109304],[-96.256348,41.109304],[-96.256348,41.109304],[-96.256348,41.109304],[-96.256348,41.109304],[-96.256348,41.109304],[-96.256348,41.109304],[-96.256348,41.109304],[-96.256348,41.109304],[-96.256348,41.109304],[-96.256348,41.109304],[-96.256348,41.109304],[-96.256348,41.109304],[-96.256348,41.109304],[-96.256348,41.109304],[-96.256348,41.109304],[-96.256348,41.109304],[-96.256348,41.109304],[-96.256348,41.109304],[-96.256348,41.109304],[-96.256348,41.109304],[-96.256348,41.109304],[-96.256348,41.109304],[-96.256348,41.109304],[-96.256348,41.109304],[-96.256348,41.109304],[-96.256348,41.109304],[-96.256348,41.109304],[-96.256348,41.109304],[-96.256348,41.109304],[-96.256348,41.109304],[-96.256348,41.109304],[-96.256348,41.109304],[-96.256348,41.109304],[-96.256348,41.109304],[-96.256348,41.109304]],[[-96.256348,41.109301],[-96.256348,41.109301],[-96.256348,41.109301],[-96.256348,41.109301],[-96.256348,41.109301],[-96.256348,41.109301],[-96.256348,41.109301],[-96.256348,41.109301],[-96.256348,41.109301],[-96.256348,41.109301],[-96.256348,41.109301],[-96.256348,41.109301],[-96.256348,41.109301],[-96.256348,41.109301],[-96.256348,41.109301],[-96.256348,41.109301],[-96.256348,41.109301],[-96.256348,41.109301],[-96.256348,41.109301],[-96.256348,41.109301],[-96.256348,41.109301],[-96.256348,41.109301],[-96.256348,41.109301],[-96.256348,41.109301],[-96.256348,41.109301],[-96.256348,41.109301],[-96.256348,41.109301],[-96.256348,41.109301],[-96.256348,41.109301],[-96.256348,41.109301],[-96.256348,41.109301],[-96.256348,41.109301],[-96.256348,41.109301],[-96.256348,41.109301],[-96.256348,41.109301],[-96.256348,41.109301],[-96.256348,41.109301],[-96.256348,41.109301],[-96.256348,41.109301],[-96.256348,41.109301]],[[-96.256348,41.109301],[-96.256348,41.109301],[-96.256348,41.109301],[-96.256348,41.109301],[-96.256348,41.109301],[-96.256348,41.109301],[-96.256348,41.109301],[-96.256348,41.109301],[-96.256348,41.109301],[-96.256348,41.109301],[-96.256348,41.109301],[-96.256348,41.109301],[-96.256348,41.109301],[-96.256348,41.109301],[-96.256348,41.109301],[-96.256348,41.109301],[-96.256348,41.109301],[-96.256348,41.109301],[-96.256348,41.109301],[-96.256348,41.109301],[-96.256348,41.109301],[-96.256348,41.109301],[-96.256348,41.109301],[-96.256348,41.109301],[-96.256348,41.109301],[-96.256348,41.109301],[-96.256348,41.109301],[-96.256348,41.109301],[-96.256348,41.109301],[-96.256348,41.109301],[-96.256348,41.109301],[-96.256348,41.109301],[-96.256348,41.109301],[-96.256348,41.109301],[-96.256348,41.109301],[-96.256348,41.109301],[-96.256348,41.109301],[-96.256348,41.109301],[-96.256348,41.109301],[-96.256348,41.109301]],[[-96.256348,41.109301],[-96.256348,41.109301],[-96.256348,41.109301],[-96.256348,41.109301],[-96.256348,41.109301],[-96.256348,41.109301],[-96.256348,41.109301],[-96.256348,41.109301],[-96.256348,41.109301],[-96.256348,41.109301],[-96.256348,41.109301],[-96.256348,41.109301],[-96.256348,41.109301],[-96.256348,41.109301],[-96.256348,41.109301],[-96.256348,41.109301],[-96.256348,41.109301],[-96.256348,41.109301],[-96.256348,41.109301],[-96.256348,41.109301],[-96.256348,41.109301],[-96.256348,41.109301],[-96.256348,41.109301],[-96.256348,41.109301],[-96.256348,41.109301],[-96.256348,41.109301],[-96.256348,41.109301],[-96.256348,41.109301],[-96.256348,41.109301],[-96.256348,41.109301],[-96.256348,41.109301],[-96.256348,41.109301],[-96.256348,41.109301],[-96.256348,41.109301],[-96.256348,41.109301],[-96.256348,41.109301],[-96.256348,41.109301],[-96.256348,41.109301],[-96.256348,41.109301],[-96.256348,41.109301],[-96.256348,41.109301],[-96.256348,41.109301],[-96.256348,41.109301],[-96.256348,41.109301],[-96.256348,41.109301],[-96.256348,41.109301],[-96.256348,41.109301],[-96.256348,41.109301]],[[-96.256348,41.109301],[-96.256348,41.109301],[-96.256348,41.109301],[-96.256348,41.109301],[-96.256348,41.109301],[-96.256348,41.109301],[-96.256348,41.109301],[-96.256348,41.109301],[-96.256348,41.109301],[-96.256348,41.109301],[-96.256348,41.109301],[-96.256348,41.109301],[-96.256348,41.109301],[-96.256348,41.109301],[-96.256348,41.109301],[-96.256348,41.109301],[-96.256348,41.109301],[-96.256348,41.109301],[-96.256348,41.109301],[-96.256348,41.109301],[-96.256348,41.109301],[-96.256348,41.109301],[-96.256348,41.109301],[-96.256348,41.109301],[-96.256348,41.109301],[-96.256348,41.109301],[-96.256348,41.109301],[-96.256348,41.109301],[-96.256348,41.109301],[-96.256348,41.109301],[-96.256348,41.109301],[-96.256348,41.109301]],[[-96.256348,41.109304],[-96.256348,41.109304],[-96.256348,41.109304],[-96.256348,41.109304],[-96.256348,41.109304],[-96.256348,41.109304],[-96.256348,41.109304],[-96.256348,41.109304],[-96.256348,41.109304],[-96.256348,41.109304],[-96.256348,41.109304],[-96.256348,41.109304],[-96.256348,41.109304],[-96.256348,41.109304],[-96.256348,41.109304],[-96.256348,41.109304],[-96.256348,41.109304],[-96.256348,41.109304],[-96.256348,41.109304],[-96.256348,41.109304],[-96.256348,41.109304],[-96.256348,41.109304],[-96.256348,41.109304],[-96.256348,41.109304],[-96.256348,41.109304],[-96.256348,41.109304],[-96.256348,41.109304],[-96.256348,41.109304],[-96.256348,41.109304],[-96.256348,41.109304],[-96.256348,41.109304],[-96.256348,41.109304]],[[-96.256348,41.109304],[-96.256348,41.109304],[-96.256348,41.109304],[-96.256348,41.109304],[-96.256348,41.109304],[-96.256348,41.109304],[-96.256348,41.109304],[-96.256348,41.109304],[-96.256348,41.109304],[-96.256348,41.109304],[-96.256348,41.109304],[-96.256348,41.109304],[-96.256348,41.109304],[-96.256348,41.109304],[-96.256348,41.109304],[-96.256348,41.109304],[-96.256348,41.109304],[-96.256348,41.109304],[-96.256348,41.109304],[-96.256348,41.109304],[-96.256348,41.109304],[-96.256348,41.109304],[-96.256348,41.109304],[-96.256348,41.109304],[-96.256348,41.109304],[-96.256348,41.109304],[-96.256348,41.109304],[-96.256348,41.109304],[-96.256348,41.109304],[-96.256348,41.109304],[-96.256348,41.109304],[-96.256348,41.109304],[-96.256348,41.109304],[-96.256348,41.109304],[-96.256348,41.109304],[-96.256348,41.109304],[-96.256348,41.109304],[-96.256348,41.109304],[-96.256348,41.109304],[-96.256348,41.109304],[-96.256348,41.109304],[-96.256348,41.109304],[-96.256348,41.109304],[-96.256348,41.109304],[-96.256348,41.109304],[-96.256348,41.109304],[-96.256348,41.109304],[-96.256348,41.109304]],[[-96.256348,41.109304],[-96.256348,41.109304],[-96.256348,41.109304],[-96.256348,41.109304],[-96.256348,41.109304],[-96.256348,41.109304],[-96.256348,41.109304],[-96.256348,41.109304],[-96.256348,41.109304],[-96.256348,41.109304],[-96.256348,41.109304],[-96.256348,41.109304],[-96.256348,41.109304],[-96.256348,41.109304],[-96.256348,41.109304],[-96.256348,41.109304],[-96.256348,41.109304],[-96.256348,41.109304],[-96.256348,41.109304],[-96.256348,41.109304],[-96.256348,41.109304],[-96.256348,41.109304],[-96.256348,41.109304],[-96.256348,41.109304],[-96.256348,41.109304],[-96.256348,41.109304],[-96.256348,41.109304],[-96.256348,41.109304],[-96.256348,41.109304],[-96.256348,41.109304],[-96.256348,41.109304],[-96.256348,41.109304],[-96.256348,41.109304],[-96.256348,41.109304],[-96.256348,41.109304],[-96.256348,41.109304],[-96.256348,41.109304],[-96.256348,41.109304],[-96.256348,41.109304],[-96.256348,41.109304]],[[-96.256348,41.109301],[-96.256348,41.109301],[-96.256348,41.109301],[-96.256348,41.109301],[-96.256348,41.109301],[-96.256348,41.109301],[-96.256348,41.109301],[-96.256348,41.109301],[-96.256348,41.109301],[-96.256348,41.109301],[-96.256348,41.109301],[-96.256348,41.109301],[-96.256348,41.109301],[-96.256348,41.109301],[-96.256348,41.109301],[-96.256348,41.109301],[-96.256348,41.109301],[-96.256348,41.109301],[-96.256348,41.109301],[-96.256348,41.109301],[-96.256348,41.109301],[-96.256348,41.109301],[-96.256348,41.109301],[-96.256348,41.109301],[-96.256348,41.109301],[-96.256348,41.109301],[-96.256348,41.109301],[-96.256348,41.109301],[-96.256348,41.109301],[-96.256348,41.109301],[-96.256348,41.109301],[-96.256348,41.109301],[-96.256348,41.109301],[-96.256348,41.109301],[-96.256348,41.109301],[-96.256348,41.109301],[-96.256348,41.109301],[-96.256348,41.109301],[-96.256348,41.109301],[-96.256348,41.109301],[-96.256348,41.109301],[-96.256348,41.109301],[-96.256348,41.109301],[-96.256348,41.109301],[-96.256348,41.109301],[-96.256348,41.109301],[-96.256348,41.109301],[-96.256348,41.109301],[-96.256348,41.109301],[-96.256348,41.109301],[-96.256348,41.109301],[-96.256348,41.109301],[-96.256348,41.109301],[-96.256348,41.109301],[-96.256348,41.109301],[-96.256348,41.109301]],[[-96.256348,41.109304],[-96.256348,41.109304],[-96.256348,41.109304],[-96.256348,41.109304],[-96.256348,41.109304],[-96.256348,41.109304],[-96.256348,41.109304],[-96.256348,41.109304],[-96.256348,41.109304],[-96.256348,41.109304],[-96.256348,41.109304],[-96.256348,41.109304],[-96.256348,41.109304],[-96.256348,41.109304],[-96.256348,41.109304],[-96.256348,41.109304],[-96.256348,41.109304],[-96.256348,41.109304],[-96.256348,41.109304],[-96.256348,41.109304],[-96.256348,41.109304],[-96.256348,41.109304],[-96.256348,41.109304],[-96.256348,41.109304],[-96.256348,41.109304],[-96.256348,41.109304],[-96.256348,41.109304],[-96.256348,41.109304],[-96.256348,41.109304],[-96.256348,41.109304],[-96.256348,41.109304],[-96.256348,41.109304],[-96.256348,41.109304],[-96.256348,41.109304],[-96.256348,41.109304],[-96.256348,41.109304],[-96.256348,41.109304],[-96.256348,41.109304],[-96.256348,41.109304],[-96.256348,41.109304],[-96.256348,41.109304],[-96.256348,41.109304],[-96.256348,41.109304],[-96.256348,41.109304],[-96.256348,41.109304],[-96.256348,41.109304],[-96.256348,41.109304],[-96.256348,41.109304],[-96.256348,41.109304],[-96.256348,41.109304],[-96.256348,41.109304],[-96.256348,41.109304],[-96.256348,41.109304],[-96.256348,41.109304],[-96.256348,41.109304],[-96.256348,41.109304]],[[-96.256348,41.109301],[-96.256348,41.109301],[-96.256348,41.109301],[-96.256348,41.109301],[-96.256348,41.109301],[-96.256348,41.109301],[-96.256348,41.109301],[-96.256348,41.109301],[-96.256348,41.109301],[-96.256348,41.109301],[-96.256348,41.109301],[-96.256348,41.109301],[-96.256348,41.109301],[-96.256348,41.109301],[-96.256348,41.109301],[-96.256348,41.109301],[-96.256348,41.109301],[-96.256348,41.109301],[-96.256348,41.109301],[-96.256348,41.109301],[-96.256348,41.109301],[-96.256348,41.109301],[-96.256348,41.109301],[-96.256348,41.109301],[-96.256348,41.109301],[-96.256348,41.109301],[-96.256348,41.109301],[-96.256348,41.109301],[-96.256348,41.109301],[-96.256348,41.109301],[-96.256348,41.109301],[-96.256348,41.109301],[-96.256348,41.109301],[-96.256348,41.109301],[-96.256348,41.109301],[-96.256348,41.109301],[-96.256348,41.109301],[-96.256348,41.109301],[-96.256348,41.109301],[-96.256348,41.109301],[-96.256348,41.109301],[-96.256348,41.109301],[-96.256348,41.109301],[-96.256348,41.109301],[-96.256348,41.109301],[-96.256348,41.109301],[-96.256348,41.109301],[-96.256348,41.109301],[-96.256348,41.109301],[-96.256348,41.109301],[-96.256348,41.109301],[-96.256348,41.109301],[-96.256348,41.109301],[-96.256348,41.109301],[-96.256348,41.109301],[-96.256348,41.109301],[-96.256348,41.109301],[-96.256348,41.109301],[-96.256348,41.109301],[-96.256348,41.109301],[-96.256348,41.109301],[-96.256348,41.109301],[-96.256348,41.109301],[-96.256348,41.109301],[-96.256348,41.109301],[-96.256348,41.109301],[-96.256348,41.109301],[-96.256348,41.109301],[-96.256348,41.109301],[-96.256348,41.109301],[-96.256348,41.109301],[-96.256348,41.109301],[-96.256348,41.109301],[-96.256348,41.109301],[-96.256348,41.109301],[-96.256348,41.109301],[-96.256348,41.109301],[-96.256348,41.109301],[-96.256348,41.109301],[-96.256348,41.109301],[-96.256348,41.109301],[-96.256348,41.109301],[-96.256348,41.109301],[-96.256348,41.109301],[-96.256348,41.109301],[-96.256348,41.109301],[-96.256348,41.109301],[-96.256348,41.109301]],[[-96.256348,41.109304],[-96.256348,41.109304],[-96.256348,41.109304],[-96.256348,41.109304],[-96.256348,41.109304],[-96.256348,41.109304],[-96.256348,41.109304],[-96.256348,41.109304],[-96.256348,41.109304],[-96.256348,41.109304],[-96.256348,41.109304],[-96.256348,41.109304],[-96.256348,41.109304],[-96.256348,41.109304],[-96.256348,41.109304],[-96.256348,41.109304],[-96.256348,41.109304],[-96.256348,41.109304],[-96.256348,41.109304],[-96.256348,41.109304],[-96.256348,41.109304],[-96.256348,41.109304],[-96.256348,41.109304],[-96.256348,41.109304],[-96.256348,41.109304],[-96.256348,41.109304],[-96.256348,41.109304],[-96.256348,41.109304],[-96.256348,41.109304],[-96.256348,41.109304],[-96.256348,41.109304],[-96.256348,41.109304],[-96.256348,41.109304],[-96.256348,41.109304],[-96.256348,41.109304],[-96.256348,41.109304],[-96.256348,41.109304],[-96.256348,41.109304],[-96.256348,41.109304],[-96.256348,41.109304],[-96.256348,41.109304],[-96.256348,41.109304],[-96.256348,41.109304],[-96.256348,41.109304],[-96.256348,41.109304],[-96.256348,41.109304],[-96.256348,41.109304],[-96.256348,41.109304],[-96.256348,41.109304],[-96.256348,41.109304],[-96.256348,41.109304],[-96.256348,41.109304],[-96.256348,41.109304],[-96.256348,41.109304],[-96.256348,41.109304],[-96.256348,41.109304],[-96.256348,41.109304],[-96.256348,41.109304],[-96.256348,41.109304],[-96.256348,41.109304],[-96.256348,41.109304],[-96.256348,41.109304],[-96.256348,41.109304],[-96.256348,41.109304],[-96.256348,41.109304],[-96.256348,41.109304],[-96.256348,41.109304],[-96.256348,41.109304],[-96.256348,41.109304],[-96.256348,41.109304],[-96.256348,41.109304],[-96.256348,41.109304],[-96.256348,41.109304],[-96.256348,41.109304],[-96.256348,41.109304],[-96.256348,41.109304],[-96.256348,41.109304],[-96.256348,41.109304],[-96.256348,41.109304],[-96.256348,41.109304],[-96.256348,41.109304],[-96.256348,41.109304],[-96.256348,41.109304],[-96.256348,41.109304],[-96.256348,41.109304],[-96.256348,41.109304],[-96.256348,41.109304],[-96.256348,41.109304]],[[-96.256347,41.1093],[-96.256347,41.1093]],[[-96.256347,41.109304],[-96.256347,41.109304]],[[-96.256347,41.109304],[-96.256347,41.109304],[-96.256347,41.109304],[-96.256347,41.109304],[-96.256347,41.109304]],[[-96.256348,41.109304],[-96.256348,41.109304],[-96.256348,41.109304],[-96.256348,41.109304],[-96.256348,41.109304],[-96.256348,41.109304],[-96.256348,41.109304],[-96.256348,41.109304],[-96.256348,41.109304],[-96.256348,41.109304],[-96.256348,41.109304],[-96.256348,41.109304],[-96.256348,41.109304],[-96.256348,41.109304],[-96.256348,41.109304],[-96.256348,41.109304],[-96.256348,41.109304],[-96.256348,41.109304],[-96.256348,41.109304],[-96.256348,41.109304],[-96.256348,41.109304],[-96.256348,41.109304],[-96.256348,41.109304],[-96.256348,41.109304],[-96.256348,41.109304],[-96.256348,41.109304],[-96.256348,41.109304],[-96.256348,41.109304],[-96.256348,41.109304],[-96.256348,41.109304],[-96.256348,41.109304],[-96.256348,41.109304],[-96.256348,41.109304],[-96.256348,41.109304],[-96.256348,41.109304],[-96.256348,41.109304],[-96.256348,41.109304],[-96.256348,41.109304],[-96.256348,41.109304],[-96.256348,41.109304]],[[-96.256347,41.1093],[-96.256347,41.1093],[-96.256347,41.1093],[-96.256347,41.1093],[-96.256347,41.1093],[-96.256347,41.1093],[-96.256347,41.1093],[-96.256347,41.1093],[-96.256347,41.1093],[-96.256347,41.1093],[-96.256347,41.1093],[-96.256347,41.1093],[-96.256347,41.1093],[-96.256347,41.1093],[-96.256347,41.1093],[-96.256347,41.1093],[-96.256347,41.1093],[-96.256347,41.1093],[-96.256347,41.1093],[-96.256347,41.1093],[-96.256347,41.1093],[-96.256347,41.1093],[-96.256347,41.1093],[-96.256347,41.1093],[-96.256347,41.1093],[-96.256347,41.1093],[-96.256347,41.1093],[-96.256347,41.1093],[-96.256347,41.1093],[-96.256347,41.1093],[-96.256347,41.1093],[-96.256347,41.1093],[-96.256347,41.1093],[-96.256347,41.1093],[-96.256347,41.1093],[-96.256347,41.1093],[-96.256347,41.1093],[-96.256347,41.1093],[-96.256347,41.1093],[-96.256347,41.1093],[-96.256347,41.1093],[-96.256347,41.1093],[-96.256347,41.1093],[-96.256347,41.1093],[-96.256347,41.1093],[-96.256348,41.1093],[-96.256348,41.1093],[-96.256348,41.1093]],[[-96.256348,41.109304],[-96.256348,41.109304],[-96.256348,41.109304],[-96.256348,41.109304],[-96.256348,41.109304],[-96.256348,41.109304],[-96.256348,41.109304],[-96.256348,41.109304],[-96.256348,41.109304],[-96.256348,41.109304],[-96.256348,41.109304],[-96.256348,41.109304],[-96.256348,41.109304],[-96.256348,41.109304],[-96.256348,41.109304],[-96.256348,41.109304],[-96.256348,41.109304],[-96.256348,41.109304],[-96.256348,41.109304],[-96.256348,41.109304],[-96.256348,41.109304],[-96.256348,41.109304],[-96.256348,41.109304],[-96.256348,41.109304],[-96.256348,41.109304],[-96.256348,41.109304],[-96.256348,41.109304],[-96.256348,41.109304],[-96.256348,41.109304],[-96.256348,41.109304],[-96.256348,41.109304],[-96.256348,41.109304]],[[-96.256348,41.109304],[-96.256348,41.109304],[-96.256348,41.109304],[-96.256348,41.109304],[-96.256348,41.109304],[-96.256348,41.109304],[-96.256348,41.109304],[-96.256347,41.109304],[-96.256347,41.109304],[-96.256347,41.109304],[-96.256347,41.109304],[-96.256347,41.109304],[-96.256347,41.109304],[-96.256347,41.109304],[-96.256347,41.109304],[-96.256347,41.109304],[-96.256347,41.109304],[-96.256347,41.109304],[-96.256347,41.109304],[-96.256347,41.109304],[-96.256347,41.109304],[-96.256347,41.109304],[-96.256347,41.109304],[-96.256347,41.109304],[-96.256347,41.109304],[-96.256347,41.109304],[-96.256347,41.109304],[-96.256347,41.109304],[-96.256347,41.109304],[-96.256347,41.109304],[-96.256347,41.109304],[-96.256347,41.109304],[-96.256347,41.109304],[-96.256347,41.109304],[-96.256347,41.109304],[-96.256347,41.109304],[-96.256347,41.109304],[-96.256347,41.109304],[-96.256347,41.109304],[-96.256347,41.109304],[-96.256347,41.109304],[-96.256347,41.109304],[-96.256347,41.109304],[-96.256347,41.109304],[-96.256347,41.109304],[-96.256347,41.109304],[-96.256347,41.109304],[-96.256347,41.109304]],[[-96.256347,41.1093],[-96.256347,41.1093],[-96.256347,41.1093],[-96.256347,41.1093],[-96.256347,41.1093],[-96.256347,41.1093],[-96.256347,41.1093],[-96.256347,41.1093],[-96.256347,41.1093],[-96.256347,41.1093],[-96.256347,41.1093],[-96.256347,41.1093],[-96.256347,41.1093],[-96.256347,41.1093],[-96.256347,41.1093],[-96.256347,41.1093],[-96.256347,41.1093],[-96.256347,41.1093],[-96.256347,41.1093],[-96.256347,41.1093],[-96.256347,41.1093],[-96.256347,41.1093],[-96.256347,41.1093],[-96.256347,41.1093],[-96.256347,41.1093],[-96.256347,41.1093],[-96.256347,41.1093],[-96.256347,41.1093],[-96.256347,41.1093],[-96.256347,41.1093],[-96.256347,41.1093],[-96.256347,41.1093]],[[-96.256347,41.1093],[-96.256347,41.1093],[-96.256347,41.1093],[-96.256347,41.1093],[-96.256347,41.1093],[-96.256347,41.1093],[-96.256347,41.1093],[-96.256347,41.1093],[-96.256346,41.1093],[-96.256346,41.1093],[-96.256346,41.1093],[-96.256346,41.1093],[-96.256346,41.1093],[-96.256346,41.1093],[-96.256346,41.1093],[-96.256346,41.1093],[-96.256346,41.1093],[-96.256346,41.1093],[-96.256346,41.1093],[-96.256346,41.1093],[-96.256346,41.1093],[-96.256346,41.1093],[-96.256346,41.1093],[-96.256346,41.1093],[-96.256346,41.1093],[-96.256346,41.1093],[-96.256346,41.1093],[-96.256346,41.1093],[-96.256346,41.1093],[-96.256346,41.1093],[-96.256346,41.1093],[-96.256346,41.1093],[-96.256346,41.1093],[-96.256346,41.1093],[-96.256346,41.1093],[-96.256346,41.1093],[-96.256346,41.1093],[-96.256346,41.1093],[-96.256346,41.1093],[-96.256346,41.1093],[-96.256346,41.1093],[-96.256346,41.1093],[-96.256346,41.1093],[-96.256346,41.1093],[-96.256346,41.1093],[-96.256346,41.1093],[-96.256346,41.1093],[-96.256346,41.1093],[-96.256346,41.1093],[-96.256346,41.1093],[-96.256346,41.1093],[-96.256346,41.1093],[-96.256346,41.1093],[-96.256346,41.1093],[-96.256346,41.1093],[-96.256346,41.1093]],[[-96.256347,41.109304],[-96.256347,41.109304],[-96.256347,41.109304],[-96.256347,41.109304],[-96.256347,41.109304],[-96.256347,41.109304],[-96.256347,41.109304],[-96.256347,41.109304],[-96.256347,41.109304],[-96.256347,41.109304],[-96.256347,41.109304],[-96.256347,41.109304],[-96.256347,41.109304],[-96.256347,41.109304],[-96.256347,41.109304],[-96.256347,41.109304],[-96.256347,41.109304],[-96.256347,41.109304],[-96.256347,41.109304],[-96.256347,41.109304],[-96.256347,41.109304],[-96.256347,41.109304],[-96.256347,41.109304],[-96.256347,41.109304],[-96.256347,41.109304],[-96.256347,41.109304],[-96.256347,41.109304],[-96.256347,41.109304],[-96.256347,41.109304],[-96.256347,41.109304],[-96.256347,41.109304],[-96.256347,41.109304]],[[-96.256347,41.109304],[-96.256347,41.109304],[-96.256347,41.109304],[-96.256347,41.109304],[-96.256347,41.109304],[-96.256347,41.109304],[-96.256347,41.109304],[-96.256347,41.109304],[-96.256347,41.109304],[-96.256347,41.109304],[-96.256346,41.109304],[-96.256346,41.109304],[-96.256346,41.109304],[-96.256346,41.109304],[-96.256346,41.109304],[-96.256346,41.109304],[-96.256346,41.109304],[-96.256346,41.109304],[-96.256346,41.109304],[-96.256346,41.109304],[-96.256346,41.109304],[-96.256346,41.109304],[-96.256346,41.109304],[-96.256346,41.109304],[-96.256346,41.109304],[-96.256346,41.109304],[-96.256346,41.109304],[-96.256346,41.109304],[-96.256346,41.109304],[-96.256346,41.109304],[-96.256346,41.109304],[-96.256346,41.109304],[-96.256346,41.109304],[-96.256346,41.109304],[-96.256346,41.109304],[-96.256346,41.109304],[-96.256346,41.109304],[-96.256346,41.109304],[-96.256346,41.109304],[-96.256346,41.109304]],[[-96.256346,41.1093],[-96.256346,41.1093],[-96.256346,41.1093],[-96.256346,41.1093],[-96.256346,41.1093],[-96.256346,41.1093],[-96.256346,41.1093],[-96.256346,41.1093],[-96.256346,41.1093],[-96.256346,41.1093],[-96.256346,41.1093],[-96.256346,41.1093],[-96.256346,41.1093],[-96.256346,41.1093],[-96.256346,41.1093],[-96.256346,41.1093],[-96.256346,41.1093],[-96.256346,41.1093],[-96.256346,41.1093],[-96.256346,41.1093],[-96.256346,41.1093],[-96.256346,41.1093],[-96.256346,41.1093],[-96.256346,41.1093],[-96.256346,41.1093],[-96.256346,41.1093],[-96.256346,41.1093],[-96.256346,41.1093],[-96.256346,41.1093],[-96.256346,41.1093],[-96.256346,41.1093],[-96.256346,41.1093],[-96.256346,41.1093],[-96.256346,41.1093],[-96.256346,41.1093],[-96.256346,41.1093],[-96.256346,41.1093],[-96.256346,41.1093],[-96.256346,41.1093],[-96.256346,41.1093]],[[-96.256346,41.1093],[-96.256346,41.1093],[-96.256346,41.1093],[-96.256346,41.1093],[-96.256346,41.1093],[-96.256346,41.1093],[-96.256346,41.1093],[-96.256346,41.1093],[-96.256346,41.1093],[-96.256346,41.1093],[-96.256346,41.1093],[-96.256346,41.1093],[-96.256346,41.1093],[-96.256346,41.1093],[-96.256346,41.1093],[-96.256346,41.1093],[-96.256346,41.1093],[-96.256346,41.1093],[-96.256346,41.1093],[-96.256346,41.1093],[-96.256346,41.1093],[-96.256346,41.1093],[-96.256346,41.1093],[-96.256346,41.1093],[-96.256346,41.1093],[-96.256346,41.1093],[-96.256346,41.1093],[-96.256346,41.1093],[-96.256346,41.1093],[-96.256346,41.1093],[-96.256346,41.1093],[-96.256347,41.1093],[-96.256347,41.1093],[-96.256347,41.1093],[-96.256347,41.1093],[-96.256347,41.1093],[-96.256347,41.1093],[-96.256347,41.1093],[-96.256347,41.1093],[-96.256347,41.1093]],[[-96.256347,41.1093],[-96.256347,41.1093],[-96.256347,41.1093],[-96.256347,41.1093],[-96.256347,41.1093],[-96.256347,41.1093],[-96.256347,41.1093],[-96.256347,41.1093],[-96.256347,41.1093],[-96.256347,41.1093],[-96.256347,41.1093],[-96.256347,41.1093],[-96.256347,41.1093],[-96.256347,41.1093],[-96.256347,41.1093],[-96.256347,41.1093],[-96.256347,41.1093],[-96.256347,41.1093],[-96.256347,41.1093],[-96.256347,41.1093],[-96.256347,41.1093],[-96.256347,41.1093],[-96.256347,41.1093],[-96.256347,41.1093],[-96.256347,41.1093],[-96.256347,41.1093],[-96.256347,41.1093],[-96.256347,41.1093],[-96.256347,41.1093],[-96.256347,41.1093],[-96.256347,41.1093],[-96.256347,41.1093]],[[-96.256346,41.1093],[-96.256346,41.1093],[-96.256346,41.1093],[-96.256346,41.1093],[-96.256346,41.1093],[-96.256346,41.1093],[-96.256346,41.1093],[-96.256346,41.1093],[-96.256346,41.1093],[-96.256346,41.1093],[-96.256346,41.1093],[-96.256346,41.1093],[-96.256346,41.1093],[-96.256346,41.1093],[-96.256346,41.1093],[-96.256346,41.1093],[-96.256346,41.1093],[-96.256346,41.1093],[-96.256346,41.1093],[-96.256346,41.1093],[-96.256346,41.1093],[-96.256346,41.1093],[-96.256346,41.1093],[-96.256346,41.1093],[-96.256346,41.1093],[-96.256346,41.1093],[-96.256346,41.1093],[-96.256346,41.1093],[-96.256346,41.1093],[-96.256346,41.1093],[-96.256346,41.1093],[-96.256346,41.1093]],[[-96.256346,41.109304],[-96.256346,41.109304],[-96.256346,41.109304],[-96.256346,41.109304],[-96.256346,41.109304],[-96.256346,41.109304],[-96.256346,41.109304],[-96.256346,41.109304],[-96.256346,41.109304],[-96.256346,41.109304],[-96.256346,41.109304],[-96.256346,41.109304],[-96.256346,41.109304],[-96.256346,41.109304],[-96.256346,41.109304],[-96.256346,41.109304],[-96.256346,41.109304],[-96.256346,41.109304],[-96.256346,41.109304],[-96.256346,41.109304],[-96.256346,41.109304],[-96.256346,41.109304],[-96.256346,41.109304],[-96.256346,41.109304],[-96.256346,41.109304],[-96.256346,41.109304],[-96.256346,41.109304],[-96.256346,41.109304],[-96.256346,41.109304],[-96.256346,41.109304],[-96.256346,41.109304],[-96.256346,41.109304],[-96.256346,41.109304],[-96.256346,41.109304],[-96.256347,41.109304],[-96.256347,41.109304],[-96.256347,41.109304],[-96.256347,41.109304],[-96.256347,41.109304],[-96.256347,41.109304]],[[-96.256347,41.109304],[-96.256347,41.109304],[-96.256347,41.109304],[-96.256347,41.109304],[-96.256347,41.109304],[-96.256347,41.109304],[-96.256347,41.109304],[-96.256347,41.109304],[-96.256347,41.109304],[-96.256347,41.109304],[-96.256347,41.109304],[-96.256347,41.109304],[-96.256347,41.109304],[-96.256347,41.109304],[-96.256347,41.109304],[-96.256347,41.109304],[-96.256347,41.109304],[-96.256347,41.109304],[-96.256347,41.109304],[-96.256347,41.109304],[-96.256347,41.109304],[-96.256347,41.109304],[-96.256347,41.109304],[-96.256347,41.109304],[-96.256347,41.109304],[-96.256347,41.109304],[-96.256347,41.109304],[-96.256347,41.109304],[-96.256347,41.109304],[-96.256347,41.109304],[-96.256347,41.109304],[-96.256347,41.109304]],[[-96.256346,41.1093],[-96.256346,41.1093],[-96.256346,41.1093],[-96.256346,41.1093],[-96.256346,41.1093],[-96.256346,41.1093],[-96.256346,41.1093],[-96.256346,41.1093],[-96.256346,41.1093],[-96.256346,41.1093],[-96.256346,41.1093],[-96.256346,41.1093],[-96.256346,41.1093],[-96.256346,41.1093],[-96.256346,41.1093],[-96.256346,41.1093],[-96.256346,41.1093],[-96.256346,41.1093],[-96.256346,41.1093],[-96.256346,41.1093],[-96.256346,41.1093],[-96.256346,41.1093],[-96.256346,41.1093],[-96.256346,41.1093],[-96.256346,41.1093],[-96.256346,41.1093],[-96.256346,41.1093],[-96.256346,41.1093],[-96.256346,41.1093],[-96.256346,41.1093],[-96.256346,41.1093],[-96.256346,41.1093],[-96.256346,41.1093],[-96.256346,41.1093],[-96.256346,41.1093],[-96.256346,41.1093],[-96.256346,41.1093],[-96.256346,41.1093],[-96.256346,41.1093],[-96.256346,41.1093]],[[-96.256346,41.109302],[-96.256346,41.109302],[-96.256346,41.109302]],[[-96.256346,41.1093],[-96.256346,41.1093]],[[-96.256347,41.1093],[-96.256347,41.1093]],[[-96.256347,41.1093],[-96.256347,41.1093],[-96.256347,41.1093],[-96.256347,41.1093],[-96.256347,41.1093],[-96.256347,41.1093],[-96.256347,41.1093],[-96.256347,41.1093],[-96.256347,41.1093],[-96.256347,41.1093],[-96.256347,41.1093],[-96.256347,41.1093],[-96.256347,41.1093],[-96.256347,41.1093],[-96.256347,41.1093],[-96.256347,41.1093],[-96.256347,41.1093],[-96.256347,41.1093],[-96.256347,41.1093],[-96.256347,41.1093],[-96.256347,41.1093],[-96.256347,41.1093],[-96.256347,41.1093],[-96.256347,41.1093],[-96.256347,41.1093],[-96.256347,41.1093],[-96.256347,41.1093],[-96.256347,41.1093],[-96.256347,41.1093],[-96.256347,41.1093],[-96.256347,41.1093],[-96.256347,41.1093],[-96.256347,41.1093],[-96.256347,41.1093],[-96.256347,41.1093],[-96.256347,41.1093],[-96.256347,41.1093],[-96.256347,41.1093],[-96.256347,41.1093],[-96.256347,41.1093],[-96.256347,41.1093],[-96.256347,41.1093],[-96.256347,41.1093],[-96.256347,41.1093],[-96.256347,41.1093],[-96.256347,41.1093],[-96.256347,41.1093],[-96.256347,41.1093],[-96.256347,41.1093],[-96.256347,41.1093],[-96.256347,41.1093],[-96.256347,41.1093],[-96.256347,41.1093],[-96.256347,41.1093],[-96.256347,41.1093],[-96.256347,41.1093],[-96.256347,41.1093],[-96.256347,41.1093],[-96.256347,41.1093],[-96.256347,41.1093],[-96.256347,41.1093],[-96.256347,41.1093],[-96.256347,41.1093],[-96.256347,41.1093]],[[-96.256347,41.1093],[-96.256347,41.1093],[-96.256347,41.1093],[-96.256347,41.1093],[-96.256347,41.1093],[-96.256347,41.1093],[-96.256347,41.1093],[-96.256347,41.1093],[-96.256347,41.1093],[-96.256347,41.1093],[-96.256347,41.1093],[-96.256347,41.1093],[-96.256347,41.1093],[-96.256347,41.1093],[-96.256347,41.1093],[-96.256347,41.1093],[-96.256347,41.1093],[-96.256347,41.1093],[-96.256347,41.1093],[-96.256347,41.1093],[-96.256347,41.1093],[-96.256347,41.1093],[-96.256347,41.1093],[-96.256347,41.1093],[-96.256347,41.1093],[-96.256347,41.1093],[-96.256347,41.1093],[-96.256347,41.1093],[-96.256347,41.1093],[-96.256347,41.1093],[-96.256347,41.1093],[-96.256347,41.1093],[-96.256347,41.1093],[-96.256347,41.1093],[-96.256347,41.1093],[-96.256347,41.1093],[-96.256347,41.1093],[-96.256347,41.1093],[-96.256347,41.1093],[-96.256347,41.1093],[-96.256347,41.1093],[-96.256347,41.1093],[-96.256347,41.1093],[-96.256347,41.1093],[-96.256347,41.1093],[-96.256347,41.1093],[-96.256347,41.1093],[-96.256347,41.1093],[-96.256347,41.1093],[-96.256347,41.1093],[-96.256347,41.1093],[-96.256347,41.1093],[-96.256347,41.1093],[-96.256347,41.1093],[-96.256347,41.1093],[-96.256347,41.1093],[-96.256347,41.1093],[-96.256347,41.1093],[-96.256347,41.1093],[-96.256347,41.1093],[-96.256347,41.1093],[-96.256347,41.1093],[-96.256347,41.1093],[-96.256347,41.1093]],[[-96.256347,41.1093],[-96.256347,41.1093],[-96.256347,41.1093]],[[-96.256347,41.1093],[-96.256347,41.1093],[-96.256347,41.1093],[-96.256347,41.1093]],[[-96.256347,41.1093],[-96.256347,41.1093],[-96.256347,41.1093],[-96.256347,41.1093],[-96.256347,41.1093],[-96.256347,41.1093],[-96.256347,41.1093],[-96.256347,41.1093],[-96.256347,41.1093],[-96.256347,41.1093],[-96.256347,41.1093],[-96.256347,41.1093],[-96.256347,41.1093],[-96.256347,41.1093],[-96.256347,41.1093],[-96.256347,41.1093],[-96.256347,41.1093],[-96.256347,41.1093],[-96.256347,41.1093],[-96.256347,41.1093],[-96.256347,41.1093],[-96.256347,41.1093],[-96.256347,41.1093],[-96.256347,41.1093],[-96.256347,41.1093],[-96.256347,41.1093],[-96.256347,41.1093],[-96.256347,41.1093],[-96.256347,41.1093],[-96.256347,41.1093],[-96.256347,41.1093],[-96.256347,41.1093],[-96.256347,41.1093],[-96.256347,41.1093],[-96.256347,41.1093],[-96.256347,41.1093],[-96.256347,41.1093],[-96.256347,41.1093],[-96.256347,41.1093],[-96.256347,41.1093],[-96.256347,41.1093],[-96.256347,41.1093],[-96.256347,41.1093],[-96.256347,41.1093],[-96.256347,41.1093],[-96.256347,41.1093],[-96.256347,41.1093],[-96.256347,41.1093],[-96.256347,41.1093],[-96.256347,41.1093],[-96.256347,41.1093],[-96.256347,41.1093],[-96.256347,41.1093],[-96.256347,41.1093],[-96.256347,41.1093],[-96.256347,41.1093],[-96.256347,41.1093],[-96.256347,41.1093],[-96.256347,41.1093],[-96.256347,41.1093],[-96.256347,41.1093],[-96.256347,41.1093],[-96.256347,41.1093],[-96.256347,41.1093],[-96.256347,41.1093],[-96.256347,41.1093],[-96.256347,41.1093],[-96.256347,41.1093],[-96.256347,41.1093],[-96.256347,41.1093],[-96.256347,41.1093],[-96.256347,41.1093]],[[-96.256347,41.1093],[-96.256347,41.1093]],[[-96.256347,41.1093],[-96.256347,41.1093],[-96.256347,41.1093],[-96.256347,41.1093]],[[-96.256347,41.1093],[-96.256347,41.1093],[-96.256347,41.1093],[-96.256347,41.1093]],[[-96.256346,41.109303],[-96.256346,41.109303],[-96.256346,41.109303]],[[-96.256346,41.109304],[-96.256346,41.109304]],[[-96.256347,41.109304],[-96.256347,41.109304]],[[-96.256347,41.109304],[-96.256347,41.109304],[-96.256347,41.109304],[-96.256347,41.109304],[-96.256347,41.109304],[-96.256347,41.109304],[-96.256347,41.109304],[-96.256347,41.109304],[-96.256347,41.109304],[-96.256347,41.109304],[-96.256347,41.109304],[-96.256347,41.109304],[-96.256347,41.109304],[-96.256347,41.109304],[-96.256347,41.109304],[-96.256347,41.109304],[-96.256347,41.109304],[-96.256347,41.109304],[-96.256347,41.109304],[-96.256347,41.109304],[-96.256347,41.109304],[-96.256347,41.109304],[-96.256347,41.109304],[-96.256347,41.109304],[-96.256347,41.109304],[-96.256347,41.109304],[-96.256347,41.109304],[-96.256347,41.109304],[-96.256347,41.109304],[-96.256347,41.109304],[-96.256347,41.109304],[-96.256347,41.109304],[-96.256347,41.109304],[-96.256347,41.109304],[-96.256347,41.109304],[-96.256347,41.109304],[-96.256347,41.109304],[-96.256347,41.109304],[-96.256347,41.109304],[-96.256347,41.109304],[-96.256347,41.109304],[-96.256347,41.109304],[-96.256347,41.109304],[-96.256347,41.109304],[-96.256347,41.109304],[-96.256347,41.109304],[-96.256347,41.109304],[-96.256347,41.109304],[-96.256347,41.109304],[-96.256347,41.109304],[-96.256347,41.109304],[-96.256347,41.109304],[-96.256347,41.109304],[-96.256347,41.109304],[-96.256347,41.109304],[-96.256347,41.109304],[-96.256347,41.109304],[-96.256347,41.109304],[-96.256347,41.109304],[-96.256347,41.109304],[-96.256347,41.109304],[-96.256347,41.109304],[-96.256347,41.109304],[-96.256347,41.109304]],[[-96.256347,41.109304],[-96.256347,41.109304],[-96.256347,41.109304],[-96.256347,41.109304],[-96.256347,41.109304],[-96.256347,41.109304],[-96.256347,41.109304],[-96.256347,41.109304],[-96.256347,41.109304],[-96.256347,41.109304],[-96.256347,41.109304],[-96.256347,41.109304],[-96.256347,41.109304],[-96.256347,41.109304],[-96.256347,41.109304],[-96.256347,41.109304],[-96.256347,41.109304],[-96.256347,41.109304],[-96.256347,41.109304],[-96.256347,41.109304],[-96.256347,41.109304],[-96.256347,41.109304],[-96.256347,41.109304],[-96.256347,41.109304],[-96.256347,41.109304],[-96.256347,41.109304],[-96.256347,41.109304],[-96.256347,41.109304],[-96.256347,41.109304],[-96.256347,41.109304],[-96.256347,41.109304],[-96.256347,41.109304],[-96.256347,41.109304],[-96.256347,41.109304],[-96.256347,41.109304],[-96.256347,41.109304],[-96.256347,41.109304],[-96.256347,41.109304],[-96.256347,41.109304],[-96.256347,41.109304],[-96.256347,41.109304],[-96.256347,41.109304],[-96.256347,41.109304],[-96.256347,41.109304],[-96.256347,41.109304],[-96.256347,41.109304],[-96.256347,41.109304],[-96.256347,41.109304],[-96.256347,41.109304],[-96.256347,41.109304],[-96.256347,41.109304],[-96.256347,41.109304],[-96.256347,41.109304],[-96.256347,41.109304],[-96.256347,41.109304],[-96.256347,41.109304],[-96.256347,41.109304],[-96.256347,41.109304],[-96.256347,41.109304],[-96.256347,41.109304],[-96.256347,41.109304],[-96.256347,41.109304],[-96.256347,41.109304],[-96.256347,41.109304],[-96.256347,41.109304],[-96.256347,41.109304],[-96.256347,41.109304],[-96.256347,41.109304],[-96.256347,41.109304],[-96.256347,41.109304],[-96.256347,41.109304],[-96.256347,41.109304]],[[-96.256347,41.109304],[-96.256347,41.109304],[-96.256347,41.109304],[-96.256347,41.109304]],[[-96.256347,41.109305],[-96.256347,41.109305],[-96.256347,41.109305]],[[-96.256347,41.109304],[-96.256347,41.109304],[-96.256347,41.109304],[-96.256347,41.109304],[-96.256347,41.109304],[-96.256347,41.109304],[-96.256347,41.109304],[-96.256347,41.109304],[-96.256347,41.109304],[-96.256347,41.109304],[-96.256347,41.109304],[-96.256347,41.109304],[-96.256347,41.109304],[-96.256347,41.109304],[-96.256347,41.109304],[-96.256347,41.109304],[-96.256347,41.109304],[-96.256347,41.109304],[-96.256347,41.109304],[-96.256347,41.109304],[-96.256347,41.109304],[-96.256347,41.109304],[-96.256347,41.109304],[-96.256347,41.109304],[-96.256347,41.109304],[-96.256347,41.109304],[-96.256347,41.109304],[-96.256347,41.109304],[-96.256347,41.109304],[-96.256347,41.109304],[-96.256347,41.109304],[-96.256347,41.109304],[-96.256347,41.109304],[-96.256347,41.109304],[-96.256347,41.109304],[-96.256347,41.109304],[-96.256347,41.109304],[-96.256347,41.109304],[-96.256347,41.109304],[-96.256347,41.109304],[-96.256347,41.109304],[-96.256347,41.109304],[-96.256347,41.109304],[-96.256347,41.109304],[-96.256347,41.109304],[-96.256347,41.109304],[-96.256347,41.109304],[-96.256347,41.109304],[-96.256347,41.109304],[-96.256347,41.109304],[-96.256347,41.109304],[-96.256347,41.109304],[-96.256347,41.109304],[-96.256347,41.109304],[-96.256347,41.109304],[-96.256347,41.109304],[-96.256347,41.109304],[-96.256347,41.109304],[-96.256347,41.109304],[-96.256347,41.109304],[-96.256347,41.109304],[-96.256347,41.109304],[-96.256347,41.109304],[-96.256347,41.109304],[-96.256347,41.109304],[-96.256347,41.109304],[-96.256347,41.109304],[-96.256347,41.109304],[-96.256347,41.109304],[-96.256347,41.109304],[-96.256347,41.109304],[-96.256347,41.109304],[-96.256347,41.109304],[-96.256347,41.109304],[-96.256347,41.109304],[-96.256347,41.109304],[-96.256347,41.109304],[-96.256347,41.109304],[-96.256347,41.109304],[-96.256347,41.109304]],[[-96.256347,41.109305],[-96.256347,41.109305],[-96.256347,41.109305],[-96.256347,41.109305]],[[-96.256347,41.109305],[-96.256347,41.109305],[-96.256347,41.109305],[-96.256347,41.109305]],[[-96.256347,41.109304],[-96.256347,41.109304]],[[-96.256346,41.1093],[-96.256346,41.1093]],[[-96.256347,41.109305],[-96.256347,41.109305]],[[-96.256346,41.109304],[-96.256347,41.109304]],[[-96.256346,41.1093],[-96.256344,41.1093]],[[-96.256346,41.1093],[-96.256346,41.1093],[-96.256346,41.1093],[-96.256346,41.1093],[-96.256346,41.1093],[-96.256346,41.1093],[-96.256346,41.1093],[-96.256346,41.1093],[-96.256346,41.1093],[-96.256346,41.1093],[-96.256346,41.1093],[-96.256346,41.1093],[-96.256346,41.1093],[-96.256346,41.1093],[-96.256346,41.1093],[-96.256346,41.1093],[-96.256346,41.1093],[-96.256346,41.1093],[-96.256346,41.1093],[-96.256346,41.1093]],[[-96.256346,41.1093],[-96.256346,41.1093]],[[-96.256346,41.1093],[-96.256346,41.1093]],[[-96.256346,41.1093],[-96.256346,41.1093],[-96.256346,41.1093],[-96.256346,41.1093],[-96.256346,41.1093],[-96.256346,41.1093],[-96.256346,41.1093],[-96.256346,41.1093],[-96.256346,41.1093],[-96.256346,41.1093],[-96.256346,41.1093],[-96.256346,41.1093],[-96.256346,41.1093],[-96.256346,41.1093],[-96.256346,41.1093],[-96.256346,41.1093],[-96.256346,41.1093],[-96.256346,41.1093],[-96.256346,41.1093],[-96.256346,41.1093],[-96.256346,41.1093],[-96.256346,41.1093],[-96.256346,41.1093],[-96.256346,41.1093],[-96.256346,41.1093],[-96.256346,41.1093],[-96.256346,41.1093],[-96.256346,41.1093]],[[-96.256344,41.1093],[-96.256346,41.1093]],[[-96.256347,41.1093],[-96.256347,41.1093]],[[-96.256347,41.1093],[-96.256347,41.1093]],[[-96.256347,41.1093],[-96.256347,41.1093],[-96.256347,41.1093]],[[-96.256347,41.1093],[-96.256347,41.1093],[-96.256347,41.1093],[-96.256347,41.1093],[-96.256347,41.1093],[-96.256347,41.1093],[-96.256347,41.1093]],[[-96.256347,41.1093],[-96.256347,41.1093],[-96.256347,41.1093],[-96.256347,41.1093]],[[-96.256347,41.1093],[-96.256347,41.1093],[-96.256347,41.1093],[-96.256347,41.1093],[-96.256347,41.1093],[-96.256347,41.1093],[-96.256347,41.1093],[-96.256347,41.1093]],[[-96.256347,41.1093],[-96.256347,41.1093],[-96.256347,41.1093]],[[-96.256347,41.1093],[-96.256347,41.1093]],[[-96.256347,41.1093],[-96.256347,41.1093],[-96.256347,41.1093]],[[-96.256347,41.1093],[-96.256347,41.1093],[-96.256347,41.1093],[-96.256347,41.1093]],[[-96.256347,41.1093],[-96.256347,41.1093],[-96.256347,41.1093]],[[-96.256347,41.1093],[-96.256347,41.1093]],[[-96.256347,41.1093],[-96.256346,41.1093]],[[-96.256344,41.109305],[-96.256346,41.109305]],[[-96.256346,41.109305],[-96.256346,41.109305],[-96.256346,41.109305],[-96.256346,41.109305],[-96.256346,41.109305],[-96.256346,41.109305],[-96.256346,41.109305],[-96.256346,41.109305],[-96.256346,41.109305],[-96.256346,41.109305],[-96.256346,41.109305],[-96.256346,41.109305],[-96.256346,41.109305],[-96.256346,41.109305],[-96.256346,41.109305],[-96.256346,41.109305],[-96.256346,41.109305],[-96.256346,41.109305],[-96.256346,41.109305],[-96.256346,41.109305]],[[-96.256346,41.109305],[-96.256346,41.109305]],[[-96.256346,41.109304],[-96.256346,41.109304]],[[-96.256346,41.109304],[-96.256346,41.109304],[-96.256346,41.109304],[-96.256346,41.109304],[-96.256346,41.109304],[-96.256346,41.109304],[-96.256346,41.109304],[-96.256346,41.109304],[-96.256346,41.109304],[-96.256346,41.109304],[-96.256346,41.109304],[-96.256346,41.109304],[-96.256346,41.109304],[-96.256346,41.109304],[-96.256346,41.109304],[-96.256346,41.109304],[-96.256346,41.109304],[-96.256346,41.109304],[-96.256346,41.109304],[-96.256346,41.109304],[-96.256346,41.109304],[-96.256346,41.109304],[-96.256346,41.109304],[-96.256346,41.109304],[-96.256346,41.109304],[-96.256346,41.109304],[-96.256346,41.109304],[-96.256346,41.109304]],[[-96.256346,41.109304],[-96.256344,41.109304]],[[-96.256347,41.109304],[-96.256347,41.109304]],[[-96.256347,41.109305],[-96.256347,41.109305]],[[-96.256347,41.109304],[-96.256347,41.109304],[-96.256347,41.109304],[-96.256347,41.109304],[-96.256347,41.109304],[-96.256347,41.109304],[-96.256347,41.109304]],[[-96.256347,41.109305],[-96.256347,41.109305],[-96.256347,41.109305]],[[-96.256347,41.109305],[-96.256347,41.109305],[-96.256347,41.109305],[-96.256347,41.109305],[-96.256347,41.109305],[-96.256347,41.109305],[-96.256347,41.109305],[-96.256347,41.109305]],[[-96.256347,41.109304],[-96.256347,41.109304],[-96.256347,41.109304]],[[-96.256347,41.109305],[-96.256347,41.109305]],[[-96.256347,41.109304],[-96.256347,41.109304],[-96.256347,41.109304]],[[-96.256347,41.109305],[-96.256347,41.109305],[-96.256347,41.109305]],[[-96.256347,41.109305],[-96.256347,41.109305],[-96.256347,41.109305],[-96.256347,41.109305]],[[-96.256347,41.109305],[-96.256347,41.109305],[-96.256347,41.109305]],[[-96.256344,41.109299],[-96.256344,41.109299],[-96.256344,41.109299],[-96.256344,41.109299],[-96.256344,41.109299],[-96.256344,41.109299],[-96.256344,41.109299],[-96.256344,41.109299],[-96.256344,41.109299],[-96.256344,41.109299],[-96.256344,41.109299],[-96.256344,41.109299],[-96.256344,41.109299],[-96.256344,41.109299],[-96.256344,41.109299],[-96.256344,41.109299],[-96.256344,41.109299],[-96.256344,41.109299],[-96.256344,41.109299],[-96.256344,41.109299],[-96.256344,41.109299],[-96.256344,41.109299],[-96.256344,41.109299],[-96.256344,41.109299],[-96.256344,41.109299],[-96.256344,41.109299],[-96.256344,41.109299],[-96.256344,41.109299],[-96.256344,41.109299],[-96.256344,41.109299],[-96.256344,41.109299],[-96.256344,41.109299],[-96.256344,41.109299],[-96.256344,41.109299]],[[-96.256344,41.109299],[-96.256344,41.109299]],[[-96.256344,41.109299],[-96.256344,41.109299]],[[-96.256344,41.109299],[-96.256344,41.109299]]]}},{"type":"Feature","properties":{"type":"drawing","level":"LEVEL 1","Layer":"I-FURN","source":"LEVEL_1.dxf","SubClasses":"AcDbEntity:AcDbBlockReference","EntityHandle":"531","interactive":false},"geometry":{"type":"MultiLineString","coordinates":[[[-96.256255,41.109367],[-96.256255,41.109367],[-96.256255,41.109367],[-96.256255,41.109367],[-96.256255,41.109367],[-96.256255,41.109367],[-96.256255,41.109367],[-96.256255,41.109367],[-96.256255,41.109367],[-96.256255,41.109367],[-96.256255,41.109367],[-96.256256,41.109367],[-96.256256,41.109367],[-96.256256,41.109367],[-96.256256,41.109367],[-96.256256,41.109367],[-96.256256,41.109367],[-96.256256,41.109367],[-96.256256,41.109367],[-96.256256,41.109367],[-96.256256,41.109367],[-96.256256,41.109367],[-96.256256,41.109367],[-96.256256,41.109367],[-96.256256,41.109367],[-96.256256,41.109367],[-96.256256,41.109367],[-96.256256,41.109367],[-96.256256,41.109367],[-96.256256,41.109367],[-96.256256,41.109367],[-96.256256,41.109367],[-96.256256,41.109367],[-96.256256,41.109367],[-96.256256,41.109367],[-96.256256,41.109367],[-96.256256,41.109367],[-96.256256,41.109367],[-96.256256,41.109367],[-96.256256,41.109367],[-96.256256,41.109367]],[[-96.256256,41.109367],[-96.256256,41.109361]],[[-96.256256,41.109361],[-96.256256,41.109361],[-96.256256,41.109361],[-96.256256,41.109361],[-96.256256,41.109361],[-96.256256,41.109361],[-96.256256,41.109361],[-96.256256,41.109361],[-96.256256,41.109361],[-96.256256,41.109361],[-96.256256,41.109361],[-96.256256,41.109361],[-96.256256,41.109361],[-96.256256,41.109361],[-96.256256,41.109361],[-96.256256,41.109361],[-96.256256,41.109361],[-96.256256,41.109361],[-96.256256,41.109361],[-96.256256,41.109361],[-96.256256,41.109361],[-96.256256,41.109361],[-96.256256,41.109361],[-96.256256,41.109361],[-96.256256,41.109361],[-96.256256,41.109361],[-96.256256,41.109361],[-96.256256,41.109361],[-96.256256,41.109361],[-96.256255,41.109361],[-96.256255,41.109361],[-96.256255,41.109361],[-96.256255,41.109361],[-96.256255,41.109361],[-96.256255,41.109361],[-96.256255,41.109361],[-96.256255,41.109361],[-96.256255,41.109361],[-96.256255,41.109361],[-96.256255,41.109361],[-96.256255,41.109361]],[[-96.256255,41.109361],[-96.256235,41.109361]],[[-96.256235,41.109361],[-96.256235,41.109361],[-96.256235,41.109361],[-96.256235,41.109361],[-96.256235,41.109361],[-96.256235,41.109361],[-96.256235,41.109361],[-96.256235,41.109361],[-96.256235,41.109361],[-96.256235,41.109361],[-96.256234,41.109361],[-96.256234,41.109361],[-96.256234,41.109361],[-96.256234,41.109361],[-96.256234,41.109361],[-96.256234,41.109361],[-96.256234,41.109361],[-96.256234,41.109361],[-96.256234,41.109361],[-96.256234,41.109361],[-96.256234,41.109361],[-96.256234,41.109361],[-96.256234,41.109361],[-96.256234,41.109361],[-96.256234,41.109361],[-96.256234,41.109361],[-96.256234,41.109361],[-96.256234,41.109361],[-96.256234,41.109361],[-96.256234,41.109361],[-96.256234,41.109361],[-96.256234,41.109361],[-96.256234,41.109361],[-96.256234,41.109361],[-96.256234,41.109361],[-96.256234,41.109361],[-96.256234,41.109361],[-96.256234,41.109361],[-96.256234,41.109361],[-96.256234,41.109361],[-96.256234,41.109361]],[[-96.256234,41.109361],[-96.256234,41.109367]],[[-96.256234,41.109367],[-96.256234,41.109367],[-96.256234,41.109367],[-96.256234,41.109367],[-96.256234,41.109367],[-96.256234,41.109367],[-96.256234,41.109367],[-96.256234,41.109367],[-96.256234,41.109367],[-96.256234,41.109367],[-96.256234,41.109367],[-96.256234,41.109367],[-96.256234,41.109367],[-96.256234,41.109367],[-96.256234,41.109367],[-96.256234,41.109367],[-96.256234,41.109367],[-96.256234,41.109367],[-96.256234,41.109367],[-96.256234,41.109367],[-96.256234,41.109367],[-96.256234,41.109367],[-96.256234,41.109367],[-96.256234,41.109367],[-96.256234,41.109367],[-96.256234,41.109367],[-96.256234,41.109367],[-96.256234,41.109367],[-96.256234,41.109367],[-96.256234,41.109367],[-96.256235,41.109367],[-96.256235,41.109367],[-96.256235,41.109367],[-96.256235,41.109367],[-96.256235,41.109367],[-96.256235,41.109367],[-96.256235,41.109367],[-96.256235,41.109367],[-96.256235,41.109367],[-96.256235,41.109367],[-96.256235,41.109367]],[[-96.256235,41.109367],[-96.256255,41.109367]],[[-96.256256,41.109367],[-96.256256,41.109367],[-96.256256,41.109367],[-96.256256,41.109367],[-96.256256,41.109367],[-96.256256,41.109367],[-96.256256,41.109367],[-96.256256,41.109367],[-96.256256,41.109367],[-96.256256,41.109367],[-96.256256,41.109367],[-96.256256,41.109367],[-96.256256,41.109367],[-96.256256,41.109367],[-96.256256,41.109367],[-96.256256,41.109367],[-96.256255,41.109367],[-96.256255,41.109367],[-96.256255,41.109367],[-96.256255,41.109367],[-96.256255,41.109367],[-96.256255,41.109367],[-96.256255,41.109367],[-96.256255,41.109367]],[[-96.256256,41.109361],[-96.256256,41.109367]],[[-96.256255,41.109361],[-96.256255,41.109361],[-96.256255,41.109361],[-96.256255,41.109361],[-96.256255,41.109361],[-96.256255,41.109361],[-96.256255,41.109361],[-96.256255,41.109361],[-96.256256,41.109361],[-96.256256,41.109361],[-96.256256,41.109361],[-96.256256,41.109361],[-96.256256,41.109361],[-96.256256,41.109361],[-96.256256,41.109361],[-96.256256,41.109361],[-96.256256,41.109361],[-96.256256,41.109361],[-96.256256,41.109361],[-96.256256,41.109361],[-96.256256,41.109361],[-96.256256,41.109361],[-96.256256,41.109361],[-96.256256,41.109361]],[[-96.256235,41.109361],[-96.256255,41.109361]],[[-96.256234,41.109361],[-96.256234,41.109361],[-96.256234,41.109361],[-96.256234,41.109361],[-96.256234,41.109361],[-96.256234,41.109361],[-96.256234,41.109361],[-96.256234,41.109361],[-96.256234,41.109361],[-96.256234,41.109361],[-96.256234,41.109361],[-96.256234,41.109361],[-96.256234,41.109361],[-96.256234,41.109361],[-96.256234,41.109361],[-96.256234,41.109361],[-96.256234,41.109361],[-96.256235,41.109361],[-96.256235,41.109361],[-96.256235,41.109361],[-96.256235,41.109361],[-96.256235,41.109361],[-96.256235,41.109361],[-96.256235,41.109361]],[[-96.256234,41.109367],[-96.256234,41.109361]],[[-96.256235,41.109367],[-96.256235,41.109367],[-96.256235,41.109367],[-96.256235,41.109367],[-96.256235,41.109367],[-96.256235,41.109367],[-96.256235,41.109367],[-96.256234,41.109367],[-96.256234,41.109367],[-96.256234,41.109367],[-96.256234,41.109367],[-96.256234,41.109367],[-96.256234,41.109367],[-96.256234,41.109367],[-96.256234,41.109367],[-96.256234,41.109367],[-96.256234,41.109367],[-96.256234,41.109367],[-96.256234,41.109367],[-96.256234,41.109367],[-96.256234,41.109367],[-96.256234,41.109367],[-96.256234,41.109367],[-96.256234,41.109367]],[[-96.256255,41.109367],[-96.256235,41.109367]],[[-96.256235,41.109367],[-96.256255,41.109367]],[[-96.256256,41.109367],[-96.256256,41.109367],[-96.256256,41.109367],[-96.256256,41.109367],[-96.256256,41.109367],[-96.256256,41.109367],[-96.256256,41.109367],[-96.256256,41.109367],[-96.256256,41.109367],[-96.256256,41.109367],[-96.256256,41.109367],[-96.256256,41.109367],[-96.256256,41.109367],[-96.256256,41.109367],[-96.256256,41.109367],[-96.256256,41.109367],[-96.256255,41.109367],[-96.256255,41.109367],[-96.256255,41.109367],[-96.256255,41.109367],[-96.256255,41.109367],[-96.256255,41.109367],[-96.256255,41.109367],[-96.256255,41.109367]],[[-96.256256,41.109367],[-96.256256,41.109361]],[[-96.256255,41.109361],[-96.256255,41.109361],[-96.256255,41.109361],[-96.256255,41.109361],[-96.256255,41.109361],[-96.256255,41.109361],[-96.256255,41.109361],[-96.256255,41.109361],[-96.256256,41.109361],[-96.256256,41.109361],[-96.256256,41.109361],[-96.256256,41.109361],[-96.256256,41.109361],[-96.256256,41.109361],[-96.256256,41.109361],[-96.256256,41.109361],[-96.256256,41.109361],[-96.256256,41.109361],[-96.256256,41.109361],[-96.256256,41.109361],[-96.256256,41.109361],[-96.256256,41.109361],[-96.256256,41.109361],[-96.256256,41.109361]],[[-96.256255,41.109361],[-96.256235,41.109361]],[[-96.256234,41.109361],[-96.256234,41.109361],[-96.256234,41.109361],[-96.256234,41.109361],[-96.256234,41.109361],[-96.256234,41.109361],[-96.256234,41.109361],[-96.256234,41.109361],[-96.256234,41.109361],[-96.256234,41.109361],[-96.256234,41.109361],[-96.256234,41.109361],[-96.256234,41.109361],[-96.256234,41.109361],[-96.256234,41.109361],[-96.256234,41.109361],[-96.256234,41.109361],[-96.256235,41.109361],[-96.256235,41.109361],[-96.256235,41.109361],[-96.256235,41.109361],[-96.256235,41.109361],[-96.256235,41.109361],[-96.256235,41.109361]],[[-96.256234,41.109361],[-96.256234,41.109367]],[[-96.256235,41.109367],[-96.256235,41.109367],[-96.256235,41.109367],[-96.256235,41.109367],[-96.256235,41.109367],[-96.256235,41.109367],[-96.256235,41.109367],[-96.256234,41.109367],[-96.256234,41.109367],[-96.256234,41.109367],[-96.256234,41.109367],[-96.256234,41.109367],[-96.256234,41.109367],[-96.256234,41.109367],[-96.256234,41.109367],[-96.256234,41.109367],[-96.256234,41.109367],[-96.256234,41.109367],[-96.256234,41.109367],[-96.256234,41.109367],[-96.256234,41.109367],[-96.256234,41.109367],[-96.256234,41.109367],[-96.256234,41.109367]]]}},{"type":"Feature","properties":{"type":"drawing","level":"LEVEL 1","Layer":"I-FURN","source":"LEVEL_1.dxf","SubClasses":"AcDbEntity:AcDbBlockReference","EntityHandle":"532","interactive":false},"geometry":{"type":"MultiLineString","coordinates":[[[-96.256255,41.109385],[-96.256255,41.109385],[-96.256255,41.109385],[-96.256255,41.109385],[-96.256255,41.109385],[-96.256255,41.109385],[-96.256255,41.109385],[-96.256255,41.109385],[-96.256255,41.109385],[-96.256255,41.109385],[-96.256255,41.109385],[-96.256256,41.109385],[-96.256256,41.109385],[-96.256256,41.109385],[-96.256256,41.109385],[-96.256256,41.109385],[-96.256256,41.109385],[-96.256256,41.109385],[-96.256256,41.109385],[-96.256256,41.109385],[-96.256256,41.109385],[-96.256256,41.109385],[-96.256256,41.109385],[-96.256256,41.109385],[-96.256256,41.109385],[-96.256256,41.109385],[-96.256256,41.109385],[-96.256256,41.109385],[-96.256256,41.109385],[-96.256256,41.109385],[-96.256256,41.109385],[-96.256256,41.109385],[-96.256256,41.109385],[-96.256256,41.109385],[-96.256256,41.109385],[-96.256256,41.109385],[-96.256256,41.109385],[-96.256256,41.109385],[-96.256256,41.109385],[-96.256256,41.109385],[-96.256256,41.109385]],[[-96.256256,41.109385],[-96.256256,41.109379]],[[-96.256256,41.109379],[-96.256256,41.109379],[-96.256256,41.109379],[-96.256256,41.109379],[-96.256256,41.109379],[-96.256256,41.109379],[-96.256256,41.109379],[-96.256256,41.109379],[-96.256256,41.109379],[-96.256256,41.109379],[-96.256256,41.109379],[-96.256256,41.109379],[-96.256256,41.109379],[-96.256256,41.109379],[-96.256256,41.109379],[-96.256256,41.109379],[-96.256256,41.109379],[-96.256256,41.109379],[-96.256256,41.109379],[-96.256256,41.109379],[-96.256256,41.109379],[-96.256256,41.109379],[-96.256256,41.109379],[-96.256256,41.109379],[-96.256256,41.109379],[-96.256256,41.109379],[-96.256256,41.109379],[-96.256256,41.109379],[-96.256256,41.109379],[-96.256255,41.109379],[-96.256255,41.109379],[-96.256255,41.109379],[-96.256255,41.109379],[-96.256255,41.109379],[-96.256255,41.109379],[-96.256255,41.109379],[-96.256255,41.109379],[-96.256255,41.109379],[-96.256255,41.109379],[-96.256255,41.109379],[-96.256255,41.109379]],[[-96.256255,41.109379],[-96.256235,41.109379]],[[-96.256235,41.109379],[-96.256235,41.109379],[-96.256235,41.109379],[-96.256235,41.109379],[-96.256235,41.109379],[-96.256235,41.109379],[-96.256235,41.109379],[-96.256235,41.109379],[-96.256235,41.109379],[-96.256235,41.109379],[-96.256234,41.109379],[-96.256234,41.109379],[-96.256234,41.109379],[-96.256234,41.109379],[-96.256234,41.109379],[-96.256234,41.109379],[-96.256234,41.109379],[-96.256234,41.109379],[-96.256234,41.109379],[-96.256234,41.109379],[-96.256234,41.109379],[-96.256234,41.109379],[-96.256234,41.109379],[-96.256234,41.109379],[-96.256234,41.109379],[-96.256234,41.109379],[-96.256234,41.109379],[-96.256234,41.109379],[-96.256234,41.109379],[-96.256234,41.109379],[-96.256234,41.109379],[-96.256234,41.109379],[-96.256234,41.109379],[-96.256234,41.109379],[-96.256234,41.109379],[-96.256234,41.109379],[-96.256234,41.109379],[-96.256234,41.109379],[-96.256234,41.109379],[-96.256234,41.109379],[-96.256234,41.109379]],[[-96.256234,41.109379],[-96.256234,41.109385]],[[-96.256234,41.109385],[-96.256234,41.109385],[-96.256234,41.109385],[-96.256234,41.109385],[-96.256234,41.109385],[-96.256234,41.109385],[-96.256234,41.109385],[-96.256234,41.109385],[-96.256234,41.109385],[-96.256234,41.109385],[-96.256234,41.109385],[-96.256234,41.109385],[-96.256234,41.109385],[-96.256234,41.109385],[-96.256234,41.109385],[-96.256234,41.109385],[-96.256234,41.109385],[-96.256234,41.109385],[-96.256234,41.109385],[-96.256234,41.109385],[-96.256234,41.109385],[-96.256234,41.109385],[-96.256234,41.109385],[-96.256234,41.109385],[-96.256234,41.109385],[-96.256234,41.109385],[-96.256234,41.109385],[-96.256234,41.109385],[-96.256234,41.109385],[-96.256234,41.109385],[-96.256235,41.109385],[-96.256235,41.109385],[-96.256235,41.109385],[-96.256235,41.109385],[-96.256235,41.109385],[-96.256235,41.109385],[-96.256235,41.109385],[-96.256235,41.109385],[-96.256235,41.109385],[-96.256235,41.109385],[-96.256235,41.109385]],[[-96.256235,41.109385],[-96.256255,41.109385]],[[-96.256256,41.109385],[-96.256256,41.109385],[-96.256256,41.109385],[-96.256256,41.109385],[-96.256256,41.109385],[-96.256256,41.109385],[-96.256256,41.109385],[-96.256256,41.109385],[-96.256256,41.109385],[-96.256256,41.109385],[-96.256256,41.109385],[-96.256256,41.109385],[-96.256256,41.109385],[-96.256256,41.109385],[-96.256256,41.109385],[-96.256256,41.109385],[-96.256255,41.109385],[-96.256255,41.109385],[-96.256255,41.109385],[-96.256255,41.109385],[-96.256255,41.109385],[-96.256255,41.109385],[-96.256255,41.109385],[-96.256255,41.109385]],[[-96.256256,41.109379],[-96.256256,41.109385]],[[-96.256255,41.109379],[-96.256255,41.109379],[-96.256255,41.109379],[-96.256255,41.109379],[-96.256255,41.109379],[-96.256255,41.109379],[-96.256255,41.109379],[-96.256255,41.109379],[-96.256256,41.109379],[-96.256256,41.109379],[-96.256256,41.109379],[-96.256256,41.109379],[-96.256256,41.109379],[-96.256256,41.109379],[-96.256256,41.109379],[-96.256256,41.109379],[-96.256256,41.109379],[-96.256256,41.109379],[-96.256256,41.109379],[-96.256256,41.109379],[-96.256256,41.109379],[-96.256256,41.109379],[-96.256256,41.109379],[-96.256256,41.109379]],[[-96.256235,41.109379],[-96.256255,41.109379]],[[-96.256234,41.109379],[-96.256234,41.109379],[-96.256234,41.109379],[-96.256234,41.109379],[-96.256234,41.109379],[-96.256234,41.109379],[-96.256234,41.109379],[-96.256234,41.109379],[-96.256234,41.109379],[-96.256234,41.109379],[-96.256234,41.109379],[-96.256234,41.109379],[-96.256234,41.109379],[-96.256234,41.109379],[-96.256234,41.109379],[-96.256234,41.109379],[-96.256234,41.109379],[-96.256235,41.109379],[-96.256235,41.109379],[-96.256235,41.109379],[-96.256235,41.109379],[-96.256235,41.109379],[-96.256235,41.109379],[-96.256235,41.109379]],[[-96.256234,41.109385],[-96.256234,41.109379]],[[-96.256235,41.109385],[-96.256235,41.109385],[-96.256235,41.109385],[-96.256235,41.109385],[-96.256235,41.109385],[-96.256235,41.109385],[-96.256235,41.109385],[-96.256234,41.109385],[-96.256234,41.109385],[-96.256234,41.109385],[-96.256234,41.109385],[-96.256234,41.109385],[-96.256234,41.109385],[-96.256234,41.109385],[-96.256234,41.109385],[-96.256234,41.109385],[-96.256234,41.109385],[-96.256234,41.109385],[-96.256234,41.109385],[-96.256234,41.109385],[-96.256234,41.109385],[-96.256234,41.109385],[-96.256234,41.109385],[-96.256234,41.109385]],[[-96.256255,41.109385],[-96.256235,41.109385]],[[-96.256235,41.109385],[-96.256255,41.109385]],[[-96.256256,41.109385],[-96.256256,41.109385],[-96.256256,41.109385],[-96.256256,41.109385],[-96.256256,41.109385],[-96.256256,41.109385],[-96.256256,41.109385],[-96.256256,41.109385],[-96.256256,41.109385],[-96.256256,41.109385],[-96.256256,41.109385],[-96.256256,41.109385],[-96.256256,41.109385],[-96.256256,41.109385],[-96.256256,41.109385],[-96.256256,41.109385],[-96.256255,41.109385],[-96.256255,41.109385],[-96.256255,41.109385],[-96.256255,41.109385],[-96.256255,41.109385],[-96.256255,41.109385],[-96.256255,41.109385],[-96.256255,41.109385]],[[-96.256256,41.109385],[-96.256256,41.109379]],[[-96.256255,41.109379],[-96.256255,41.109379],[-96.256255,41.109379],[-96.256255,41.109379],[-96.256255,41.109379],[-96.256255,41.109379],[-96.256255,41.109379],[-96.256255,41.109379],[-96.256256,41.109379],[-96.256256,41.109379],[-96.256256,41.109379],[-96.256256,41.109379],[-96.256256,41.109379],[-96.256256,41.109379],[-96.256256,41.109379],[-96.256256,41.109379],[-96.256256,41.109379],[-96.256256,41.109379],[-96.256256,41.109379],[-96.256256,41.109379],[-96.256256,41.109379],[-96.256256,41.109379],[-96.256256,41.109379],[-96.256256,41.109379]],[[-96.256255,41.109379],[-96.256235,41.109379]],[[-96.256234,41.109379],[-96.256234,41.109379],[-96.256234,41.109379],[-96.256234,41.109379],[-96.256234,41.109379],[-96.256234,41.109379],[-96.256234,41.109379],[-96.256234,41.109379],[-96.256234,41.109379],[-96.256234,41.109379],[-96.256234,41.109379],[-96.256234,41.109379],[-96.256234,41.109379],[-96.256234,41.109379],[-96.256234,41.109379],[-96.256234,41.109379],[-96.256234,41.109379],[-96.256235,41.109379],[-96.256235,41.109379],[-96.256235,41.109379],[-96.256235,41.109379],[-96.256235,41.109379],[-96.256235,41.109379],[-96.256235,41.109379]],[[-96.256234,41.109379],[-96.256234,41.109385]],[[-96.256235,41.109385],[-96.256235,41.109385],[-96.256235,41.109385],[-96.256235,41.109385],[-96.256235,41.109385],[-96.256235,41.109385],[-96.256235,41.109385],[-96.256234,41.109385],[-96.256234,41.109385],[-96.256234,41.109385],[-96.256234,41.109385],[-96.256234,41.109385],[-96.256234,41.109385],[-96.256234,41.109385],[-96.256234,41.109385],[-96.256234,41.109385],[-96.256234,41.109385],[-96.256234,41.109385],[-96.256234,41.109385],[-96.256234,41.109385],[-96.256234,41.109385],[-96.256234,41.109385],[-96.256234,41.109385],[-96.256234,41.109385]]]}},{"type":"Feature","properties":{"type":"drawing","level":"LEVEL 1","Layer":"I-FURN","source":"LEVEL_1.dxf","SubClasses":"AcDbEntity:AcDbBlockReference","EntityHandle":"533","interactive":false},"geometry":{"type":"MultiLineString","coordinates":[[[-96.256255,41.109403],[-96.256255,41.109403],[-96.256255,41.109403],[-96.256255,41.109403],[-96.256255,41.109403],[-96.256255,41.109403],[-96.256255,41.109403],[-96.256255,41.109403],[-96.256255,41.109403],[-96.256255,41.109403],[-96.256255,41.109403],[-96.256256,41.109403],[-96.256256,41.109403],[-96.256256,41.109403],[-96.256256,41.109403],[-96.256256,41.109403],[-96.256256,41.109403],[-96.256256,41.109403],[-96.256256,41.109403],[-96.256256,41.109403],[-96.256256,41.109403],[-96.256256,41.109403],[-96.256256,41.109403],[-96.256256,41.109403],[-96.256256,41.109403],[-96.256256,41.109403],[-96.256256,41.109403],[-96.256256,41.109403],[-96.256256,41.109403],[-96.256256,41.109403],[-96.256256,41.109403],[-96.256256,41.109403],[-96.256256,41.109403],[-96.256256,41.109403],[-96.256256,41.109403],[-96.256256,41.109403],[-96.256256,41.109403],[-96.256256,41.109403],[-96.256256,41.109403],[-96.256256,41.109403],[-96.256256,41.109403]],[[-96.256256,41.109403],[-96.256256,41.109397]],[[-96.256256,41.109397],[-96.256256,41.109397],[-96.256256,41.109397],[-96.256256,41.109397],[-96.256256,41.109397],[-96.256256,41.109397],[-96.256256,41.109397],[-96.256256,41.109397],[-96.256256,41.109397],[-96.256256,41.109397],[-96.256256,41.109397],[-96.256256,41.109397],[-96.256256,41.109397],[-96.256256,41.109396],[-96.256256,41.109396],[-96.256256,41.109396],[-96.256256,41.109396],[-96.256256,41.109396],[-96.256256,41.109396],[-96.256256,41.109396],[-96.256256,41.109396],[-96.256256,41.109396],[-96.256256,41.109396],[-96.256256,41.109396],[-96.256256,41.109396],[-96.256256,41.109396],[-96.256256,41.109396],[-96.256256,41.109396],[-96.256256,41.109396],[-96.256255,41.109396],[-96.256255,41.109396],[-96.256255,41.109396],[-96.256255,41.109396],[-96.256255,41.109396],[-96.256255,41.109396],[-96.256255,41.109396],[-96.256255,41.109396],[-96.256255,41.109396],[-96.256255,41.109396],[-96.256255,41.109396],[-96.256255,41.109396]],[[-96.256255,41.109396],[-96.256235,41.109396]],[[-96.256235,41.109396],[-96.256235,41.109396],[-96.256235,41.109396],[-96.256235,41.109396],[-96.256235,41.109396],[-96.256235,41.109396],[-96.256235,41.109396],[-96.256235,41.109396],[-96.256235,41.109396],[-96.256235,41.109396],[-96.256234,41.109396],[-96.256234,41.109396],[-96.256234,41.109396],[-96.256234,41.109396],[-96.256234,41.109396],[-96.256234,41.109396],[-96.256234,41.109396],[-96.256234,41.109396],[-96.256234,41.109396],[-96.256234,41.109396],[-96.256234,41.109396],[-96.256234,41.109396],[-96.256234,41.109396],[-96.256234,41.109396],[-96.256234,41.109396],[-96.256234,41.109396],[-96.256234,41.109396],[-96.256234,41.109397],[-96.256234,41.109397],[-96.256234,41.109397],[-96.256234,41.109397],[-96.256234,41.109397],[-96.256234,41.109397],[-96.256234,41.109397],[-96.256234,41.109397],[-96.256234,41.109397],[-96.256234,41.109397],[-96.256234,41.109397],[-96.256234,41.109397],[-96.256234,41.109397],[-96.256234,41.109397]],[[-96.256234,41.109397],[-96.256234,41.109403]],[[-96.256234,41.109403],[-96.256234,41.109403],[-96.256234,41.109403],[-96.256234,41.109403],[-96.256234,41.109403],[-96.256234,41.109403],[-96.256234,41.109403],[-96.256234,41.109403],[-96.256234,41.109403],[-96.256234,41.109403],[-96.256234,41.109403],[-96.256234,41.109403],[-96.256234,41.109403],[-96.256234,41.109403],[-96.256234,41.109403],[-96.256234,41.109403],[-96.256234,41.109403],[-96.256234,41.109403],[-96.256234,41.109403],[-96.256234,41.109403],[-96.256234,41.109403],[-96.256234,41.109403],[-96.256234,41.109403],[-96.256234,41.109403],[-96.256234,41.109403],[-96.256234,41.109403],[-96.256234,41.109403],[-96.256234,41.109403],[-96.256234,41.109403],[-96.256234,41.109403],[-96.256235,41.109403],[-96.256235,41.109403],[-96.256235,41.109403],[-96.256235,41.109403],[-96.256235,41.109403],[-96.256235,41.109403],[-96.256235,41.109403],[-96.256235,41.109403],[-96.256235,41.109403],[-96.256235,41.109403],[-96.256235,41.109403]],[[-96.256235,41.109403],[-96.256255,41.109403]],[[-96.256256,41.109403],[-96.256256,41.109403],[-96.256256,41.109403],[-96.256256,41.109403],[-96.256256,41.109403],[-96.256256,41.109403],[-96.256256,41.109403],[-96.256256,41.109403],[-96.256256,41.109403],[-96.256256,41.109403],[-96.256256,41.109403],[-96.256256,41.109403],[-96.256256,41.109403],[-96.256256,41.109403],[-96.256256,41.109403],[-96.256256,41.109403],[-96.256255,41.109403],[-96.256255,41.109403],[-96.256255,41.109403],[-96.256255,41.109403],[-96.256255,41.109403],[-96.256255,41.109403],[-96.256255,41.109403],[-96.256255,41.109403]],[[-96.256256,41.109397],[-96.256256,41.109403]],[[-96.256255,41.109396],[-96.256255,41.109396],[-96.256255,41.109396],[-96.256255,41.109396],[-96.256255,41.109396],[-96.256255,41.109396],[-96.256255,41.109396],[-96.256255,41.109396],[-96.256256,41.109396],[-96.256256,41.109396],[-96.256256,41.109396],[-96.256256,41.109396],[-96.256256,41.109396],[-96.256256,41.109396],[-96.256256,41.109396],[-96.256256,41.109397],[-96.256256,41.109397],[-96.256256,41.109397],[-96.256256,41.109397],[-96.256256,41.109397],[-96.256256,41.109397],[-96.256256,41.109397],[-96.256256,41.109397],[-96.256256,41.109397]],[[-96.256235,41.109396],[-96.256255,41.109396]],[[-96.256234,41.109397],[-96.256234,41.109397],[-96.256234,41.109397],[-96.256234,41.109397],[-96.256234,41.109397],[-96.256234,41.109397],[-96.256234,41.109397],[-96.256234,41.109397],[-96.256234,41.109397],[-96.256234,41.109396],[-96.256234,41.109396],[-96.256234,41.109396],[-96.256234,41.109396],[-96.256234,41.109396],[-96.256234,41.109396],[-96.256234,41.109396],[-96.256234,41.109396],[-96.256235,41.109396],[-96.256235,41.109396],[-96.256235,41.109396],[-96.256235,41.109396],[-96.256235,41.109396],[-96.256235,41.109396],[-96.256235,41.109396]],[[-96.256234,41.109403],[-96.256234,41.109397]],[[-96.256235,41.109403],[-96.256235,41.109403],[-96.256235,41.109403],[-96.256235,41.109403],[-96.256235,41.109403],[-96.256235,41.109403],[-96.256235,41.109403],[-96.256234,41.109403],[-96.256234,41.109403],[-96.256234,41.109403],[-96.256234,41.109403],[-96.256234,41.109403],[-96.256234,41.109403],[-96.256234,41.109403],[-96.256234,41.109403],[-96.256234,41.109403],[-96.256234,41.109403],[-96.256234,41.109403],[-96.256234,41.109403],[-96.256234,41.109403],[-96.256234,41.109403],[-96.256234,41.109403],[-96.256234,41.109403],[-96.256234,41.109403]],[[-96.256255,41.109403],[-96.256235,41.109403]],[[-96.256235,41.109403],[-96.256255,41.109403]],[[-96.256256,41.109403],[-96.256256,41.109403],[-96.256256,41.109403],[-96.256256,41.109403],[-96.256256,41.109403],[-96.256256,41.109403],[-96.256256,41.109403],[-96.256256,41.109403],[-96.256256,41.109403],[-96.256256,41.109403],[-96.256256,41.109403],[-96.256256,41.109403],[-96.256256,41.109403],[-96.256256,41.109403],[-96.256256,41.109403],[-96.256256,41.109403],[-96.256255,41.109403],[-96.256255,41.109403],[-96.256255,41.109403],[-96.256255,41.109403],[-96.256255,41.109403],[-96.256255,41.109403],[-96.256255,41.109403],[-96.256255,41.109403]],[[-96.256256,41.109403],[-96.256256,41.109397]],[[-96.256255,41.109396],[-96.256255,41.109396],[-96.256255,41.109396],[-96.256255,41.109396],[-96.256255,41.109396],[-96.256255,41.109396],[-96.256255,41.109396],[-96.256255,41.109396],[-96.256256,41.109396],[-96.256256,41.109396],[-96.256256,41.109396],[-96.256256,41.109396],[-96.256256,41.109396],[-96.256256,41.109396],[-96.256256,41.109396],[-96.256256,41.109397],[-96.256256,41.109397],[-96.256256,41.109397],[-96.256256,41.109397],[-96.256256,41.109397],[-96.256256,41.109397],[-96.256256,41.109397],[-96.256256,41.109397],[-96.256256,41.109397]],[[-96.256255,41.109396],[-96.256235,41.109396]],[[-96.256234,41.109397],[-96.256234,41.109397],[-96.256234,41.109397],[-96.256234,41.109397],[-96.256234,41.109397],[-96.256234,41.109397],[-96.256234,41.109397],[-96.256234,41.109397],[-96.256234,41.109397],[-96.256234,41.109396],[-96.256234,41.109396],[-96.256234,41.109396],[-96.256234,41.109396],[-96.256234,41.109396],[-96.256234,41.109396],[-96.256234,41.109396],[-96.256234,41.109396],[-96.256235,41.109396],[-96.256235,41.109396],[-96.256235,41.109396],[-96.256235,41.109396],[-96.256235,41.109396],[-96.256235,41.109396],[-96.256235,41.109396]],[[-96.256234,41.109397],[-96.256234,41.109403]],[[-96.256235,41.109403],[-96.256235,41.109403],[-96.256235,41.109403],[-96.256235,41.109403],[-96.256235,41.109403],[-96.256235,41.109403],[-96.256235,41.109403],[-96.256234,41.109403],[-96.256234,41.109403],[-96.256234,41.109403],[-96.256234,41.109403],[-96.256234,41.109403],[-96.256234,41.109403],[-96.256234,41.109403],[-96.256234,41.109403],[-96.256234,41.109403],[-96.256234,41.109403],[-96.256234,41.109403],[-96.256234,41.109403],[-96.256234,41.109403],[-96.256234,41.109403],[-96.256234,41.109403],[-96.256234,41.109403],[-96.256234,41.109403]]]}},{"type":"Feature","properties":{"type":"drawing","level":"LEVEL 1","Layer":"P-SANR-FIXT","source":"LEVEL_1.dxf","SubClasses":"AcDbEntity:AcDbBlockReference","EntityHandle":"61B","interactive":false},"geometry":{"type":"MultiLineString","coordinates":[[[-96.25634,41.109388],[-96.256343,41.109388]],[[-96.256346,41.109388],[-96.256346,41.109388],[-96.256346,41.109388],[-96.256345,41.109388],[-96.256345,41.109388],[-96.256345,41.109388],[-96.256345,41.109388],[-96.256345,41.109388],[-96.256345,41.109388],[-96.256344,41.109388],[-96.256344,41.109388],[-96.256344,41.109388],[-96.256344,41.109388],[-96.256344,41.109388],[-96.256343,41.109388],[-96.256343,41.109388]],[[-96.256346,41.109386],[-96.256346,41.109386],[-96.256346,41.109386],[-96.256346,41.109386],[-96.256346,41.109386],[-96.256346,41.109386],[-96.256346,41.109386],[-96.256346,41.109386],[-96.256346,41.109386],[-96.256347,41.109386],[-96.256347,41.109387],[-96.256347,41.109387],[-96.256347,41.109387],[-96.256347,41.109387],[-96.256347,41.109387],[-96.256347,41.109387],[-96.256347,41.109387],[-96.256346,41.109387],[-96.256346,41.109387],[-96.256346,41.109387],[-96.256346,41.109388],[-96.256346,41.109388],[-96.256346,41.109388],[-96.256346,41.109388],[-96.256346,41.109388],[-96.256346,41.109388]],[[-96.256343,41.109385],[-96.256343,41.109385],[-96.256344,41.109385],[-96.256344,41.109385],[-96.256344,41.109385],[-96.256344,41.109385],[-96.256344,41.109385],[-96.256345,41.109385],[-96.256345,41.109385],[-96.256345,41.109385],[-96.256345,41.109385],[-96.256345,41.109385],[-96.256345,41.109386],[-96.256346,41.109386],[-96.256346,41.109386],[-96.256346,41.109386]],[[-96.256343,41.109385],[-96.25634,41.109385]],[[-96.25634,41.109387],[-96.25634,41.109387],[-96.25634,41.109387],[-96.25634,41.109387],[-96.25634,41.109387],[-96.25634,41.109387],[-96.25634,41.109387],[-96.25634,41.109387],[-96.25634,41.109387],[-96.25634,41.109387],[-96.25634,41.109387],[-96.25634,41.109387],[-96.25634,41.109387],[-96.25634,41.109387],[-96.25634,41.109387],[-96.25634,41.109387],[-96.25634,41.109387],[-96.25634,41.109387],[-96.25634,41.109387],[-96.25634,41.109387],[-96.25634,41.109387],[-96.25634,41.109387],[-96.25634,41.109387],[-96.25634,41.109387],[-96.25634,41.109387],[-96.25634,41.109387],[-96.25634,41.109387],[-96.25634,41.109387],[-96.25634,41.109387],[-96.25634,41.109387],[-96.25634,41.109387],[-96.25634,41.109387],[-96.25634,41.109387],[-96.25634,41.109387],[-96.25634,41.109387],[-96.25634,41.109387],[-96.25634,41.109387],[-96.25634,41.109386],[-96.25634,41.109386],[-96.25634,41.109386],[-96.25634,41.109386],[-96.25634,41.109386],[-96.25634,41.109386],[-96.25634,41.109386],[-96.25634,41.109386],[-96.25634,41.109386]],[[-96.25634,41.109386],[-96.25634,41.109386],[-96.25634,41.109386],[-96.25634,41.109386],[-96.25634,41.109386],[-96.256341,41.109386],[-96.256341,41.109386],[-96.256341,41.109386],[-96.256341,41.109386],[-96.256341,41.109387],[-96.256341,41.109387],[-96.256341,41.109387],[-96.256341,41.109387],[-96.256341,41.109387],[-96.256341,41.109387],[-96.256341,41.109387],[-96.256341,41.109387],[-96.256341,41.109387],[-96.256341,41.109387],[-96.256341,41.109387],[-96.256341,41.109387],[-96.256341,41.109387],[-96.256341,41.109387],[-96.256341,41.109387],[-96.256341,41.109387],[-96.256341,41.109387],[-96.256341,41.109387],[-96.256341,41.109387],[-96.256341,41.109387],[-96.256341,41.109387],[-96.256341,41.109387],[-96.256341,41.109387],[-96.256341,41.109387],[-96.256341,41.109387],[-96.256341,41.109387],[-96.256341,41.109387],[-96.256341,41.109387],[-96.256341,41.109387],[-96.256341,41.109387],[-96.256341,41.109387],[-96.256341,41.109387],[-96.25634,41.109387],[-96.25634,41.109387],[-96.25634,41.109387],[-96.25634,41.109387],[-96.25634,41.109387]],[[-96.256342,41.109387],[-96.256342,41.109387],[-96.256342,41.109387],[-96.256342,41.109387],[-96.256342,41.109387],[-96.256342,41.109387],[-96.256342,41.109387],[-96.256342,41.109387],[-96.256342,41.109387],[-96.256342,41.109387],[-96.256342,41.109387],[-96.256342,41.109387],[-96.256342,41.109387],[-96.256342,41.109387],[-96.256342,41.109387],[-96.256342,41.109387],[-96.256342,41.109387],[-96.256342,41.109387],[-96.256342,41.109387],[-96.256342,41.109387],[-96.256342,41.109387],[-96.256342,41.109387],[-96.256342,41.109387],[-96.256342,41.109387],[-96.256342,41.109386],[-96.256342,41.109386],[-96.256342,41.109386],[-96.256342,41.109386],[-96.256342,41.109386],[-96.256342,41.109386],[-96.256342,41.109386],[-96.256342,41.109386]],[[-96.256343,41.109388],[-96.256342,41.109387]],[[-96.256343,41.109386],[-96.256342,41.109386]],[[-96.256343,41.109386],[-96.256344,41.109386],[-96.256344,41.109386],[-96.256344,41.109386],[-96.256344,41.109386],[-96.256344,41.109386],[-96.256344,41.109386],[-96.256344,41.109386],[-96.256345,41.109386],[-96.256345,41.109386],[-96.256345,41.109386],[-96.256345,41.109386],[-96.256345,41.109386],[-96.256345,41.109386],[-96.256345,41.109386],[-96.256345,41.109386],[-96.256345,41.109386]],[[-96.256345,41.109386],[-96.256345,41.109386],[-96.256345,41.109386],[-96.256346,41.109386],[-96.256346,41.109386],[-96.256346,41.109387],[-96.256346,41.109387],[-96.256346,41.109387],[-96.256346,41.109387],[-96.256346,41.109387],[-96.256346,41.109387],[-96.256346,41.109387],[-96.256346,41.109387],[-96.256346,41.109387],[-96.256346,41.109387],[-96.256346,41.109387],[-96.256346,41.109387],[-96.256346,41.109387],[-96.256346,41.109387],[-96.256346,41.109387],[-96.256346,41.109387],[-96.256345,41.109387],[-96.256345,41.109387],[-96.256345,41.109387]],[[-96.256345,41.109387],[-96.256345,41.109387],[-96.256345,41.109387],[-96.256345,41.109388],[-96.256345,41.109388],[-96.256345,41.109388],[-96.256345,41.109388],[-96.256345,41.109388],[-96.256345,41.109388],[-96.256344,41.109388],[-96.256344,41.109388],[-96.256344,41.109388],[-96.256344,41.109388],[-96.256344,41.109388],[-96.256344,41.109388],[-96.256344,41.109388],[-96.256343,41.109388]],[[-96.256343,41.109385],[-96.256341,41.109386]],[[-96.256343,41.109385],[-96.25634,41.109385]],[[-96.256341,41.109388],[-96.256341,41.109386]],[[-96.256343,41.109388],[-96.256341,41.109388]],[[-96.256341,41.109386],[-96.256341,41.109386]],[[-96.256341,41.109388],[-96.256341,41.109388]],[[-96.256343,41.109388],[-96.25634,41.109388]],[[-96.256341,41.109387],[-96.256341,41.109387],[-96.256341,41.109387],[-96.256341,41.109387],[-96.256341,41.109387],[-96.256341,41.109387],[-96.256341,41.109387],[-96.256341,41.109387],[-96.256341,41.109387],[-96.256341,41.109387],[-96.256341,41.109387],[-96.256341,41.109387],[-96.256341,41.109387],[-96.256341,41.109387],[-96.256341,41.109387],[-96.25634,41.109387],[-96.25634,41.109387],[-96.25634,41.109387],[-96.25634,41.109387],[-96.25634,41.109387],[-96.25634,41.109387],[-96.25634,41.109387],[-96.25634,41.109387],[-96.25634,41.109387],[-96.25634,41.109387],[-96.25634,41.109387],[-96.25634,41.109387],[-96.25634,41.109387],[-96.25634,41.109387],[-96.25634,41.109387],[-96.25634,41.109387],[-96.25634,41.109387],[-96.25634,41.109387],[-96.25634,41.109387],[-96.25634,41.109387],[-96.25634,41.109387],[-96.25634,41.109387],[-96.25634,41.109387],[-96.25634,41.109387],[-96.25634,41.109387],[-96.25634,41.109387],[-96.25634,41.109387],[-96.25634,41.109387],[-96.25634,41.109387],[-96.25634,41.109387],[-96.25634,41.109387]],[[-96.25634,41.109387],[-96.25634,41.109387],[-96.25634,41.109387],[-96.25634,41.109387],[-96.25634,41.109387],[-96.25634,41.109387],[-96.25634,41.109387],[-96.25634,41.109387],[-96.25634,41.109387],[-96.25634,41.109387],[-96.25634,41.109387],[-96.25634,41.109387],[-96.25634,41.109387],[-96.25634,41.109387],[-96.25634,41.109387],[-96.25634,41.109387],[-96.25634,41.109387],[-96.25634,41.109387],[-96.25634,41.109387],[-96.25634,41.109387],[-96.25634,41.109387],[-96.25634,41.109387],[-96.25634,41.109387],[-96.25634,41.109387],[-96.25634,41.109387],[-96.25634,41.109387],[-96.25634,41.109387],[-96.25634,41.109387],[-96.25634,41.109387],[-96.25634,41.109387],[-96.25634,41.109387],[-96.256341,41.109387],[-96.256341,41.109387],[-96.256341,41.109387],[-96.256341,41.109387],[-96.256341,41.109387],[-96.256341,41.109387],[-96.256341,41.109387],[-96.256341,41.109387],[-96.256341,41.109387],[-96.256341,41.109387],[-96.256341,41.109387],[-96.256341,41.109387],[-96.256341,41.109387],[-96.256341,41.109387],[-96.256341,41.109387],[-96.256341,41.109387]],[[-96.256341,41.109387],[-96.256341,41.109387],[-96.256341,41.109387],[-96.256341,41.109387],[-96.256341,41.109387],[-96.256341,41.109387],[-96.256341,41.109387],[-96.256341,41.109387],[-96.256341,41.109387],[-96.256341,41.109387],[-96.256341,41.109387],[-96.25634,41.109387],[-96.25634,41.109387],[-96.25634,41.109387],[-96.25634,41.109387],[-96.25634,41.109387],[-96.25634,41.109387],[-96.25634,41.109387],[-96.25634,41.109387],[-96.25634,41.109387],[-96.25634,41.109387],[-96.25634,41.109387],[-96.25634,41.109387],[-96.25634,41.109387],[-96.25634,41.109387],[-96.25634,41.109387],[-96.25634,41.109387],[-96.25634,41.109387],[-96.25634,41.109387],[-96.25634,41.109387],[-96.25634,41.109387],[-96.25634,41.109387],[-96.25634,41.109387],[-96.25634,41.109387],[-96.25634,41.109387],[-96.25634,41.109387],[-96.25634,41.109387],[-96.25634,41.109387],[-96.25634,41.109387]],[[-96.256341,41.109387],[-96.256341,41.109387],[-96.256341,41.109387],[-96.256341,41.109387],[-96.256341,41.109387],[-96.256341,41.109387],[-96.256341,41.109387],[-96.256341,41.109387]],[[-96.256341,41.109387],[-96.256341,41.109387],[-96.256341,41.109387],[-96.256341,41.109387],[-96.256341,41.109387],[-96.256341,41.109387],[-96.256341,41.109387],[-96.256341,41.109387]],[[-96.25634,41.109387],[-96.25634,41.109387],[-96.25634,41.109387],[-96.25634,41.109387],[-96.25634,41.109387],[-96.25634,41.109387],[-96.25634,41.109387],[-96.25634,41.109387],[-96.25634,41.109387],[-96.25634,41.109387],[-96.25634,41.109387],[-96.25634,41.109387],[-96.25634,41.109387],[-96.25634,41.109387],[-96.25634,41.109387],[-96.25634,41.109386],[-96.25634,41.109386],[-96.25634,41.109386],[-96.25634,41.109386],[-96.25634,41.109386],[-96.25634,41.109386],[-96.25634,41.109386],[-96.25634,41.109386],[-96.25634,41.109386],[-96.25634,41.109386],[-96.25634,41.109386],[-96.25634,41.109386],[-96.25634,41.109386],[-96.256341,41.109386],[-96.256341,41.109386],[-96.256341,41.109386],[-96.256341,41.109386],[-96.256341,41.109387],[-96.256341,41.109387],[-96.256341,41.109387],[-96.256341,41.109387],[-96.256341,41.109387],[-96.256341,41.109387],[-96.256341,41.109387]]]}},{"type":"Feature","properties":{"type":"drawing","level":"LEVEL 1","Layer":"P-SANR-FIXT","source":"LEVEL_1.dxf","SubClasses":"AcDbEntity:AcDbBlockReference","EntityHandle":"64A","interactive":false},"geometry":{"type":"MultiLineString","coordinates":[[[-96.25634,41.109396],[-96.256343,41.109396]],[[-96.256346,41.109396],[-96.256346,41.109396],[-96.256346,41.109396],[-96.256345,41.109396],[-96.256345,41.109396],[-96.256345,41.109396],[-96.256345,41.109396],[-96.256345,41.109396],[-96.256345,41.109396],[-96.256344,41.109396],[-96.256344,41.109396],[-96.256344,41.109396],[-96.256344,41.109396],[-96.256344,41.109396],[-96.256343,41.109396],[-96.256343,41.109396]],[[-96.256346,41.109394],[-96.256346,41.109394],[-96.256346,41.109394],[-96.256346,41.109394],[-96.256346,41.109394],[-96.256346,41.109394],[-96.256346,41.109394],[-96.256346,41.109394],[-96.256346,41.109394],[-96.256347,41.109394],[-96.256347,41.109394],[-96.256347,41.109394],[-96.256347,41.109395],[-96.256347,41.109395],[-96.256347,41.109395],[-96.256347,41.109395],[-96.256347,41.109395],[-96.256346,41.109395],[-96.256346,41.109395],[-96.256346,41.109395],[-96.256346,41.109395],[-96.256346,41.109395],[-96.256346,41.109395],[-96.256346,41.109396],[-96.256346,41.109396],[-96.256346,41.109396]],[[-96.256343,41.109393],[-96.256343,41.109393],[-96.256344,41.109393],[-96.256344,41.109393],[-96.256344,41.109393],[-96.256344,41.109393],[-96.256344,41.109393],[-96.256345,41.109393],[-96.256345,41.109393],[-96.256345,41.109393],[-96.256345,41.109393],[-96.256345,41.109393],[-96.256345,41.109393],[-96.256346,41.109393],[-96.256346,41.109393],[-96.256346,41.109394]],[[-96.256343,41.109393],[-96.25634,41.109393]],[[-96.25634,41.109395],[-96.25634,41.109395],[-96.25634,41.109395],[-96.25634,41.109395],[-96.25634,41.109395],[-96.25634,41.109395],[-96.25634,41.109395],[-96.25634,41.109395],[-96.25634,41.109395],[-96.25634,41.109395],[-96.25634,41.109395],[-96.25634,41.109395],[-96.25634,41.109395],[-96.25634,41.109395],[-96.25634,41.109395],[-96.25634,41.109395],[-96.25634,41.109395],[-96.25634,41.109395],[-96.25634,41.109395],[-96.25634,41.109395],[-96.25634,41.109395],[-96.25634,41.109395],[-96.25634,41.109395],[-96.25634,41.109395],[-96.25634,41.109395],[-96.25634,41.109395],[-96.25634,41.109395],[-96.25634,41.109394],[-96.25634,41.109394],[-96.25634,41.109394],[-96.25634,41.109394],[-96.25634,41.109394],[-96.25634,41.109394],[-96.25634,41.109394],[-96.25634,41.109394],[-96.25634,41.109394],[-96.25634,41.109394],[-96.25634,41.109394],[-96.25634,41.109394],[-96.25634,41.109394],[-96.25634,41.109394],[-96.25634,41.109394],[-96.25634,41.109394],[-96.25634,41.109394],[-96.25634,41.109394],[-96.25634,41.109394]],[[-96.25634,41.109394],[-96.25634,41.109394],[-96.25634,41.109394],[-96.25634,41.109394],[-96.25634,41.109394],[-96.256341,41.109394],[-96.256341,41.109394],[-96.256341,41.109394],[-96.256341,41.109394],[-96.256341,41.109394],[-96.256341,41.109394],[-96.256341,41.109394],[-96.256341,41.109394],[-96.256341,41.109394],[-96.256341,41.109394],[-96.256341,41.109394],[-96.256341,41.109394],[-96.256341,41.109394],[-96.256341,41.109394],[-96.256341,41.109395],[-96.256341,41.109395],[-96.256341,41.109395],[-96.256341,41.109395],[-96.256341,41.109395],[-96.256341,41.109395],[-96.256341,41.109395],[-96.256341,41.109395],[-96.256341,41.109395],[-96.256341,41.109395],[-96.256341,41.109395],[-96.256341,41.109395],[-96.256341,41.109395],[-96.256341,41.109395],[-96.256341,41.109395],[-96.256341,41.109395],[-96.256341,41.109395],[-96.256341,41.109395],[-96.256341,41.109395],[-96.256341,41.109395],[-96.256341,41.109395],[-96.256341,41.109395],[-96.25634,41.109395],[-96.25634,41.109395],[-96.25634,41.109395],[-96.25634,41.109395],[-96.25634,41.109395]],[[-96.256342,41.109395],[-96.256342,41.109395],[-96.256342,41.109395],[-96.256342,41.109395],[-96.256342,41.109395],[-96.256342,41.109395],[-96.256342,41.109395],[-96.256342,41.109395],[-96.256342,41.109395],[-96.256342,41.109395],[-96.256342,41.109395],[-96.256342,41.109395],[-96.256342,41.109395],[-96.256342,41.109395],[-96.256342,41.109395],[-96.256342,41.109395],[-96.256342,41.109395],[-96.256342,41.109395],[-96.256342,41.109395],[-96.256342,41.109394],[-96.256342,41.109394],[-96.256342,41.109394],[-96.256342,41.109394],[-96.256342,41.109394],[-96.256342,41.109394],[-96.256342,41.109394],[-96.256342,41.109394],[-96.256342,41.109394],[-96.256342,41.109394],[-96.256342,41.109394],[-96.256342,41.109394],[-96.256342,41.109394]],[[-96.256343,41.109396],[-96.256342,41.109395]],[[-96.256343,41.109394],[-96.256342,41.109394]],[[-96.256343,41.109394],[-96.256344,41.109394],[-96.256344,41.109394],[-96.256344,41.109394],[-96.256344,41.109394],[-96.256344,41.109394],[-96.256344,41.109394],[-96.256344,41.109394],[-96.256345,41.109394],[-96.256345,41.109394],[-96.256345,41.109394],[-96.256345,41.109394],[-96.256345,41.109394],[-96.256345,41.109394],[-96.256345,41.109394],[-96.256345,41.109394],[-96.256345,41.109394]],[[-96.256345,41.109394],[-96.256345,41.109394],[-96.256345,41.109394],[-96.256346,41.109394],[-96.256346,41.109394],[-96.256346,41.109394],[-96.256346,41.109394],[-96.256346,41.109394],[-96.256346,41.109394],[-96.256346,41.109394],[-96.256346,41.109395],[-96.256346,41.109395],[-96.256346,41.109395],[-96.256346,41.109395],[-96.256346,41.109395],[-96.256346,41.109395],[-96.256346,41.109395],[-96.256346,41.109395],[-96.256346,41.109395],[-96.256346,41.109395],[-96.256346,41.109395],[-96.256345,41.109395],[-96.256345,41.109395],[-96.256345,41.109395]],[[-96.256345,41.109395],[-96.256345,41.109395],[-96.256345,41.109395],[-96.256345,41.109395],[-96.256345,41.109395],[-96.256345,41.109395],[-96.256345,41.109395],[-96.256345,41.109395],[-96.256345,41.109396],[-96.256344,41.109396],[-96.256344,41.109396],[-96.256344,41.109396],[-96.256344,41.109396],[-96.256344,41.109396],[-96.256344,41.109396],[-96.256344,41.109396],[-96.256343,41.109396]],[[-96.256343,41.109393],[-96.256341,41.109394]],[[-96.256343,41.109393],[-96.25634,41.109393]],[[-96.256341,41.109396],[-96.256341,41.109394]],[[-96.256343,41.109396],[-96.256341,41.109396]],[[-96.256341,41.109394],[-96.256341,41.109394]],[[-96.256341,41.109396],[-96.256341,41.109396]],[[-96.256343,41.109396],[-96.25634,41.109396]],[[-96.256341,41.109395],[-96.256341,41.109395],[-96.256341,41.109395],[-96.256341,41.109395],[-96.256341,41.109395],[-96.256341,41.109395],[-96.256341,41.109395],[-96.256341,41.109395],[-96.256341,41.109395],[-96.256341,41.109395],[-96.256341,41.109395],[-96.256341,41.109395],[-96.256341,41.109395],[-96.256341,41.109395],[-96.256341,41.109395],[-96.25634,41.109395],[-96.25634,41.109395],[-96.25634,41.109395],[-96.25634,41.109395],[-96.25634,41.109395],[-96.25634,41.109395],[-96.25634,41.109395],[-96.25634,41.109395],[-96.25634,41.109395],[-96.25634,41.109395],[-96.25634,41.109395],[-96.25634,41.109395],[-96.25634,41.109395],[-96.25634,41.109395],[-96.25634,41.109395],[-96.25634,41.109395],[-96.25634,41.109395],[-96.25634,41.109395],[-96.25634,41.109395],[-96.25634,41.109395],[-96.25634,41.109395],[-96.25634,41.109395],[-96.25634,41.109395],[-96.25634,41.109395],[-96.25634,41.109395],[-96.25634,41.109395],[-96.25634,41.109395],[-96.25634,41.109395],[-96.25634,41.109395],[-96.25634,41.109395],[-96.25634,41.109395]],[[-96.25634,41.109395],[-96.25634,41.109395],[-96.25634,41.109395],[-96.25634,41.109395],[-96.25634,41.109395],[-96.25634,41.109395],[-96.25634,41.109395],[-96.25634,41.109395],[-96.25634,41.109394],[-96.25634,41.109394],[-96.25634,41.109394],[-96.25634,41.109394],[-96.25634,41.109394],[-96.25634,41.109394],[-96.25634,41.109394],[-96.25634,41.109394],[-96.25634,41.109394],[-96.25634,41.109394],[-96.25634,41.109394],[-96.25634,41.109394],[-96.25634,41.109394],[-96.25634,41.109394],[-96.25634,41.109394],[-96.25634,41.109394],[-96.25634,41.109394],[-96.25634,41.109394],[-96.25634,41.109394],[-96.25634,41.109394],[-96.25634,41.109394],[-96.25634,41.109394],[-96.25634,41.109394],[-96.256341,41.109394],[-96.256341,41.109394],[-96.256341,41.109394],[-96.256341,41.109394],[-96.256341,41.109394],[-96.256341,41.109394],[-96.256341,41.109394],[-96.256341,41.109394],[-96.256341,41.109395],[-96.256341,41.109395],[-96.256341,41.109395],[-96.256341,41.109395],[-96.256341,41.109395],[-96.256341,41.109395],[-96.256341,41.109395],[-96.256341,41.109395]],[[-96.256341,41.109395],[-96.256341,41.109395],[-96.256341,41.109395],[-96.256341,41.109395],[-96.256341,41.109395],[-96.256341,41.109395],[-96.256341,41.109395],[-96.256341,41.109395],[-96.256341,41.109395],[-96.256341,41.109395],[-96.256341,41.109395],[-96.25634,41.109395],[-96.25634,41.109395],[-96.25634,41.109395],[-96.25634,41.109395],[-96.25634,41.109395],[-96.25634,41.109395],[-96.25634,41.109395],[-96.25634,41.109395],[-96.25634,41.109395],[-96.25634,41.109395],[-96.25634,41.109395],[-96.25634,41.109395],[-96.25634,41.109395],[-96.25634,41.109395],[-96.25634,41.109395],[-96.25634,41.109395],[-96.25634,41.109395],[-96.25634,41.109395],[-96.25634,41.109395],[-96.25634,41.109395],[-96.25634,41.109395],[-96.25634,41.109395],[-96.25634,41.109395],[-96.25634,41.109395],[-96.25634,41.109395],[-96.25634,41.109395],[-96.25634,41.109395],[-96.25634,41.109395]],[[-96.256341,41.109395],[-96.256341,41.109395],[-96.256341,41.109395],[-96.256341,41.109395],[-96.256341,41.109395],[-96.256341,41.109395],[-96.256341,41.109395],[-96.256341,41.109395]],[[-96.256341,41.109394],[-96.256341,41.109394],[-96.256341,41.109394],[-96.256341,41.109394],[-96.256341,41.109395],[-96.256341,41.109395],[-96.256341,41.109395],[-96.256341,41.109395]],[[-96.25634,41.109395],[-96.25634,41.109395],[-96.25634,41.109395],[-96.25634,41.109395],[-96.25634,41.109395],[-96.25634,41.109394],[-96.25634,41.109394],[-96.25634,41.109394],[-96.25634,41.109394],[-96.25634,41.109394],[-96.25634,41.109394],[-96.25634,41.109394],[-96.25634,41.109394],[-96.25634,41.109394],[-96.25634,41.109394],[-96.25634,41.109394],[-96.25634,41.109394],[-96.25634,41.109394],[-96.25634,41.109394],[-96.25634,41.109394],[-96.25634,41.109394],[-96.25634,41.109394],[-96.25634,41.109394],[-96.25634,41.109394],[-96.25634,41.109394],[-96.25634,41.109394],[-96.25634,41.109394],[-96.25634,41.109394],[-96.256341,41.109394],[-96.256341,41.109394],[-96.256341,41.109394],[-96.256341,41.109394],[-96.256341,41.109394],[-96.256341,41.109394],[-96.256341,41.109394],[-96.256341,41.109394],[-96.256341,41.109394],[-96.256341,41.109394],[-96.256341,41.109394]]]}},{"type":"Feature","properties":{"type":"drawing","level":"LEVEL 1","Layer":"P-SANR-FIXT","source":"LEVEL_1.dxf","SubClasses":"AcDbEntity:AcDbBlockReference","EntityHandle":"668","interactive":false},"geometry":{"type":"MultiLineString","coordinates":[[[-96.256343,41.109367],[-96.25634,41.109367]],[[-96.256346,41.109367],[-96.256346,41.109367],[-96.256346,41.109367],[-96.256345,41.109367],[-96.256345,41.109367],[-96.256345,41.109367],[-96.256345,41.109367],[-96.256345,41.109367],[-96.256345,41.109367],[-96.256344,41.109367],[-96.256344,41.109367],[-96.256344,41.109367],[-96.256344,41.109367],[-96.256344,41.109367],[-96.256343,41.109367],[-96.256343,41.109367]],[[-96.256346,41.109365],[-96.256346,41.109365],[-96.256346,41.109365],[-96.256346,41.109365],[-96.256346,41.109365],[-96.256346,41.109365],[-96.256346,41.109365],[-96.256346,41.109365],[-96.256346,41.109365],[-96.256347,41.109365],[-96.256347,41.109366],[-96.256347,41.109366],[-96.256347,41.109366],[-96.256347,41.109366],[-96.256347,41.109366],[-96.256347,41.109366],[-96.256347,41.109366],[-96.256346,41.109366],[-96.256346,41.109366],[-96.256346,41.109366],[-96.256346,41.109366],[-96.256346,41.109367],[-96.256346,41.109367],[-96.256346,41.109367],[-96.256346,41.109367],[-96.256346,41.109367]],[[-96.256343,41.109364],[-96.256343,41.109364],[-96.256344,41.109364],[-96.256344,41.109364],[-96.256344,41.109364],[-96.256344,41.109364],[-96.256344,41.109364],[-96.256345,41.109364],[-96.256345,41.109364],[-96.256345,41.109364],[-96.256345,41.109364],[-96.256345,41.109364],[-96.256345,41.109364],[-96.256346,41.109365],[-96.256346,41.109365],[-96.256346,41.109365]],[[-96.25634,41.109364],[-96.256343,41.109364]],[[-96.25634,41.109365],[-96.25634,41.109365],[-96.25634,41.109365],[-96.25634,41.109365],[-96.25634,41.109365],[-96.256341,41.109365],[-96.256341,41.109365],[-96.256341,41.109365],[-96.256341,41.109365],[-96.256341,41.109365],[-96.256341,41.109365],[-96.256341,41.109365],[-96.256341,41.109365],[-96.256341,41.109366],[-96.256341,41.109366],[-96.256341,41.109366],[-96.256341,41.109366],[-96.256341,41.109366],[-96.256341,41.109366],[-96.256341,41.109366],[-96.256341,41.109366],[-96.256341,41.109366],[-96.256341,41.109366],[-96.256341,41.109366],[-96.256341,41.109366],[-96.256341,41.109366],[-96.256341,41.109366],[-96.256341,41.109366],[-96.256341,41.109366],[-96.256341,41.109366],[-96.256341,41.109366],[-96.256341,41.109366],[-96.256341,41.109366],[-96.256341,41.109366],[-96.256341,41.109366],[-96.256341,41.109366],[-96.256341,41.109366],[-96.256341,41.109366],[-96.256341,41.109366],[-96.256341,41.109366],[-96.256341,41.109366],[-96.256341,41.109366],[-96.25634,41.109366],[-96.25634,41.109366],[-96.25634,41.109366],[-96.25634,41.109366],[-96.25634,41.109366]],[[-96.25634,41.109366],[-96.25634,41.109366],[-96.25634,41.109366],[-96.25634,41.109366],[-96.25634,41.109366],[-96.25634,41.109366],[-96.25634,41.109366],[-96.25634,41.109366],[-96.25634,41.109366],[-96.25634,41.109366],[-96.25634,41.109366],[-96.25634,41.109366],[-96.25634,41.109366],[-96.25634,41.109366],[-96.25634,41.109366],[-96.25634,41.109366],[-96.25634,41.109366],[-96.25634,41.109366],[-96.25634,41.109366],[-96.25634,41.109366],[-96.25634,41.109366],[-96.25634,41.109366],[-96.25634,41.109366],[-96.25634,41.109366],[-96.25634,41.109366],[-96.25634,41.109366],[-96.25634,41.109366],[-96.25634,41.109366],[-96.25634,41.109366],[-96.25634,41.109366],[-96.25634,41.109366],[-96.25634,41.109366],[-96.25634,41.109366],[-96.25634,41.109365],[-96.25634,41.109365],[-96.25634,41.109365],[-96.25634,41.109365],[-96.25634,41.109365],[-96.25634,41.109365],[-96.25634,41.109365],[-96.25634,41.109365],[-96.25634,41.109365],[-96.25634,41.109365],[-96.25634,41.109365],[-96.25634,41.109365],[-96.25634,41.109365]],[[-96.256342,41.109366],[-96.256342,41.109366],[-96.256342,41.109366],[-96.256342,41.109366],[-96.256342,41.109366],[-96.256342,41.109366],[-96.256342,41.109366],[-96.256342,41.109366],[-96.256342,41.109366],[-96.256342,41.109366],[-96.256342,41.109366],[-96.256342,41.109366],[-96.256342,41.109366],[-96.256342,41.109366],[-96.256342,41.109366],[-96.256342,41.109366],[-96.256342,41.109366],[-96.256342,41.109366],[-96.256342,41.109366],[-96.256342,41.109366],[-96.256342,41.109366],[-96.256342,41.109366],[-96.256342,41.109365],[-96.256342,41.109365],[-96.256342,41.109365],[-96.256342,41.109365],[-96.256342,41.109365],[-96.256342,41.109365],[-96.256342,41.109365],[-96.256342,41.109365],[-96.256342,41.109365],[-96.256342,41.109365]],[[-96.256343,41.109365],[-96.256342,41.109365]],[[-96.256343,41.109367],[-96.256342,41.109366]],[[-96.256345,41.109366],[-96.256345,41.109366],[-96.256345,41.109366],[-96.256345,41.109366],[-96.256345,41.109366],[-96.256345,41.109367],[-96.256345,41.109367],[-96.256345,41.109367],[-96.256345,41.109367],[-96.256344,41.109367],[-96.256344,41.109367],[-96.256344,41.109367],[-96.256344,41.109367],[-96.256344,41.109367],[-96.256344,41.109367],[-96.256344,41.109367],[-96.256343,41.109367]],[[-96.256345,41.109365],[-96.256345,41.109365],[-96.256345,41.109365],[-96.256346,41.109365],[-96.256346,41.109365],[-96.256346,41.109365],[-96.256346,41.109366],[-96.256346,41.109366],[-96.256346,41.109366],[-96.256346,41.109366],[-96.256346,41.109366],[-96.256346,41.109366],[-96.256346,41.109366],[-96.256346,41.109366],[-96.256346,41.109366],[-96.256346,41.109366],[-96.256346,41.109366],[-96.256346,41.109366],[-96.256346,41.109366],[-96.256346,41.109366],[-96.256346,41.109366],[-96.256345,41.109366],[-96.256345,41.109366],[-96.256345,41.109366]],[[-96.256343,41.109365],[-96.256344,41.109365],[-96.256344,41.109365],[-96.256344,41.109365],[-96.256344,41.109365],[-96.256344,41.109365],[-96.256344,41.109365],[-96.256344,41.109365],[-96.256345,41.109365],[-96.256345,41.109365],[-96.256345,41.109365],[-96.256345,41.109365],[-96.256345,41.109365],[-96.256345,41.109365],[-96.256345,41.109365],[-96.256345,41.109365],[-96.256345,41.109365]],[[-96.256343,41.109367],[-96.256341,41.109367]],[[-96.256343,41.109367],[-96.25634,41.109367]],[[-96.256341,41.109365],[-96.256341,41.109367]],[[-96.256343,41.109364],[-96.256341,41.109365]],[[-96.256341,41.109367],[-96.256341,41.109367]],[[-96.256341,41.109365],[-96.256341,41.109365]],[[-96.256343,41.109364],[-96.25634,41.109364]],[[-96.25634,41.109366],[-96.25634,41.109366],[-96.25634,41.109366],[-96.25634,41.109366],[-96.25634,41.109366],[-96.25634,41.109366],[-96.25634,41.109366],[-96.25634,41.109366],[-96.25634,41.109366],[-96.25634,41.109366],[-96.25634,41.109366],[-96.25634,41.109366],[-96.25634,41.109366],[-96.25634,41.109366],[-96.25634,41.109366],[-96.25634,41.109366],[-96.25634,41.109366],[-96.25634,41.109366],[-96.25634,41.109366],[-96.25634,41.109366],[-96.25634,41.109366],[-96.25634,41.109366],[-96.25634,41.109366],[-96.25634,41.109366],[-96.25634,41.109366],[-96.25634,41.109366],[-96.25634,41.109366],[-96.25634,41.109366],[-96.25634,41.109366],[-96.25634,41.109366],[-96.25634,41.109366],[-96.256341,41.109366],[-96.256341,41.109366],[-96.256341,41.109366],[-96.256341,41.109366],[-96.256341,41.109366],[-96.256341,41.109366],[-96.256341,41.109366],[-96.256341,41.109366],[-96.256341,41.109366],[-96.256341,41.109366],[-96.256341,41.109366],[-96.256341,41.109366],[-96.256341,41.109366],[-96.256341,41.109366],[-96.256341,41.109366]],[[-96.256341,41.109366],[-96.256341,41.109366],[-96.256341,41.109366],[-96.256341,41.109366],[-96.256341,41.109366],[-96.256341,41.109366],[-96.256341,41.109366],[-96.256341,41.109366],[-96.256341,41.109366],[-96.256341,41.109366],[-96.256341,41.109366],[-96.256341,41.109366],[-96.256341,41.109366],[-96.256341,41.109366],[-96.256341,41.109366],[-96.256341,41.109366],[-96.25634,41.109366],[-96.25634,41.109366],[-96.25634,41.109366],[-96.25634,41.109366],[-96.25634,41.109366],[-96.25634,41.109366],[-96.25634,41.109366],[-96.25634,41.109366],[-96.25634,41.109366],[-96.25634,41.109366],[-96.25634,41.109366],[-96.25634,41.109366],[-96.25634,41.109366],[-96.25634,41.109366],[-96.25634,41.109366],[-96.25634,41.109366],[-96.25634,41.109366],[-96.25634,41.109366],[-96.25634,41.109366],[-96.25634,41.109366],[-96.25634,41.109366],[-96.25634,41.109366],[-96.25634,41.109366],[-96.25634,41.109366],[-96.25634,41.109366],[-96.25634,41.109366],[-96.25634,41.109366],[-96.25634,41.109366],[-96.25634,41.109366],[-96.25634,41.109366],[-96.25634,41.109366]],[[-96.256341,41.109366],[-96.256341,41.109366],[-96.256341,41.109366],[-96.256341,41.109366],[-96.256341,41.109366],[-96.256341,41.109366],[-96.256341,41.109366],[-96.256341,41.109366]],[[-96.25634,41.109366],[-96.25634,41.109366],[-96.25634,41.109366],[-96.25634,41.109366],[-96.25634,41.109366],[-96.25634,41.109366],[-96.25634,41.109366],[-96.25634,41.109366],[-96.25634,41.109366],[-96.25634,41.109366],[-96.25634,41.109366],[-96.25634,41.109365],[-96.25634,41.109365],[-96.25634,41.109365],[-96.25634,41.109365],[-96.25634,41.109365],[-96.25634,41.109365],[-96.25634,41.109365],[-96.25634,41.109365],[-96.25634,41.109365],[-96.25634,41.109365],[-96.25634,41.109365],[-96.25634,41.109365],[-96.25634,41.109365],[-96.25634,41.109365],[-96.25634,41.109365],[-96.25634,41.109365],[-96.25634,41.109365],[-96.256341,41.109365],[-96.256341,41.109365],[-96.256341,41.109365],[-96.256341,41.109365],[-96.256341,41.109365],[-96.256341,41.109365],[-96.256341,41.109365],[-96.256341,41.109365],[-96.256341,41.109366],[-96.256341,41.109366],[-96.256341,41.109366]],[[-96.256341,41.109366],[-96.256341,41.109366],[-96.256341,41.109366],[-96.256341,41.109366],[-96.256341,41.109366],[-96.256341,41.109366],[-96.256341,41.109366],[-96.256341,41.109366],[-96.256341,41.109366],[-96.256341,41.109366],[-96.256341,41.109366],[-96.25634,41.109366],[-96.25634,41.109366],[-96.25634,41.109366],[-96.25634,41.109366],[-96.25634,41.109366],[-96.25634,41.109366],[-96.25634,41.109366],[-96.25634,41.109366],[-96.25634,41.109366],[-96.25634,41.109366],[-96.25634,41.109366],[-96.25634,41.109366],[-96.25634,41.109366],[-96.25634,41.109366],[-96.25634,41.109366],[-96.25634,41.109366],[-96.25634,41.109366],[-96.25634,41.109366],[-96.25634,41.109366],[-96.25634,41.109366],[-96.25634,41.109366],[-96.25634,41.109366],[-96.25634,41.109366],[-96.25634,41.109366],[-96.25634,41.109366],[-96.25634,41.109366],[-96.25634,41.109366],[-96.25634,41.109366]],[[-96.256341,41.109366],[-96.256341,41.109366],[-96.256341,41.109366],[-96.256341,41.109366],[-96.256341,41.109366],[-96.256341,41.109366],[-96.256341,41.109366],[-96.256341,41.109366]]]}},{"type":"Feature","properties":{"type":"drawing","level":"LEVEL 1","Layer":"P-SANR-FIXT","source":"LEVEL_1.dxf","SubClasses":"AcDbEntity:AcDbBlockReference","EntityHandle":"688","interactive":false},"geometry":{"type":"MultiLineString","coordinates":[[[-96.25658,41.109419],[-96.256584,41.109419]],[[-96.256584,41.109419],[-96.256584,41.109416]],[[-96.256584,41.109414],[-96.256584,41.109414],[-96.256584,41.109414],[-96.256584,41.109415],[-96.256584,41.109415],[-96.256584,41.109415],[-96.256584,41.109415],[-96.256584,41.109415],[-96.256584,41.109415],[-96.256584,41.109415],[-96.256584,41.109416],[-96.256584,41.109416],[-96.256584,41.109416],[-96.256584,41.109416],[-96.256584,41.109416],[-96.256584,41.109416]],[[-96.256581,41.109414],[-96.256581,41.109414],[-96.256581,41.109414],[-96.256581,41.109414],[-96.256581,41.109414],[-96.256581,41.109414],[-96.256581,41.109414],[-96.256581,41.109414],[-96.256582,41.109414],[-96.256582,41.109414],[-96.256582,41.109414],[-96.256582,41.109414],[-96.256582,41.109414],[-96.256582,41.109414],[-96.256582,41.109414],[-96.256582,41.109414],[-96.256583,41.109414],[-96.256583,41.109414],[-96.256583,41.109414],[-96.256583,41.109414],[-96.256583,41.109414],[-96.256583,41.109414],[-96.256583,41.109414],[-96.256583,41.109414],[-96.256583,41.109414],[-96.256584,41.109414]],[[-96.25658,41.109416],[-96.25658,41.109416],[-96.25658,41.109416],[-96.25658,41.109416],[-96.25658,41.109416],[-96.25658,41.109416],[-96.25658,41.109415],[-96.25658,41.109415],[-96.25658,41.109415],[-96.25658,41.109415],[-96.25658,41.109415],[-96.25658,41.109415],[-96.25658,41.109415],[-96.25658,41.109414],[-96.256581,41.109414],[-96.256581,41.109414]],[[-96.25658,41.109416],[-96.25658,41.109419]],[[-96.256583,41.109418],[-96.256583,41.109418],[-96.256583,41.109419],[-96.256583,41.109419],[-96.256583,41.109419],[-96.256583,41.109419],[-96.256583,41.109419],[-96.256583,41.109419],[-96.256583,41.109419],[-96.256583,41.109419],[-96.256583,41.109419],[-96.256583,41.109419],[-96.256582,41.109419],[-96.256582,41.109419],[-96.256582,41.109419],[-96.256582,41.109419],[-96.256582,41.109419],[-96.256582,41.109419],[-96.256582,41.109419],[-96.256582,41.109419],[-96.256582,41.109419],[-96.256582,41.109419],[-96.256582,41.109419],[-96.256582,41.109419],[-96.256582,41.109419],[-96.256582,41.109419],[-96.256582,41.109419],[-96.256582,41.109419],[-96.256582,41.109419],[-96.256582,41.109419],[-96.256582,41.109419],[-96.256582,41.109419],[-96.256582,41.109419],[-96.256582,41.109419],[-96.256582,41.109419],[-96.256582,41.109419],[-96.256582,41.109419],[-96.256582,41.109419],[-96.256582,41.109419],[-96.256582,41.109419],[-96.256582,41.109419],[-96.256582,41.109419],[-96.256582,41.109419],[-96.256582,41.109419],[-96.256582,41.109418],[-96.256582,41.109418]],[[-96.256582,41.109418],[-96.256582,41.109418],[-96.256582,41.109418],[-96.256582,41.109418],[-96.256582,41.109418],[-96.256582,41.109418],[-96.256582,41.109418],[-96.256582,41.109418],[-96.256582,41.109418],[-96.256582,41.109418],[-96.256582,41.109418],[-96.256582,41.109418],[-96.256582,41.109418],[-96.256582,41.109418],[-96.256582,41.109418],[-96.256582,41.109418],[-96.256582,41.109418],[-96.256582,41.109418],[-96.256582,41.109418],[-96.256582,41.109418],[-96.256582,41.109418],[-96.256582,41.109418],[-96.256582,41.109418],[-96.256582,41.109418],[-96.256582,41.109418],[-96.256582,41.109418],[-96.256582,41.109418],[-96.256582,41.109418],[-96.256582,41.109418],[-96.256582,41.109418],[-96.256582,41.109418],[-96.256582,41.109418],[-96.256582,41.109418],[-96.256582,41.109418],[-96.256583,41.109418],[-96.256583,41.109418],[-96.256583,41.109418],[-96.256583,41.109418],[-96.256583,41.109418],[-96.256583,41.109418],[-96.256583,41.109418],[-96.256583,41.109418],[-96.256583,41.109418],[-96.256583,41.109418],[-96.256583,41.109418],[-96.256583,41.109418]],[[-96.256583,41.109417],[-96.256583,41.109417],[-96.256583,41.109417],[-96.256583,41.109417],[-96.256583,41.109417],[-96.256583,41.109417],[-96.256583,41.109417],[-96.256583,41.109417],[-96.256583,41.109417],[-96.256582,41.109417],[-96.256582,41.109417],[-96.256582,41.109417],[-96.256582,41.109417],[-96.256582,41.109417],[-96.256582,41.109417],[-96.256582,41.109417],[-96.256582,41.109417],[-96.256582,41.109417],[-96.256582,41.109417],[-96.256582,41.109417],[-96.256582,41.109417],[-96.256582,41.109417],[-96.256582,41.109417],[-96.256582,41.109417],[-96.256582,41.109417],[-96.256582,41.109417],[-96.256582,41.109417],[-96.256582,41.109417],[-96.256581,41.109417],[-96.256581,41.109417],[-96.256581,41.109417],[-96.256581,41.109417]],[[-96.256583,41.109416],[-96.256583,41.109417]],[[-96.256581,41.109416],[-96.256581,41.109417]],[[-96.256581,41.109416],[-96.256581,41.109416],[-96.256581,41.109416],[-96.256581,41.109416],[-96.256581,41.109416],[-96.256581,41.109416],[-96.256581,41.109416],[-96.256581,41.109415],[-96.256581,41.109415],[-96.256581,41.109415],[-96.256581,41.109415],[-96.256581,41.109415],[-96.256581,41.109415],[-96.256581,41.109415],[-96.256581,41.109415],[-96.256581,41.109415],[-96.256581,41.109415]],[[-96.256581,41.109415],[-96.256582,41.109415],[-96.256582,41.109415],[-96.256582,41.109415],[-96.256582,41.109415],[-96.256582,41.109415],[-96.256582,41.109415],[-96.256582,41.109414],[-96.256582,41.109414],[-96.256582,41.109414],[-96.256582,41.109414],[-96.256582,41.109414],[-96.256582,41.109414],[-96.256582,41.109414],[-96.256582,41.109414],[-96.256582,41.109414],[-96.256582,41.109414],[-96.256582,41.109414],[-96.256583,41.109415],[-96.256583,41.109415],[-96.256583,41.109415],[-96.256583,41.109415],[-96.256583,41.109415],[-96.256583,41.109415]],[[-96.256583,41.109415],[-96.256583,41.109415],[-96.256583,41.109415],[-96.256583,41.109415],[-96.256583,41.109415],[-96.256583,41.109415],[-96.256583,41.109415],[-96.256583,41.109415],[-96.256583,41.109415],[-96.256583,41.109415],[-96.256583,41.109416],[-96.256583,41.109416],[-96.256583,41.109416],[-96.256583,41.109416],[-96.256583,41.109416],[-96.256583,41.109416],[-96.256583,41.109416]],[[-96.25658,41.109416],[-96.256581,41.109418]],[[-96.25658,41.109416],[-96.25658,41.109419]],[[-96.256583,41.109418],[-96.256581,41.109418]],[[-96.256584,41.109416],[-96.256583,41.109418]],[[-96.256581,41.109418],[-96.256581,41.109418]],[[-96.256583,41.109418],[-96.256583,41.109418]],[[-96.256584,41.109419],[-96.25658,41.109419]],[[-96.256584,41.109416],[-96.256584,41.109419]],[[-96.256582,41.109418],[-96.256582,41.109418],[-96.256582,41.109418],[-96.256582,41.109418],[-96.256582,41.109418],[-96.256582,41.109418],[-96.256582,41.109418],[-96.256582,41.109418],[-96.256582,41.109418],[-96.256582,41.109418],[-96.256582,41.109418],[-96.256582,41.109418],[-96.256582,41.109418],[-96.256582,41.109418],[-96.256582,41.109418],[-96.256582,41.109418],[-96.256582,41.109418],[-96.256582,41.109418],[-96.256582,41.109418],[-96.256582,41.109418],[-96.256582,41.109418],[-96.256582,41.109418],[-96.256582,41.109418],[-96.256582,41.109418],[-96.256582,41.109418],[-96.256582,41.109419],[-96.256582,41.109419],[-96.256582,41.109419],[-96.256582,41.109419],[-96.256582,41.109419],[-96.256582,41.109419],[-96.256582,41.109419],[-96.256582,41.109419],[-96.256582,41.109419],[-96.256582,41.109419],[-96.256582,41.109419],[-96.256582,41.109419],[-96.256582,41.109419],[-96.256582,41.109419],[-96.256582,41.109419],[-96.256582,41.109419],[-96.256582,41.109419],[-96.256582,41.109419],[-96.256582,41.109419],[-96.256582,41.109419],[-96.256582,41.109419]],[[-96.256582,41.109419],[-96.256582,41.109419],[-96.256582,41.109419],[-96.256582,41.109419],[-96.256582,41.109419],[-96.256582,41.109419],[-96.256582,41.109419],[-96.256582,41.109419],[-96.256582,41.109419],[-96.256582,41.109419],[-96.256582,41.109419],[-96.256582,41.109419],[-96.256582,41.109419],[-96.256582,41.109419],[-96.256582,41.109419],[-96.256582,41.109419],[-96.256582,41.109419],[-96.256582,41.109419],[-96.256582,41.109419],[-96.256582,41.109419],[-96.256582,41.109419],[-96.256582,41.109418],[-96.256582,41.109418],[-96.256582,41.109418],[-96.256582,41.109418],[-96.256582,41.109418],[-96.256582,41.109418],[-96.256582,41.109418],[-96.256582,41.109418],[-96.256582,41.109418],[-96.256582,41.109418],[-96.256582,41.109418],[-96.256582,41.109418],[-96.256582,41.109418],[-96.256582,41.109418],[-96.256582,41.109418],[-96.256582,41.109418],[-96.256582,41.109418],[-96.256582,41.109418],[-96.256582,41.109418],[-96.256582,41.109418],[-96.256582,41.109418],[-96.256582,41.109418],[-96.256582,41.109418],[-96.256582,41.109418],[-96.256582,41.109418],[-96.256582,41.109418]],[[-96.256582,41.109418],[-96.256582,41.109418],[-96.256582,41.109418],[-96.256582,41.109418],[-96.256583,41.109418],[-96.256583,41.109418],[-96.256583,41.109418],[-96.256583,41.109418],[-96.256583,41.109418],[-96.256583,41.109418],[-96.256583,41.109418],[-96.256583,41.109418],[-96.256583,41.109418],[-96.256583,41.109418],[-96.256583,41.109418],[-96.256583,41.109418],[-96.256583,41.109418],[-96.256583,41.109419],[-96.256583,41.109419],[-96.256583,41.109419],[-96.256583,41.109419],[-96.256583,41.109419],[-96.256583,41.109419],[-96.256583,41.109419],[-96.256583,41.109419],[-96.256583,41.109419],[-96.256583,41.109419],[-96.256582,41.109419],[-96.256582,41.109419],[-96.256582,41.109419],[-96.256582,41.109419],[-96.256582,41.109419],[-96.256582,41.109419],[-96.256582,41.109419],[-96.256582,41.109419],[-96.256582,41.109419],[-96.256582,41.109419],[-96.256582,41.109419],[-96.256582,41.109419]],[[-96.256582,41.109418],[-96.256582,41.109418],[-96.256582,41.109418],[-96.256582,41.109418],[-96.256582,41.109418],[-96.256582,41.109418],[-96.256582,41.109418],[-96.256582,41.109418]],[[-96.256582,41.109418],[-96.256582,41.109418],[-96.256582,41.109418],[-96.256582,41.109418],[-96.256582,41.109418],[-96.256582,41.109418],[-96.256582,41.109418],[-96.256582,41.109418]],[[-96.256582,41.109419],[-96.256582,41.109419],[-96.256582,41.109419],[-96.256582,41.109419],[-96.256582,41.109419],[-96.256582,41.109419],[-96.256582,41.109419],[-96.256582,41.109419],[-96.256582,41.109419],[-96.256582,41.109419],[-96.256582,41.109419],[-96.256582,41.109419],[-96.256582,41.109419],[-96.256582,41.109419],[-96.256582,41.109419],[-96.256582,41.109419],[-96.256582,41.109419],[-96.256582,41.109419],[-96.256582,41.109419],[-96.256582,41.109419],[-96.256582,41.109419],[-96.256582,41.109419],[-96.256582,41.109418],[-96.256582,41.109418],[-96.256582,41.109418],[-96.256582,41.109418],[-96.256582,41.109418],[-96.256582,41.109418],[-96.256582,41.109418],[-96.256582,41.109418],[-96.256582,41.109418],[-96.256582,41.109418],[-96.256582,41.109418],[-96.256582,41.109418],[-96.256582,41.109418],[-96.256582,41.109418],[-96.256582,41.109418],[-96.256582,41.109418],[-96.256582,41.109418]]]}}]}