{
  "target_lat": 40.593899999999998, 
  "target_lon": -98.373900000000006, 
  "rotation_deg_cw": 0.0, 
  "scale_deg_per_foot": 2.0000000000000002e-05, 
  "anchor_feet": [
    80.545847085272115, 
    -88.862202872788174
  ], 
  "units": "feet"
}