{
  "rotation_deg_cw": 0.0, 
  "scale_deg_per_foot": 2.0000000000000002e-05, 
  "anchor_feet": [
    78.514391603029139, 
    5.0279869276130036
  ], 
  "units": "feet", 
  "target_lon": -98.373900000000006, 
  "target_lat": 40.593899999999998
}