{
  "target_lat": 40.593899999999998, 
  "scale_deg_per_foot": 2.0000000000000002e-05, 
  "scale_percent": 100.0, 
  "anchor_feet": [
    -86.431616654828858, 
    86.154409545044686
  ], 
  "effective_scale_deg_per_foot": 2.0000000000000002e-05, 
  "target_lon": -98.373900000000006, 
  "rotation_deg_cw": 270.0
}